circle_id,waseda_id,source_hash,名前,メインカテゴリ,サブカテゴリ,活動内容,活動日時・場所,サイトメモ,translation_status,review_status,review_note
C0001,3162,d56931f91fa0069f,软式棒球部,体育（球类）,棒球,我们软式棒球部隶属于东京六大学软式棒球联盟，以晋级更高层级的赛事为目标，积极参与春季和秋季的联赛。近年来，我们取得了六大学秋季联赛冠军、东日本大赛八强等优异成绩，深知作为引领大学软式棒球界的领军队伍的责任，并以此为动力投入日常训练。部员背景各异，既有参加过甲子园比赛的选手，也有从未接触过高中棒球的新手，虽然成员构成丰富多样，但大家都有一个共同点：都全神贯注地努力提升自己的球技。对于那些希望在大学期间冲击全国大赛、或者想认真打棒球但觉得社团活动不够过瘾的人来说，我们非常推荐加入！,周一至周五/9:00～11:00或13:00/石神井公园・浮间公园等,无,machine_translated,not_reviewed,
C0002,3530,c96737fb38ffff71,理工硬式棒球部,体育（球类）,棒球,"隶属于理工系六大学联盟，是早稻田大学唯一的硬式棒球社团。每周活动1~3次。为了在六大学联盟赛中夺冠，我们每天都在努力训练。经理团队不仅包括早稻田大学的学生，还有来自日本女子大学、东京女子大学、清泉女子大学、学习院女子大学、东京家政大学、昭和女子大学、共立女子大学等各大学的学生。活动地点多样，主要在驹泽公园棒球场、江户川球场、神宫室内练习场、朝霞市民球场、小野路球场、上柚木球场、立川公园球场等位于东京都内或近郊的球场进行训练和比赛。除了3月的宫崎集训、5月的新生欢迎集训、9月的夏季集训、在东京巨蛋的比赛以及海外远征等活动外，体育馆娱乐活动等棒球以外的其他活动也非常丰富。虽然队名中带有“理工”二字，但也有许多文科学生在队中！
/
/
/
/如果您通过Instagram等平台对本队产生兴趣，请务必亲自来参加训练！除新生欢迎期间外，我们全年都在招募新成员，欢迎随时通过社交媒体私信联系我们！","平日（课后）・周末
/
/
/
/东京都内或东京近郊的棒球场
/
/
/
/例如：驹泽公园棒球场、江户川区球场、神宫室内球技场、朝霞中央公园棒球场",无,machine_translated,not_reviewed,
C0003,3396,6b522506d2247e8b,江户之会（软式棒球同好会）,体育（球类）,棒球,今年迎来成立50周年的软式棒球社团“江户之会”！每周二、周五共两次，无论有经验还是无经验，大家都会混在一起练习。社团活动方面，4月有迎新集训，6月和11月则有为期两天一夜的比赛集训。在那里，通过与不同年级的成员组队比赛，团队凝聚力会大大增强。此外，9月的夏季集训中，除了棒球训练外，还会开展河边游玩、胆量挑战、烟花观赏等娱乐活动。3月还会举办春季集训。同时，我们积极参加年度大赛，以Pro-Star联赛和关东大赛为目标，每天都在努力训练。不仅限于棒球，我们还举办纳凉船、滑雪集训、年级迪士尼之旅等活动，让经理们也能乐在其中。,每周二、周五/15:00至19:00之间/上井草、浮间、哲学堂等地,无,machine_translated,not_reviewed,
C0004,3198,74043b20f10b14fd,职业棒球粉丝社团　Select,体育（球类）,棒球,总之大家都很喜欢棒球！不仅有12支球队的球迷，还有MLB和六大学棒球联盟的球迷，成员范围广泛。大家不仅会一起去观赛，还会在横滨体育场打业余棒球、在早稻田祭摆摊等，有趣的活动丰富多彩！ 此外，我们每周两次在都立公园的棒球场进行软式棒球活动！虽然实力不算太强，但我们的特色在于初学者和女生都能和谐共处、一起打球，所以想要悠闲地打打业余棒球，或者想结交同支球队粉丝的朋友，请务必加入Select，度过最棒的大学生活！也热烈欢迎其他大学的学生和兼顾多个社团的同学加入！,每周二、周五/17:00～21:00/都立公园棒球场（业余棒球），不定期/关东主要棒球场（观看棒球比赛）,无,machine_translated,not_reviewed,
C0005,3399,bb3c5377bd7ae9ab,早稻田大学女子软式棒球部 WASEBI,体育（球类）,棒球,"大家好！我们是早稻田大学唯一的女子软式棒球社团！每周在东京都内的球场进行3至4天的活动！WASEBI的优点在于能够认真对待棒球！无论是想在大学期间多运动的人，还是想挑战新事物的人，我们都热烈欢迎！我们队里大部分队员都是从大学才开始打棒球的，其中甚至还有完全没有运动经验的队员！不过，因为教练和学姐们都会亲切且细致地指导，所以即使是零基础的新人也能成为正式队员！此外，我们也积极接纳留学生，所以一边打棒球一边还能进行国际交流哦！！
/
/
/
/不过，毕竟是大学生，肯定也想打打工！也想专心学习（？）！没问题！！队里有许多既能兼顾训练又能兼顾工作的队员，无论是工作到刚好符合免税标准，还是全职工作，都是可以的！以为我们只是个整天只顾训练、闷闷不乐的棒球团体的你！WASEBI可不仅仅是一支棒球队！休息日我们会去某主题乐园游玩，去品尝美味甜点，但说不定最后还是会玩起棒球来。无论前辈后辈，大家相处融洽，乐在其中！！
/
/
/
/开始打棒球根本不需要什么契机！看了这页，你对女子棒球的兴趣肯定会更浓厚！！来体验一下，你绝对会想“我要加入！”！！我们保证让你度过一段超绝狂飙的青春！！期待你的加入！","平日1～2次（根据社团成员的时间表决定）、周六、周日/
/
/长假期间：周二、周四、周六、周日
/
/东京都内球场",无,machine_translated,not_reviewed,
C0006,3525,de84498f49518bd6,早稻田理工软式棒球部,体育（球类）,棒球,我们以“理科南”的昵称开展活动。队员全部由理工学院学生组成，平日每周在东京都内的运动场进行2次训练。最近我们在早稻田联盟等赛事中也取得了优异成绩，每天都在为登上神宫球场而努力训练。每年还举办6次集训，穿插各类活动，全年都在愉快融洽的氛围中开展活动。活动内容丰富多样，例如新生欢迎烧烤、纳凉船、圣诞派对等。此外，我们还自由组织各类活动，如年级旅行或参加集训等。我们全年都在招募球员和经理，欢迎随时联系我们！！想打棒球的人、想运动的人、想和大家一起热闹助威的人，何不在“Rikona”中寻找能共同享受大学生活的伙伴呢？让我们在“Rikona”度过最棒的大学生活吧！！,工作日不定期每周2天/19:00〜（17:00〜）21:00/城北公园・哲学堂・上高田,无,machine_translated,not_reviewed,
C0007,3411,c0878cd81c5859a0,稻穗踢球者,体育（球类）,足球,由早稻田大学全体学生组成的、早稻田最大最强的足球社团。通过周一、周三、周五的训练，球员与经理共同成长，以夺取冠军为目标开展活动。,每周一、三、五／小石川、赤羽、新砂,无,machine_translated,not_reviewed,
C0008,3521,90af0d9677d16139,早稻田大学理工足球部,体育（球类）,足球,通称“理科社”或“早理”的足球社团。训练基本每周一、四进行两次，周末则进行比赛、集训或远征。拥有50多年的历史，是早稻田大学内历史最悠久的足球社团之一。2013年度，该社团在决定早稻田大学内最强足球社团的校内统一赛中夺冠，并在社团界规模最大的《Magazine》杯中获得第三名。此外，2015年度在汇聚关东强队的“新关东联赛”第二部中夺冠，并在杂志杯中获得第6名。2016年度，该社团更是在通过关东预选赛晋级全国大赛后，勇夺亚军。虽然以前主要由理工科学生组成，但近年来商学院、政治经济学院、体育学院、人文学院等文科系以及其他院系的学生加入者也日益增多。作为跨校社团，其经理团队由早稻田大学学生与其他高校学生共同组成。无需入会费，社团费不定期收取。,每周一、四、六/落合、小石川、舞滨、田无等地,无,machine_translated,not_reviewed,
C0009,3554,010dcac88dee17dc,人类科学部足球部　Human F.C.,体育（球类）,足球,隶属于社团足球最高水平的“新关东足球联赛”。这是一个由120名成员组成的足球社团。为了夺取“联赛冠军”和“日本第一”的头衔，我们每周在校园周边进行3至4次训练和练习赛。成员涵盖从全国大赛参赛者到零基础的新手，人才济济。充满激情的比赛风格和令人惊叹的开朗氛围是我们的特色。过去曾实现早稻田校内联赛连冠并夺得日本冠军。不仅欢迎想踢足球的人，也欢迎渴望身处充满热情环境的人，以及单纯想享受快乐校园生活的人。欢迎加入所泽校区规模最大的社团，共度愉快的学生生活。我们将积极开展迎新活动，中途加入也热烈欢迎。请务必联系我们。,每周一、三、五／所泽周边,无,machine_translated,not_reviewed,
C0010,3412,858c2f65eac2c42b,里维尔德,体育（球类）,足球,"大家好！我们是早稻田大学官方认证的五人制足球社团Liberdade！
/
/
/
/每周日我们在吉祥寺开展活动，目前有55名男生和35名女生！
/
/男生中很多是在初中之前就有过经验的，所以我们踢得比较轻松随意！
/
/女生也是球员，所以有时只和女生一起踢，有时也会和男生混在一起踢！当然，大部分都是初学者！因为这里充满了温柔又爱闹的人，所以真的特别开心，不知不觉中每周都会来！
/
/
/
/此外，除了五人制足球之外，我们还会举办夏季集训、秋季集训、单板滑雪集训等活动，并策划各种活动，所以除了五人制足球之外，生活也绝对会很充实！！
/
/社团内部关系超级融洽，活动前会一起去吃饭或唱卡拉OK，还会按年级分组去旅行等等，总之大家真的非常要好！！/
/
/
/
/Liberdade在积极的意义上氛围很轻松，就像高中生的课间休息一样，在守规矩的范围内尽情享受乐趣！！就是这种感觉！
/
/
/
/如果你既想踢五人制足球，又想加入一个能参加集训和各类活动的社团！！如果你是那种有分寸、能在守规矩的前提下尽情享受乐趣的人！！那么Liberdade绝对是你的最佳选择！！
/
/
/
/只要觉得“看起来好像挺有趣的”、“好像挺适合我”，请随时联系我们！
/
/
/
/我们期待着与温柔的社团成员们一起迎接你的加入！",每周日 16:00〜18:00，吉祥寺五人制足球公园,无,machine_translated,not_reviewed,
C0011,3410,41dfe0b6ad65affe,足球观赛会,体育（球类）,足球,我们“足球观赛会”是一个在全国各地的体育场为心仪的足球队热情助威的社团。基本上，与其说是全体成员共同参与的活动，不如说是支持同一支球队的成员们在方便时前往体育场观看比赛。不过，作为全体成员的活动，我们也会定期举办聚餐或五人制足球等活动。此外，作为一年一度的活动，我们会在秋季左右邀请足球界的名人举办讲座。近年来，我们曾邀请过前日本国家队队员佐藤寿人先生以及播音员下田恒幸先生。观看比赛或参加活动均不强制，因此这是一个可以按照自己的节奏参与的社团。无论是J联赛、海外足球还是高中足球，只要是足球爱好者，我们都热烈欢迎。让我们一起去体育场为球队加油吧。,基本在周末，全国各地的体育场,无,machine_translated,not_reviewed,
C0012,3775,dcf48610f6c9d552,FC GUSTA,体育（球类）,足球,"隶属于大学足球最高级别联赛“新关东联赛”第一部。这是一个拥有超过150名成员的全国性大学足球社团。虽然成立于2009年，历史相对较短，但过去曾获得过日本冠军头衔，近年来也始终保持着稳定的成绩，稳居前列。
/
/
/
/队员均由早稻田大学学生组成，队内拥有众多背景各异的球员，既有参加过全国大赛的选手、青年队出身的球员，也有足球初学者。
/
/
/
/我们以“成为日本第一的足球社团”为目标，不仅注重足球竞技，更重视在享受乐趣方面取得平衡。
/
/
/
/由于历史较短，社团氛围自由、没有繁文缛节。我们期待那些希望在足球和学生生活中都全力以赴的新生加入。感兴趣的朋友，欢迎通过社交媒体联系我们。",每周3次　主要在周一、周三、周四/时间不固定（主要为13:00～15:00）/小石川、落合、西户山、代代木,无,machine_translated,not_reviewed,
C0013,3553,33392a9a89353fb3,@,体育（球类）,足球,"@Atmark的优点在于任何人都能乐在其中地踢足球！无论是大学才开始踢球的人，还是从小就踢球的人，大家都在一起练习。本社团没有出勤制度，氛围自由，想来练习的人随时都可以来。社员之间关系融洽，练习后常一起吃饭或玩耍。每年还有4次集训和夏令营等丰富多彩的活动。此外，@Atmark各年级之间关系融洽，不会出现大三就退役的情况。这是一个能让你尽情享受四年大学生活的社团。我们还举办有毕业生参与的活动，与校友们关系也十分融洽。
/
/
/
/大家一起来踢足球吧！！",每周三、周六/15:00~17:00/北野运动场、体育馆、航空公园,无,machine_translated,not_reviewed,
C0014,3409,a4ab7a58e9b7693f,足球同好会,体育（球类）,五人制足球,足球同好会的魅力在于，虽然近年来成绩斐然，但依然保持着非固定阵容、融洽相处的氛围！无论是女生经理还是球员，都会热闹地活跃气氛（笑）。每周1-2次的训练、比赛、活动以及聚会都非常丰富。迪士尼、万圣节、圣诞派对、滑雪集训等等……我们正致力于追求只有大学生才能体验的乐趣！许多学长学姐都在等着你！来足球同好会，创造大学生活中最美好的回忆吧！,每周三/17:00/丰岛园,无,machine_translated,not_reviewed,
C0015,3413,f01ef784ceb33c69,Main Street F.C,体育（球类）,五人制足球,男子成员来自早稻田大学，女子成员来自各女子大学。周四在高田马场的西户山公园，周日在东京都内的五人制足球场进行训练。这是一支以享受五人制足球为重、注重乐趣的球队。我们并非以赢球为首要目标的竞技型球队，因此氛围轻松，初学者和女生也能轻松愉快地参与五人制足球。一旦参加正式比赛，大家都会全力以赴；而在日常训练和社团内部比赛中，我们始终以快乐为宗旨。我们不仅举办社团内部比赛，还与早稻田大学的其他社团进行交流赛。除了每周四、日的常规训练外，每年还举办三次集训（5月：迎新集训　暑假：夏季集训　春假：春季集训），此外还组织运动会、徒步拉力赛、自驾游、滑雪等丰富多彩的休闲活动。,每周四、周日/15:30/西户山公园、王子、锦糸町,网站（社团）访问受限,machine_translated,not_reviewed,
C0016,3586,fa3e343de31562c6,PETIT ROYAL FC（小皇家足球俱乐部）,体育（球类）,五人制足球,我们是所泽校区规模最大的五人制足球社团PETIT ROYAL FC（小皇家FC）。原则上：1.仅限初学者（女生有经验者亦可），2.社团活动期间禁止吸烟，3.社团活动期间禁止强迫一口气喝完。每周两天，我们在所泽校区的体育馆内，不分男女和年级，全员参与五人制足球活动。由于限定为初学者，欢迎想尝试新运动或轻松享受运动乐趣的朋友加入。此外，因实行禁烟及禁止强迫一口气喝完酒的规定，也欢迎不习惯吸烟或饮酒的朋友。除了每周的五人制足球活动外，我们还举办每年3次的集训、主办冬夏两季的比赛、校友会等活动。无论男女或年级，我们都会参加校外的比赛。,每周三/18:00～20:00/周日13:00～17:00/体育馆,无,machine_translated,not_reviewed,
C0017,3414,52e32c4af79c2a31,KatZwei,体育（球类）,五人制足球,Catsby每周在公园进行两次五人制足球活动，挥洒汗水。这是一个由早稻田大学学生组成的社团，而且女生们也都是作为球员而非经理参与其中。许多成员都是初学者，与其说是为了认真打球或为了争夺主力位置而拼命练习，不如说这是一个当想出汗时或想见大家时就来参加，愉快地踢五人制足球的社团！ 每个年级约有20人，同届成员之间以及学长学妹之间的关系都非常融洽。我们每月会参加一次左右的普通市民联赛。由于对手包括在职人士，有时甚至还有儿童队员，因此即使是在比赛中，气氛也始终十分融洽！大家感情深厚，彼此体谅，这正是Cats By的魅力所在！！,每周三、周六/13:00～18:00/西户山公园,无,machine_translated,not_reviewed,
C0018,3415,01e46ff4e5e16ab9,Espiga,体育（球类）,五人制足球,约35名男生和35名女生每周一次，于每周五在吉祥寺进行五人制足球活动。练习前半段男女混合，愉快地活动身体；后半段则分别由男生和女生进行高强度的五人制足球对决。此外，我们每年还会参加几次比赛，今年春天女子队在早稻田大学校内赛中获得了亚军。当然，除了五人制足球之外，我们的活动也非常丰富，包括迪士尼游玩、露营、每年四次的集训，以及纳凉船、圣诞派对等。成员之间关系融洽也是本社团的一大特色，绝对能让你的校园生活更加充实。周五除了Espiga，别无他选。,每周五/19:00/吉祥寺,无,machine_translated,not_reviewed,
C0019,3416,8b33465edf0e3dae,迪恩特早稻田,体育（球类）,五人制足球,迪恩特是一个无论你是足球初学者，还是高中时期踢过足球的人，无论男女或留学生，大家都能乐在其中的五人制足球社团。特别是迪恩特拥有众多留学生成员。如果你想与留学生交流、一起玩耍、学习外语，或者想了解海外旅行，我们非常欢迎你。此外，迪恩特每年都有从高手到初学者的成员，大家既快乐又认真地进行训练。虽然我们可能不是最强的，但在比赛中总能上演精彩的一幕幕。社团氛围轻松惬意，聚会也十分悠闲自在。每年有几次集训，还有丰富多彩的活动！迪恩特温馨如家的氛围在早稻田大学首屈一指！欢迎大家来参加一次训练！,每周二、周四及其他/18:00/田端新町社区体育馆,无,machine_translated,not_reviewed,
C0020,3721,6216bee5553b8e26,FC． TEMPESTA,体育（球类）,五人制足球,FC.TEMPESTA是以所泽校区为中心开展活动的五人制足球社团。训练采用男女混合形式，且不设经理！无论早稻田大学还是其他院校的学生，无论初学者还是有经验者，无论男女，大家都在尽情享受五人制足球的乐趣。我们每年都会参加几次比赛，并在各地取得了优异成绩！虽然以五人制足球为主，但社团活动也非常丰富！包括夏季集训、圣诞联欢会、滑雪集训等等……欢迎大家轻松加入！我们期待着与各位一起，与个性鲜明的成员们共度美好时光！,周二和周五,社团网站已关闭,machine_translated,not_reviewed,
C0021,3417,c87ec4899228e578,Tonsoku,体育（球类）,五人制足球,Tonsoku成立于2013年，是早稻田大学官方认可的、由全早稻田学生组成的五人制足球社团。尽管是一个年轻的社团，但其训练环境丝毫不逊色于历史悠久的社团，集训及各类活动也十分丰富。成立第一年即获早稻田大学官方认可，第二年便在早稻田校内大赛中夺冠，展现出令人瞩目的成长势头。此外，本社团不仅横向联系紧密，纵向联系也十分牢固。其特点之一在于，并非仅是前辈对后辈的单向关系，而是后辈主动与前辈建立联系的情况非常普遍。不过，本社团最值得称道的特点是“外观”。我们高举“从外观开始”的理念。对队服设计细节的极致追求，以及引入其他五人制足球社团所没有的队服和训练服等，都可说是“从外观开始”理念的体现。这里需要说明的是，如果外表出众却没有相应的成绩，那就毫无意义。但Tonsoku却不同。成立第一年便在各项赛事中跻身前列，2014年度早稻田五人制足球联赛中夺冠，2015年度则荣获季军。更令人惊叹的是，我们采用了非固定首发制。正因为全员都以真诚的态度面对五人制足球并刻苦训练，团队才能取得佳绩。我们正在等待那些与我们共同追求“名副其实成为早稻田第一”这一目标的伙伴。,每周二、周四/16:00～18:00/锦糸町・丰岛园・目白台,无,machine_translated,not_reviewed,
C0022,3739,b18948bf37da43db,早稻田大学五人制足球部,体育（球类）,五人制足球,"以“Take The Initiative From WASEDA”为使命，早稻田大学将走在前列，改变体育会、大学生及五人制足球的固有观念，开创未来。
/
/
/
/《竞技方面》
/
/本队是早稻田大学唯一获准参加正式比赛的队伍。对于许多高中时代曾全身心投入足球训练的球员而言，这里提供了正式代表大学出战的环境，且无需参加选拔或体育特招，大门向所有人敞开。
/
/在指导方面，以拥有F联赛（佩斯卡多拉町田）执教经验的教练为首，汇聚了一支优秀的教练团队。
/
/
/
/所属：东京都大学五人制足球联赛
/
/赛事：全日本大学五人制足球锦标赛/全日本五人制足球锦标赛
/
/
/
/《运营方面》
/
/入部后将分为五个部门，在运营方面也将拓展活动领域。建队首年便获得了约300万日元的赞助资金，从聘请以主教练为首的教练团队、争取赞助商，到主办全国大赛，所有工作均由学生主导。这将是一段在体育会中无法体验的独特经历。
/
/
/
/不仅在竞技层面，在运营层面也能开展其他团体无法企及的富有意义的活动。","【训练】周一、周三、周五 21:00-23:00
/
/【练习赛・正式比赛】周六、周日
/
/【训练场地】小豆泽体育馆・赤冢体育馆・早稻田体育馆 等
/
/【比赛场地】驹泽体育馆・驹泽室内球场 等",无,machine_translated,not_reviewed,
C0023,3580,ecb1adc98b8c7519,tokopan,体育（球类）,五人制足球,男女可以一起享受五人制足球的乐趣。还有比赛、滑雪板、万圣节派对等丰富多彩的活动！,无信息,无,machine_translated,not_reviewed,
C0024,3163,2e926b6b8389f904,G.W.橄榄球俱乐部,体育（球类）,橄榄球,本俱乐部成立于1930年，是一家历史悠久的橄榄球俱乐部。正因历史悠久，校友众多且组织架构完善，我们在各方面都得到了他们的鼎力支持。此外，我们还于2014年度和2015年度连续两年荣获日本学生俱乐部冠军！本年度，我们正为实现三连冠的目标而日复一日地刻苦训练。无论是想认真投入橄榄球运动的有经验者，还是想初次尝试橄榄球的初学者，我们都热烈欢迎！对于希望作为经理支持球队的人，前辈们也会耐心指导，完全不用担心！“G.W.”的所有成员团结一心，共同为球队注入活力，因此无论是橄榄球还是其他活动都非常充实，让我们过着非常愉快的学生生活。感兴趣的朋友请务必联系我们！！,每周三、周六、周日,无,machine_translated,not_reviewed,
C0025,3407,eaaba735341b989a,Complex橄榄球队,体育（球类）,橄榄球,隶属于关东学生俱乐部锦标赛第一部的Complex橄榄球队，是早稻田大学公认的全国大学生橄榄球社团。队内也有许多来自其他大学的球员和经理。欢迎随时前来参观训练。我们在2011年关东学生俱乐部锦标赛中荣获“冠军暨日本学生俱乐部第一”，并在2016年东日本学生俱乐部七人制橄榄球大赛中夺得“冠军”，对球队实力充满信心。此外，我们还举办烧烤、夏季集训、春季旅行等丰富多彩的活动。想要尽情享受学生生活的话，就来Complex吧！,每周三/16:00～18:00/吉祥寺　每周六・周日/14:00～16:00/江户川　（根据场地情况可能有所变动）,无,machine_translated,not_reviewed,
C0026,3518,2248a185a331eaaf,早稻田大学理工橄榄球部,体育（球类）,橄榄球,我们与电通大学橄榄球部共同开展活动。不仅有经验丰富的队员，也有许多初学者，大家一起快乐地打橄榄球。去年我们在关东1区2部的地区对抗赛中全胜夺冠。,每周六13:00起（@电通大学多摩川运动场）,无,machine_translated,not_reviewed,
C0027,3515,9e1f6b6323540604,理工美式橄榄球部Bacchus,体育（球类）,美式橄榄球,"早稻田巴卡斯是一支隶属于关东学生橄榄球俱乐部联盟的美式橄榄球队，该联盟由关东地区各大学的体育会、准体育会及同好会组成。早稻田大学拥有3000多个社团，而早稻田巴克斯作为为数不多的获得理工学术院认可的社团之一，在户山校区学生会馆（30号馆）设有部室，不仅有理工学术院的学生，还有早稻田大学所有学部的学生（经理包括其他大学的学生）参与活动。毕业后，校友们仍会以OB/OG的身份与巴克斯保持联系。学生与500多名OB/OG共同组成“All Bacchus”，【每年全面支持求职活动】，这也是巴克斯的特色之一。
/
/
/
/【近期战绩】
/
/2018　第一部Frontier组　4胜1负并列第1名（因净胜球劣势排名第3，未能晋级关东锦标赛）
/
/2019　第一部Liberty组　　　4胜1负第2名　晋级关东锦标赛（第3名）
/
/2020　特别联赛　　　　　　2胜0负第1名　晋级决赛圈（第2名）
/
/2021　特别锦标赛　　　　第4名
/
/2022　特别锦标赛　　　　第5-6名（未确定具体名次）
/
/2023　1部自由组　　　　　3胜1负　第2名　晋级关东锦标赛（第3名）
/
/
/
/请通过此邮箱联系： [email protected]",每周六、周日/9:00〜12:00/国分寺、日本美国学校（多摩）、武藏野公园,无,machine_translated,not_reviewed,
C0028,3172,7e45d945ba657c21,美式橄榄球同好会Rebels,体育（球类）,美式橄榄球,大家好！我们早稻田Rebels是早稻田大学官方认可的美式橄榄球社团！每周训练4次（周二、周四、周六、周日），平日可自由参加，周末大家会在多摩川河滩一起活动。本队隶属于关东学生橄榄球俱乐部联盟，正为12月底的关东锦标赛冠军而日夜刻苦训练。Rebels自1978年创立以来，拥有12次联赛冠军、10次关东制霸的辉煌战绩，这是我们的骄傲。虽然我们是一支重视实力、追求胜利的队伍，但队中也有许多完全的初学者。（实际上，70%以上的队员都是初学者。）我们的赛季从2月开始。4月下旬左右将与庆应大学Bison队进行传统的早庆对决，为此我们将从春季开始训练。6月将进行公开赛，8月有夏季集训。随后从9月开始正式进入赛事季，一直持续到11月，12月则是我们目标所在的关东锦标赛。虽然活动安排紧凑，但我们也有休赛期，没有训练的时候大家也会一起去玩！对我们的活动感兴趣的朋友，欢迎关注Instagram(@waseda_revels)！现正大招收队员、经理及工作人员！！,"每周二、周四　东京都内球场
/
/
/
/每周六、周日　多摩川丸子桥球场",无,machine_translated,not_reviewed,
C0029,3594,3ddbb134d6da7335,RayBack,体育（球类）,篮球,这是早稻田大学所泽校区的篮球社团！！成立于2013年的新锐社团，氛围温馨，大家都能认真享受篮球的乐趣。每年会参加几次比赛，从初学者到有经验者，不同水平的球员都在一起活动。也许有人会担心“我是初学者没关系吗？”，请放心。有很多成员会耐心指导，最终你也能频繁上场比赛！ 此外，除了篮球之外，社团活动也非常丰富！除了日常训练，我们还会组织外出游玩等活动，通过这些机会，你不仅能与成员们建立深厚友谊，更一定能结交一生的挚友！！！！,每周二、周五/17:00起/所泽市民体育馆，每周四/16:30起/体育馆,无,machine_translated,not_reviewed,
C0030,3552,1405a9508cff66db,篮球社团JAWS,体育（球类）,篮球,这是一个以每年3月和8月赢得早稻田联赛冠军为目标，在所泽开展活动的、旨在享受篮球乐趣的社团！,无信息,无,machine_translated,not_reviewed,
C0031,3395,730f0ba15848fcf6,早大网球俱乐部,体育（球类）,网球,"我们早稻田大学网球俱乐部（通称：wtc、早庭）是规模最大、实力最强、最棒的社团！
/
/
/
/其魅力主要分为三点！
/
/
/
/首先，会员们个性丰富！全员来自早稻田大学，汇聚了各院系的成员！而且我们全年接受入会申请，当然也欢迎留学生和9月入学的学生！这是一个让每个人都能自由自在、独一无二的社团！
/
/
/
/其次是网球！从初学者到曾参加过全国大赛的资深选手，会员水平各不相同！去年我们取得了杯赛亚军、关东俱乐部对抗赛女子团体亚军等佳绩！最重要的是，每周5～6天、平日9:00～16:30的绝佳训练环境！有经验的成员可以尽情打球，初学者也能得到耐心细致的指导！
/
/
/
/此外还有丰富多彩的趣味活动！在早稻田网球场，甚至可以担任职业比赛的球童！通过各类活动和宝贵经历，你一定能与众多伙伴建立深厚友谊！
/
/
/
/只要有一点点兴趣，请务必来参加练习！期待您的加入！
/
/
/
/
/
/
/
/
/
/
/
/
/
/
/
/
/
/
/
/
/
/",周一至周五/训练9:00～16:30/航空公园；周六/训练17:00～21:00/木场公园或城北中央公园,无,machine_translated,not_reviewed,
C0032,3532,5d9b03f97e77c1e1,理工硬式网球部,体育（球类）,网球,我们理工硬式网球部（通称“理科网”）的社员大多是理工学院的学生，因此大家关系非常融洽！平日每天都有练习，还有令理工学院学生欣喜的夜间训练！在2019年早大杯比赛中我们获得了第3名，无论资深选手还是初学者都热烈欢迎！理科网不仅在网球上全力以赴，玩乐时也同样全力以赴！还有许多活动和企划（滑雪、烟花、海边等）！,平日：白天/夜间：每周1次,无,machine_translated,not_reviewed,
C0033,3384,b94d43b039a83682,Young网球同好会（硬式部）,体育（球类）,网球,早大Young是早稻田大学公认的十二大社团之一！作为公认社团，运营管理完善，令人放心。社团成员由早稻田大学的男生以及早稻田大学、日本女子大学、学习院女子大学的女生组成。不过，无论男女、大学或年级，大家相处都很融洽♪社团成员中初学者和有经验者各占一半。针对初学者，我们设有专门的入门训练，因此初学者也能安心享受网球乐趣。此外，我们曾获得关东八强等优异战绩，因此也热烈欢迎有经验且想认真打网球的成员加入。每周工作日有5天进行训练，大家可以在课余时间参加，享受充满活力的集体训练！此外，早大Young每年都会参加CUP、关东赛和Assé等团体赛，大家正为此日复一日地努力！大家团结一心、同心协力的团体赛，绝对会让人感动不已。除了网球之外，我们每月还会举办符合季节的活动，比如去海边或河边，穿着cosplay服装打混合双打，然后在时尚的空中酒廊举办圣诞派对等，因此即使在网球之外，也能和大家建立深厚的情谊。此外，大家热闹欢聚的酒会也是不容错过的。聚会不强迫一口气喝完，也没有强制要求，现场还设有纯水区，确保安全无忧，任何人都能轻松享受！大家也来Young一起度过最棒的大学生活吧！！加入绝对不会让你后悔！！,工作日/高田马场附近的球场,无,machine_translated,not_reviewed,
C0034,3385,8b1c07efbb97beaa,Young网球同好会（软式部）,体育（球类）,网球,"大家好！我们是Young！
/
//Young是早稻田大学的全校性软式网球社团！每周练习2至3次，主要在城北中央公园和浮间公园进行，这些场地距离早稻田大学主校区约30分钟路程。练习氛围总是温馨融洽，确保每位成员都能充分参与练习和比赛。因此，大家不仅能与不同的人一起练习、组队，还能增进友谊并相互激励。由于练习时间为平日17:00～21:00，下课后也能轻松参加！
/
/
/
/“Young”隶属于“学同连”联盟，每年春季和秋季都会参加与其他大学的对抗赛（春季学同连、秋季学同连）。在这些比赛中脱颖而出的选手，将有机会参加关东公开赛、关东室内赛，以及8月一年中最重要的赛事——全日本学生公开赛（通称“全日”）。去年，我们在学同连的男女团体和个人项目中均夺得冠军，在“全日”比赛中则获得了男子团体亚军和个人冠军等佳绩！各项赛事均由男女团体赛和个人赛组成，无论技术水平如何，任何人都可以参加！
/
/
/
/此外，每月还举办约一次丰富多彩的趣味活动！包括烧烤、短途旅行、体育比赛、集训等各类活动。在这里，你一定能结识在Young社团才能遇到的最棒的伙伴，度过充实的早稻田生活！Young是一个能成为大家“归属之地”的社团！只要有一点点兴趣，欢迎通过社交媒体等渠道随时联系我们！",每周2～3天　城北中央公园・浮间公园,无,machine_translated,not_reviewed,
C0035,3391,e110261dfcb0edf1,早稻田大学软式网球同好会,体育（球类）,网球,"软式网球同好会成立于1962年，是早稻田大学历史最悠久的软式网球社团。
/
/
/
/春季和秋季有六大学（早稻田、东京大学、明治、庆应、法政、立教）之间的对抗赛（通称“六连”），以及由春季“六连”中胜出的选手和入部三年以下的选手可参加的“关东公开赛”，
/
/
/
/夏季有六大学与关西四大学（关西大学、关西学院大学、同志社大学、立命馆大学）之间的对抗赛“东西对抗赛”，以及全国社团和5部以下体育会参加的“全日本学生公开赛”，
/
/
/
/此外，在学年结束时还有与关西学院大学的对抗赛“早关战”等，全年都会参加众多比赛。
/
/
/
/在休赛期的冬季，若能在秋季的“六连赛”中晋级，还可参加室内赛事。
/
/
/
/无论是个人赛还是团体赛，都有许多机会可以参赛，无论技术水平如何！
/
/
/
/每周安排4至6次训练，可以在没有课的日子参加，还能打很多球。每年有两次集训，夏季在山梨县山中湖，春季在千叶县白子举行。
/
/
/
/队员水平从初学者到全国高中锦标赛参赛者各不相同，即使对技术没有自信的人也一定能有所进步。
/
/
/
/网球以外的活动，除了休赛期的温泉旅行、滑雪旅行外，同好会成员之间也会经常一起出去游玩。",每周4~6天（航空公园/城北中央公园）,无,machine_translated,not_reviewed,
C0036,3386,e80409542143aad5,绿色网球俱乐部,体育（球类）,网球,本俱乐部是早稻田大学官方认可的社团，今年迎来创立第61周年，隶属于12大联盟！男女成员均为早稻田大学学生，涵盖所有校区！每周一至周六进行6天训练，并安排1次夜间训练！队内拥有众多曾参加全国中学生锦标赛及全国高中生锦标赛的选手，可进行高水平的训练！此外，约半数社员是在大学才开始接触网球的初学者，可以向拥有网球教练经验的前辈等从零开始学习！无入会限制及截止日期！每年参加3次团体赛，战绩斐然！2016～2019年及2023年度早大杯均获第4名！ 2023年度ASSE团体赛第3名！除网球外，我们全年还举办海边活动、纳凉船、新春活动等各类活动，让您全年都能过上充实的大学生活！无论您是想认真投入网球运动、想爱上网球，还是想全力以赴尝试新事物，我们都热烈欢迎！让我们一起在绿茵场上度过最棒的大学生活吧！！,每周一至周六/13:00/都营网球场,社团网站已关闭,machine_translated,not_reviewed,
C0037,3758,f70acf180c58318c,城北网球俱乐部,体育（球类）,网球,"大家好！这里是城北网球俱乐部！
/
/
/
/我们平日每天进行4小时的练习。这是自由参加型，您可以根据自己的课程和日程安排随时参加，中途退出也完全没问题。
/
/
/
/虽然队内有参加过全国高中联赛、选拔赛以及县前四名等高水平选手，但更多的是从大学才开始接触网球的初学者！
/
/
/
/我们每年参加3次团体赛，正为晋级早大杯前四名而努力^ ^
/
/
/
/男女比例为1:1，是一个每个年级约30人的中型社团！
/
/
/
/除了网球，每月还有丰富多彩的活动！圣诞派对、迪士尼、台场、纳凉船等等……
/
/
/
/总之，加入城北社团绝对没错！
/
/
/
/如果有任何疑问，欢迎通过Twitter、Instagram的私信随时咨询！",周一至周五 13:00-17:00,无,machine_translated,not_reviewed,
C0038,3380,c472a66dee6cc715,稻友网球俱乐部,体育（球类）,网球,我们稻友网球俱乐部是一个氛围温馨的社团，无论是有经验者还是初学者都热烈欢迎！！每周练习5天，可以自由参加，所以你可以根据自己的时间表，在空闲时或想运动的时候自由地打网球！对于初学者，起初会有“初学者练习”，经验丰富的高手会占用一个场地，耐心指导大家！因此，我们甚至在仅限初学者的比赛中也培养出了冠军！！ 此外，我们的资深成员中不乏全日本中学生锦标赛冠军和埼玉县四强等高水平选手！因此，这里也为有经验的球友提供了尽情享受网球乐趣的完善环境！不仅如此，稻友全年还举办丰富多彩的活动！既能享受网球，又能参与各类活动，社团成员关系融洽，温馨如家的氛围正是稻友最大的魅力所在！！,每周一至周五/9:00～17:00/早稻田附近的网球场,无,machine_translated,not_reviewed,
C0039,3642,aa51ce0709dbe996,橙色网球俱乐部,体育（球类）,网球,橙色网球俱乐部以网球运动为核心，开展各类活动。这是一个能让大学生活更加充实，并在此过程中实现自我蜕变的社团。橙色网球俱乐部是早稻田大学公认的联盟之一，也是12大社团之一，拥有长达45年的悠久历史。我们的座右铭是无论网球、活动还是娱乐，都要全力以赴地享受其中。若只是敷衍了事地维持社团，便无法体会到真正的乐趣。我们始终以炽热的心态迎接各项挑战。作为12大社团中争夺排名的团体赛，“早大杯”是网球活动的核心盛事。无论是选手还是啦啦队，全员都为胜利团结一心。此外，日常的常规训练既充满乐趣又充实充实。另外，Orange的魅力之一在于对网球初学者的重视。初学者若能得到正确的指导，便能体验到网球水平突飞猛进的乐趣。我们设有专门指导新手的教练职位，会从零开始耐心指导。此外，Orange拥有与网球高手平等共练的氛围，无论水平高低，成员之间都建立了深厚的纽带。当然，有经验的选手也充满干劲，正朝着“全早稻田”和团体赛夺冠等高远目标奋进。在活动方面，从集训到海边活动、烟花晚会、圣诞派对等，全年都安排了丰富多彩的欢乐活动。我们对每一项活动都倾注心血，大家玩得非常尽兴。加入Orange，你一定能度过不仅快乐、而且充实的大学生活。,每周一、周五/9-11点/都营网球场，周二、周三/13-17点/都营网球场,无,machine_translated,not_reviewed,
C0040,3372,34f1efc7b472e9ad,澳大利亚网球俱乐部,体育（球类）,网球,澳大利亚网球俱乐部是拥有40多年历史的早稻田大学官方认可的社团。我们以每年5月举办的“早大杯”为目标，每天勤奋练习。虽然既有经验丰富的成员，也有许多从大学才开始接触网球的初学者，但在教练的悉心指导下，大家都能很快进步。每周练习两次，具体日期不固定，因此所有社员都能轻松参加。常规练习中，有经验者与初学者混合进行基础训练；而在固定阵容的练习中，则由参赛成员进行高强度的专项训练。此外，我们还举办烧烤、滑雪等丰富多彩的网球以外的活动！作为规模适中的社团，这里氛围温馨融洽，无论前辈还是后辈，大家相处都很融洽！！,每周2次（具体日期不固定）,无,machine_translated,not_reviewed,
C0041,3717,9962c9cd270eadc3,F．S．S．网球俱乐部,体育（球类）,网球,我们F.S.S.网球俱乐部是拥有47年历史、早稻田大学官方认可的网球社团。主要利用日本女子大学网球场和浮间舟渡的都营网球场，每周二和周四进行两次练习，致力于提升整个社团的网球水平。F.S.S.是一个非常欢迎初学者的社团！许多成员都是在大学才开始接触网球的，在有经验者的指导下，大家都能成长为能在实战中一展身手的选手。由于我们不参加校内联赛，因此完全没有严苛的训练计划，能够轻松愉快地打网球正是我们的魅力所在。日常练习的成果，可以通过每年最多5次的集训中的锦标赛来展现。此外，F.S.S.还举办丰富多彩的联谊活动！每月一次，无论是烟花大会、万圣节派对还是圣诞派对，四季更迭的各类活动都能让您尽享大学生活！总之，这是一个社员之间关系融洽、氛围温馨如家的网球社团！无论是网球初学者，还是有经验的球友，都欢迎来F.S.S.体验一番！,每周二、周四/17:00/日本女子大学网球场・浮间舟渡都营网球场,无,machine_translated,not_reviewed,
C0042,3790,a3b696089da61a22,早稻田大学克雷斯特网球俱乐部,体育（球类）,网球,"这是一个成立于1975年、历史悠久的早稻田大学官方认可的网球社团！男女比例为1:1，有经验者和初学者的比例也各占一半，因此无论谁都能在这个社团中享受网球的乐趣！社团总人数为40人，规模较小，因此大家很快就能打成一片，是一个非常容易融入的社团！此外，由于隶属于历史悠久的“12大”组织，您可以安心地度过最棒的社团生活！
日常训练每周两次，在东京都内的网球场进行！由于训练日期不固定，您可以自由选择自己想参加的日期！训练中设有初学者专场，因此从大学开始接触网球的人也能迅速进步！当然，有经验的成员也可以与其他经验丰富的成员进行高强度的训练！
此外，每月一次的活动和每年四次的集训，还能让大家享受网球之外的乐趣！凭借小团体特有的温馨氛围和丰富多彩的活动，无论男女、无论前辈后辈，都能迅速建立深厚友谊！让我们在Crest度过最棒的大学生活吧！！",星期不定/17:00至19:00/浮间公园、木场公园、猿江恩赐公园等东京都内的网球场,无,machine_translated,not_reviewed,
C0043,3381,4b27ba2ff362ce5d,早大Forty Love,体育（球类）,网球,"这是一个今年迎来第45个年头的大学官方认可网球社团！男女比例为1:1，每届约25人，整个社团规模约100人！不仅同届成员关系融洽，前辈与后辈之间也相处融洽，这种纵向联系紧密、氛围温馨的家庭式氛围正是Forty-Love的最大特色(^^)
/
/
/
/由于男成员全员来自早稻田大学，女成员则来自早稻田、日本女子大学及东京女子大学，因此不仅能与同校同学建立联系，还能结识其他大学的朋友，这也是本社团的一大优势！每周一、四进行两次训练，分别安排在上午和下午，因此可以利用课间空档打网球！此外还设有夜间训练和初学者训练，即使训练日有课程安排，也能照常参加！此外，大家常会找空闲时间相同的伙伴一起打球，所以完全不用担心打球机会少！有经验者和初学者的比例是1:1，所以即使是从大学才开始打网球的人也能放心！队里还有担任过网球教练的成员，所以有经验的球员也能互相切磋！初学者也能进步神速哦(^-^)
/
/
/
/我们使用猿江、城北、赤冢、筱崎、舍人、府中、木场、大宫等地的多个场地，参与起来非常方便！我们隶属于历史悠久、组织健全的“12大”联盟，因此可以安心享受社团生活(^O^)
/
/
/
/去年在早大杯中获得第5名！！",每周一・周四/9:00～17:00（自由参加）/猿江・城北・赤冢・筱崎・舍人・府中・木场・大宫等地/早稻田大学15号馆休息室,网站（社团）访问受限,machine_translated,not_reviewed,
C0044,3388,1a4a258869dfac1f,银河网球俱乐部,体育（球类）,网球,银河网球俱乐部是一个中等规模的网球社团，每届约有25名成员，男女比例为1:1。成员均为早稻田大学学生，可以结识来自不同院系的许多朋友。虽然超过一半的成员是网球初学者，但前辈们会耐心指导，初学者也可以放心！当然，有经验的玩家也非常欢迎。让我们一起在快乐中提升球技吧！前辈与后辈关系融洽，大家常一起外出游玩，午休或课间也会聚集在休息室共度时光。银河网球俱乐部每月都会举办各类活动，如体育企划、烟花大会、早稻田祭等，您将与大家共同创造无数美好回忆！对我们而言，银河网球俱乐部是一个舒适的归属，也是大学生活中不可或缺的存在。各位，何不在银河网球俱乐部结识最棒的伙伴，度过最精彩的大学生活呢？？,每周一、三、五/13:00～17:00/木场公园球场,无,machine_translated,not_reviewed,
C0045,3390,00231a15c6a130f7,早稻田大学网球俱乐部,体育（球类）,网球,想在大学入学后尝试新事物的人、想打网球的人、想一起做有趣事情的人、想结识最棒伙伴的人，何不在Home网球俱乐部实现这些梦想呢？我们Home网球俱乐部是众多网球社团中罕见的、仅由早稻田大学学生组成的小型社团！正因如此，我们拥有独特的优势。人数少意味着打网球时能在场上停留更久，也能多打很多球。此外，作为新早稻田大学网球同好会联盟3部的成员，Home不仅能参加与其他社团的交流赛和团体赛，这也成为了队员们的一大动力。即使是刚开始接触网球的新手，也能从零开始接受指导，且会根据水平分配球场，请放心！虽然我们是以网球为主的社团，但活动也丰富多彩！ 无论是边漫步东京名胜边完成任务的徒步寻宝活动，还是前往大型公园踢足球、玩“达摩倒下”游戏，抑或是观战早庆对抗赛，全年都能享受丰富多彩的活动！ 至于网球社团最受关注的聚会环节，Home社团以“轻松畅饮”为宗旨。绝无强迫一口干等行为，大家在谈笑风生的氛围中享受宁静的聚会时光！最后，由于每届仅招收约15人的小班制，不仅能与同届成员，更能与学长学妹建立深厚的情谊。何不在Home社团与一生的挚友共度最美好的四年时光呢！,每周一、二、三、四中的任意两天/17:00～19:00/哲学堂公园,无,machine_translated,not_reviewed,
C0046,3567,099d7fbd77be825e,t:M（团队）,体育（球类）,网球,我们t;M是活跃于所泽校区的网球社团。每周利用所泽校区的网球场，轻松惬意地打3次网球。入会费仅需1000日元，这在其他网球社团中简直是难以想象的低价！ 此外，我们是一个欢迎初学者的社团，每年都有许多初学者加入。网球前辈们会耐心指导，因此技术进步很快。而且活动丰富多彩，包括每年3次的集训、圣诞派对等，精彩活动层出不穷。快来加入t;M，度过最棒的大学生活吧！,每周一、周四、周五/13:00~19:30/所泽校区网球场,无,machine_translated,not_reviewed,
C0047,3378,ac068037dc9c86c2,Truth网球俱乐部,体育（球类）,网球,大家好！我们Truth网球俱乐部是早稻田大学官方认可、面向全校学生的温馨网球社团！每个年级约20人，男女比例1:1，是一个中等规模的社团！非常适合那些想打网球，但觉得早稻田的网球社有点让人望而却步的人！无论网球新手还是有经验者，我们都热烈欢迎！每周练习3次，地点在距离大学约15分钟路程的网球场！即使是新手，前辈们也会耐心指导，请放心！我们大约每3个月会租用大型网球场举办一次内部比赛！除了网球，Truth全年还有丰富多彩的活动，包括每年3次的集训、早庆战观战、早稻田祭、圣诞派对等！而且，Truth最棒的一点莫过于能结识最棒的伙伴！Truth的伙伴们绝对会成为你一生的挚友！让我们与这些最棒的伙伴们一起度过最棒的大学生活吧！,每周一、四、五/16:00～18:00/池袋・赤羽,无,machine_translated,not_reviewed,
C0048,3632,d4db1b16d37dace0,Laissez-Faire T．C．,体育（球类）,网球,仅限理工科学生！这是一个隶属于新早联、既能努力打网球又能专注学业的新社团！我们以“No Drink、Money is important、We Love Tennis”为座右铭，认真且快乐地开展活动！每周练习2至3次，安排在与课程不冲突的夜间进行。此外，考试前会预留备考时间，因此虽然是网球社，也能兼顾学业！当然，还有“逃跑中”游戏、圣诞派对等各类活动，定期举办的交流赛，以及气氛热烈的夏季集训等，乐趣十足！男女比例约为1：1，成员涵盖从初学者到资深球手。正在犹豫“虽然想在大学打网球，但能跟上社团节奏吗……”的你！请务必来“Laissez-Faire”看看！！让我们一起度过最棒的大学生活吧！全体社员期待您的加入！,每周2～3次（周五固定），每周2～3次・城北公园等,无,machine_translated,not_reviewed,
C0049,3389,022e62a6ec7c0a15,早稻田大学Fantastic网球俱乐部,体育（球类）,网球,"初次见面！我们是早稻田大学官方认可的社团——Fantastic网球俱乐部。每周一至周五早晚共安排10节训练课，您可以根据学业或兼职等个人日程安排来打网球！！此外，我们以经验者与初学者1:1的配比，营造出欢迎所有人加入的温馨氛围，这也是我们的特色！/
///
//由于网球训练按水平分组进行，无论初学者还是有经验者，都能进行适合自己的训练！！我们不仅重视有经验者的训练，也致力于指导初学者，甚至曾获得过“初学者杯”冠军！/
///
//此外，除了网球训练外，我们全年还举办夏季集训、滑雪之旅、圣诞派对等各类活动，绝对让您乐在其中！！无论您是对网球不感兴趣，还是想认真打网球，何不在Fantasy与最棒的伙伴们一起度过最精彩的大学生活呢？",每周一至周五/8:00～10:00、13:00～17:00/早稻田大学附近的网球场,无,machine_translated,not_reviewed,
C0050,3522,0656ecb2384684b0,早稻田大学理工学院排球部,体育（球类）,排球,理工排球部以“理科排”的昵称深受大家喜爱多年。作为理工学术院公认的社团，主要由理工学院的学生组成，为了尽量避免与课程冲突，练习时间安排在工作日的晚上和周六的白天。成员由选手（仅限男生）和经理（仅限女生）组成。虽然以理科生为主，但也有一部分文科生在籍，氛围和睦融洽。以每年两次的同好会联赛（5月、11月）和理工联赛（6月、12月）为核心，我们积极参加各类比赛，并每年举办三次集训（8月、11月、3月）。对于那些想认真打排球但又不希望影响学业，同时又想享受集训、聚餐和各类活动乐趣的人来说，我认为这是一个绝佳的选择(＾◇＾)正在纠结加入哪个社团的人、想开始打排球的新手，以及虽然学习繁忙但仍想打排球的人，请务必来参观一次！！新成员的招募原则上仅限迎新期间（4月、5月）！,每周一、周四（大久保小学：18:00-21:00）、周六（大久保小学：9:00-12:00）,无,machine_translated,not_reviewed,
C0051,3166,c09e9583adb9e1db,排球同好会,体育（球类）,排球,排球同好会是早稻田大学公认的排球社团。每周二以及隔周的周四、周六，每周两次，主要在世田谷区、板桥区、清濑市等东京都内的体育馆进行练习。活动由大三学生担任干部负责运营，包括嗓门大、性格开朗的干事长，说话让人摸不着头脑的副干事长，擅长即兴表演的财务，以及有点漫不经心的经理等，这些个性各异的大三学生每天都营造出热闹的训练氛围。大家以每年举办两次的同好会联赛为目标，无论初学者还是有经验者，都乐在其中，认真投入排球运动。男女之间、学长学弟之间关系非常融洽，周末大家常一起去兜风、游乐园、打沙滩排球等，去各种地方游玩。除了日常训练外，还有集训、滑雪旅行、早庆战、早关战等丰富多彩的活动。集训和滑雪旅行都是过夜活动，因此社团成员之间能建立起深厚的友谊！“想在大学开始打排球！”、“想在大学继续打排球！”以及“想在大学结交最好的朋友！”——怀有这些想法的新生们，请务必来参加我们的训练或迎新集训！,每周二/18:30～21:00/世田谷区立驹泽中学/隔周周四・周六/18:00～21:30/清濑市民体育馆・植村加贺纪念体育中心・和光市综合体育馆等,无,machine_translated,not_reviewed,
C0052,3418,2ecc39dd2991d607,Anchor排球俱乐部,体育（球类）,排球,我们锚排球俱乐部以“排球和娱乐都要全力以赴！”为座右铭开展活动。在排球方面，我们以每周二、四在西荻洼进行的两次训练为主，并积极参加世田谷等地的各类比赛。会员范围广泛，从初学者到曾入选县代表队的经验者都有，男女在不同的场地进行比赛。在娱乐方面，我们策划了烧烤、沙滩排球、圣诞派对、迪士尼乐园游等丰富多彩的活动。每年5次的集训中，除了针对比赛的强化训练外，夏季会组织海水浴，冬季则进行滑雪、单板滑雪等应季活动，晚上还会举办联谊活动以增进社员间的友谊。想要尽情享受大学生活，请务必加入Anchor！,每周二、周四/18:30～21:00/荻窪中学,无,machine_translated,not_reviewed,
C0053,3583,a747e4d2f6e50791,早大M+,体育（球类）,排球,大家好，这里是排球社团早大M+。我们以所泽校区为中心，每周二、周四进行排球训练。本社团的魅力在于不分年级，所有人都能愉快地参与其中，因此不仅欢迎有经验者，即使是毫无经验、最近才对排球产生兴趣的朋友，也请不要客气，随时来社团看看。除了打排球，我们还举办赏花、烧烤以及冬季运动等丰富多彩的四季活动。此外，本社团积极接纳外国留学生，因此想要接触外国语言和文化的朋友，在运动的同时也能实现这一愿望。大学生活的开始，虽然想尝试一些新事物，但往往难以付诸行动。这样的朋友请务必加入我们的社团，与兴趣广泛的前辈们交流。相信前所未有的生活正在等待着你。全体成员期待新生的加入！,每周二/16:30～20:00/所泽校区体育馆・每周四/17:30～19:30/所泽市内体育馆,无,machine_translated,not_reviewed,
C0054,3402,0ad16fdbe0211b39,帕迪高尔夫俱乐部,体育（球类）,高尔夫,"每周一和周四在西荻洼站的练习场开展活动！时间分为17:00~19:00和19:00~21:00两个时段，您可以自由选择时间参加！
/
/
/
/此外，每月举办一次月度活动，前往高尔夫球场打球。根据成绩，还有机会获得豪华奖品！
/
/
/
/每年举办3次集训。暑假和寒假各一次，2月还会组织滑雪、单板滑雪的住宿集训！！
/
/
/
/此外，本社团隶属于东日本学生高尔夫同好会联盟（HGA），因此可以与其他大学的高尔夫社团进行交流。HGA在春季和秋季会举办联赛，Paddy去年获得了冠军！！
/
/
/
/此外，通过HGA，大家还可以参加职业赛事的协助工作（需住宿的短期兼职）。
/
/
/
/能近距离观赏职业选手酣畅淋漓的比赛，这将是一次非常宝贵的经历。加入帕迪后，请务必参加！！
/
/
/
/除了高尔夫之外，我们还举办纳凉船、圣诞派对、忘年会、新年会等各类活动。
/
/
/
/无论初学者还是有经验者，我们都热烈欢迎！超过一半的成员都是初学者，请放心前来练习！
/
/
/
/加入帕迪，创造人生中最美好的回忆吧！！",每周一、周四/17:00~19:00、19:00~21:00/西荻高尔夫中心,社团网站已关闭,machine_translated,not_reviewed,
C0055,3403,70962f4aee80bcd1,博基高尔夫俱乐部,体育（球类）,高尔夫,"本社团成员大多是在大学才开始接触高尔夫的！平时周三16:00起在新宿伊势丹男装馆，周五17:00起在Metro Green东阳町进行活动！
/
/
/
/博基高尔夫俱乐部的优势在于人数相对较少，因此可以跨越年级，与所有社员都成为好朋友！除了每周两次的练习和每月一次的实战外，我们还准备了各种活动！每年举办三次集训，分别在迎新期的5月以及8月、9月！所有活动均为自愿参加，因此可以轻松坚持！此外，社员之间也会私下组队打球，让您度过充实的大学生活！
/
/
/
/无论年级，随时均可加入！
/
/
/
/欢迎您前来参观，考虑加入我们！",每周三16:00 新宿伊势丹男装馆 / 每周五17:00 Metro Green东阳町,无,machine_translated,not_reviewed,
C0056,3167,1af12321f7e08d6f,保龄球俱乐部,体育（球类）,其他球类,"早稻田保龄球俱乐部（WBC）是拥有60多年历史的大学官方认可的保龄球社团。
/
/我们也是全国大学生联赛的成员，与其他大学的学生也有很多交流！
/
/我们作为早稻田大学加入了由学生自主运营的关东学生保龄球联盟，
/
/社团成员积极参加团体赛和个人赛等各类比赛。
/
/2016年度，我们迎来了第6期的黄金时期，在夏季关东学生保龄球锦标赛的5人团体赛中夺冠，秋季常规联赛5人团体赛中夺冠，并在全日本大学5人团体赛中获得亚军，取得了辉煌的成绩。
/
/话虽如此，加入社团并没有特别的资格或经验要求！
/
/因为大多数成员都是从大学开始接触保龄球的新手，所以即使没有经验也完全没问题，反而非常欢迎！！
/
/除了每周进行约2次常规训练外，我们还会与庆应、东大、驹泽、专修、独协大学等校的学生进行联合训练，
/
/并组队参加比赛，积极与其他大学开展交流。
/
/无论起初技术多么生疏，哪怕缺乏运动天赋，保龄球这项运动都能让你不断进步。
/
/关于保龄球装备或个人球等任何疑问，前辈们都会为你提供支持！
/
/何不尝试让球转弯，打出200分以上的成绩呢？？
/
/我们早稻田保龄球俱乐部不仅在迎新期间，全年任何时候都期待您的联系！",基本每周一、周四　19:00~21:00　　地点：（～2023年3月）中野Sunplaza Bowl、（2023年4月～）高田马场Grand Bowl,无,machine_translated,not_reviewed,
C0057,3168,4970d680e3439198,北极熊冰球俱乐部,体育（球类）,其他球类,"早稻田北极熊队以春秋两季的联赛和决赛锦标赛夺冠为目标，每天都在刻苦训练。
/
/
/
/无论是有经验的球员还是初学者，我们都热烈欢迎！（初期会有经验丰富的球员进行一对一指导！）虽然每周两次的训练非常认真，但训练结束后氛围十分融洽。我们不仅招募球员，同时也招募经理。Instagram和Twitter等社交媒体不仅会发布比赛结果，还会随时更新日常动态，欢迎大家来关注！
/
/
/
/让我们一起创造大学生活中最美好的回忆吧！",每周四/21:00-23:30/三井不动产冰上公园船桥,无,machine_translated,not_reviewed,
C0058,3164,177ac34ee0e54c67,乒乓球同好会(WTTS),体育（球类）,其他球类,WTTS成立至今已有58年，是早稻田大学唯一经官方认可的乒乓球社团！无论你是乒乓球新手还是曾参加过全国高中联赛的选手，这里汇聚了不同水平的成员，我们热烈欢迎每一位加入！每周进行2至3次训练，我们会策划各种有趣的活动，在轻松愉快的氛围中练习，有时也会认真投入地练习乒乓球！此外，我们设有专门负责指导初学者的成员，请放心加入！我们还经常参加各地举办的公开赛，以及由首都圈各大学社团联合举办的“首都大战”、决定社团内部最强者的“内部比赛”等，比赛机会丰富！WTTS还与日本女子大学建立了官方合作关系，欢迎女性成员及他校学生放心加入，我们热烈欢迎！这也是早稻田大学学生结识他校朋友的绝佳机会！您将有机会结识形形色色的人！我们还认真筹办各类活动，4月的新生招募期间不仅有赏花、烧烤、游览横滨港未来区的横滨之旅等趣味活动，还有滑雪旅行以及春夏两季为期一周左右的集训等，无论是否打乒乓球，您都一定能创造许多美好的回忆！加入WTTS，您的大学生活必将充实无比！我们随时接受入会申请，欢迎随时前来！,每周四、周二或周五／15:00或18:00左右开始／学生会馆E408／新宿Cosmic体育中心等,社团网站已关闭,machine_translated,not_reviewed,
C0059,3422,15a682006fffcdf9,运动爱好者,体育（球类）,其他球类,"Sports Lovers成立于1972年，至今已历经42届干事，是一个历史悠久的社团。
/
/每周二、周五在早稻田大学附近的体育馆进行篮球和排球活动。
/
/时间虽有变动，但通常为17点至19点的2小时，以篮球1小时、排球1小时的形式进行活动。
/
/虽然也有经验丰富的成员，但更多的是零基础的新手，因此我们遵循“享受乐趣为第一要务”的社团准则，像高中体育课一样轻松愉快地开展活动。活动中大家玩得非常开心，笑声不断！
/
/男女比例大致各占一半，作为跨校社团，我们当然也非常欢迎其他大学的学生加入。
/
/要不要一起来Sports Lovers打篮球、打排球呢？期待您的加入！",每周二、周五/17:00/户山Sunrise,无,machine_translated,not_reviewed,
C0060,3419,92a81deacb8a4235,慕尼黑手球同好会,体育（球类）,其他球类,慕尼黑是一个手球爱好者聚集的欢乐社团！不分男女、不分前辈后辈！也欢迎其他大学及专科学校的学生参加，我们以人人都能乐在其中的温馨氛围为特色。在春秋两季的联赛中，我们屡次战胜其他大学，每次都取得优异成绩。我们不设固定首发阵容，全员上场，全员通过手球赢得胜利，这是慕尼黑的骄傲！无论你是新手还是久未接触手球的人，我们都热烈欢迎！在大学假期期间，我们会举办夏季集训、由大二、大三学生组织的夏季旅行、单板滑雪集训以及春季集训等活动，大家都会全身心投入其中！每周一次的训练频率恰到好处，其他日子里，大家也会自发地一起去吃饭或玩耍，关系非常融洽！不仅在迎新期间，我们全年都在招募新成员。如果你想打手球，欢迎来东伏见看看！,每周一/18:00～21:00/东伏见体育馆,无,machine_translated,not_reviewed,
C0061,3423,6ffab430d5c48755,球爱会,体育（球类）,其他球类,每月举办棒球、篮球、足球、网球、排球5个项目的活动。这是早稻田大学内规模最大的综合性运动社团。氛围温馨融洽，活动进行得十分和谐。此外，每年还有7次集训等丰富多彩的活动。作为大型社团，我们举办的盛大集训总是气氛热烈。此外，棒球队每年都会参加早稻田联盟赛和统一战，排球和篮球队则每年与其他两个社团联合举办“早球杯”大赛，以此展示日常训练的成果。由于活动氛围轻松，无论是想轻松运动的人，还是不擅长运动的人都能乐在其中。此外，本社团已传承37代，历史悠久，每年都会举办校友会，大家还可以向在职的前辈咨询就业相关事宜。,不定期,无,machine_translated,not_reviewed,
C0062,3421,cc16b44a6dddac33,壁球俱乐部,体育（球类）,其他球类,早稻田大学壁球俱乐部，通称“早壁”，是早稻田大学唯一的壁球社团。由于绝大多数人都是在大学才开始接触壁球这项运动，因此成员中初学者占绝大多数。社团成员均为早稻田大学学生，当然也允许同时加入多个社团！练习采用随到随练的形式，大家可根据自己的节奏自由参加，欢迎大家轻松自在地前来！此外，早稻田壁球社不仅进行日常训练，还会举办烧烤、圣诞派对等各类活动。最令人期待的当属9月举办的夏季集训。住宿地点正对着大海，大家一边进行壁球训练，一边尽情享受夏日时光！此外，早稻田壁球社还拥有众多全国大赛参赛选手，并取得了不俗的成绩。无论是全身心投入壁球训练，还是与大家一起享受活动乐趣，皆可！这就是早稻田大学壁球社！,每周一、三、四、五/15:00～18:00/赤羽・白金台・阿佐谷,无,machine_translated,not_reviewed,
C0063,3169,31fead7830fd38a7,Wyverns 板球俱乐部,体育（球类）,其他球类,"Wyverns Cricket Club（飞龙板球俱乐部）是早稻田大学唯一的板球社团！男女队均曾获得全日本学生锦标赛冠军，我们在认真对待比赛的同时，也以“享受每一天”为主题开展活动。目前共有71名成员，不仅欢迎有经验者，也热烈欢迎想在大学期间开始接触这项新运动的初学者。
每周安排3次训练（周三、周五、周日），但并非强制参加。您可以按照自己的节奏参与，因此很容易兼顾学业和兼职工作。我们引以为豪的是，无论年级或性别，大家“关系都非常融洽”。即使没有训练的日子，大家也会一起吃午餐，此外还有集训、迪士尼之旅、飞镖之旅等丰富多彩的板球以外的活动。
此外，队内也有留学生，能够自然而然地进行国际交流，这也是板球社独有的魅力。与其他大学及社会人球队的交流机会也非常丰富。感兴趣的朋友，请务必来参加一次训练或活动！我们会在社交媒体（如Instagram等）上发布最新信息。全体队员和经理都在期待新伙伴的加入！",周三/13:30/高田马场　周五/随时/早稻田　周日/13:00/北千住,无,machine_translated,not_reviewed,
C0064,3165,443e94ef46073a83,羽毛球同好会,体育（球类以外）,羽毛球,大学官方认可的社团！全早稻田大学范围内的成员，无论初学者还是有经验者，都在快乐地练习。春季有迎新联谊，夏季有烧烤等，羽毛球以外的活动也丰富多彩！每年还有两次集训！每年集训都有超过100人参加，度过充实的一周。竟然！学生会馆里还有专门的社团活动室！主要活动地点为江东区体育馆、赤羽体育馆、户田市体育中心、和光市综合体育馆。主要年度活动包括：4月：迎新会后聚会，5月：迎新联欢会、早庆战棒球观战；6月：单打比赛；8月：混合双打比赛、夏季集训；9月：团体赛；10月：干事届期末聚会；11月：双打比赛；12月：混合双打比赛；2月：春季集训、送别赛；3月：最终负责人活动等（1月、7月因考试期间暂停活动）。还有数不胜数的事情无法在此一一列举！当然也有与其他社团的对外比赛！正因为是大型社团，才能邂逅更多人。请务必来参加一次练习！,每周1～2次／江东区体育馆、赤羽体育馆、户田市体育中心、和光市综合体育馆等,社团网站已关闭,machine_translated,not_reviewed,
C0065,3551,2122e49afb2516a1,羽毛球同好会 J-Birds,体育（球类以外）,羽毛球,羽毛球同好会J-Birds是早稻田大学所泽校区唯一的羽毛球社团！虽然成员水平参差不齐，从初学者到高手都有，但我们不分水平进行练习！为了参加每年举办两次的早稻田大学校内比赛（通称“达杯”）、关东羽毛球社团联盟（UBF）主办的比赛以及其他地区赛事，我们每天都在刻苦训练。除了日常训练外，我们还举办J-Birds内部的交流赛“J-Cup”、每年三次的集训，以及成员自主策划的各类活动。这是一个既有激烈竞技也有轻松氛围、自由且温馨的社团，相信每个人都能在这里乐在其中！,每周二、四、六/16:00起/所泽校区体育馆,无,machine_translated,not_reviewed,
C0066,3171,a200bddca3f1691c,Choco Let's,体育（球类以外）,羽毛球,Choco Let's是一个不喝酒、男女比例及初学者与有经验者比例均为1:1的早稻田大学全员参与的羽毛球社团。这里有许多初学者，有经验的成员也会耐心指导，所以即使没有打过羽毛球，只要对羽毛球有一点兴趣，请务必来参加迎新练习！平时的练习主要是双打比赛，绝不会像校队那样进行跑步训练，也不会强制要求参加练习……我们秉持“想来就来打羽毛球”的理念，因此即使因专业课程或其他社团活动繁忙，也能轻松兼顾！此外，日常练习都在大学附近（主要在理工校区附近）进行，因此无需担心前往练习地点的交通费用或耗时！除了羽毛球之外，我们还会举办圣诞派对和运动会等活动，感兴趣的朋友请务必访问我们的主页！！,每周约2天（周二、周三、周五、周日）/傍晚至晚上/高田马场附近的体育馆,无,machine_translated,not_reviewed,
C0067,3420,51797a23f2999b20,青年羽毛球同好会,体育（球类以外）,羽毛球,每周进行1至2次练习。还有丰富多彩的应季活动，成员们关系都很融洽！！,无信息,无,machine_translated,not_reviewed,
C0068,3196,5f562a686f4efb15,竞技舞蹈部（WBDC）,体育（非球类）,舞蹈,"社交舞＋运动＝竞技舞蹈????
/
/
/
/男女搭档共舞，那姿态宛如电影中的一个场景?一旦目睹，必定会为之着迷！
/
/因为是“竞技”项目，所以举办了许多比赛，早稻田大学竞技舞蹈部在关东大赛和全国大赛中都取得了优异的成绩。
/
/到了全国大赛，全日本的大学都会齐聚一堂，展开激烈的角逐！！
/
/据已毕业的前辈们说，这似乎对求职很有帮助……
/
/
/
/还能结识许多其他大学的舞友！
/
/没有舞蹈经验也没关系！99%的部员都是从大学开始接触竞技舞蹈的
/
/竞技舞蹈部就是这样一个地方，即使从零开始也能真心以夺冠为目标！
/
/
/
/比赛中穿上的华丽舞裙和燕尾服，也是竞技舞蹈部的魅力之一！
/
/可以穿上日常生活中无法穿到的舞裙和燕尾服。
/
/因为有部员会带着单反相机来比赛现场，所以能拍到很多帅气的照片哦??
/
/
/
/优雅如舞会般翩跹的标准舞。展现炽热爱情与激情的拉丁舞。
/
/加入竞技舞蹈部后，姿势会变得优美，男生会显得英姿飒爽，女生则能拥有紧致优美的身材！
/
/
/
/早稻田大学竞技舞蹈部拥有80年的悠久历史！何不与竞技舞蹈部的伙伴们一起，用热烈的舞步度过在早稻田大学的校园生活呢？
/
/欢迎随时来参观！","练习会：每周二 @共立女子大学
/
/
/
/
/
/
/
/自主练习：
/
/
/
/周四、周六 @共立女子大学
/
/
/
/随时 @学生会馆",无,machine_translated,not_reviewed,
C0069,3755,20c9afdb03cc95a5,早稻田大学阿波舞社团　早稻田连【Team A．W．A】,体育（球类以外）,舞蹈,我们早稻田连作为关东学生联合会的一员，与庆应大学、上智大学、中央大学、东京理科大学、明治大学、东洋大学、横滨国立大学共同参加在德岛和高圆寺等地举办的阿波舞活动。社团成员不仅包括德岛出身的学生，还有来自各地的学生。无论是有经验者，还是此前从未接触过阿波舞的人，或是希望结交其他大学同学或同乡朋友的人，我们都热烈欢迎！不妨一起来体验一下作为盂兰盆舞代表之一的阿波舞吧？,不定期/学生会馆,无,machine_translated,not_reviewed,
C0070,3450,adbcaea20f5561c0,早稻田大学Breakerz（W.U.B）,体育（球类以外）,舞蹈,"W.U.B.是早稻田大学历史最悠久的街舞社团，今年迎来创立41周年。平时我们会按舞种在排练室或学生会馆进行练习。与其他社团不同，我们不要求成员同时涉猎多个舞种，因此大家可以专注于自己喜欢的舞种并将其精益求精。此外，我们还能接受专业舞者的指导，无论初学者还是有经验者都能提升舞技。W.U.B.不仅在活动前，还定期安排练习日，大家可以一起进行基础训练等日常练习。我们同时重视街舞对决和表演展示，能够广泛活跃于各类场合也是我们的优势。
除了早稻田祭，我们还会举办独立公演和俱乐部展示活动，并参与外部赛事，因此可以尽情跳舞。此外，我们隶属于六大学街舞联盟，也会参加早庆战和全日本大赛等赛事。
在这个社团里，你可以自由地钻研自己喜欢的舞蹈。欢迎来亲身体验W.U.B.那种在轻松氛围中蕴含着严谨精神的独特氛围！
4月　迎新RIDE
5月　迎新集训
6月　早庆战
7月　新生发表会
8月　夏日之夜
9月　夏季集训、六大学联赛
11月　早稻田祭
12月　毕业公演
2月　冬日之夜
3月　全日本大赛
不定期：社团内部对决活动（每3-4个月一次）",每周一、三、五/19:00~21:00/学生会馆、排练室,无,machine_translated,not_reviewed,
C0071,3449,74eb5b5fa35dc01c,弗拉门戈团体 iVAMOS!,体育（非球类）,舞蹈,"每周二第5至7节课在学生会馆，由身兼职业弗拉门戈舞者身份的编舞师指导，进行正统的弗拉门戈舞蹈训练。课程从基础开始教学，并会编排舞步，因此无论初学者还是有经验者都能乐在其中。我们在早稻田祭、冬季演出等各类活动中尽情起舞！正式演出时穿的服装华丽、鲜艳又可爱，一眼看到肯定会想穿上！！此外，通过弗拉门戈学生联盟与其他大学交流，可以结交来自各大学的朋友！不仅招募舞者，还招募伴唱和吉他手！
/
/
/
/如果您感兴趣，欢迎随时来体验课程或参观！可通过各社交媒体的私信联系我们。让我们一起跳弗拉门戈舞吧♪",每周二/第5至7节课/学生会馆,无,machine_translated,not_reviewed,
C0072,3452,bb5ed1e5c9e767c7,Dance Team Brilliant Pinks,体育（非球类）,舞蹈,"Brilliant Pinks，通称“布里平”，是早稻田大学唯一一支全由女生组成的舞蹈社团！
/
/
/
/我们每天都在为6月、12月的独立公演以及早稻田祭积极备战。主要涵盖girls、hip、lock、punking四大风格，可根据每场演出选择不同的舞种。期待充满干劲、热爱舞蹈的新生加入！初学者也大受欢迎！让我们一起充实大学生活吧！",每周一、三、五，第5、6、7节课，学生会馆或东京都内的舞蹈工作室,无,machine_translated,not_reviewed,
C0073,3451,51c0e636749c0834,早稻田大学爵士舞社团Oasis,体育（非球类）,舞蹈,"Oasis是早稻田大学官方认可的爵士舞社团，也是允许其他大学学生参加的跨校社团。所谓爵士舞，在现代被定义为融合了多种舞蹈与音乐，并以自由感性进行演绎的舞蹈形式。因此，在Oasis中，我们不局限于特定流派，可以接触到多种多样的舞蹈形式。在教练的指导下，从基础练习方法开始都会得到细致教导，因此不仅适合初学者，有舞蹈经验的成员也一定能提升技能！虽然成员众多，但无论男女或年级，大家关系融洽，温馨如家的氛围也是我们的骄傲！主要活动包括：举办迎新演出（4月）、参加文化艺术节（6月）、举办自主公演（8月）、参加早稻田祭、参加姐妹社团对抗赛（11月）。夏季定期公演每年都会迎来1200名以上的观众。从舞台上眺望的景色以及演出结束后感受到的成就感，是无可替代的，也是成员们最珍视的宝物。此外，我们还联合东京都内9所大学的10个社团，共同组建了舞蹈项目“α”，定期举办联合公演及各类比赛。在Oasis，你能与众多校友及他社团的伙伴建立深厚情谊，度过充实而精彩的大学生涯！更多详细信息及舞蹈视频，请关注Oasis的官方社交媒体账号（Twitter、Instagram、YouTube），欢迎大家前来浏览！
/
/
/",每周二、周五/18:00-21:00 或 19:00-21:45/早稻田・高田马场周边设施,无,machine_translated,not_reviewed,
C0074,3360,d850c38df4a128e4,舞侍,体育（球类以外）,舞蹈,早稻田！早稻田！好幸福啊！！时光倒流至2002年。在Yosakoi舞尚未在学生群体中普及的时代，有一位男子挺身而出。他就是创始人吉田先生。他第一次看到Yosakoi舞时深受震撼。正是这份热情促使他创立了自己的团队。那就是“舞侍”。今年已是第15代。传统一直传承至今。我们是一支从北至北海道、南至高知，奔走于全国各地、尽情狂舞的学生Yosakoi团队。我们以向观众传递活力、感动与震撼为目标，日复一日地开展活动。此外，本年度的演舞主题是“ROCK YOU”。我们将通过舞蹈动作、音乐、服装，乃至舞者的呐喊与热情，倾尽所有，将观众带入“舞侍”营造的艺术空间，力求以追寻自我光芒的姿态，撼动观众的心灵乃至整个世界。?,每周三、周六/18:00～20:00/主要在世田谷区的体育馆,无,machine_translated,not_reviewed,
C0075,3454,1af4035121869c18,早稻田大学夏威夷民族舞蹈研究会,体育（球类以外）,舞蹈,"Aloha〜！
/
/
/
/我们是早稻田大学唯一的官方认证草裙舞社团——早稻田大学夏威夷民族舞蹈研究会，通称wasehula（早稻田草裙舞）！
/
/
/
/今年迎来成立20周年，约80名早稻田女学生每周二和周五的第4、5节课在学生会馆进行练习。
/
/
/
/Wasehula除了夏季公演、早稻田祭、独立公演外，还参加大学主办的活动，以及在Spa Resort Hawaiians和夏威夷的舞台演出！
/
/
/
/无论您是想尝试草裙舞，还是喜欢夏威夷、热爱舞蹈、喜欢运动，或是想尝试新事物，我们都热烈欢迎！
/
/
/
/由于大部分成员都是初学者，大家都能站在同一起跑线上开始，这也是Wasehula的独特之处！
/
/
/
/各位新生！让我们一起为早稻田带来夏威夷的微风吧～！！",每周二、周五/第4、5节课/学生会馆,无,machine_translated,not_reviewed,
C0076,3363,371c788707475886,早稻田大学Yosakoi团队东京花火,体育（球类以外）,舞蹈,"我们是一支在学生团队中较为罕见的高知系Yosakoi团队！
/
/
/
/高知系Yosakoi的特点是手持鸣子（木拍）以游行形式进行舞蹈。我们以充满力量感的男性舞姿、融入扇子的优雅女性舞姿，以及与“纏”（大型彩旗）交织而成的优美演舞为傲。
/
/
/
/每年一次，我们会亲手制作从服装、曲目、舞步到主持环节全部由自己操刀的演舞，并参加以高知Yosakoi为首的全国各地Yosakoi祭典进行展示。
/
/
/
/无论年级，大家关系都非常融洽，在和睦温馨的氛围中，一边认真对待舞蹈，一边每天勤奋练习！
/
/
/
/想要挑战新事物的人、想认真投入某件事的人、想结识优秀伙伴的人、喜欢跳舞的人……当然，没有舞蹈经验也没关系！社团成员中绝大多数都是从零开始的！
/
/
/
/让我们作为“花火っ子”，在全国各地的舞台上为观众们送上笑容吧！！让我们一起享受学生生活最后的青春时光吧！！",每周二、周六/19:00起/学生会馆、大学周边设施,无,machine_translated,needs_review,Japanese kana remains (1 chars)
C0077,3456,a91028b9ca8a83c5,ＳｅｓＳｉｏｎ,体育（球类以外）,舞蹈,"除全年参与新成员欢迎演出、早稻田祭、早庆战、JDC（Japan Dancer’s Championship）等各类活动外，每年9月还会举办大型独立公演。
/
/
/
/SesSion的一大魅力在于其完成度极高的演出。我们针对每场活动从编舞、编排、服装到音乐都从零开始构思，并在日常练习中相互激励、共同进步。
/
/
/
/在本年度的JDC中，我们以第一名的成绩通过关东预选赛；在ALL JAPAN（全日本街舞锦标赛）的大学对抗展示赛中，荣获全国第三名。
/
/
/
/近年来，挑战街舞对决的社团成员也在增加。无论是想在展示演出中与大家一起快乐地跳舞，还是想直面自我、提升技艺，每个人都能以自己的方式享受舞蹈，这正是SesSion的魅力所在。
/
/
/
/此外，在保持对舞蹈认真态度的同时，我们还拥有重视与周围伙伴之间联系的温馨氛围，这也是本社团的一大魅力！作为跨校社团，这里汇聚了早稻田大学及其他高校的个性鲜明的成员，大家在一起快乐地开展活动！
/
/
/
/若想认真跳舞，就来SesSion！
/
/若想认真享受大学生活，就来SesSion！
/
/大家一起来跳舞吧！！！",每周2～3次（具体日期不固定）/ 19:00-22:00等，也有深夜练习/ 东京都内舞蹈室,YouTube链接失效,machine_translated,not_reviewed,
C0078,3458,d4cb308993fd8bf2,TAP-LOVERS（踢踏舞爱好者）,体育（球类以外）,舞蹈,TAP-LOVERS是早稻田大学官方认可的踢踏舞社团。主要围绕定期公演和早稻田祭的舞台演出开展活动。有关TAP-LOVERS的信息请查看X和Instagram。只要对踢踏舞有一点兴趣，欢迎随时来玩！！前来体验的同学我们会提供舞鞋。只需准备便于活动的服装即可！前来练习时，请通过邮件等方式联系我们。练习日程请查看日程表！TAP-LOVERS也欢迎大二、大三学生加入。实际上，不少成员都是从大二、大三才开始接触踢踏舞的。无论您是想从现在开始掌握一项新技能，还是希望充实大学生活，随时欢迎您的加入！,每周二、周五 17:00~20:35 / 每周日 13:10~16:45 / 学生会馆,无,machine_translated,not_reviewed,
C0079,3460,3f742b7c07a3c22c,早稻田大学芭蕾社团　Ciel,体育（非球类）,舞蹈,作为早稻田大学唯一的芭蕾社团，Ciel由从初学者、有中断经历者到高级学员等各类成员组成。为了每年一度的正式公演、迎新公演、早稻田祭及其他活动，我们主要在周一、周三、周五每周3天，于东京都内的舞蹈室或文化中心进行练习。现正招募男性及外校学生！无论您是“从小就想学芭蕾”、“因备考而中断练习”、“想和同龄人一起跳舞”，还是“想挑战新事物”，这都是您开始芭蕾的绝佳机会！热爱芭蕾的朋友，或是单纯想跳舞的朋友，都欢迎加入我们！由学生们亲手打造的舞台，定会成为难忘的回忆！您是否也想体验一下大家共同创造的舞台带来的感动呢？,周一、周三、周五（公演排练期间可能也会在周六、周日进行排练）/17:30/东京都内的文化中心,无,machine_translated,not_reviewed,
C0080,3459,8b62e3244891b6b2,早稻田大学　下駄っぱーず,体育（球类以外）,舞蹈,"大家早上好！我们是早稻田大学的“下駄っぱーず”木屐舞蹈团！
/
/
/
/作为世界上独一无二的“穿木屐的舞蹈团队”，我们不仅活跃于校内活动，还多次受邀参加新潟、京都等全国各地的大型庆典。此外，我们每年都会在大隈讲堂举办充满独特世界观的专场演出，每天为广大观众送上笑容！
/
/
/
/虽然身着华丽的和风服饰，乍看之下“下駄っぱーず”似乎属于“Yosakoi”这一流派，但我们不使用鸣子（传统木拍），而是穿着“下駄”，且不进行口上（传统说唱），这正是我们与众不同之处。
/
/
/
/此外，由于许多成员都是初学者，且没有专攻的舞蹈流派，因此我们可能与一般的“舞蹈社团”有着很大的不同。
/
/
/
/但这正是“下駄っぱーず”的魅力所在！
/
/
/
/下駄表演并不受“经验”或“流派”的束缚，我们更重视通过自身享受表演的姿态来感染观众。“下駄っぱーず”充分展现了早稻田“表演社团”的独特风采。
/
/
/
/有谁试过穿着下駄跳舞吗？没错，正如字面意思，我们全员都是从零开始的。在这里，“渴望站上舞台的你”一定会有机会。
/
/
/
/因为下駄而结识的伙伴、因为下駄而看到的风景、因为下駄而拥有的青春，这里应有尽有。大学生活只有一次。要不要一起穿上下駄呢？",每周一、三、五 / 19:00 / 学生会馆・东京都内设施,无,machine_translated,needs_review,Japanese kana remains (15 chars)
C0081,3588,28db2d59e4c8eb0c,aka Wa.Se.Da.,体育（球类以外）,舞蹈,"〇活动内容
/
/我们是街舞社团aka Wa.Se.Da.！
/
/您可以从new school hiphop、middle school hiphop、lock、waack、girls、pop、break、jazz、style、house这10种舞种中自由选择想跳的，甚至可以同时学习多种舞种（兼修）！
/
/
/
/〇推荐亮点
/
/氛围非常温馨！！
/
/这里充满着让人感到安心与温暖的氛围，每个人都能被接纳。大家都非常喜欢aka。
/
/
/
/〇活动（部分摘录）
/
/除了每年两次的自主公演外，我们还多次参加早稻田大学的“Toko祭”、“早稻祭”等校园活动，以及校外的舞蹈活动！每年还有两次集训和烧烤等丰富多彩的趣味活动。所有活动均可自由参加，您可以根据自己的日程安排灵活安排！
/
/不仅欢迎新生，大二学生加入也完全没问题！（大二同学也可以加入与自己同年级的组别！）我们期待能与大家一起跳舞，敬请期待！",不同舞种的排练时间、日期及地点各不相同。演出排练方面，各舞种每周约1至2次！,无,machine_translated,not_reviewed,
C0082,3463,5e01e7a49418f958,WASEDA　BALLERS,体育（球类以外）,舞蹈,我们是源自早稻田的自由式篮球社团——WASEDA BALLERS！无论是参加校园祭、地区活动，还是参加各类比赛，我们都在早稻田校内校外积极开展活动。只要掌握娴熟的运球技巧，你绝对会成为人气王！说不定还能在指尖上玩转篮球哦！？即使没有篮球经验也大受欢迎！前辈们会从零开始耐心指导。欢迎大家来参加我们的练习。,每周二、周五/第6至7节课/学生会馆,无,machine_translated,not_reviewed,
C0083,3462,3a7e44e504e473ae,早稻田大学肚皮舞社团 SARAH belly,体育（非球类）,舞蹈,"我们是早稻田大学首个也是唯一的肚皮舞社团SARAH belly。以“清纯、端正、美丽、妩媚”为座右铭，全由女生组成，大家和睦融洽、快乐地开展活动！
/
/
/
/除了每周三的全员练习外，周六我们还邀请专业肚皮舞讲师进行指导。无论是早稻田祭等校内活动，还是受校外邀请参加的晚宴秀等活动，我们都会身着华丽的服装登台表演，为校内外的活动增添活力。由于大部分成员都是肚皮舞初学者，因此也热烈欢迎没有舞蹈经验的朋友加入！
/
/
/
/无论您是想接纳真实的自己、渴望尝试新事物、希望找到能让自己沉迷其中的爱好，还是想提升自我，我们都期待与您一同在舞台上绽放光彩！",每周三第6节课・周六10:40〜15:00期间的1小时／学生会馆,无,machine_translated,not_reviewed,
C0084,3464,6445a418afe80e7b,早稻田大学啦啦队MYNX,体育（非球类）,舞蹈,"大家好。
/
/
/
/我们是今年迎来创立第12周年的早稻田大学唯一啦啦队社团MYNX！成员全部由早稻田大学学生（全早稻田女学生）组成。
/
/
/
/“成为啦啦舞界的顶尖”
/
/“在心爱的早稻田大学，与志同道合的伙伴一起跳啦啦舞”
/
/我们以这两个目标为宗旨，每天积极开展活动。
/
/
/
/我们每年参加2至3次JCDA大赛、USA大赛等赛事，在全力冲击全国冠军的同时，也会举办独立公演，并参与早稻田大学校内外的各类活动！
/
/
/
/闪耀的啦啦队员，汗水与泪水的啦啦队员。MYNX让你两者皆可！
/
/零基础者大、大、大欢迎！
/
/
/
/让我们通过啦啦舞，共同度过充实的大学生活吧！
/
/
/
/如果您有一点点兴趣，请查看本页面上载的官方社交媒体。",每周5天（周一、周二、周三、周五、周六）/18:00〜21:00/大学附近的体育设施,无,machine_translated,not_reviewed,
C0085,3466,220e1e0ae5fc95e6,早稻田大学Flashmo部,体育（非球类）,舞蹈,这是早稻田大学唯一一个开展快闪活动的社团。快闪是指表演者伪装成普通市民，突然在街头起舞，给周围的路人带来“惊喜”与“感动”的表演形式，常被用于求婚、生日庆贺以及婚礼等场合的惊喜环节！无论是否有舞蹈经验均可参加！除了舞蹈之外，演奏乐器、唱歌，或是任何能展现个人“个性”的才艺都大受欢迎！我们欢迎那些为了他人的笑容而努力的热情人士、想在大学尝试新事物的人，以及对从零开始创作充满热情的创意人士！请务必在YouTube上搜索“早稻田大学快闪部”。看一眼，你也会立刻迷上快闪！你不想也把别人卷入惊喜与感动的漩涡中吗？,有企划时，每周二天（周一、周三、周五任选）/第5节课后/早稻田周边设施（具体地点可能随企划调整）,YouTube链接失效,machine_translated,not_reviewed,
C0086,3793,a467f8b728d54bdd,早稻田迈克尔·杰克逊研究会,体育（球类以外）,舞蹈,早稻田迈克尔·杰克逊研究会是早稻田大学官方认可的迈克尔·杰克逊模仿舞蹈社团。平时主要为早稻田祭及独立公演等舞台进行排练，并举办与迈克尔·杰克逊相关的活动。无论舞蹈初学者还是有经验者，无论是迈克尔·杰克逊粉丝、西洋音乐爱好者还是其他朋友，我们都热烈欢迎！绝大多数成员都是在大学才开始接触舞蹈的。此外，M研全年不限年级，随时招募新生。加入M研，你一定能掌握一项引人注目的绝活！连那著名的月球漫步也能学会。只要有一点兴趣，请务必关注M研的官方社交媒体（YouTube、Instagram、X等），你可以观看我们的表演。想要充实大学生活的人、想要从现在开始掌握一门特长的人，无论谁都欢迎来玩！期待通过私信收到你的消息。,每周2次以上（平日1次，周末1次）/17:00〜18:40/学生会馆,无,machine_translated,not_reviewed,
C0087,3723,b84af5c354ac02da,桃心☆,体育（球类除外）,舞蹈,"我们正为在名为UNIDOL的偶像模仿舞蹈大赛中夺冠而日复一日地努力。
/
/
/
/以Hello! Project为中心，我们模仿Cheeky Parade、Stardust、48系、Heroines等各类偶像的舞蹈。
/
/
/
/此外，除了比赛之外，我们还会参加早稻田祭、单独公演及各类活动。
/
/
/
/活动日原则上每周3次（工作日2天，休息日1天）。
/
/
/
/无论前辈还是后辈，大家相处得就像一家人一样。
/
/
/
/只要有跳舞的热情，我们都非常欢迎。特别推荐给能够专注于一个目标、并愿意与大家一起认真投入的人。
/
/
/
/作为公认社团，我们可以在学生会馆进行练习，从而节省租用排练室等费用。
/
/
/
/此外，作为跨校社团，成员来自各大学，能拓展交友圈。
/
/
/
/还可以开展服装设计、背景视频制作等创意活动。
/
/
/
/我们不仅招募表演成员，也招募幕后工作人员。",原则上每周二、周五、周六 19:00 学生会馆,无,machine_translated,not_reviewed,
C0088,3741,5d8b6469712c83bf,Twinkle,体育（球类除外）,舞蹈,"Twinkle是一个致力于“完美复刻”的K-POP翻跳社团。我们不仅翻跳K-POP偶像的舞蹈动作，在服装、表情乃至舞姿上都力求还原原版！4月的新生欢迎公演、5月的社团内部发表会、8月的独立公演、11月的早稻田祭暨毕业公演、2月的独立公演是我们的主要展示平台，同时我们也在TikTok和YouTube上发布视频！ 有关有观众公演的公告及出演信息，我们会在Twitter和Instagram上发布，请务必关注我们:) 除了自主公演外，我们还参加外部主办的活动和比赛，在2022年8月的K-POP模仿舞蹈组合日本冠军决定战中，我们的女子组和男子组均荣获冠军。 无论你是K-POP铁粉，还是虽不了解偶像但喜欢歌曲，抑或是想从大学开始学习舞蹈的人，只要怀揣着“想跳K-POP”的共同心愿，这个社团都欢迎你。想要“完美复刻”的朋友请在迎新期间加入；想要欣赏“完美复刻”表演的朋友请即刻关注！让我们通过YouTube、Twitter、Instagram等各类社交平台相见吧！！
/
/
/
/“完美”复刻K-POP翻跳社团
/
/
/",每周三・周六/19:00～22:00/学生会馆・东京都内排练室,无,machine_translated,not_reviewed,
C0089,3593,1c26103f1b8defec,早稻田大学啦啦队MYNX所泽支部,体育（非球类）,舞蹈,大家好！我们是早稻田大学啦啦队MYNX！我们是一支由全早稻田女校学生组成的啦啦队，以“成为早稻田女校的偶像”和“成为啦啦舞界的顶尖队伍”为两大核心目标开展活动！啦啦舞是一项结合了使用啦啦棒跳舞的啦啦棒舞、嘻哈舞、爵士舞和排舞这四种舞蹈形式的竞技项目！ 我们每周在高田马场周边进行4次练习。除了参加校内活动外，我们还会在大隈纪念讲堂举办专场演出，并参加早稻田祭。我们每年参加两次全国大赛，目标是夺得全国冠军。团队现有20名早稻田女学生，无论初学者还是有经验者均可加入。现在，若想在早稻田找个热门去处，就来这里吧！你也不要在心爱的早稻田开启一段志同道合的啦啦队之旅吗？,每周4天/18:00起/高田马场周边,无,machine_translated,not_reviewed,
C0090,3722,c9c8889a0507c2a5,万色主义,体育（球类以外）,舞蹈,“万色主义”是以“点燃每个人的野心”为理念开展活动的早稻田学园制服杂技团。针对那些对现状不满足、心中怀有迷茫、或是带着某种违和感生活的人。我们希望成为能为这些内心萦绕着迷茫的人推一把，给予他们迈出新一步的“契机”的存在。怀着这样的信念，我们进行着融合杂技与舞蹈、不受框架束缚的表演。所谓杂技，是指由每个人独特的个性与色彩所构成的表演。例如，在万色主义中，除了双节棍、花式棍棒、杂技等项目外，视频剪辑、书法等也被统称为杂技。我们尊重每一位成员的专长与个性，为了证明每个人都能闪耀光芒，无论是在早稻田大学内还是校外，我们都在各种舞台上进行演出。新生欢迎活动仅在早稻田祭之后的秋季举行。我们将通过官方Instagram随时发布相关信息，敬请关注。请务必来我们的舞台看看！,每周一、四 19:00-21:30／周六 10:40-13:30,无,machine_translated,not_reviewed,
C0091,3805,e013b2676c016918,早稻田大学“试着跳舞”社团,体育（球类以外）,舞蹈,"“Waseodo”（早稻田大学试跳社团）于去年获得校方正式认可，今年将迎来成立第12周年的全日本大学生舞蹈社团！
每周活动两次，主要活动包括在早稻田祭上的舞台表演以及每年两次的社团内部演出。
平时大家在互相传授舞蹈技巧的同时，也始终在和睦融洽的氛围中进行练习！
“Waseodo”的魅力在于可以自由选择J-POP、K-POP、VOCALOID、动漫歌曲等任何流派和曲目来跳舞！
无论是想跳现成编舞，还是想自己编舞，跳什么完全由你决定。
此外，本社团有许多舞蹈初学者、其他大学的学生以及大二以上的成员加入，我们热烈欢迎所有人！
想从大学开始尝试跳舞的人、喜欢“跳舞视频”的人、想寻找志趣相投伙伴的人等等，你也不要错过在“早稻田舞社”一起打造最棒舞台的机会吗？",每周四、周六/18:00/东京都内舞蹈工作室,无,machine_translated,not_reviewed,
C0092,3187,a6e32887b17e1102,合气道会,体育（球类以外）,武道,大家好，这里是合气道会！本会是早稻田大学唯一隶属于合气会的团体（合气道创始人植芝盛平先生的直系团体），也是早稻田大学历史最悠久、规模最大的合气道社团。提到武道，很多人可能会联想到激烈的比赛，但合气道并不通过比赛来决定胜负！ 我们会根据彼此的熟练程度反复练习技法，因此即使是不自信于自身力量的女性也能轻松入门。（顺便一提，本会的男女比例为6:4。）本会90%的会员都是在大学期间开始练习合气道的。在高段位师範的指导下，我们会从基本的受身开始扎实练习，因此初学者也能安心安全地参与活动。每周6天的练习中，每周参加1天起即可，所有活动地点均在大学步行范围内。由于便于兼顾课程、学习及兼职工作，且时间安排灵活，因此无论文科还是理科，各院系的学生都有加入。您也来合气道会，和我们一起练习吧？随时欢迎入会，请随时咨询！,周一、周三、周四/16:45-18:15/合气道本部道场，周二/18:30-21:30/江户川桥体育馆，周五/15:20-16:50/合气道本部道场，周六/12:20-15:20/新宿宇宙中心,无,machine_translated,not_reviewed,
C0093,3439,f733d33cb809b206,早稻田大学弓道同好会,体育（球类以外）,武道,我们弓道同好会每周进行一次练习，由高段位老师指导。早稻田大学虽然有两个弓道社团，但彼此关系融洽，经常交流。在日常练习中，同好会成员都积极投入，在段级考试以及与其他大学弓道社团的射会中都取得了优异成绩。节假日我们会一起出去玩或喝酒，大学课间空档时会在聚会点闲逛，之后一起吃“早稻田便当”，除了练习之外也经常见面。大家也来一起度过大学生活吧？,每周日／滨田山的弓道场,无,machine_translated,not_reviewed,
C0094,3189,7dd18e7d8dcea308,剑道同好会,体育（球类以外）,武道,通常，我们会与新宿剑道联盟的老师们一起进行练习。会员水平各异，从初学者到有经验者都有，练习采取自由参加制，因此可以根据各自的实力和时间安排进行练习。对于初学者，干部会员会进行耐心指导，因此从大学开始接触剑道的人也可以放心。每年我们会参加约10次比赛（含交流赛），并屡获佳绩。入会本会即自动成为新宿区剑道联盟会员，因此既可通过本会考取段位，也可参加新宿区的比赛。在没有比赛的春季、夏季休假期间，我们会举办剑道集训，度过一段专注于训练的充实假期。除剑道外，我们还频繁举办滑雪集训、联谊会等各类趣味活动，以此增强会员间的凝聚力。另一方面，考试期间暂停训练，因此能够兼顾学业、兼职以及其他社团活动。让我们在剑道同好会中共同度过充实的学生生活吧！,每周二、四、六/18:30/新宿体育中心4楼 第二武道场,无,machine_translated,not_reviewed,
C0095,3188,c7a0bb2b11b3a797,空手道诚心会,体育（非球类）,武道,我们空手道诚心会是一个拥有悠久传统的空手道社团，今年将迎来创立54周年。本会作为“学生社团”获得早稻田大学官方认可，并被定位为二部运动部。目前约有30名1至3年级学生在籍，其中包括空手道资历超过10年的成员、曾参加全国高中综合体育大赛的成员，以及从大学开始接触空手道的成员，无论流派、经历、性别或大学背景，大家都在和睦融洽的氛围中共同活动。本社隶属于传统派（寸止）空手道四大流派之一的“和道会”。由于采用寸止规则，女性及初学者也能安心参与（社员男女比例约为1:1，约半数为初学者）。每周在户山校区学生会馆进行3次训练，以每周参加1次以上为基准，大家按照各自的节奏努力练习。日常训练中，全体成员共同练习从基础到型、组手等内容；而在每1至2个月举办一次的比赛前，大家会针对各自的参赛项目进行专项训练。此外，有意者可免费前往全日本空手道联盟加盟道场——和道会荒川道场进行训练，初学者甚至可以在在校期间以取得黑带为目标。以每周3次的常规训练和每年3次的集训为核心，除了空手道之外，我们还会组织参加夏日祭、旅行以及单板滑雪集训等活动。社员之间关系非常融洽，在温馨如家的氛围中享受大学生活。,每周三、周五、周六/第5节课（周六为第4、5节课）/学生会馆,无,machine_translated,not_reviewed,
C0096,3429,11544586387881ce,空手道糸东会,体育（非球类）,武道,正在挑选社团的各位，要不要一起来“空手充”一下呢！？初次见面，我们是早稻田大学公认的空手道社团——早稻田空手道糸东会！ 提到空手道，大家或许会联想到分为与对手对抗的“组手”和比拼演武之美的“型”的“日本武道”形象，但自2016年被认定为奥运会新项目以来，如今它已成为以欧洲、中东为中心、拥有超过1亿从业者的“国际性运动”，在全球范围内广受欢迎！！如果在YouTube上搜索“karate”，相信您会感受到它惊人的海外人气和酷炫魅力！ 此外，我们练习的是佩戴护具、采用寸止（不击中）的传统派空手道，因此非常安全。无论是有其他流派经验者、完全的初学者、其他大学的学生还是留学生，大家都能一起练习空手道，在社团活动室放松休息，举办各类活动，或者一起出去玩，活动氛围非常愉快！ 训练时间为周一至周六放学后，每天都有，而且可以在空闲时间随心所欲地练习，因此即使是初学者，绝大多数社员也能取得黑带，并练到能在比赛中名列前茅的水平！与其他大学的交流以及参加比赛的机会也非常多，因此对于有经验的学员来说，这里也是一个能够不断进步的理想环境！此外，男女比例为1：1，女生也可以放心练习！ 此外，我们不收取年会费，且糸东会随时招募新成员，所以想加入的同学（不限于大一新生）请随时联系我们！！让我们一起练习空手道吧！！,每周一至周六/16:30～18:00/学生会馆、社团活动室,无,machine_translated,not_reviewed,
C0097,3524,b04de78342095a30,早稻田大学理工柔道部,体育（球类以外）,武道,早稻田大学理工柔道部柔道会汇聚了从初学者到柔道精英的各类成员，大家正朝着各自的目标日复一日地刻苦训练。这些目标各不相同，有的为了缓解备考带来的运动不足，有的则是为了获得更高的段位。作为全部的共同目标，是赢得一年举办两次的“九校战”大赛冠军。无论你是初学者还是有经验者，无论是有明确目标还是只是抱有兴趣，只要你想在大学里练习柔道，我们都热烈欢迎！,每周二、周六/19:00～21:00/新宿体育中心,无,machine_translated,not_reviewed,
C0098,3431,15279a0d35876d20,萨吉特里亚斯射箭俱乐部,体育（球类以外）,武道,"Sagittarius射箭俱乐部是早稻田大学与实践女子大学公认的社团，今年迎来成立第45周年。除每周1至2次在新宿体育中心等场馆进行练习外，还举办与其他大学的交流赛及各类活动。我们秉承“enjoy, archery!”的精神，在轻松愉快的氛围中进行射箭活动，并重视社团成员的自由参与。在Sagittarius，绝大多数成员都是在大学才开始接触射箭的。高年级学生、有射箭经验的成员以及射箭场的指导员都会从零开始教导大家，所以即使是初学者也没问题！当然，有射箭经验的人也非常欢迎！我们不强制要求参加练习。此外，也绝不强制参加聚餐。希望大家能按照自己的喜好自由参与社团活动。不过，参加得越多越开心哦☆",每周三・周日/16:30/新宿体育中心,无,machine_translated,not_reviewed,
C0099,3433,251721dba32b7cc3,防具空手道会,体育（球类以外）,武道,"欢迎加入防具空手道会！我们是一个无论是否有运动经验，两年内都能获得黑带的社团，无论初学者还是有经验者都热烈欢迎。想必很多人会问“什么是防具空手道？”，下面将简要说明。
/
/
/
/・这是历史悠久的传统空手道的一种。
/
/・其特点是佩戴护具进行组手，无需担心受伤，可以尽情战斗。
/
/・从扎实的基础中迸发出的强劲而华丽的型（套路）也绝对值得一看！
/
/
/
/防具空手道会的魅力
/
/・热烈欢迎初学者！社团中有许多从零开始的成员。
/
/・无论男女都能大展身手。从绿带（白带之后）起即可立即参加比赛。
/
/・随时招募新成员！无论年级，全年任何时候都欢迎加入，请随时联系我们。
/
/・本社团拥有50年的悠久传统。您可以接受来自有段级校友的悉心指导。
/
/・我们坚持传授真正的实力。没有坚实的基础，就不可能诞生真正的空手道家。
/
/・欢迎国际学生！拥有众多留学生也是本社团的一大特色！！
/
/
/
/推荐给以下人群！
/
/・想尝试空手道，但觉得经验丰富的社团让人望而却步的人。
/
/・对加入浮夸或繁忙的社团感到不安的人。
/
/・理工科学生，希望结识志同道合的人。
/
/・想加入新社团，但不知道该加入哪一个的人。
/
/・想尝试与周围人不同的活动的人。","周二：18:55〜20:35/周四：18:55〜20:35/周六：12:50〜14:50
/
//
/
//地点：学生会馆、户山公园
/
//
/
//",无,machine_translated,not_reviewed,
C0100,3545,82ae1e83aeeebc0d,早稻田大学身心统一合气道会,体育（球类以外）,武道,经早稻田大学理工学术院认可的校际合气道社团。每周约进行2次练习，地点位于理工校区旁的新宿宇宙中心。成员不仅包括理工学院学生，还涵盖文科系本科生、研究生及外校学生。绝大多数成员为合气道初学者，大家在和睦融洽的氛围中开展活动，目标是在两年内取得黑带。本社团的训练日程充分考虑了理工科学生繁忙的课业安排，即使因课程等原因无法参加某次训练也完全没问题。针对晋级所需的训练会根据每个人的进度进行调整，因此即使没有运动经验也无需担心。除在春夏两季举办集训外，我们还会策划各种活动，在合气道训练之余尽情玩乐。训练时全力以赴，玩乐时尽情享受！这种张弛有度的氛围正是本社团的特色！,每周三、周五/16:40-18:40/新宿宇宙中心,无,machine_translated,not_reviewed,
C0101,3190,4e95849aea23bcc0,体育合气道俱乐部,体育（球类以外）,武道,"体育合气道俱乐部是一个拥有30多年传统、经官方认可的社团，每周在早稻田大学17号馆地下一层进行3至4次活动。
我们以每年数次的比赛和晋级考核为目标进行练习。不仅比赛和考核，日常练习也采取自由参加制，时间安排灵活，大家都能按照自己的节奏参与，这是我们的特色！由于几乎所有成员都是在大学才开始接触合气道，因此相比其他运动类社团，我们认为更容易入门。
无论性别或运动能力如何，都能乐在其中，最快一年半即可获得黑带。
不仅欢迎新生，也热烈欢迎高年级学生！
许多大二、大三的学生也是从那时开始接触的。此外，本社团欢迎跨校交流，其他大学的朋友也请务必前来！只要对合气道有一丝兴趣，欢迎通过社交媒体联系我们，或直接前往道场（17号馆地下1层）！全体社员期待您的到来！",平日活动时间随学期变动・周六12:30-14:40/17号馆地下1层合气道场,无,machine_translated,not_reviewed,
C0102,3637,a4ce3326bbc21a07,早稻田大学弓道社团本阵,体育（球类以外）,武道,"本阵是成立于1984年的全国大学生弓道社团，不仅有早稻田大学的学生，还有来自各大学的学生。在温馨的氛围中，大家互相切磋、共同进步，每周都乐在其中。无论是想在大学继续练习弓道的有经验者，还是想开始学习弓道的初学者，我们都热烈欢迎。
/
/
/
/　每周练习2次（仅在大学长假期间为每周3次），我们包场使用弓道场进行练习。大学上课期间的练习日为周五和周日，长假期间则为周三、周五和周日。周五的练习地点在墨田区弓道场，周三和周日则使用江东区体育馆。除了日常练习外，我们还会定期参加由“关东弓道社团联合会”主办的射会，以及与友好社团的交流赛和社团内部的练习赛。此外，本社团隶属于东京都弓道联盟第二地区，成员可参加升段审查及成人射会。每年5月和8月还会举办两次弓道强化集训。除弓道集训外，我们还组织滑雪、单板滑雪集训以及烧烤等各类活动，是一个能结识共同享受大学生活伙伴的社团！练习、集训及各类活动均可自由选择参加与否，您可以按照自己的节奏参与活动。","每周五/17:30~21:00/墨田区弓道场
/
/每周日/18:00~21:00/江东区体育馆
/
/每周三/13:00~17:00/江东区体育馆（仅限2月、3月、8月、9月的长假期间）",无,machine_translated,not_reviewed,
C0103,3558,88af0ecf0fd1a2ca,早稻田大学体育合气道同好会,体育（球类以外）,武道,本会是以早稻田大学所泽校区为据点的富木流合气道社团。成立于人类科学部设立的同年，其历史与人类科学部共同发展。虽然规模不大，但正因如此，氛围格外温馨！绝大多数成员都是从大学才开始接触合气道的！最短仅需一年半即可获得黑带，这也是本会的魅力之一。此外，富木流设有类似柔道的比赛形式——乱取，可以学习更具实战性的技巧！每周只需参加一次练习即可。除了练习外，我们还举办各类活动及定期聚餐。绝无一饮而尽或喊口号等强制环节！练习时认真，玩乐时尽兴。无论你是想认真练习的人、对合气道一无所知的人，还是不擅长运动的人，无论性别或运动经验如何，我们都热烈欢迎！请务必来参观一下“同志会”！,每周一、二、五/16:30～19:00/所泽校区第二体育馆,无,machine_translated,not_reviewed,
C0104,3430,1c5489dfa38ef10e,早稻田大学大道塾,体育（球类以外）,武道,这是早稻田大学唯一的综合格斗社团。我们进行名为“空道”的竞技，由于比赛时会佩戴护具，因此任何人都能安全地提升实力。至今已培养出全国大赛冠军等优秀选手，目前也为了在比赛中获胜而日复一日地刻苦训练。综合格斗主要分为打击、投技和地面技，通过练习这些技术，我们将磨练出能在实战中随心所欲运用招式的能力。此外，由于空道是从极真空手道派生而来的“武道”，因此我们不仅重视身体的强健，也十分重视精神层面的成长。对于想在大学尝试新事物的人，或是希望坚持运动的人来说，这是一个值得推荐的社团。另外，许多成员同时参加其他社团，因此能够兼顾娱乐与运动。感兴趣的朋友请务必访问我们的主页。,每周一、三、六 / 学生会馆、新宿体育中心等,无,machine_translated,not_reviewed,
C0105,3191,993187ac32ef594e,早稻田ITF跆拳道俱乐部,体育（非球类）,武道,我们早稻田ITF跆拳道俱乐部是早稻田大学唯一经官方认可的跆拳道社团。成员们在成为大学生之前基本上都没有武道或格斗技的经验。初学者或从未接触过格斗技的人也可以加入。每周三和周六进行两次训练。此外，每月约有一次，我们会邀请黑带教练前来指导。届时，大家可以接受与平时截然不同的专业指导。社团氛围轻松适度，但训练态度认真。无论您是想认真练习格斗技、轻松运动，还是为了减肥，本社团都能满足您的各种需求。让我们一起磨练华丽的腿法吧。,每周三、周六/17:00〜20:35/学生会馆,无,machine_translated,not_reviewed,
C0106,3639,6ec4e78efcf0b799,早稻田大学体道会,体育（球类除外）,武道,所谓“体道（Taido）”，简而言之，就是一种融合了空手道与体操的新型武道！自昭和40年创立以来，已在日本全国的道场和大学中广泛普及。该武道的特点在于，其套路中会出现后空翻、前空翻等杂技般的动作。此外，在组手比赛中，您还能看到从独特姿势中施展的变幻莫测的踢技，以及能自由掌控距离的神奇步法“运足”！由于大多数人都是从大学开始接触，加上拥有20年以上体道经验的指导者会耐心指导，因此初学者完全不必担心！通过每年数次的比赛，我们与其他大学的体道部交流活跃，可以结交广泛的朋友。会员们在兼顾课程、学业、其他社团及兼职的同时，仍勤奋练习。大家关系融洽，不仅会策划单板滑雪集训等活动，更在温馨如家的氛围中享受大学生活。全年均接受体验及入会申请，欢迎随时前来！,每周三、四、六、日／周三、四 18:30〜21:00 附近初中／周六、日 随时 早稻田校区周边,无,machine_translated,not_reviewed,
C0107,3436,bb5199c17cb10bc6,早稻田大学居合道部,体育（球类以外）,武道,"大家好！我们是早稻田大学居合道部。
/
/
/
/居合道部是一个学习使用日本刀的居合术，并各自磨练技艺的社团。虽说是日本刀，但其实是刀刃经过处理的仿真刀，安全可靠。一旦决定入部，首先需要订购自己的刀。刀鞘、刀镡、刀纹等都可以根据个人喜好进行定制购买！
/
/
/
/我们在教士八段畠中笃美老师的指导下，学习居合道中最大的流派之一“无双直传英信流”以及“全日本剑道联盟居合”。自平成22年度起，我们加入了东日本学生居合道联盟。在东日本学生居合道联盟中，以英信流身份加盟的学校寥寥无几，本校是东日本地区首所修习英信流的大学。
/
/
/
/许多学生是从大学开始接触居合道的，事实上本部的学生大多也是从大学才开始练习的。此外，也有一些学生是在升入大二后才开始练习的。
/
/
/
/由于基本上不会与对手发生身体接触，因此即使运动经验较少的人也能轻松入门。此外，由于是个人竞技项目，可以按照自己的节奏进行练习。遇到不懂或困难的地方，前辈、同伴和老师都会随时耐心指导。
/
/
/
/请务必通过Twitter或Instagram感受一下本部的氛围！全年欢迎各年级学生前来参观、体验及加入！随时期待您的联系♪",每周一、三、六或日……四谷广场（四谷三丁目） / 每周五……学生会馆,无,machine_translated,not_reviewed,
C0108,3712,d8f6c13ba4487463,体育剑道剑隼会,体育（球类以外）,武道,"我们是早稻田大学唯一的运动剑道社团。运动剑道，简称“スポチャン”，是约50年前诞生于日本的新兴武道。使用充气软剑在场地内进行一对一对抗，率先击中对方身体者获胜。由于属于小众运动，任何人都能参加全国级别的比赛。此外，我们还超越社团的框架，与全国各地的剑道伙伴进行交流。///
///////
////虽然大多数成员都是在大学才开始接触体育剑道，但无论男女，每年都在全国大赛中夺冠，战绩斐然。另一方面，由于每周仅练习两次，且安排在课后进行，因此无论文科还是理科，社团中都有众多成员。无论是想在大学尝试新事物，还是想缓解运动不足的人，我们都热烈欢迎，随时欢迎咨询！",每周一、三/19:00～21:30/(周一)池袋第一小学(板桥站)・(周三)明丰中学(千川站),无,machine_translated,needs_review,Japanese kana remains (5 chars)
C0109,3474,e0c2f345b56b98a3,马术俱乐部,体育（球类以外）,骑马,每周日进行一次骑马课程，或在自然环境中骑马。会员中既有完全的初学者，也有经验丰富的骑手。采用“想去时、有空时按自己的节奏参加”的模式，因此可以轻松坚持。虽然男女比例为2:8，女性居多，但成员间关系融洽，经常组织聚餐和聚会。作为历史悠久的社团，我们非常重视与往届成员的交流。即使是以前对马完全不感兴趣的人，也有成员通过聆听前辈们的经验分享和建议，从而体会到了骑马的乐趣。此外，我们每年举办3次集训，内容既包括提升骑马技能，也包含大家一起享受休闲时光，安排得十分充实。最近越来越多成员主动策划活动，希望借此提升骑术水平或增进彼此情谊。对于以“大家共同享受乐趣”为宗旨的我们来说，这实在令人欣喜。,每周日/14:00起/三洋花园（马场）,无,machine_translated,not_reviewed,
C0110,3748,c4e392bf0a26ec2c,早稻田海洋帆船俱乐部,体育（球类以外）,帆船,早稻田海洋帆船俱乐部是一个每周日都在江之岛享受帆船乐趣的社团！大家知道什么是帆船吗？帆船是指依靠风力航行的船只。在感受风力的同时航行，可以体验与壮丽的江之岛大海融为一体的感觉！如果天气晴朗，乘帆船还能眺望富士山！此外，帆船不仅能带来乐趣，还具有竞速运动的一面。一旦熟悉了帆船的驾驶，甚至可以参加全国大赛哦！实际上，社团成员中就有在全日本大赛中获得名次的人。大家中或许有人会想：“我连帆船都没见过，有点担心”或者“我不擅长游泳，所以对海上运动……”但是，这些担心完全没有必要。首先，这个社团的成员几乎都是零基础，都是从大学开始接触帆船的。在学长们的指导下进行练习，可以愉快地学习驾驶帆船！此外，在帆船上我们会穿戴好救生衣，而且为了以防万一，附近还会有救援艇待命，所以即使不擅长游泳也完全不用担心。除了帆船之外，我们还会乘坐游艇，在船上举办烧烤派对，尽情享受江之岛的乐趣，精彩活动数不胜数！要不要来体验一下帆船运动呢？我们还举办试乘会，欢迎大家踊跃参加！我们在江之岛的码头等着大家！,每周日/9:00～16:00/江之岛游艇码头,无,machine_translated,not_reviewed,
C0111,3472,cd9225fcb1210d8d,风帆冲浪部,体育（非球类）,帆船,"风帆冲浪是一项利用风力在海上滑行的水上运动。我们乘坐的器材类似于在冲浪板上安装了帆船帆的装置。
/
/
/
/我们通过绕过上风和下风处的两个标记来角逐名次。为了夺得全国大学生团体赛冠军，我们每周六、周日在由比滨进行训练。
/
/
/
/经常听到有人说“我是初学者，有点担心”，但几乎100%的参与者都是从大学开始接触这项运动的初学者，所以完全没问题。此外，即使不会游泳也没关系，因为规定必须穿着救生衣。
/
/
/
/目前，我们已取得过全国大学生个人赛冠军及团体赛获奖的成绩。即使从大学才开始接触，只要努力，也有机会成为日本第一！此外，大一新生会被视为初学者，并参加仅限初学者的比赛，因此从大一开始就能大展身手！！
/
/
/
/社团氛围非常融洽，不仅能与同届同学，还能与学长学姐们建立深厚友谊。暑假和春假等长假期间，我们会前往西湖、本栖湖、滨名湖等平时难以到达的地方进行集训。从第二年起，还有机会去冲绳进行风帆冲浪。此外，通过比赛和训练，还能与其他大学的选手成为朋友，不仅能在关东地区，更能在全国范围内结交朋友。
/
/
/
/想要在大学里挑战新事物！想要认真投入体育运动！对于怀有这种想法的人来说，这是一项非常适合的运动。
/
/
/
/在最后的学生生活中，何不加入早稻田大学风帆冲浪部，一起为争夺日本第一而热血沸腾呢？",每周六日正式训练・平日自主训练/9:00-16:00/镰仓坂之下、由比滨,无,machine_translated,not_reviewed,
C0112,3441,dec057c4e967285b,滑雪同好会（W．S．S．）,体育（球类以外）,滑雪,这是早稻田大学现存历史最悠久的滑雪社团。社团成员全部由早大学生组成，成员所属学部涵盖政治经济学部、理工学部及体育科学部等，甚至包括研究生。以寒假和春假的滑雪季为主，通过集训积极练习，并参加各类比赛。在非滑雪季，我们每周进行两次训练，为新赛季调整身体状态。此外，我们还组织去海边游玩、观看烟花以及观看各种早庆对抗赛等丰富多彩的活动。许多成员在学业和兼职工作之间取得平衡，也有人同时隶属于体育会或多个社团。无论滑雪新手还是有经验者，大家都乐在其中！即使是刚上大学才第一次接触滑雪的人也能进步，而有过滑雪经验的人则能进一步提升水平。,每周2次/17:00起/户山公园,无,machine_translated,not_reviewed,
C0113,3199,69bc1e3addbf48fd,菅滑雪俱乐部,体育（球类以外）,滑雪,本滑雪社团拥有50余年的历史，规模位居全国前列。不仅有在全国大赛中活跃的高手，也有许多从未接触过雪的初学者，大家每天都在为夺冠而努力。目前正在早稻田大学全校大赛男子综合项目中实现五连冠！是名副其实代表早稻田大学的滑雪社团之一。在非滑雪季，我们通过每周自愿参加的训练、各类活动以及夏季集训，磨练身心，加深与伙伴之间的羁绊。这里没有“幽灵会员”，100名成员全年都能乐在其中地开展活动。冬季主要在尾濑岩鞍、菅平、白马岩岳等滑雪场进行集训，并参加3月的全国大赛及“全早稻田大赛”。若想度过一段无人能及的激情大学生活，菅平滑雪俱乐部就是你的不二之选！,每周一至周五/16:50/户山公园,无,machine_translated,not_reviewed,
C0114,3444,063656b9617c8b17,蒙布朗滑雪俱乐部,体育（非球类）,滑雪,"淡季会举办烧烤、烟花大会、露营等众多增进成员间友谊的活动。为了提高滑雪水平，会举办直排轮滑集训和草地滑雪集训等。赛季期间，两个班组都能接受专业教练的指导，此外还能通过参加全国学生大赛和早稻田全校大赛来提升水平。我们受邀在各地滑雪场进行驻场工作，与滑雪场的游客及教练们进行交流，这无疑是其他地方无法获得的宝贵经验。即使是滑雪初学者，经过一个赛季的训练，也能达到挑战滑雪等级考试的水平。
/
/社团活动室位于学生会馆内，只要顺道过来就能遇到人，因此总是热闹非凡。由于每天都有训练，因此可以兼顾学业、兼职以及其他社团活动。我们非常重视成员之间的融洽关系，同时也珍视与往届成员的联系。
/
/无论是否有滑雪经验，这是一个人人都能乐在其中的社团。",每周1天/16:30起/户山公园・社团活动室（学生会馆E301）,无,machine_translated,not_reviewed,
C0115,3442,3a199b1b342d487e,采尔马特滑雪俱乐部,体育（非球类）,滑雪,采尔马特的社员中90%是滑雪初学者，但大家通过平日训练愉快地活动身体，并由前辈通俗易懂地讲解滑雪基础理论，日复一日地努力提升技术水平。在冬季集训中，大家一边接受教练的指导，一边全力投入练习。其结果是，男女队员都取得了显著进步，甚至在“全国学生岩岳滑雪大赛”和“全早稻田滑雪大赛”中夺得了冠军。当然，休赛期并不只是单纯的练习。每周日，我们都会举办烧烤、保龄球大赛等活动，玩乐时也始终全力以赴。通过这些活动和训练，大家能够增进感情，结交一生的挚友。在休赛期建立的深厚情谊，正是推动我们迎接新赛季的动力，这也是采尔马特最大的优势。全力以赴地玩乐，全力以赴地训练，在奔跑的尽头，等待着的是唯有在采尔马特才能获得的、最美好的回忆。为了尽情享受这唯一一次的大学生活，采尔马特今天也将继续全力奔跑！,每周一至周五/第5节课/西户山公园,无,machine_translated,not_reviewed,
C0116,3447,6a12669b7c0024a8,施普林根滑雪俱乐部,体育（非球类）,滑雪,在夏季休赛期，我们会在大学附近进行各种体育活动，愉快地进行训练。参加完全自由，因此可以兼顾学业或同时参加其他社团！此外，大家还会一起烧烤、自驾游等，精彩活动丰富多彩！到了冬天，我们会前往北海道或长野县的野泽温泉参加集训，努力练习并参加比赛！集训原则上自由参加，可以自由决定日程。您可以根据经济状况和其他安排，在不勉强自己的前提下进行练习！斯普林根（Springen）非常欢迎零基础的新成员。专业教练和经验丰富的前辈会从零开始指导，让您快速进步。提供器材租赁。让我们一起度过愉快的大学生活吧！随时欢迎联系我们。,每周二、周五/18:30起/户山公园,无,machine_translated,not_reviewed,
C0117,3202,27ab967870ca089d,雪地滑雪俱乐部,体育（非球类）,滑雪,隶属于全早稻田基础滑雪联盟。冬季全力投入滑雪，夏季活动丰富多彩！是唯一一个全程参与早稻田三大活动——100公里徒步、早庆战、早稻田祭的基础滑雪社团。休赛期每周进行两次体能训练/滑雪陆上训练。每月举办两次章鱼烧派对或游乐园活动等。冬季我们将以岩岳学生大会和全早稻田大会为目标，不断磨练技术！无论初学者还是有经验者都热烈欢迎。社团中甚至有来自阿尔卑斯滑雪队的成员。集训期间有教练指导，集训以外的时间，前辈们也会耐心指导。即使从大学才开始接触滑雪，也有机会在比赛中获奖！社团内部的氛围广受好评，欢迎大家来体验一下！,每周一、五（每月一次周六）/17:00/西户山公园・学生会馆E831社团室,无,machine_translated,not_reviewed,
C0118,3445,ae9f2548cc393f80,贝尔滑雪俱乐部,体育（非球类）,滑雪,本俱乐部成立于1978年，是早稻田大学官方认可的滑雪社团！已加入“全早稻田基础滑雪联盟”。“belle”一词源自法语“美丽”，不过学过法语的人可能会觉得这名字有点奇怪……（笑）。赛季期间，12月、2月和3月共举办3次集训。大家将分成若干培训小组，由学长和教练指导滑雪。12月集训进行滑雪等级考试（1～3级），2月集训举办部内比赛，3月集训则有AW大赛。集训期间以外，也可以参加在岩岳举办的全国滑雪大赛，或者作为教练在滑雪学校工作。据说还有人因为对滑雪的热爱，在山上闭关近两个月……！休赛期每周三次（周二、周四、周六的第五节课），我们在新宿体育中心前进行训练。基本上通过捉迷藏、跳长绳等轻松的活动来锻炼体能。此外，策划组每月会组织一次活动，大家一起玩乐。过去曾举办过烧烤、自驾游等活动，大家总是热闹欢腾地尽情享受！黄金周期间会举办迎新集训（志贺高原），暑假则会去海边或山里集训。非常欢迎滑雪初学者！在温馨如家的氛围中，可以悠闲地享受滑雪乐趣！请务必来体验一次！,每周二、四、六/16:30起/新宿体育中心前,无,machine_translated,not_reviewed,
C0119,3443,1c56176ac7b05dcf,基础滑雪俱乐部,体育（球类以外）,滑雪,淡季时通过训练、直排轮滑以及丰富多彩的活动来活跃气氛，进入滑雪季后便会全情投入滑雪！只有Basic能让毫无运动经验、从零开始的滑雪初学者最终挑战全国。通过长期的集训和严苛的团体赛练习所培养出的伙伴情谊，是大学生活中其他方式无法获得的，也是Basic独有的。当然，光靠严苛是无法坚持下去的，所以夏天也要像大学生一样尽情玩乐！虽然对滑雪很认真，但也会去自驾游、去岛上玩、参加联谊会，甚至还会庆祝成人礼。尽情享受大学生活也是Basic的特色。无论过去是否努力过，大家都能共同度过一段充满极致成就感的大学生活！,每周三、周六/17:30起（周六为15:30起）/西早稻田校区旁的户山公园,无,machine_translated,not_reviewed,
C0120,3467,d808191b51d78ee7,水上俱乐部,体育（非球类）,游泳,"何不将潜水作为你一生的爱好呢？
/
/
/
/水中俱乐部是以潜水为中心，在冲绳、小笠原、伊豆半岛等地开展活动的社团。主要活动包括每年两次的长期集训、短期集训以及一日潜水。在南国岛屿与伙伴们共度的漫长时光，以及潜水这项爱好，无疑将成为你一生的宝藏！让我们一起去探索世界剩下的七成吧。
/
/
/
/除了潜水之外，我们还会根据各成员的兴趣开展户外活动，这是一个全年都充满乐趣的社团！
/
/
/
/★水中俱乐部的亮点★
/
/◎热情
/
/所有成员都热爱潜水。这是一个日常都会进行潜水的社团。因为拥有许多水下相机，所以能留下大量美照！虽然没有强制性活动且人数不多，但参与率很高，是一个没有“幽灵成员”的社团?
/
/
/
/◎安心
/
/潜水俱乐部成立已有55年。我们与众多潜水店、住宿点及潜水服务商保持着数十年的合作关系。此外，社团中始终有经验丰富的成员在。前辈们会提供周到的支持，所以即使是初学者也没问题！
/
/
/
/◎丰富多彩
/
/每次由大家共同决定前往哪个岛屿，活动范围广泛，可以体验各种岛屿！此外，春秋两季还有集训，并随时策划一日潜水活动。除了潜水之外，大家还会一起旅行或去滑雪，成员们与潜水伙伴们共同享受着快乐时光。因为有社团活动室，校园生活也格外充实！？",不定期/ 冲绳・伊豆等地/设有社团活动室,无,machine_translated,not_reviewed,
C0121,3468,65e33af26be9ec0b,游泳同好会（早水会）,体育（球类以外）,游泳,"这是一个拥有50多年历史、被称为“早水会”的官方认可游泳社团。
/
/
/
/每周练习3次，在户山校区的高石纪念游泳池进行训练。
/
/
/
/从全国大赛经验者到初学者，成员背景广泛，欢迎任何人加入。
/
/
/
/久未游泳或想学会游泳的人，也请务必来早水会玩玩。
/
/
/
/除了竞技游泳外，我们还开展水球活动，对此感兴趣的朋友也欢迎加入。
/
/
/
/我们计划举办烧烤、集训、长距离游泳比赛等众多活动，敬请期待。
/
/
/
/如有任何疑问或想了解的情况，请随时联系我们。
/
/
/
/期待与大家相见的那一天。",每周3次（具体星期未定） / 第2节课 / 高石纪念游泳池（户山校区）,社团网站已关闭,machine_translated,not_reviewed,
C0122,3471,9811b1872364fa64,早稻田大学蛙泳队 SIX BEAT,体育（非球类）,游泳,"蛙泳是一项穿着脚蹼（蛙鞋）竞速的水上运动。SIX BEAT拥有从初学者到日本代表队的各水平选手。无论是有竞技游泳经验的人，还是完全不会游泳的人，我们都热烈欢迎。日常活动时间为周一至周六的第一节课时段，在户山校区内的高石纪念游泳池进行训练。训练为自由参加制，可根据个人日程安排参与活动。
/
/
/
/除了参加蛙泳比赛外，我们还举办夏季集训、圣诞派对等丰富多彩的趣味活动！！
/
/
/
/欢迎大家通过Instagram关注SIXBEAT。我们正在大力招募经理。高石纪念游泳池随时欢迎大家前来参观！",每周一至周六　第1节课　高石纪念游泳池,无,machine_translated,not_reviewed,
C0123,3534,48fe0fef83150313,早稻田山岳自行车俱乐部WFR（理工山岳自行车部）,体育（球类除外）,骑行,"活动内容：
/
/WFR是一个开展山地自行车（MTB）和单板滑雪等活动的官方社团。目前设有山地自行车部门和单板滑雪部门两个部门，既可以同时加入两个部门，也可以只加入其中一个部门。虽然单独参与MTB或单板滑雪门槛较高，但只要加入WFR，只要时间允许，就能尽情享受其中的乐趣！！
/
/
/
/・MTB部门
/
/MTB是一项使用专为山间未铺装路面设计的自行车进行的运动。此外，WFR是日本唯一的MTB社团。我们会骑行穿越关东近郊的山路，以及绿季滑雪场内设置的MTB赛道。从越野骑行前往目的地，到在跳台完成华丽的腾跃，您可以体验到丰富多样的乐趣！
/
/
/
/・单板滑雪部
/
/作为WFR单板滑雪部的『WGTA（早稻田大学地面技巧协会）』，是一个专注于地面技巧的单板滑雪社团。顺便提一下，地面技巧是指在普通坡面上，通过跳跃、旋转等动作享受滑行乐趣的风格。我们主要以短期滑雪为主，而非像所谓的“闭关”那样包下一整栋房子连续多日滑雪。因此，对于日程繁忙或春假有重要安排的人士，我们推荐加入WGTA。
/
/感兴趣的朋友，请通过下方链接发送消息告知。",滑雪场（冬季、春季两季）及关东近郊的山地／每周1次,无,machine_translated,not_reviewed,
C0124,3176,c582c695c69b76c3,自行车俱乐部,体育（球类以外）,骑行,大家听到“骑自行车旅行”时，会联想到什么呢？有人觉得“看起来很开心”，也有人觉得“看起来很辛苦”、“体力上很吃力”。确实，连续骑行好几天并非易事。尽管如此，我们依然选择骑行，是因为与伙伴们一起完成旅程时的喜悦是无可替代的。而且，每经历一次集训或一日骑行，我们便会再次渴望朝着新的目的地蹬起车轮。您是否愿意与我们一同踏上骑行之旅？感兴趣的朋友，请随时敲响E327社团室的门。此外，我们也在官网、博客、X和Instagram上公开活动动态，欢迎大家浏览。全体社员都期待能与大家一同骑行。,每周三/16:30起/学生会馆,无,machine_translated,not_reviewed,
C0125,3186,a5fb685a801e05f8,Wonder Cycling同好会,体育（球类除外）,骑行,主要活动是集训，利用春夏两季的长期假期，夏季前往北海道，春季前往四国、九州进行自行车露营旅行。集训期约为一周，由于人数较多，会分成小组行动，并在露营地汇合。每天都会调整小组成员。平时每周三第6节课时间，会在学生会馆或教室举行例会。例会上会讨论集训及各类活动事宜。活动包括体育企划、圣诞派对、月度骑行、校友会等。此外，自2014年度起，我们开始在早稻田祭上开设模拟摊位。像这样，除了骑行之外我们还开展了许多活动，为了让社员们始终乐在其中，我们正在构思大量企划。,每周三/18:15/学生会馆,无,machine_translated,not_reviewed,
C0126,3177,ee39102d68d8ff43,山岳阿尔科会,体育（球类以外）,户外活动,山岳阿尔科会是早稻田大学公认的登山社团。我们以夏季长途纵走、冬季登山活动以及在社团自有山间小屋举办的活动为核心，全年开展活动！作为社团的主要活动，夏季集训期间，我们会花上10天左右的时间前往北阿尔卑斯山、南阿尔卑斯山、北海道及四国的山脉进行登山。完成夏季集训的成就感简直无法用言语形容！社员中约七、八成是在大学才开始登山的，所以，正在考虑在大学尝试新事物的你！曾参加过高中登山社的你！我们期待大家的加入。,随时，学生会馆E413,无,machine_translated,not_reviewed,
C0127,3193,0771684d2aae4cb3,钓鱼会,体育（球类除外）,户外活动,"本会是早稻田大学公认的社团，且隶属于仅限业绩突出的社团才能入选的“学生会”。入会费及年会费均为0日元！学生会馆E306室设有专用社团活动室。本会创立于1954年，在早稻田众多的社团中拥有悠久的历史。值此成立70周年之际，我们正致力于进一步探索“钓鱼”的乐趣与奥妙。
/
/
/
/平时每月会组织一次船钓或岸钓活动，此外还包括在早稻田祭设摊，以及全社团参加的新生欢迎合宿等每年数次的合宿（伊豆、离岛、管理钓场等地均有丰富经验）。详细活动内容请参阅博客。此外，在节假日或下课后，大家还可以自发组队出钓。结识钓鱼伙伴后，您的钓鱼世界必将比以往更加广阔！
/
/
/
/即使是完全没有钓鱼经验的初学者，或是对钓鱼感兴趣但因门槛较高或缺乏知识而犹豫不决的朋友，前辈们也会从采购装备到实际垂钓全程指导，欢迎随时咨询。此外，我们还策划了近海堤防、离岛、岩礁等垂钓活动，即使是资深钓手或经验丰富的朋友也能乐在其中！除垂钓外，我们还举办聚餐、烧烤等各类活动。全年接受入会申请，感兴趣或想咨询的朋友请通过X（Twitter）联系我们！期待您的加入！",随时/学生会馆E306・只要有鱼的地方,无,machine_translated,not_reviewed,
C0128,3182,f8c0d58c2e6abdf9,山之会,体育（球类以外）,户外活动,“山之会”是早稻田大学全校性的登山社团。夏季开展日本阿尔卑斯山帐篷纵走、溪谷攀登及岩壁攀登；冬季则进行雪山登山和滑雪，全年开展多种形式的登山活动。各项活动均非强制参加，因此也可以仅参加徒步或夏季山地纵走。在涉及危险的活动时，由经验丰富的前辈和校友进行指导。昂贵的登山装备等，通过校友的资金支持，已在学生会馆的社团室备齐供借用。山地活动仅安排在周末或长假期间，因此即使因上课或打工而忙碌的人也能参加。此外，平日还会举办登山相关讲座或在攀岩馆进行训练等活动。另外，由于许多成员是在大学才开始登山的，因此无论新手还是有经验者都热烈欢迎。我们也欢迎大二及以上年级的学生加入。由于很少举办酒会，不爱喝酒的人也可以放心加入。对登山感兴趣的人请务必加入！,周六、周日及不定期/山・学生会馆3楼E338,无,machine_translated,not_reviewed,
C0129,3072,b0f20b064ff504c2,Rover,体育（球类除外）,户外活动,我们早稻田罗弗斯（童子军新宿第二团）目前有27名成员（含校际成员）正在开展活动。除全年举办的露营、过夜徒步、滑雪集训等户外活动外，我们还参与以新宿为中心的地区志愿服务（如东京马拉松、隅田川烟花大会志愿服务、明治神宫篝火志愿服务等）。作为早稻田大学唯一的童子军社团，我们也积极与同龄的童子军进行交流。无论是否有经验，无论是打算从大学开始接触童子军活动的人，还是其他大学的学生，我们都热烈欢迎！如果您稍感兴趣，请通过Instagram、Twitter等平台联系我们！,视活动而定,社团网站已关闭,machine_translated,not_reviewed,
C0130,3179,7ec80b49282ecc0a,旅行会,体育（球类除外）,户外活动,“旅之会”是将于2023年迎来成立第64周年的早稻田大学全校性旅行社团。我们以体验“唯有大学时代才能实现的旅行”为目标，前往日本全国各地旅行。正因为多次共同旅行，才能结下深厚的友谊。虽然每1至2个月会组织一次旅行，但原则上参加完全自由！不想对大学生活感到后悔！想结交真正的朋友！我们期待着所有热爱旅行、热爱户外活动的各位！！,不定期。社团活动室位于学生会馆E324。,无,machine_translated,not_reviewed,
C0131,3175,ba05f804983264e5,岳文会,体育（球类除外）,户外活动,岳文会是以登山为主要活动的户外社团。即使是对体力没有自信的初学者或女性也完全没问题！从春季到夏季，我们会从烧烤、露营等简单的户外活动开始，逐渐从1000米级别的低山徒步过渡到2000米级别的正式夏季登山，以此让身体逐渐适应。年度重头戏是每年8月下旬举行的夏季集训，届时我们将纵穿由3000米以上山峰连绵组成的北阿尔卑斯山脉。此外，我们全年还开展冲绳旅行、滑雪集训等丰富多彩的户外活动。岳文会目前拥有100多名成员，通过每月组织的活动大家都能逐渐熟络，因此绝不会出现“连社员的脸和名字都叫不出来”的情况。 学生会馆E303的社团活动室里总是聚集着许多成员，大家经常结伴外出用餐或游玩。此外，每周五第6节课（18:15起）在学生会馆举行的例会上，社员们会齐聚一堂，这正是能与全体成员深入交流的重要机会！虽然人数众多，但社员之间关系融洽，是一个充满家庭般温馨氛围的社团。不仅早稻田大学的学生，其他大学的学生也可以参加，欢迎随时来逛逛！每周五第6节课（18:15起）,每周五第6节课（18:15起）/学生会馆,无,machine_translated,not_reviewed,
C0132,3173,b79c0f20916759e3,步行会,体育（球类以外）,户外活动,步行会开展各类活动，包括登山、徒步旅行，以及前往中华街、镰仓等地的闲逛式城市漫步，还有自行车活动等。社团成员大多是毫无登山经验的初学者。步行会会前往全国各地，品尝当地美食，与当地居民交朋友，是一个能获得宝贵经验的社团。社员之间关系融洽，在无法进行户外活动的冬季，每周还会举办几次聚餐或在社团活动室聚会。,周六、周日,无,machine_translated,not_reviewed,
C0133,3095,583d80cc4c5ec7a2,名胜古迹研究会,体育（球类以外）,户外活动,"名所古迹研究会（Meiko-ken）是一个拥有半个多世纪历史的官方认可旅行社团。Meiko-ken的活动主要分为集训、例会和个人策划三部分。
作为Meiko-ken的主要活动，集训期间我们将游历日本全国各地。每年最多举办6次集训，参与完全自愿。暑假合宿将轮流前往北海道、中国四国、九州等地，目标是在3年内环游日本一周。春假合宿则以京都为中心，游览关西地区。此外还有为期1晚2天的短期合宿，前往关东近郊。
例会于学期期间的每周二和周四举行。大家可以畅谈自己喜欢的主题，或者一起玩游戏。现场始终洋溢着轻松惬意的氛围。多数会员每周参加一次（周二或周四），参与频率完全自由。参与次数越多，彼此了解越深，这也成为加深情谊的契机。
个人企划是指会员自由策划自己想做的事情，大家一起享受的活动。以解谜、烧烤、自驾游等当天往返的活动居多，是仅次于合宿的“明光研”重要活动。
明光研虽然历史悠久，但形式一直在变化，是一个自由度极高的社团。最重要的是，这里氛围轻松惬意。也很容易兼顾其他社团。无论是热爱旅行的人，还是今后想多去旅行的人，都欢迎加入！让我们与最棒的伙伴们一起踏上旅程吧！",每周二、周四/18:00~20:00/学生会馆,无,machine_translated,not_reviewed,
C0134,3185,b6ca91c470d54723,登步之会,体育（球类以外）,户外活动,“登步之会”主要在周末及长假期间开展登山活动！从当天往返的登山、两天一夜的帐篷露营，到夏季集训，我们组织了丰富多样的登山活动。许多社员都是从大学开始接触登山的，因此非常欢迎初学者加入！我们将与伙伴们共同进步，以在夏季集训中登顶北阿尔卑斯山为目标。登顶的成就感、绝美的景色、大家一起做的饭菜……让我们与“登步之会”的伙伴们一起创造终生难忘的回忆吧！作为跨校社团，我们汇聚了来自各大学的成员。在登山社团中，我们的女生比例较高，欢迎大家轻松加入。此外，我们还策划了岛屿旅行、滑雪集训等丰富多彩的登山以外的活动。加入登步会，必将拥有最精彩的青春！欢迎通过社交媒体查看我们的活动动态。迎新活动计划包括ZOOM说明会和迎新徒步。入会仅限参加迎新活动者，期待大家的参与！！！,周末及节假日随时举行，自由参加，活动地点为关东近郊及日本阿尔卑斯山脉地区,无,machine_translated,not_reviewed,
C0135,3184,13b1932a89bd0f23,山屋研究会,体育（球类除外）,户外活动,大家好！！这里是早稻田大学山小屋研究会！！通称“山研”，是一个以登山为主的户外社团。作为早稻田大学公认的社团，自1969年创立以来，今年已迎来第57个年头。山研的成员几乎都是登山新手！！让我们与这些高中之前从事着截然不同活动、个性丰富的伙伴们齐心协力，享受登山的乐趣吧！！春季、夏季和秋季都会举办联合集训，社团成员将一同前往登山。全年各类活动也十分丰富！此外，社团还拥有自己的山间小屋，每年会去那里游玩几次。由于冬季登山危险，我们不进行冬季登山。取而代之的是，冬季期间有滑雪集训等丰富多彩的休闲活动！！推荐给那些想在大学尝试新事物的人！当然，有登山经验的人也非常欢迎。适度登山，适度玩乐。希望这里能成为你的第二个家！,每周五/18:00/普兰坦（主校区附近的咖啡馆）,无,machine_translated,not_reviewed,
C0136,3537,f58c27505cf9e4fa,试错协会（T.E.A.）,体育（球类除外）,户外活动,"【关于基本活动】
以一日登山为主，夏季集训时也会进行过夜登山。此外还开展烧烤、滑雪集训等户外活动！活动内容将根据会员的提议来决定，因此无论你想攀登哪座山、去哪里、想做什么活动，我们都能帮你实现！
【活动频率】
活动频率为每月登山3次，每月举办1次活动。此外，没有强制参加的活动，每月通过投票选择想参加的日子，可以自由参与！
【成员构成】
T.E.A.主要由早稻田大学、法政大学、日本女子大学的学生组成，因此可以与来自不同大学的人交流。
在读学生中也有许多是从大学开始登山的，只要喜欢大自然，无论是否有经验，我们都热烈欢迎！
也欢迎大二及以上年级的学生加入。
【活动实绩（2025年度）】
4月：高尾山、人马山
5月：环游山手线、高尾山、都民之森、大岳山
6月：秩父观光、西泽溪谷徒步、总会
7月：日向山、烧烤
8月：夏季集训（阿尔卑斯路线）、劈西瓜大会、日光白根山、饭能徒步
9月：都民之森、景信山、运动会
10月：阵马山、万圣节派对
11月：筑波山、箱根观光
12月：圣诞派对、忘年会
1月：新年参拜
2月：滑雪集训、滑冰大会
3月：汤河原观光、赏花
【其他】
如果您稍感兴趣，请通过Instagram或官方LINE联系我们！",每周日/关东近郊的山,无,machine_translated,not_reviewed,
C0137,3178,0ea09bc1408d7f1d,世界旅行研究会,体育（球类除外）,户外活动,单人旅行社团“世旅研”！背起背包，独自环游世界！主要围绕归国后的汇报会开展活动。,无信息,无,machine_translated,not_reviewed,
C0138,3180,2fdca2ca5b7342a8,探险部,体育（球类以外）,户外活动,追寻世界各地的未知，进行探险。学期期间于周末开展活动，假期期间进行长期远征。,无信息,无,machine_translated,not_reviewed,
C0139,3181,dd82a3ee6088c645,锅会,体育（球类以外）,户外活动,这是一个在东京近郊公园开展野草烹饪等户外活动的社团。大家总是悠闲愉快地进行活动！,无信息,无,machine_translated,not_reviewed,
C0140,3481,960757d26afe05ee,早稻田大学水上滑雪部,体育（非球类）,其他体育,【正在招募新成员！】我们是拥有1954年建部传统、引以为豪的早稻田大学水上滑雪部。无论您是想在大学里尝试新事物的人、立志成为日本学生冠军的人，还是觉得社团不适合自己的人，我们都热烈欢迎。何不将最后的青春献给水上滑雪呢？,每周六日/利根川,无,machine_translated,not_reviewed,
C0141,3195,68a22e9595ffc725,杠铃俱乐部,体育（非球类）,其他体育,"杠铃俱乐部是早稻田大学唯一的健身社团。2016年将迎来创立54周年。基本活动就是健身训练本身。不过，社团并没有固定的训练日。社员们都会利用课间等空闲时间前往社团活动室，整理好装备后前往训练中心。在训练中心，大家相互协作，完成自己设定的训练计划。此外，社员们不仅单纯为了锻炼身体，还将健美和力量举重等竞技项目作为目标之一。在早稻田祭期间，还会举办名为“早稻田先生”的健美比赛。
/
/成为社员后，不仅可以使用训练中心的器械，还能使用杠铃俱乐部专用的训练器械等。
/
/官方活动包括：5月的力量举重比赛、6月左右的校友大会、8月的夏季集训和结业会、10月的健美比赛、11月早稻田祭上的“早稻田先生”选拔赛、12月的结业会，以及3月的送别会等。",无指定／学生会馆B2训练中心,无,machine_translated,not_reviewed,
C0142,3514,c94e40a4d0fe4b24,早稻田大学理工划船部,体育（非球类）,其他体育,"我们理工划船部致力于兼顾学业与划船训练。即使是繁忙的理工科学生，也会在课间抽空集合练习（文科生也大受欢迎！目前约有10名文科部员活跃其中）。部内成员类型广泛，既有认真挑战大学日本第一的选手，也有每周仅划船一次以享受乐趣的成员。春季，我们还会参加在隅田川举办的早庆赛艇大赛。在震耳欲聋的欢呼声中，我们划过东京晴空塔旁的水面。这无疑将成为一生难忘的回忆。即使是参加如此大型赛事的选手，也有90%以上是在大学才开始接触赛艇的。由于教练和学长学姐会进行悉心指导，即使从未握过桨的人也能迅速进步。从大学开始接触划船就能参加早庆赛的社团，恐怕只有理工划艇部了。想要挑战新事物的人、想参加早庆赛的人、想在兼顾学业的同时享受运动乐趣的人，请务必加入理工划艇部！
/
/
/
/",每周三、周五/18:15起/理工校区51号楼地下室,无,machine_translated,not_reviewed,
C0143,3194,cd90ae351d8f14c9,蹦床同好会,体育（非球类）,其他体育,虽然大家可能不太把它当作一项运动，但蹦床是夏季奥运会的正式比赛项目。我们以仅凭自身力量，跳得更高、更优美为目标。绝大多数成员都是从零开始的，所以即使觉得“门槛好像很高……”的人也可以放心。起初从练习直跳开始，但在教练的指导下坚持练习一年，后空翻也并非遥不可及。只要坚持练习，即使是大一新生也能参加历史悠久的全国大学生锦标赛或早庆对抗赛。无论你是找不到合适社团的人，还是虽无法加入体育会但想认真从事体育运动的人，或是想尝试新事物的人，又或是想找个兼修社团的人，我们都热烈欢迎！何不通过蹦床运动，体验一段与众不同的大学生活呢？,每周一、三 17:00～20:00，周六 13:00～16:00／所泽体育馆2号馆,无,machine_translated,not_reviewed,
C0144,3562,daf93e7a5f11abd2,蹦床同好会,体育（非球类）,其他体育,无信息,每周一、三/17:00〜20:00，周六/13:00〜16:00/所泽体育馆2号馆,无,machine_translated,not_reviewed,
C0145,3200,f4998247c9a95284,田径同好会,体育（非球类）,其他体育,田径同好会是早稻田大学唯一一个拥有超过150名会员的官方认可田径社团，会员涵盖从初学者到全国大赛参赛选手。除了早稻田大学的学生外，还有许多其他大学的学生在该社团中。这里既有以关东锦标赛和日本锦标赛为目标、日复一日刻苦训练的竞技型选手，也有按照自己节奏慢跑的人，成员类型丰富多样。 我们通过田径、马拉松等活动促进会员间的交流，并致力于提升个人竞技水平。以每周一、三、五的常规训练及每月一次的练习会为核心，成员们既会以个人身份参加各类比赛，也会以团体形式出战秋季的社团对抗赛及冬季的社团对抗接力赛。此外，我们还主办夏季的“早大同记录会”和秋季的“早大同挑战会”田径赛事。春夏两季将举办“中长跑集训”和“短跑集训”等分组集训，全年共计7次集训。,每周一、三、四/17:30/织田田径场等,社团网站已关闭,machine_translated,not_reviewed,
C0146,3559,6518e012b12d6bff,早稻田大学田径同好会,体育（非球类）,其他体育,早稻田大学田径同好会是早稻田大学唯一一个从初学者到有经验者均可加入的官方认可社团。我们通过田径、马拉松等活动促进会员间的交流，并致力于提升个人竞技水平。会员中不仅有早稻田大学的学生，也有许多其他大学的学生。从以关东锦标赛和日本锦标赛等大型赛事为目标、日复一日刻苦训练的竞技型选手，到按照自己节奏慢跑的人，会员类型多种多样。以每周常规训练和每月一次的练习会为核心，会员们既可个人参加各类比赛，也可代表团体参加秋季举行的对抗赛。此外，我们每年还主办两次赛事：夏季的“早稻田大学田径同好会纪录会”和秋季的“早稻田大学田径同好会挑战会”。全年按不同时段安排了共计7次集训。,每周一/16:00起/所泽校区田径场,无,machine_translated,not_reviewed,
C0147,3470,a418df597d5784da,水肺潜水队“安康”,体育（非球类）,其他体育,这是早稻田大学官方认可的水肺潜水社团！暑假期间，我们会前往八丈岛和小笠原群岛进行长期集训！在美丽的大海中进行的潜水，是许多大学生未曾涉足的世界。您是否也想体验一下日常生活中无法品尝到的独特经历呢？此外，安康社的乐趣不仅限于潜水！自驾游、劈西瓜、胆量挑战、烧烤……所有充满夏日气息的活动我们都会体验！有时还会眺望美丽的夕阳，或在满天星斗下畅谈。安康社是一个能让你尽情享受人生最后一个暑假的社团！,无,无,machine_translated,not_reviewed,
C0148,3174,25a49a14a1f892b7,定向越野俱乐部,体育（非球类）,其他体育,定向越野是一项起源于北欧的“智力”×“跑力”运动。在森林中阅读地图，筛选信息并进行导航，比拼到达设定路线所需的时间。仅凭跑得快无法登顶，即使跑得不快也能获胜，这正是该运动的深奥之处。我们定向越野俱乐部（简称OC）正致力于挑战这项运动，无论是一般户外爱好者，还是作为日本代表征战世界赛场的选手，大家都在快乐地共同参与定向越野。日常活动包括跑步和读图培训等，周末则会外出进行定向越野。由于比赛通常在森林等地举行，因此常以旅行为名进行远征，这对热爱户外活动和旅行的人来说再合适不过了！遗憾的是，由于这项运动被归类为小众运动，我们经常跨越早稻田的范围，与全国各地的大学生一起活动，通过定向越野在各地结交朋友。如果你想在大学开始一项新的运动！喜欢地图、旅行或户外活动！想要向世界进军！那么，我们期待着拥有冒险精神、好奇心和挑战精神的各位加入！,每周一至周五/18:30/学生会馆 周末/全国各地的森林、山林、公园,无,machine_translated,not_reviewed,
C0149,3776,4c7a8054014bf7a6,潜水会,体育（非球类）,其他体育,"【潜水会基本信息】
/
/・男子参加早稻田大学校际比赛，女子参加全国大学生比赛
/
/・每年招募新生最多10名（出于安全考虑）
/
/・所有活动均为自愿参加！
/
/
/
/【活动内容】
/
/4月　迎新露营
/
/5月　考证集训
/
/6月　夏季一日游
/
/8月上旬　夏季大岛
/
/8月中下旬　冲绳集训（隔年前往西表岛和座间味岛）
/
/9月　秋季大岛
/
/10月　秋季一日游
/
/11月　八丈岛毕业集训
/
/3月　小笠原群岛
/
/此外，即使在没有潜水活动的冬季，也有圣诞派对、同期迪士尼之旅等丰富多彩的非潜水活动！
/
/
/
/【潜水会的优点】
/
/◎安心・安全
/
/潜水会开展自主潜水和带队潜水两种形式。在冲绳和小笠原地区进行带队潜水。我们委托了长期以来一直关照我们的潜水店负责。
/
/在自主潜水活动中，为确保安全，干部层中必定有持有专业潜水执照的成员，且拥有众多具备救援潜水员资格的成员。
/
/
/
/◎自由
/
/潜水会的所有活动均为自愿参加。因此大家都能根据自己的经济状况，""自由""地享受潜水生活！
/
/
/
/◎传统・文化
/
/潜水会拥有许多代代相传的“文化”。
/
/岛上推荐的咖啡馆、能欣赏日落和星空的绝景景点、潜水歌曲等等。详情请加入后亲自体验！
/
/
/
/潜水会是值得你倾注整个大学生活的绝佳去处。我们衷心期待您的加入。","潜水活动不定期举行（详情见上文）
/
/
/
/平时大家常聚集在早稻田校区15号馆的休息室，一起聊天。",无,machine_translated,not_reviewed,
C0150,3479,52c08c69600570e1,滑翔伞俱乐部,体育（非球类）,其他体育,远离都市的喧嚣，在宁静的天空中与鸟儿一同翱翔，您愿意尝试吗？活动地点位于茨城县石冈市足尾山。主要在周末开展活动，但参与频率因人而异。在足尾山，我们不仅与早稻田大学，还与东京大学、东京工业大学、庆应义塾大学、立教大学等10多所大学保持交流（本社团本身也是跨校社团）。 如今，翱翔天际已成为学生也能轻松体验的运动。起初会在斜坡上练习悬停，积累经验后便可从山顶起飞。飞得越多，就能飞得更远、更久，领略前所未见的景色。长假期间，我们还会前往其他地区（福冈、新潟、静冈、北海道等）。此外，我们还会举办春夏集训、万圣节派对和圣诞派对！！,随时/社团活动室,无,machine_translated,not_reviewed,
C0151,3476,9f08ed9ba43b7cb7,救生俱乐部（W.L.S.C.）,体育（非球类）,其他体育,"救生主要是一项旨在预防水边事故的活动。夏季期间，我们主要在海水浴场进行监视活动。在非旺季，我们会去海边训练、享受冲浪的乐趣，每周还会在大学游泳池及周边进行游泳训练和陆上训练。
/
/
/
/救生运动中也有竞技项目。当然也有全国大学生锦标赛和全日本锦标赛。2023年度，我们获得了全日本大学生锦标赛亚军。此外，作为水上救生普及活动的一环，我们还会为小学生举办海上安全讲座。救生、体育、教育、环境、福利，这五大要素共同构成了水上救生。许多成员都是从大学开始接触这项运动的。如果你刚进入大学，想尝试新事物，不妨来体验一下这项唯一能造福他人的运动——水上救生吧？这是一个充满“因为是大学生才能做的事”的社团。期待你的加入！","每周二/第5-6节课/大学周边、学生会馆
/
/每周四、周五/第1节课/高石纪念游泳池
/
/每周六、周日/白天/各海水浴场",无,machine_translated,not_reviewed,
C0152,3197,58b67a83a6ffc704,铁人三项队　西北,体育（非球类）,其他体育,"西北是早稻田大学唯一的铁人三项社团！铁人三项是一项连续进行游泳、自行车、跑步三项比赛的运动。成员不仅来自游泳部和田径部，还有足球部、棒球部等，体育背景各不相同。即使是高中时代没有参加体育社团或属于文化社团的学生，也能顺利完成铁人三项！冲过终点后的成就感是语言无法形容的！
/
/此外，作为全国大学生社团，North也欢迎早稻田大学以外的大学生加入！也非常欢迎担任经理！
/
/提到铁人三项，人们往往觉得这是一项高强度的运动，但其实也有能在1小时左右完成的赛程。我们还推荐大家参加在各地举办的比赛，将铁人三项与旅行观光结合起来，享受其中的乐趣！此外，也有学生参加游泳、公路自行车赛或马拉松等铁人三项以外的比赛！如何享受这项运动，全凭大家自己决定！
/
/North的优点在于自由而开朗的氛围！无论是参加日本锦标赛、在校际大赛中获奖，还是以完赛为目标的成员，大家都在“只有现在！”的口号下，无论何时来都相处融洽、积极活动！大学四年的时间里，除了社团活动，还能兼顾学习、打工、留学等想做的事情！因为是社团，训练也是自由参加的！难得的大学四年，为了过上充实的学生生活，何不选择加入North呢？期待大家的联系！",游泳训练：每周二、周四 20:00～22:00 @奥林匹克中心 / 自行车训练：每周日（及周六）9:00～11:00 @彩湖・多摩 / 跑步训练：每周三 18:00～20:00（及周六 9:00～11:00）@代代木公园田径场・済美山运动场,无,machine_translated,not_reviewed,
C0153,3201,b1a33c322531071c,极限飞盘部　索尼克斯,体育（球类以外）,其他体育,"1992年成立　/　2013年升格为学生社团
【运动项目的魅力】
极限飞盘是一项既需要个人身体素质又讲究团队战术的竞技运动，能让您充分施展高中阶段积累的运动经验。另一方面，在日本，绝大多数选手都是在大学入学后才开始接触这项运动，这也正是其一大魅力所在。本社已培养出众多男女U24日本国家队选手，毕业后继续在国家队、企业队或美国职业联赛中参赛的成员也屡见不鲜。
【本部的魅力】
男子队曾四度蝉联全日本大学锦标赛冠军，女子队则三次获得季军、三次获得第四名，是实力强劲的劲旅。部员们通过反复讨论，以学生为主体决定战术和训练方法，正是这种组织文化造就了如今“强大的早稻田”。本校亦有不少成员选择留学，过去甚至有成员在留学国入选国家队，重视个性与多样性是本部的显著特征。此外，由于校友会是一般社团法人，各代校友提供的求职指导既系统又细致周到。历年来，众多毕业生成功就职于综合商社、房地产开发商、大型银行、战略咨询公司、电视台及广告代理商等机构。此外，还有众多毕业生就职于政府机关、公共机构，以及担任大学教授（先进理工学部古井健二教授即为本社校友）、律师、注册会计师，以及通过税务师考试的人员。本社已营造出一个能够在多方支持下专注于竞技的环境。
充实的四年时光定会等待着你。让我们共同以日本第一为目标吧！","【学期期间】
周二、周四：大学附近运动场（8:30起）
周六、周日：小岩江户川河滩（9:00～15:00）
【长假期间】
周二、周三、周六、周日：小岩江户川河滩（全天或半天训练）
【其他】
不定期召开会议",无,machine_translated,not_reviewed,
C0154,3477,d4ffd8c533c6862b,早稻田大学啦啦队FALCONS,体育（非球类）,其他体育,"主要围绕每年3次的大赛开展活动。
/
/目前也在挑战早稻田祭等活动以及篮球、足球的啦啦队助威！
/
/无论是将引领未来FALCONS的资深成员，还是从未接触过啦啦队的初学者，我们都热烈欢迎！即使不擅长运动或身体僵硬也没关系，只要有干劲和笑容就没问题！
/
/何不在FALCONS与无可替代的伙伴们一起创造最美好的回忆呢？
/
/
/
/",每周二、四、六、日/9:00起或18:00起/早稻田体育馆或首都圈的体育馆,无,machine_translated,not_reviewed,
C0155,3564,12b6796f2c3eb981,早稻田运动训练协会（WATS）,体育（非球类）,其他体育,"WATS是早稻田大学唯一的运动训练社团。这里汇聚了形形色色的成员：立志未来成为运动训练师的人、希望作为学生训练师为团队做出贡献的人、想作为经理人支持团队的人、作为运动员致力于提升自身竞技水平的人，以及对运动医学等相关领域感兴趣的人。活动内容包括研讨会等信息分享、学习会、训练师派遣以及与其他大学的交流会等。活动以学生为主体，在老师、研究生、毕业生及外部讲师的协助下开展。对训练师工作感兴趣、希望成长、想要拓展人脉的朋友，何不加入WATS一起活动呢？
/
/
/",不定期・线上或线下,无,machine_translated,not_reviewed,
C0156,3549,310fbce73fbe3f91,早稻田大学救生俱乐部（W.L.S.C）,体育（非球类）,其他体育,简而言之，救生是一项在海边保障游客安全的活动。然而，其活动内容非常广泛且内涵深厚。除了救生活动外，还包括救生比赛、通过清理海滩进行的环境保护活动，以及针对儿童的水边安全教育活动等，种类繁多。救生运动中也有竞技项目。虽然项目种类繁多，但按场地大致可分为三类：在海洋中进行的“海洋救生”、在沙滩上进行的“沙滩救生”以及在泳池中进行的“室内救生”。这项内涵深厚的活动内容，将为各位提供发挥既有经验的舞台。大家在体育、学业及生活中的种种经历，定能为这项活动,每周二/第6节课/学生会馆,无,machine_translated,not_reviewed,
C0157,3364,8c84e29a2eaff703,SHOCKERS,体育（非球类）,其他体育,大家好，我们是早稻田大学男子啦啦队SHOCKERS，是一支仅由男性组成的啦啦队，在全世界也属罕见。我们以男性特有的魄力十足的动作，以及能与伙伴们一起拼命“耍宝”的氛围为魅力所在。活动内容方面，以秋季4次练习为基础，还会参加各类活动演出，以及为各体育社团助威等。今年我们还在冲绳国际电影节上进行了表演！我相信只要我们积极行动，就有可能参与任何活动。此外，我们还会参加春季举办的比赛，以及在奥库讲堂举办的自主公演“SHOCKERSSTAGE”等活动。随着动画版的推出，预计未来将受到更多期待。为了推广“男子啦啦队”这一文化，我们每天都在努力奋斗☆！！,每周一、三、五、日/18:00・19:00/东京都内体育馆,无,machine_translated,not_reviewed,
C0158,3585,c3d7b7d9adf9eefa,WILD359ers（狂野359人队）,体育（球类以外）,其他体育,这是一个志愿者社团，每周六举办“fun-土”活动，与小学生们一起体验新兴运动，并开展“flags”活动，向孩子们教授旗式橄榄球。在“Fun-土”活动中，我们与指导老师通力合作，协助孩子们在更佳的环境中开展活动。在“Flags”活动中，由于春季和秋季会举办儿童旗式橄榄球比赛，我们大学生也会参与训练，以模拟实战。此外，我们还会策划圣诞活动、毕业活动等与孩子们共同参与的娱乐项目；在假期期间，我们大学生也会组织集训或外出游玩，有时也会仅限大学生之间结伴出游！,每周六/12:30~17:00/三岛小学体育馆,无,machine_translated,not_reviewed,
C0159,3480,ca597c557b2512bc,早稻田大学杂耍社团〜infinity〜,体育（非球类）,其他体育,这是一个在校园祭、地区庆典等各种场合展示杂耍表演的社团。平时我们在户山公园和学生会馆等地进行杂耍练习！发现只有自己才能做到的绝技也未尝不可！与团队一起登上最棒的舞台也未尝不可！您是否也想挑战这种唯有在这里才能体验、令人心潮澎湃的杂耍呢？ 各式道具、各式技巧、各式组合。杂耍蕴含着无限可能。让我们相信这种可能性，一起探索杂耍的魅力吧！ 演出委托等事宜可通过官网上的委托表单提交。欢迎随时联系我们！ 此外，我们也热烈欢迎大家前来观摩或体验练习。百闻不如一见，请务必来一次！,每周四、周六/15:00起/学生会馆等,无,machine_translated,not_reviewed,
C0160,3483,00572a9c7b1b7c66,早稻田立式桨板,体育（非球类）,其他体育,"早稻田立式桨板是早稻田大学官方认可的社团。怀着“让SUP流行起来！”的信念，我们每天都在努力奋斗。有时通过晨练来挑战自我，有时两人同乘享受日光浴，以各种形式乐在其中。
/
/
/
/我们也会举办活动和线下聚会，并与其他大学的社团友好交流。若想结交一生的伙伴，就来这里吧！欢迎随时联系我们。
/
/
/
/【致新生】
/
/恭喜你考入早稻田大学！如果你想尝试新事物，觉得社团活动太忙但又想全身心投入运动，或者对水上运动感兴趣，那么早稻田SUP正是为你量身打造的。说不定你很快就能成为代表选手！
/
/也热烈欢迎大二学生！我们随时恭候你的加入。
/
/
/
/【亮点介绍】
/
/我们早稻田SUP社曾在全日本学生SUP锦标赛夏季大赛中夺冠。除了日常训练，每月还有活动，并会与庆应大学、横滨市立大学进行交流，私生活也十分充实！
/
/
/
/【迎新活动内容】
/
/在体验会上，我们将邀请大家实际在河面上划行，亲身体验SUP的乐趣与魅力。
/
/
/
/【体验会日程】
/
/4月6日、13日、14日、20日 @平冢
/
/(5月以后也会举办！详情请查看社交媒体↓)",团队训练：每月3次（周六或周日） 晨练：可选择任意一天参加 @相模川（平冢） 横滨、东京也有训练据点,无,machine_translated,not_reviewed,
C0161,3785,698fdbf19b7fd682,早稻田大学卡巴迪同好会,体育（球类以外）,其他体育,"早稻田大学卡巴迪同好会（WASEDA MONSTERS）是早稻田大学唯一的卡巴迪社团。即使您对“卡巴迪”这个名字感到陌生也没关系！绝大多数会员都是在大学才开始接触卡巴迪的。请放心前来体验！我们会为您详细介绍卡巴迪这项运动！此外，本会是参加全国大学生联赛的社团，因此也非常欢迎其他大学的学生加入！
定期训练每周两次，在户山公园进行，不定期也会使用早稻田体育馆等场地。我们每隔几个月参加一次比赛，由于会派出多支队伍参赛，新生也能大展身手！
我们不收取入会费和年会费。无论所属大学或年级，我们全年都在招募会员，欢迎随时联系我们！",每周六/10:00/户山公园（大久保地区）、每周日/14:00/户山公园（大久保地区）、不定期/早稻田体育馆多功能运动场、故乡千川馆,无,machine_translated,not_reviewed,
C0162,3791,76f0ea1049a0ed59,早稻田大学极限飞盘社团“青空”,体育（球类以外）,其他体育,"大家好！
我们是早稻田大学极限飞盘社团“青空”！在“青空”，我们进行使用飞盘的极限飞盘运动。极限飞盘的魅力在于规则非常简单，可以马上开始。几乎所有人都是从零开始的，所以和伙伴们一起进步非常有趣！也推荐给想在大学里尝试新运动的人。因为“青空”是全早稻田的社团，所以很容易与校内或同一学院、专业的人建立联系！
除了日常的极限飞盘训练外，每月还有一次以上的联谊活动，假期期间还会举办集训，绝对能为你创造美好的回忆！去年的联谊活动包括去河边烧烤，以及包下废弃矿坑一起玩耍。集训每年举办三次，分别是迎新集训、夏季集训和冬季集训。在迎新集训中，通过正式的极限飞盘比赛和运动会，新生之间以及学长学弟之间的关系会变得非常深厚！夏季集训除了飞盘之外，还有烧烤、胆量挑战等丰富多彩的活动！冬季集训则主要以滑雪为主！和关系融洽的社团成员一起去滑雪，乐趣更是无与伦比！
除此之外，社团外的活动也非常充实。和关系亲密的前辈们一起出去玩，肯定会带你去很多好地方！
加入“青空”，让我们一起享受最棒的大学生活吧！","每周三/15:00?17:00/户山公园
周六/11:00?14:00/户山公园或北千住",无,machine_translated,not_reviewed,
C0163,3063,d93770ec570af337,雄辩会,学术,政治,"早稻田大学雄辩会是成立于1902年（明治35年）的政治社团。在媒体尚处于发展初期的当时，早稻田大学建校之母小野梓与为足尾铜山矿毒事件惨状感到痛心的学生们共同发起，由大隈重信公担任首任总裁，本会由此诞生。自那时起的一百多年间，雄辩会始终不忘建会宗旨，始终以培养“为社会进步作出贡献的真正雄辩家”为目标开展活动。
/
/
/
/雄辩会会员的主要活动是基于会旨的“演练、研究、实践”。在“演练”环节，旨在提升辩论稿的撰写能力和辩论技巧。会员们会参加辩论大会，从讲台上实际发表自己的观点。“研究”环节主要通过举办学习会，让会员们能够向全会分享各自感兴趣的领域。“实践”则是走向社会开展各类活动，既有担任议员实习生的会员，也有参与志愿服务的会员。
/
/
/
/可以说，雄辩会是一个由怀揣“进取精神”、愿意从学生立场出发积极参与政治和社会事务的学生组成的团体。在众多辩论大赛中屡获冠军及奖项，以及包括5位曾任首相的前辈在内的各界活跃人士的存在，都充分体现了本会的特色。
/
/
/
/入会时，完全不问年级、院系及过往经历。只要有一丝兴趣，请务必随时联系我们。我们还举办了各种迎新活动，期待您的到来！",学生会馆E512及租赁会议室等,无,machine_translated,not_reviewed,
C0164,3062,1144189453329799,政治经济研究会,学术,政治,"政治经济研究会成立于1911年，是早稻田大学中拥有顶尖传统与学术水平的综合学术社团。在轻松自由的氛围下，成员们可以全身心投入自己热爱的学术研究。自创立以来100余年间，本会已培养出包括2位早稻田大学校长在内的众多学者。会员毕业后的去向多种多样，除每年有数人升读研究生院外，还有人进入一般企业工作或立志成为教师等。
/
/
/
/日常活动方面，各领域每周都会举办独立的学习会（自主研讨会）。以会员选定的文献读书会为中心，由学生自主运营，作为共同学习的场所，目前设有政治思想、经济学、法哲学三个课程。各课程均面向初学者设计，因此无需太多先备知识。在适时获得周围支持的同时，稍加努力便能跟上课程进度。根据个人兴趣，也可同时参加多个课程。此外，其他活动还包括发行会刊《Mashira》《攻究》，以及举办与毕业生交流会等各类活动。
/
/
/
/不限所属大学、院系、年级及背景。无论您是“对学术感兴趣”、“希望通过学术磨练自我”、“想积累教养或认真学习却不知从何入手”，只要对学习怀有热情，攻究会随时欢迎您的加入。无论是初学者，还是对大学课程感到意犹未尽的同学，何不一起学习呢？",2024年度的具体时间尚未确定（原则上为工作日晚间或周末）/学生会馆E706、线上,无,machine_translated,not_reviewed,
C0165,3064,dc58a155bc7fef86,国策研究会,学术,政治,"每周二举办以会员发表为主的学习会。涉及的主题广泛，涵盖政治思想、历史、经济及安全保障等领域，通过发表后的问答环节，会员能够深化自身见解。此外，我们还举办讲座，邀请那些我们非常希望能见到的学者或评论家担任演讲嘉宾。同时，我们也与校外的保守派政治社团保持交流，并联合这些学生社团共同参与皇居勤劳奉仕活动。
/
/最后需要说明的是，我们自定义为保守派政治社团，并不标榜不偏不倚。不过，社团中也有来自韩国的留学生，我们绝非抱有排外思想，且始终对种族歧视言行深感反感。只要尊重皇室，我们都乐意接纳。",每周二/18:30/学生会馆,无,machine_translated,not_reviewed,
C0166,3065,2eb077693fd0bb79,政友会,学术,政治,政友会是成立于1960年、经大学官方认可的社团，秉持“不偏不倚”、“理论与实践并重”、“架起学生与政治的桥梁”的理念开展活动。主要活动为每周2~3次的学习会，主题不仅涵盖政治，还涉及经济、新闻学、国际关系等广泛领域。在学习会上，会员们相互进行演讲、讨论及读书会等活动。由于学习会会根据每位会员的兴趣、关注点及主张来安排，因此会员们能够接触到以往从未思考过的主题或与自己不同的观点，从而获得新的学习契机。此外，我们不仅限于课堂学习，还通过邀请政治家及专家举办讲座、制作会刊《BRIDGE》等方式，重视接触外部世界并从中学习的机会。除了学习之外，我们还举办六大学棒球观赛会及每年两次的集训等丰富的交流活动，以此增进会员之间的友谊。,每周2~3次（不定期）/19:00/学生会馆会议室,无,machine_translated,not_reviewed,
C0167,3074,6c9f344e84092e79,鹰志会,学术,政治,以国会议员实习为中心，重视亲临政治现场进行学习。平时协助议员开展政务活动，参与从国政到地方选举的各项工作，组织前往北方领土的免签交流活动，以及每年两次邀请知名政治家举办讲座等，能够积累在其他地方无法体验到的宝贵经验。与活跃在社会最前线的人士相遇，必将成为一生的珍贵财富。,每周约1次在议员会馆或地方事务所的实习（具体日期和时间因人而异）、每月1次的大会等,社团网站已关闭,machine_translated,not_reviewed,
C0168,3066,778743409a65f91d,经济学会,学术,经济,成立于1915年、即将迎来110周年的经济学会，以【学习玩乐皆全力以赴！】为座右铭，每天积极开展活动。作为早稻田大学官方认可的社团，本学会不仅是校内，更是全日本规模最大的学术类社团。在学术方面，我们以企业分析和市场营销手法为核心，主要开展以解决课题和制定商业计划为重点的小组合作活动。全年每周三都会举办常规讲座，此外还有每年约4次与校友的交流会、邀请外部人士进行讲座等活动，让我们每天都能过得充实而有意义！此外，我们还举办夏季集训、冬季集训以及烧烤聚会、圣诞派对等丰富多彩的活动。正是通过这些活动，形成了【从大一到大四，不分年级关系融洽】的氛围，这也是本社团的一大魅力！在这宝贵的四年大学生活中，请务必与我们一起度过快乐而充实的时光吧！！,"常规讲座：每周三/17:00～19:00/早稻田校区
/
/
/
/活动主要在周末举办！",无,machine_translated,not_reviewed,
C0169,3068,a4457465222e3f8a,市场营销研究会,学术,经济,早稻田大学市场营销研究会，通称“Ma-ken”，是一个今年迎来创立68周年的历史悠久的官方社团。我们以“在这里，学习即玩乐”为口号，致力于学习并实践市场营销。核心活动是每周一和周四由社团成员主办的两次学习会。通过这些学习会，我们致力于帮助成员掌握从基础到专业领域的广泛商业技能。在此学到的知识，将通过与企业合作举办的商业竞赛、讲座及项目等实践活动得以应用。此外，还有每年两次的集训以及各季节的特别企划等丰富多彩的活动，有助于加深社员之间的友谊。让我们在“马肯”度过既充实又快乐的大学生活吧！,每周一、四/19:00起（第5节课结束后）/早稻田校区・租用会议室,无,machine_translated,not_reviewed,
C0170,3751,b8e69b48d412a817,早稻田大学股票投资社团Forward,学术,经济,早稻田大学股票投资社团Forward是一个以股票投资为核心，广泛开展金融相关学习与实践的社团。除了每周一次的例会外，我们还会邀请外部讲师举办讲座以深化学习，同时聚餐、四季报合宿、忘年会等娱乐活动也十分丰富！我们一直保持着轻松随性的活动氛围，随时欢迎大家兴致一来就来逛逛！这是一个不分院系年级、甚至包括研究生在内的多元化社团，每天都会就经济新闻展开热烈的讨论。90%的新成员都是投资新手，所以只要对投资或资产配置有一点兴趣，请务必来看看我们的活动！如有任何疑问，请通过Twitter私信联系我们。学期中随时欢迎加入！！,每周六21:00起／线上,无,machine_translated,not_reviewed,
C0171,3753,a414f0726fa7a4b9,NEW （Next Entrepreneurs Waseda）,学术,经济,"NEW（Next Entrepreneurs Waseda）是隶属于Venture Inamonkai的社团。
/
/
/
/■目的
/
/通过与早稻田大学毕业的企业家以及对创业感兴趣的同龄人交流，拉近创业与生活的距离，助力早稻田大学培养更多创业者。
/
/
/
/■活动内容
/
/我们以早稻田大学毕业的企业家为中心，邀请各界人士举办交流会。此外，我们还举办有志于创业的学生之间的交流会，承担着社区建设的作用。
/
/过去，我们曾与上市公司经营者、早稻田大学教授、区块链领先企业的董事等共同策划过活动。
/
/今后，我们计划与Venture Inmon会合作，建立能够多方面支持创业的体制。
/
/Venture稻门会……早稻田大学毕业的创业企业家协会　https://v-tomonkai.org
/
/
/
/■活动形式
/
/在严格遵守大学防疫指南的前提下，以线下或线上形式开展活动。
/
/
/
/■备注
/
/这是一个面向所有早稻田大学学生的社团！",不定期/每月1～2次,无,machine_translated,not_reviewed,
C0172,3772,164d4f66bdca2119,早稻田职业研究会,学术,经济,"早稻田职业研究会（通称：Career研）是早稻田大学首个专注于求职与职业发展的社团。我们致力于帮助那些容易与社会脱节的学生，倡导“通过增加与社会的接触点来拓宽自身的职业选择”，并开展商务学习会、活动策划等各类活动。
/
/
/
/主要活动内容分为三类：不仅为求职提供帮助，更提供步入职场后应具备的素养的“常规讲座”；提供普通求职社群无法提供的、充满大学生活气息的交流的“内部活动”；以及提供普通大学生难以获得的、在轻松氛围中与包括企业家在内的社会人士交流机会的“外部活动”。
/
/
/
/本年度，常规讲座开设了费米问题讲座、财务报表讲座、行业研究讲座等众多课程。内部活动方面，除了夏季集训和冬季集训外，还策划了自驾游、温泉旅行等丰富活动。外部活动方面，我们与外部企业合作举办了经营者交流会以及面向大一、大二学生的实习活动等各类活动。
/
/
/
/无论年级或经验如何，我们随时欢迎新成员加入！只要对未来有一丝不安的早稻田学生，请务必加入职业发展研究会！
/
/
/
/更多详细活动内容等，主要通过Instagram发布，同时也发布在X（原Twitter）和官网等平台，请务必关注！",每周三/17:30-20:00/早稻田校区,无,machine_translated,not_reviewed,
C0173,3256,66bcb6edaf3f6c8c,历史文化研究会,学术,历史,"历史文化研究会是成立于1950年的学术社团。虽然以历史为中心，但也有对哲学、宗教等其他人文学科感兴趣的成员。无论年级或学期，均可加入。此外，也欢迎非早稻田大学的学生加入。
/
/活动内容
/
/1．例会
/
/　这是核心活动。每周举行1至2次。具体日程需配合负责人安排，因此时间不定，但通常工作日于18:00、节假日于15:00左右举行。活动内容主要是让成员针对感兴趣的领域进行调研并发表成果。仅在感兴趣的领域或有空时参加也完全可以。
/
/2. 郊游、集训
/
/　每半年各举办一次郊游和集训。郊游是东京周边的一日游。去年去了横须贺和小田原。集训则是为期2晚3天的旅行。虽然近几年受新冠疫情影响未能举办，但过去曾去过平泉和佐渡岛。
/
/3. 早稻田祭
/
/　我们每年都会参加早稻田祭。以往的活动形式是举办“历史检定”环节，向参与者出题并请他们解答。不过，我们正在考虑从下次开始采用不同的活动形式。
/
/　感兴趣的朋友请务必来社团活动室或参加社团会议。此外，我们会在Twitter和官网上随时更新迎新活动及各类活动的信息，请大家关注。",星期不定/平日18:00・节假日15:00/学生会馆,无,machine_translated,not_reviewed,
C0174,3257,9f85e2dce596ea11,地理学研究会,学术,历史,"早稻田大学地理学研究会是一个拥有74年历史的校际地理学社团。/
///
//提到地理学，人们往往会觉得这是一门枯燥的学术，但在本社团中，城市、自然、商业、交通……等与日常生活息息相关的一切现象都被纳入“地理”的范畴，所以请不必担心！/
///
//从对地理充满热爱的会员，到只是稍微来探探路的会员，大家各具特色地开展活动，无论谁都能乐在其中。/
///
//本会的活动主要包括每月至少一次的巡检、每年1～2次的合宿，以及不定期的部会和趣味游戏。/
///
//巡检活动为当日往返，在东京近郊漫步，在向导（巡检主办者）的带领下，从地理视角探索城市的魅力。/
///
//合宿活动是在全国特定地区进行为期数天的巡检。近年来，例如山阴、伊豆、阿苏等地……/
///
//我们也会不定期举办部会，作为会员展示研究成果的平台，不限定主题。/
///
//此外，最近颇受欢迎的是以东京周边为舞台，各队对抗、巡游各处景点的游戏（真人版桃铁、地理寻宝、公交换乘之旅、解谜等）！这不仅是单纯的娱乐，更是主动整合知识、输出空间地理认知能力的绝佳机会！/
///
//此外，我们还积极参与早稻田祭的展位活动及为此制作的社刊，同时社团内部还设有专注于特定“兴趣”的“社团中的社团”，内容十分丰富。/
///
///
///
//您是否愿意与我们一起，用一种略带高级的视角来捕捉日常的风景呢？",每周二、周四、周五/时间不固定/学生会馆E910室,无,machine_translated,not_reviewed,
C0175,3054,c3c956954ed5b812,考古学研究会,学术,历史,"考古学研究会全年招募会员！既然是“考古学研究会”，对考古学感兴趣的朋友当然非常欢迎，但对历史、宗教学、语言学等感兴趣的朋友也同样欢迎！这里有很多对这些领域感兴趣的前辈！此外，社团活动室的面积是普通社团的两倍，非常宽敞舒适，会员们常在空闲课间聚集在这里，因此会员之间很快就能打成一片！而且！！新生可享受半学期会费全免！！主要活动是每周1～2次的学习会！此外，迎新期间我们会组织一日游，春夏两季还会进行过夜旅行，探访全国各地的历史遗迹，也会作为志愿者参加地方政府的考古活动！只要有一点点兴趣，请随时来学生会馆E501找我们！虽然会员中以早稻田大学文学部学生为主，但当然也有其他院系的学生，以及跨校学生和留学生，我们非常欢迎大家加入！我们在X（＠waseda_koukoken）和Instagram（waseda_koukoken）上都有账号，也可以通过Gmail（ [email protected] ）联系我们。早稻田大学的同学们，要不要来考古研度过一段愉快的大学生活呢？我们期待您的加入！/
///
///
///
//点击此处发送邮件： [email protected]",每周1～2天（具体日期由会员自行选择）/18:00～20:00/学生会馆E501,无,machine_translated,not_reviewed,
C0176,3255,d19234d4095a64aa,史学舍,学术,历史,史学舍的主要活动是每周3次被称为“部会”的发表会。分为周一部会、周三部会和周五部会。在部会上，所属成员将就自己感兴趣的历史主题进行发表。参与者可以通过向发表者提问或发表感想，从而深入探讨该主题。每周活动3次，参与频率灵活，便于大家安排时间。社员通常选择加入这三个部会中的任意一个，多数人每周参加一次。参加部会无需提前联系，只需在18:30前前往学生会馆E612即可。史学舍最大的特点，简而言之就是“多样性”。这里没有日本史与世界史的界限，且涵盖人物史、文化史等多元主题，能拓宽视野，助你重新发现历史的魅力。此外，成员构成广泛，既有专业研习历史者，也有因对历史感兴趣而加入的成员。在分组活动中，主讲人会进行细致讲解，因此无需具备任何预备知识。这是一个对所有人开放的历史社团。例会结束后，大家可自由选择是否一起去吃饭。此外，除了例会之外，我们每年还会在春夏两季举办两次集训，参观历史名胜，并举办加深交流的活动。在早稻田祭期间，我们也会策划相关活动。无论您是历史爱好者还是历史初学者，任何人都可以轻松加入这个历史社团。让我们与史学舍一起，亲身体验历史的魅力吧！,每周一、三、五/18:30/学生会馆E612,社团网站已关闭,machine_translated,not_reviewed,
C0177,3055,f10c9935fb3c5f30,埃及文化研究会,学术,历史,"广泛学习从古代到现代的埃及历史，以及中东和伊斯兰文化/历史等。埃及文化研究会聚集了对世界各地历史和文化感兴趣的人！
/
/
/
/〈学习会〉
/
/主要活动是每周1至2次的学习会。我们利用Discord这款应用，于21点开始举行。由于是在线举办，特点是大家可以按照自己的节奏轻松参与！（不定期也会在早稻田大学学生会馆举办线下学习会）
/
/在定期举办的“自由主题学习会”上，大家可以自由发表自己感兴趣的内容。很多人也会选择埃及以外的主题。新生也可以发表！
/
/
/
/〈其他活动〉
/
/节假日期间会举办参观博物馆、展览等活动。我们经常去参观与古埃及或考古学相关的展览。
/
/此外，我们还会不定期在中东餐厅举办聚餐活动！
/
/在早稻田祭期间，我们会策划与埃及相关的活动！2023年度，我们举办了再现古埃及世界观的教室展示、模拟制作木乃伊体验，以及小册子的制作与销售等活动。
/
/暑假期间会有集训活动！大家会一起享受烧烤、烟花和划船等乐趣。
/
/
/
/无论所属大学或年级，我们全年都在招募会员！",学生会馆部室(E509)、Discord(应用)　周三・周六21:00〜22:00(线上),无,machine_translated,not_reviewed,
C0178,3258,e9c71c29fb0b995b,早稻田大学战史研究会,学术,历史,早稻田大学战史研究会是成立于1994年的官方认可社团。对历史、军事、国际政治等领域感兴趣的学生，主要以每周五第6节课开始的研究发表为活动核心。此外，还通过每年发行一次的社刊、夏季集训、早稻田祭等活动开展活跃的社团活动。虽然名称中冠以“战史”，但活动范围并不局限于军事领域，而是开展着广泛的活动。此外，全国各大高校均设有名为“战史研究会”且致力于历史与军事研究的社团，我们通过联合研究发表会及联合合宿等方式开展活跃的交流。也欢迎其他大学的学生及研究生加入。若想了解本会活动，除推特和官网外，还可查阅我们在Comic Market等活动上发行的会刊《烽火》。期待与大家共同活动的日子！,每周五（学期期间）/18:15起/学生会馆・3号馆等,社团网站已关闭,machine_translated,not_reviewed,
C0179,3774,7868855d942dfe65,早稻田大学三国志研究会,学术,历史,"早稻田大学三国志研究会是一个经历过中断后于2023年重新成立的历史社团。以《三国志》为起点，我们广泛开展关于汉代、五胡十六国时代等古代中国的活动。入会资格仅限早稻田大学学生，对年级及入会时间等均无限制。
/
/
/
/活动内容
/
/（１）学术报告
/
/社团成员将围绕各自感兴趣的领域进行学术报告。报告主题涵盖从学术研究到KOEI游戏等各类内容，只要与古代中国相关均可。支持线上参与。
/
/
/
/（２）休闲娱乐
/
/目前主要开展桌游活动。这是与学术报告并列的核心活动内容，每周举办1至2次。
/
/
/
/（３）校外活动
/
/2023年度，我们参加了由三国志学会主办的“三国志大文化祭”，并就刘备相关话题进行了讨论。虽然下年度及以后的安排尚未确定，但我们计划持续开展校外活动。
/
/
/
/活动信息主要通过X发布，如有兴趣，欢迎通过私信联系我们。",每周1～2次/19:00/学生会馆,无,machine_translated,not_reviewed,
C0180,3051,78026aad9690523e,佛教青年会,学术,宗教,"本会是一个不分国别、宗派及学派，致力于研究佛教思想的学术社团。创立于1886年，源于小野梓，是早稻田大学历史最悠久的社团。
/
/
/
/“般若心经”这个词大家常有耳闻，但您知道这段经文究竟蕴含着怎样的深意吗？
/
/我们正在研读这类经文。这里的“读”当然并非指诵经，更不是出于信仰目的。
/
/我们以学术视角解读一千多年前撰写的佛教汉文，正确理解其含义，并忠实依据典籍，研究佛教思想——这种思想对奈良、平安、镰仓及以后的日本文化、艺术和社会产生了深远影响。
/
/而且，日语中至今仍保留着许多佛教术语。
/
/摩诃（makka）不可思议、一大事、因缘、他力本愿、世间、醍醐味……
/
/这些词汇都源自曾深深植根于日本传统生活中的佛教思想。一旦能准确理解这些词汇的含义，阅读受佛教思想影响的文学作品也会变得更有趣。
/
/
/
/此外，其他活动还包括举办坐禅会、去美术馆参观佛教艺术、与其他学校的佛教青年会进行交流……这是一个能够满足“想了解佛教的这个！”“想尝试那个！”等愿望的自由社团。",每两周的周一（时间不定），在学生会馆,无,machine_translated,not_reviewed,
C0181,3728,221a640b1b5185ca,早稻田大学济荫团,学术,宗教,"初次见面！我们是早稻田大学济荫团（Sai-in-dan）。虽然从名字上可能很难想象这是一个什么样的社团，但我们的活动内容非常简单。就是打坐。仅此而已。追溯到大正11年（1922年），由一群曾前往北镰仓圆觉寺打坐的早稻田大学学生所组建。至今我们仍坚持至今，并于2022年迎来了成立一百周年。具体的活动包括：每周四在大学举办坐禅会，以及参加东京都内和北镰仓各禅寺举办的各类坐禅会。
/
/
/
/※从2024年度起，我们在所泽也开始举办坐禅会了！详情请点击下方链接查看。
/
/
/
/【关于周四坐禅会】这是在学生会馆的茶室租用场地，于上课期间每周举办的坐禅会。活动内容包括坐禅以及关于禅的简短学习会。无论是对东方思想或冥想感兴趣，还是想让内心平静……任何兴趣都欢迎。与成员固定相比，这是一个人员流动性较大的坐禅会。欢迎随时加入或中途离开，无需提前联系，请轻松前来。鉴于社团的性质，参与者的年级各不相同。我们没有严格的上下级关系，活动氛围轻松自在。感兴趣的朋友不妨来周四坐禅会体验一次。
/
/
/
/我们只做坐禅（禅修）——不多也不少。
/
/",每周四/第5节课/学生会馆茶室106、每周二/17:30-19:10/小手指公民馆分馆,无,machine_translated,not_reviewed,
C0182,3052,1c341e55e71d1b9e,基督徒学生会(K.G.K.),学术,宗教,早稻田大学基督徒学生会（WKGK）是早稻田大学唯一公认的基督教学生团体。想了解基督教？上课提到“彼得”但不知道是谁？基督徒是什么样的人？觉得《圣经》很难懂，但又很感兴趣……这样的你，请务必来参加！在社团活动室里读《圣经》、祷告、欢笑、放松身心。社团室每天开放。备有零食，还有糖果。我们会举办生日派对等活动。这里还备有吉他和键盘。这里有可以与你从容深入交谈的伙伴。无论何时，无论谁，大一新生、大四学生、留学生，大家都欢迎！※我们在主校区和理工校区都有活动！详情请查看博客！,每周一至周五/随时/学生会馆10楼E1008,无,machine_translated,not_reviewed,
C0183,3049,d85b6b009d4a9f5b,现代思想研究会,学术,哲学,"我们是一个以日常社会问题为出发点，探讨现代思想的社团。
/
/
/
/　普京领导的俄罗斯对乌克兰的侵略、以色列对巴勒斯坦人民的惨烈种族灭绝，以及如今日本岸田政权正与美国携手，以惊人的速度推进建设能够实施先发制人攻击的军事强国。现代思想研究会今年将以“抗击战争时代的法西斯主义”为主题，推进针对危机时代的学术研究。
/
/
/
/　无论是“日本正在推进的宪法恶化”、“国家对大学军事研究及学术领域的干预”，还是“资本主义的矛盾”以及“以特朗普为首的强权统治者的横行”等等……与社团伙伴们共同探讨这些问题，从而形成自己的社会观，这与备考学习有着截然不同的乐趣。
/
/
/
/　常规活动为每周一次的例会。大家会自带新闻或报纸文章进行讨论，因此无需任何预备知识。此外，我们还计划举办自发聚会、研究成果发表会及实地考察等活动。我们随时提供面对面的社团说明会。只要有一点兴趣，请务必联系我们！　期待您的加入。",每周1次／学生会馆会议室,无,machine_translated,not_reviewed,
C0184,3252,fdb6f22c347f559b,东洋思想研究会（东思研）,学术,哲学,无信息,每周一、四、五/上午8点/咖啡馆等,无,machine_translated,not_reviewed,
C0185,3275,cea9027639f3b579,哲学・批评研究会,学术,哲学,哲学・批评研究会通过各学习小组选定文献进行精读，并由负责人每周进行一次汇报，以此推进对艰深思想著作的研读。学习小组通常在新生欢迎会结束后，由新入会成员自行组成小组，选定精读文献并确定活动时间后成立。欢迎会结束后仍可随时入会。若选择此时入会，请从现有学习小组中挑选一个加入。各学习小组之间的交流主要通过每年4次的大会、每年1次的合宿以及日常在社团活动室的使用中进行。会员涵盖政经、法学、教育、社会学、文学、文学与结构、理工等广泛领域，且每年都有其他大学的学生参与。可以说，能够提供跨越学部和大学的学习平台是本会的优势。入会条件很简单。对学习会负责、参加总会及迎新活动、使用社团室后保持整洁。只要遵守这三点，会员之间就能愉快地开展活动，并能在下一年度迎接新会员。无需入会费。以上便是本会的概述。不过，这里能传达的内容有限。请务必来社团室看看。我们已备好咖啡和红茶，恭候您的光临。,每周/随时,无,machine_translated,not_reviewed,
C0186,3744,95070ea8a9b70c5a,悠闲地！哲学！,学术,哲学,"开门见山地问一句，“哲学”究竟是什么呢？想必很多人都认为它是一种“设在文学部里，只顾着思考那些晦涩难懂且毫无用处的事情的学问”吧。
/
/
/
/诚然，这种看法并非错误。在长达2500年的哲学史上，人们思考过许多问题。在这个过程中，有些理论“离家出走”去了自然科学领域，有些则去了社会科学领域，还有些理论则逐渐式微了。或许，在现代，“学习哲学的意义”并没有那么重大。
/
/
/
/但是，仅此而已吗？在我看来，我们周围依然存在着广阔的、值得深思的思考沃野。例如，“意义”究竟是什么？“无用”又是什么？若以更日常的主题来说，“大学”究竟是什么？“早大生”又是怎样的存在？
/
/
/
/正是为了将这些“日常生活中形形色色的事物”进行“哲学化”思考，“悠闲！哲学！”应运而生。本会旨在通过哲学对话与哲学学习，帮助大家构建属于自己的世界观。无论您是对哲学感兴趣，还是单纯想来观摩，都欢迎前来参加。","每周四・周五/21:00/ZOOM
/
/正在筹划线下活动！",无,machine_translated,not_reviewed,
C0187,3497,bfd2cdf30687b97d,绿法会,学术,法律,绿法会是日本规模最大的法律社团之一。我们分为10个研讨组，每周开展活动。第5、6节课进行法律科目的讲座，之后会举办大家都能乐在其中的联谊活动。无论是早庆棒球赛的助威、每年两次的集训，还是早稻田祭的摊位经营，全年都有丰富多彩的活动，绝不会让您感到乏味。欢迎大家前来参加研讨组说明会。每个研讨组都有其独特特色，相信您一定能找到适合自己的小组。迎新期间，我们会举办赏花会和联谊会等活动。大二、大三的学长学姐们也会到场，请大家放心参加。今年迎来80周年的绿法会，将于10月邀请知名校友举办庆祝晚会。我们热切期待与众多新生共同迎接这一重要里程碑。若想在法学院度过充实的学生生活，加入绿法会绝对是明智之选。请多多关照！?,周三、周四、周五,无,machine_translated,not_reviewed,
C0188,3496,0c9094080b5f9e6f,创法会,学术,法律,大家好！我们是早稻田大学三大公认法律社团之一的“创法会”！创法会是一个拥有68年历史、底蕴深厚的法律社团！ 本社团每周举办3次活动，从由大三学生主讲的高质量法律讲座，到各类活动应有尽有！每年3次合宿（夏季合宿、冬季合宿、迎新合宿）、校内法律辩论会及与其他大学联合举办的法律辩论会、邀请活跃于各领域的创法会前辈参加的校友会、为即将毕业的大四学生举办的欢送会……活动多到这里根本写不完！！ 而创法会最大的亮点，在于加入后能长期留下的成员非常多！这也说明同届成员之间、以及前辈与后辈之间的关系都非常融洽！大学生活只有一次，何不来创法会度过这段时光呢？？？,讲座：周二、周三、周四/16:30〜18:00（本年度春季）,无,machine_translated,not_reviewed,
C0189,3499,7a9a9dcd783648a1,民法研究会,学术,法律,我们民法研究会将通过通俗易懂的讲座和充实的考试对策，全力支持您的学习。我们的讲义质量被誉为法学部第一，是大家梦寐以求的本科生必备讲义。虽然大家常以为“民研”只顾学习，但其实我们也有许多有趣的活动！ 除了春夏两季的集训外，我们每月还会举办一次聚会，大家还会一起去水族馆、迪士尼乐园、动物咖啡馆等各种地方游玩。我们每天都在努力打造一个温馨如家的法学院绿洲。让我们一起在民研度过最棒的大学生活吧！民法研究会是早稻田大学的法律社团。通过考试辅导、每周一次的讲座以及学长学姐的指导等，我们致力于拉近法学院学生与法律之间的距离。 讲座结束后，大家会一起去吃饭或游玩。此外，还有合宿、早稻田祭、模拟法庭等丰富多彩的趣味活动。当然，我们以认真学习为前提，但玩的时候就要尽情玩！民法研究会将让你的法学院生活更加丰富多彩。,每周二/16:30起/3号馆、11号馆,无,machine_translated,not_reviewed,
C0190,3500,72801d8fba37326f,刑法研究会,学术,法律,"刑事法研究会是一个自1949年延续至今、历史悠久的法律社团。我们的前辈们活跃在各个领域，不仅有法官、律师、检察官，还有国家综合职公务员、大学教授、东京都政府职员等。怀揣着这样的传统，会员们正愉快地度过大学生活。
/
/目前会员约40名，以大二学生为主，大家既充满活力，又多有那种温和可亲的气质。如果你正担心大学社团是否太浮夸，或是聚会喝酒太疯狂，那么这个社团正是我们要向你推荐的，非常希望你能加入。
/
/在活动方面，我们每周邀请研究生进行一次刑法讲座，因此能够聆听高质量的课程。在这里的学习将有助于2017年举办的模拟审判。除了学习之外，每年两次的集训、（轻松的）聚会、纳凉船游以及旁听庭审等有趣的活动也层出不穷。对于在其他法律社团中总觉得格格不入的你，我相信这个自由度极高的社团定能让你感到满意。
/
/去年，由于与民研（※民放研究会）每两年一次的模拟审判活动由刑法研究会主办，因此从夏季集训开始，几乎每周都会进行模拟审判的剧本创作、角色分配和彩排等工作，我们当时主要致力于这项活动。我们随时欢迎法学院的学生加入。",每周五、六、日/不定期/学生会馆,无,machine_translated,not_reviewed,
C0191,3505,03afd788eb397ad2,法律社会学研究会,学术,法律,法社会学研究会是一个旨在让学习法律的学生通过法律学术研究增进彼此友谊的学生团体。虽然我们属于规模较小的法律社团（俗称“中小法社”），但正因如此，我们能够进行大型法律社团所不具备的细致交流，这正是我们的魅力所在。本研究会不仅致力于法社会学及以此为基础的法律基础学科的学习，同时也积极开展实定法方面的学习。特别是针对法律初学者——大一新生，我们会举办以必修科目宪法、民法为核心的学习会，在支持新生学习的同时，也帮助高年级学生加深对法律学的理解。此外，我们还开展合宿、参观法院等活动。此外，位于学生会馆8楼的活动室始终向会员开放，作为开展法学学习及日常活动的场所。书架上不仅陈列着法律书籍等专业书籍和实用书籍，还广泛收录了大量小说等通俗文学作品。活动室不仅作为学习场所，更致力于打造一个舒适的空间，以增进会员之间的友谊。,每周三/第5节课/学生会馆,无,machine_translated,not_reviewed,
C0192,3498,f0cc6287665ff26d,公法研究会,学术,法律,"公法研究会是以法学院学生为主体的法律社团。不仅欢迎法学院学生，也招募法学院以外的学生。
/
/公法研究会与许多法律社团有许多不同之处。首先，公法研究会主要探讨宪法问题。此外，一般的法律社团通常以讲座形式进行课程复习，而公法研究会则采用讨论形式。
/
/公法研究会的最大魅力，果然还是在于这种讨论形式。通常提到学习，人们往往会联想到听老师讲课、读书等输入式学习，而我们则是通过讨论，将自己的想法转化为语言，并向他人进行阐述。这种学习方式不仅有助于法律知识的掌握，还能培养在各个领域都大有裨益的能力。
/
/当然，通过相互讨论，会员之间的关系也更容易融洽，这是一个非常温馨的社团。不妨借此机会体验一下大学特有的学习方式吧？",每周五/18:30起/3号楼·学生会馆,无,machine_translated,not_reviewed,
C0193,3495,80644a1f67756427,萤火虫法学会,学术,法律,萤火虫法学会（通称“萤火虫”）每周举办3次讲座（周一：刑法，周三：宪法，周五：民法），旨在帮助大家顺利通过法学院被认为难以取得学分的考试。在日常活动中，我们认真研习法律知识；活动结束后，大家会一起去吃饭，或参加大约每月举办一次的聚会活动，这种学习与娱乐的鲜明对比正是萤火虫社团的特色。此外，社团人数不多也不少，恰到好处，因此兼具了大型社团的广泛交流与小型社团的温馨氛围，是一个规模适中的社团。最重要的是，对于在8号馆度过大学生活大部分时光的法学院学生来说，能在8号馆找到属于自己的归属感，正是法律社团的独特优势。让我们一起开启充实的“萤火虫”生活吧！,每周一、三、五/18:00起/学生会馆、3号馆等,无,machine_translated,not_reviewed,
C0194,3501,6eee55a71acf7ff4,犯罪学研究会,学术,法律,"犯罪是了解社会的一个切入点。
/
/　我们每年都会确定一个关于犯罪或刑事政策的议题，并每周聚会一次左右进行学习。秋季还会举办成果发表会。去年的主题是“针对问题少年及年轻犯罪者的就业支援——致力于预防再犯与再犯行”。详细报告内容已发布在博客上，感兴趣的朋友请查看。
/
/　此外，我们不仅限于书本学习，还会参观相关设施或拜访实务工作者听取经验。去年我们走访了少年鉴别所以及雇佣犯罪者的企业。犯罪虽常成为人们关注的焦点，但了解其真实情况的机会却很少，因此往往仅凭印象或想象进行讨论。为了不脱离现实，亲临现场考察至关重要。此类实地调查正是本社团活动的一大特色。",每周聚会一次，具体日期由大家商议决定。地点主要在学生会馆的活动室。,无,machine_translated,not_reviewed,
C0195,3509,e7e1387e6d21db60,国际法研究会,学术,法律,本社团致力于参加在日本及世界各地举办的国际法模拟法庭竞赛。过去5年，我们连续作为日本代表队出战最负盛名的Jessup Cup大赛。大一新生通过每周一次的研讨课，由大三学生进行指导，在轻松愉快的氛围中学习国际法基础知识。从大一冬季到大二期间，将正式开始参加各类比赛。2月将参加以宇宙相关国际法为主题的比赛，这是大一学生首次参加正式比赛，将与其他学校一较高下。7月将举行第二次正式比赛——Japan Cup，届时将与京都大学、东北大学、上智大学等强校展开对决。暑假期间将举办Asia Cup，与国外大学的队伍进行英语辩论比赛。进入秋季学期后，将参加前述的Jessup Cup国内预选赛，力争晋级世界大赛。该赛事是此前各项活动的集大成之作。,每周一至周五（其中1天）/14:00起/学生会馆等,无,machine_translated,not_reviewed,
C0196,3510,839a7475023757c3,现代司法研究会,学术,法律,现代司法研究会（通称“现代研”）是早稻田大学公认的社团。作为法学部下属的法律社团之一，其成员均由早稻田大学法学部学生组成。现代司法研究会的活动主要包括考前举办学习会，此外还有日常成员间的交流、律师事务所参访、校内法律辩论会，以及作为执行委员参与每年在厚生劳动省前举办的“根除药害日”活动（与现役律师共同参与）。虽然与其他社团相比，本社团规模较小，各年级约有10人，但除了在早稻田大学校内的活动外，还通过担任“根除药害日”执行委员，与律师共同开展校外工作，活动范围十分广泛。,无信息,无,machine_translated,not_reviewed,
C0197,3599,fd684cab962e465a,Welcome-Law School,学术,法律,通过举办面向法务研究科新生的迎新会及毕业生祝贺会，为学生提供通过司法考试以及此后建立有意义人脉关系的契机。上述活动作为准官方的传统活动，每年都有大量学生、教师以及活跃于法律界的校友前辈参与。此外，近年来我们还加强了与法学院稻门会的合作，致力于进一步深化各届校友之间的联系。虽然司法考试的备考之路漫长而艰辛，但我们相信，通过与相互鼓励、切磋琢磨的伙伴相遇，以及恩师和前辈们的激励，定能克服这一难关。我们怀着希望为选择这条荆棘之路的同道中人营造相互扶持的环境这一愿望，持续开展各项活动。,不定期,无,machine_translated,not_reviewed,
C0198,3601,250d5f9c4551d6ff,Law&Practice,学术,法律,负责法学论文杂志（法律评论）《Law&Practice》的编辑与出版工作。具体而言，我们会邀请本研究科的教师及已毕业的律师等人士撰写论文或参与座谈会，并将相关内容汇编成册，以《Law&Practice》的形式出版。从委托撰稿、编辑、出版、向全国寄送，到筹集活动资金，均由学生主导完成。通过这项活动，可以接触到平时很少有机会见面的老师、律师、法官、检察官等人士。活动成果将以杂志的形式留存下来，而且在查阅资料时，有时会发现被《Law&Practice》引用的文献，我觉得这非常有成就感！希望获取杂志《Law&Practice》或希望加入本社团的人士，请随时联系我们！,除7月、1月外，每月1次／27号馆,无,machine_translated,not_reviewed,
C0199,3605,d4890e48fc0b6685,法学教室　Street Law,学术,法律,"初次见面。我们法学教室Street Law是经法务研究科认可的团体，面向初中生和高中生开展法律教育课程。
/
/所谓法律教育，是指引导学生思考“法律思维方式”、“宪法理念”以及“规则是否必要？”等问题的课程。我们并非采用单向授课，而是精心设计课程，用初中生和高中生能理解的语言，通过对话引导他们进行思考。
/
/尽管选举权年龄下调、围绕宪法的讨论日益活跃、年轻一代发声的机会增多，但现实中仍有许多年轻人对政治和司法漠不关心。我们期待我们的课程能成为大家思考法律问题的契机和素材。
/
/我们通过课程研究、邀请讲师举办研讨会、与授课学校的老师反复商讨等方式，全力投入课程准备工作。
/
/敬请多多关照。",不定期/早稻田校区27号楼,无,machine_translated,not_reviewed,
C0200,3735,c7d20935513b52eb,性别法研究会,学术,法律,这是法务研究科的官方社团。针对性别相关的一般性课题，开展研究发表和讨论。,不定期,无,machine_translated,not_reviewed,
C0201,3795,ca9aa7b8928ad4ff,WLS职业规划平台,学术,法律,"WLS职业画布是早稻田大学法学院公认的律所访问社团。全社拥有150多名成员，在学期中及长假期间开展活动。与官方活动相比，律所访问企划因能更直观地了解律所及律师们的亲切一面而广受好评。我们不仅访问律师事务所，还积极走访企业的法务部门及政府机关。成为法律从业者后，往往很难获得走访各类机构的机会。欢迎加入本社团的活动，探索自己想成为怎样的法律人、想加入怎样的组织，度过充实的早稻田法学院生活！
我们每年都会为新生举办职业发展活动，感兴趣的朋友请务必参加。",不定期,无,machine_translated,not_reviewed,
C0202,3080,5b5d96aa24e0d1b0,生物同好会,学术,自然科学,我们生物同好会分为水生、昆虫、鸟类、两栖爬行动物四个小组，采取各小组前往野外接触自己喜欢的生物的活动形式。例如，水生组开展海钓和礁石采集；昆虫组进行昆虫采集和标本制作；鸟类组进行观鸟活动；两栖爬行动物组则进行野外观察及在家饲养活体等活动。不过，这并不意味着社团内部完全各自为政，我们也会积极组织全员活动，如春季迎新合宿、夏季合宿、秋季早稻田祭参展以及冬季圣诞聚会等。此外，我们每月还会举办例会，互相汇报各小组的活动情况。详情请参阅社团网站、Twitter、Facebook等平台。无论是“虽然喜欢生物，但从未进行过野外考察……”的初学者，还是“高中时曾加入生物社，今年想去房总地区采集昆虫！”的资深人士，都欢迎与我们一同去感受大自然的伟大与魅力！,"活动时间：不定期
/
/
/
/活动地点：户外、学生会馆社团室（E723室）",无,machine_translated,not_reviewed,
C0203,3081,707e8d122e18a571,天文同好会,学术,自然科学,"喜欢悠闲地观赏星空的人聚集在一起开展活动。在每周的例会上，我们会使用社团自有的望远镜在学生会馆的屋顶观测星空，或者去天文馆、天文台等地，开展各种与星星和宇宙相关的活动。为了迎接早稻田祭，我们还会制作大型天文馆。/
///
// 此外，我们还经常举办观星集训活动。在远离市中心的长野或伊豆大岛等地，可以欣赏到满天繁星！无论您是天文达人，还是虽无专业知识但想一睹美丽星空的人，我们都热烈欢迎。这是一个氛围轻松的社团，大家只需按照自己的节奏参与即可。让我们一起观测银河、流星和众多星座吧！",每周三/18:30起/学生会馆11楼,社团网站已关闭,machine_translated,not_reviewed,
C0204,3288,04e4d4f5583c4699,化石矿物研究会(化矿研),学术,自然科学,"化石矿物研究会（化矿研）是一个通过采集和观察化石及矿物来探索地球面貌的社团！
/
/
/
/主要活动内容
/
/・采集活动：每月举办一次。前往关东近郊的产地，进行一日往返的化石及矿物采集。我们选择安全地点，且有经验丰富的前辈协助，因此即使没有化石、矿物采集经验的人也能放心参加。
/
/・集训：主要计划在暑假期间举办。前往平时采集活动无法到达的远方产地进行采集。其魅力在于既能体验与关东截然不同的当地氛围，又能花时间尽情采集。
/
/・早稻田祭：举办化石与矿物的展示及销售活动。
/
/・参观矿物展及博物馆等：参观东京国际矿物博览会（新宿）、东京矿物展（池袋）、国立科学博物馆特别展等举办化石与矿物展示及销售的活动。
/
/・社团活动室活动：这是新冠疫情前开展的活动，目前正在考虑恢复。我们正着手打造一个轻松愉快的空间，大家可以在这里一起观察、品评采集或购买的标本，学习化石和矿物知识。
/
/
/
/无论您是经验丰富的采集者，还是对化石和矿物感兴趣但对亲自采集感到不安、或对产地不甚了解的人，都欢迎加入！本社团的许多现任成员都是在加入化矿研后才开始接触采集的。
/
/只要您喜欢化石和矿物，无论年级或经验如何，我们都热烈欢迎。请随时加入我们！","每月约1次／关东各地的化石・矿物产地
/
/
/
/社团活动室的活动目前正在商讨中",无,machine_translated,not_reviewed,
C0205,3736,1221ac53e181cf57,iGEM - Waseda,学术,自然科学,"为了参加合成生物学国际竞赛iGEM（International Genetically Engineered Machine competition），我们开展研究活动及合成生物学的普及活动。合成生物学是一门通过利用基因重组技术等手段，使生物具备期望功能的“制造型生物学”方法，从而加深对生物系统理解的学科。典型的例子包括制作能发出闪烁荧光或散发水果香气的大肠杆菌。此外，iGEM不仅要求进行实验，还要求通过合成生物学为社会做出贡献。我们不仅为附属高中的学生讲授合成生物学课程，还致力于利用合成生物学技术开展企业项目。通过这些活动，我们能够从本科阶段开始深入学习团队研究、跨学科融合的重要性，以及科学技术与社会的关系。参与活动无需具备深厚的生物学知识。重要的是热情与责任感。无论文科还是理科，我们都期待大家的参与。
/
/
/
/
/
/",学期期间：每周一次会议。具体时间等可协商　长假期间：在Twins进行实验，以及每周一18:00-19:30举行会议,无,machine_translated,not_reviewed,
C0206,3207,990b62fcec9b9b0c,日本文学速记研究会,学术,语言,"我们是一个练习使用特殊文字记录朗读声音的“速记”技术的社团。/
///
///
///
//练习安排在平日第5节课，您可以根据自己的时间灵活参加。高年级学生会根据每个人的进度进行指导，因此即使无法经常参加练习，也能按照自己的节奏掌握速记。此外，我们的活动不仅限于速记练习，还定期举办季节性露营、圣诞派对、外出聚会等丰富多彩的活动。练习和活动均为自愿参加，因此完全可以兼顾学业和其他活动。/
///
///
///
//无论您是想掌握一门特长、尝试新事物，还是希望在大学里找到归属感，我们都热烈欢迎。只要有一点兴趣，请务必来参观！让我们一起享受速记的乐趣吧！！",每周一至周五/17:00～18:40/学生会馆,无,machine_translated,not_reviewed,
C0207,3208,17cba38b48315f0c,英语部 (WESA),学术,语言,大家好！英语部(WESA)是一个拥有70多年历史的官方社团，拥有100多名从大一到大三的成员！本社团以提高英语水平和增进全体成员间的友谊为宗旨开展活动。主要活动包括辩论、讨论、演讲和英语课程这四项。此外，我们还主办了日本规模首屈一指的这些类别的比赛。除了每年4次的集训外，我们还策划了众多活动，尽管社团规模庞大，但依然能与全体成员加深情谊！想要在娱乐和英语学习上都全力以赴、尽情享受学生生活的你！我们在WESA等你！,每周5天（周一至周五）/13:00～18:00（参与时间及频率可自行决定）/学生会馆,无,machine_translated,not_reviewed,
C0208,3206,235468de1dd27bd1,西班牙语研究会,学术,语言,西班牙语研究会成立于1960年，是早稻田大学历史悠久的社团之一。我想大多数人都是进入大学后才开始学习第二外语的。关于“该如何学习”、“推荐哪些词典和参考书”等问题，想必大家都有不少不安。加入西班牙语研究会，这些烦恼将迎刃而解！您可以与自诩为“学霸前辈”的成员们一起探讨不懂的地方，结交共同学习的伙伴。我们的活动不仅限于语言学习，还涵盖了节日志愿者服务、西班牙料理制作等丰富多彩的内容。近年来，我们很荣幸邀请到教育学部复合文化学科的后藤教授担任会长。这位教授对西班牙语充满热情，说不定还能为你提供专业指导哦！？只要有一点点兴趣，请务必来社团活动室看看。,时间将根据每学期部员的日程安排协商确定。活动地点在学生会馆E536的社团活动室。,无,machine_translated,not_reviewed,
C0209,3516,eb061aa388a7c3f5,早稻田大学理工英语会,学术,语言,"我们社团的两大亮点在于“能用英语开展活动”和“能与其他大学进行交流”！
/
/
/
/〇英语活动：主要有4种活动！
/
/1.Value Discussion
/
/在讨论环节，我们会用英语围绕从简单的自我介绍到哲学话题、社会问题等各种主题展开交流。这不仅能提升英语会话能力，还能培养逻辑思维能力。与伙伴们就某个话题展开讨论，是一件非常有趣的事情。
/
/
/
/2.导游
/
/顾名思义，这是为外国游客提供观光导览的活动。地点包括皇居、浅草、明治神宫等日本著名景点。通过与母语人士对话，不仅能接触到地道的英语，还能借由交流了解该国的文化！
/
/
/
/3.演讲
/
/在演讲比赛中，除了英语流利度外，演讲内容、表达方式等多种要素都会被评判。因此，若能认真对待演讲，不仅英语能力会大幅提升，演讲技巧和逻辑思维能力等各方面能力也会得到磨练！
/
/
/
/4.PDD讨论
/
/针对指定的社会等主题，用英语展开观点交锋。其特色在于使用图表纸，不仅能提升英语能力，还能显著提高演讲能力。还有机会获得被称为“排名”的奖项哦！
/
/
/
/〇与其他大学交流
/
/本社团的最大魅力，正是『能与其他大学的学生交流』！
/
/其他大学也设有所谓的ESS（英语演讲社），通过参加辩论大会或担任向导，可以与其他大学的ESS成员建立深厚友谊。
/
/
/
/相信你一定能享受愉快的社团生活！",每周一、三、五中的任意两天,无,machine_translated,not_reviewed,
C0210,3488,99e12e61c5a42603,汉语学习会,学术,语言,"用中文轻松地聊天或玩游戏。也可以一起备考中检或HSK等考试。偶尔还会去电影院，也会举办烹饪派对！
/
/
/
/参与者背景多样。成员中既有初学者也有高级者。非常欢迎来自中文圈的人，以及在日本出生的华裔家庭成员。此外，也有许多人在大学期间中途加入。
/
/
/
/每周活动两次，长假期间主要安排各类活动。想来的时候随时来都可以。
/
/
/
/对于既想结交朋友又想学习语言的人来说，这是一个绝佳的社团。欢迎先来体验一次！
/
/
/
/
/
/
/
/
/
/
/
/
/
/
/",每周2次（具体日期不定）/16:30～19:00/学生会馆,无,machine_translated,not_reviewed,
C0211,3076,2f6ce1075954dad0,手语社,学术,语言,早稻田大学手语萨库鲁是成立于1982年的早稻田大学官方认可的社团。社团活动室位于户山校区的学生会馆（E203）。作为春季学期活动核心的“策划”活动，每周一、五第6节课时段（18:55～20:35）在学生会馆举行。活动不邀请外部讲师，由高年级学生负责指导。由于可以跨校交流，不仅早稻田大学的学生，许多其他大学的学生也能愉快地参与活动。秋季学期的主要活动是为举办手语相关活动进行练习。在春季学期的企划活动中，大一新生将与高年级学生一起学习手语；而秋季学期则会举办活动，作为运用春季学期所学手语的实践机会，因此一年下来手语水平会显著提高。虽然大多数成员都是在大学才开始学习手语的，但如今他们都能愉快地用手语进行交流了。,每周一、五/第6节课（18:55-20:35）/学生会馆,无,machine_translated,not_reviewed,
C0212,3487,3a3d8b914e2f67db,Paddy Fielders' Tea Party（实用英语）,学术,语言,"Paddy是一个由怀揣“想在日本提升英语能力！”这一想法的人组成的跨校社团。那么，加入Paddy能获得什么呢？让我们来为您解答！
/
/
/
/1. 实用的英语能力
/
/有人TOEFL和TOEIC的分数提高了，甚至有人拿到了接近满分的成绩！因为以英语会话为主，所以你会变得能和外国人用英语交流（笑）
/
/
/
/2. 留学生朋友
/
/每年秋季我们都会招募留学生。既能与母语为英语的人用英语交流，又能从他们那里学到实用的英语，英语能力自然会提升，还能和他们成为好朋友！虽然一年后留学生会回国，但旅行时他们会充当向导，或者邀请你住进他们家，非常有趣！
/
/
/
/3.其他大学的朋友
/
/Paddy是一个跨校社团，成员来自各所大学（立教、明治、日本女子、家政、圣路加护理、东京女子医科大学等）！这里有很多在早稻田大学无法结识的人。
/
/
/
/4.最美好的回忆
/
/英语会话社团……大家可能会觉得“是不是很刻板呢？”活动本身我们确实会认真进行。活动期间就来练习英语吧！（笑）不过其他时间我们会尽情玩乐！周末总有人组织自驾游，或者大家聚在家里玩。上个月我们还去玩了滑翔伞！（笑）
/
/
/
/5.丰富多彩的活动
/
/除了个人策划的活动外，Paddy的活动策划团队还会举办一年四次的集训（春夏秋冬）、纳凉船、万圣节派对、圣诞派对、赏花等各种活动！",每周二、周五/18:30～20:30/学生会馆,无,machine_translated,not_reviewed,
C0213,3281,f1068811a9a2b7b5,早稻田辩论协会,学术,语言,"WAD是一个进行英语即兴辩论的社团。辩论主题涵盖范围广泛，从身边的社会问题到国际政治议题。在演讲时间内用语言表达自己的世界观，正是辩论的魅力所在。无需具备辩论经验，也不必英语流利。尽管WAD成员中“纯日本血统”（无海外长期居住经历）者居多，且初学者占比较大，但在英语辩论界仍属强队，在国内外赛事中屡获佳绩。通过持续参与辩论，批判性思维、演讲能力和逻辑思维能力将自然而然地得到提升。此外，你将有机会与深谙国际关系的前辈以及其他大学的同龄人在比赛中交流，从而度过一段充满活力的学生生活。如果你想在大学里尝试新事物，何不来体验一下辩论呢？
/
/
/
/
/
/
/
/",每周二、四、五/17:00起（第5节课起）/早稻田校区10号楼或7号楼,无,machine_translated,not_reviewed,
C0214,3212,65afd1bef1dc70e7,早稻田文艺会,学术,日本文学,"早稻田文艺会，简称“Wasebun”，成立于1911年
/
/，是自称早稻田最古老的文艺社团！Wasebun主要以文艺作品的创作及其合评为中心开展活动。写作机会众多，我们积极参与文化节上销售的刊物《裸妇饿鬼》的制作，以及春秋两季文学跳蚤市场的摊位经营等活动。社团内部每月都会举办一次内部合评会。除了文学作品的创作外，我们还举办读书会和学习会，对现有的文学作品进行深入探讨。涉及的领域包括小说、漫画、诗歌、电影等与文字媒体相关的各类文化作品。小说的类型也非常广泛，涵盖纯文学、大众文学、日本文学、海外文学、哲学、现代批评等各个领域。无论想写作还是不想写作的人，我们都热烈欢迎！因为每个社员都在探索自己感兴趣的领域，所以社团氛围非常轻松惬意。我们还会举办集训和娱乐活动。“和泉文学会很棒，请务必来体验一次！”",随时/学生会馆E728,无,machine_translated,not_reviewed,
C0215,3213,929ccaffb728b893,短歌会,学术,日本文学,"短歌会（通称“Wase-tan”）每周二或周五18:30起，在早稻田大学户山校区学生会馆的会议室举办名为“歌会”的短歌评论会及学习会。每年出版一期名为《早稻田短歌》的会刊，可发表短歌连作、评论及单首短歌评等作品。此外，每年春夏两季还会与全国各高校的短歌会联合举办合宿活动，Wase-tan负责担任夏季合宿的干事，全力为合宿增添活力！
/
/本会校友中不乏曾荣获角川短歌新人奖等殊荣的前辈，无论是有经验者还是初学者，都能在此提升对短歌的兴趣与关注。只要是学生，无论来自哪所大学，我们都热烈欢迎，请务必轻松自在地前来参加。",每周二或周五／学生会馆会议室,无,machine_translated,not_reviewed,
C0216,3209,dedd0336f7700802,早稻田大学现代文学会,学术,日本文学,以制作社团刊物《Mare》（涵盖创作、评论、编辑）并面向每年春秋两季举办的“东京文学跳蚤市场”进行销售为核心，同时开展涵盖文学通论、批评理论、哲学、电影、音乐、戏剧等多领域的学习会，深入研读文艺作品的读书会，以及邀请符合会员兴趣领域的人士进行演讲的讲座。此外，夏季还会举办合宿活动。相信大家都有自己喜欢的作家或作品。这里是一个可以思考“喜欢这些作品的哪些方面”以及“为什么喜欢”的场所。虽然我们不能说是一个规模很大的团体，但通过从从事完全不同领域的人那里获得巨大启发，或者与志趣相投的人一起举办学习会，我们能够支持各位会员目前最想做的事情和最想学习的内容。也非常欢迎其他大学的学生和留学生加入。,根据会员时间安排/学生会馆,无,machine_translated,not_reviewed,
C0217,3217,b71489404a36136f,早稻田推理俱乐部,学术,日本文学,这是一个不仅限于推理小说，还涵盖科幻、奇幻、轻小说等各类题材的综合文艺社团。首任顾问正是著名的江户川乱步。毕业生中不乏北村薰、宫内悠介等活跃于业界的专业人士。无论是只喜欢阅读的成员，还是想进行创作的成员，都在这里轻松地开展活动。,不定期/13:00/学生会馆,无,machine_translated,not_reviewed,
C0218,3210,6fe9362371ccabcb,诗人会,学术,日本文学,每月1～2次，以大家各自带来作品互相点评的合评会为主，也会根据当时有志之士的情况举办诗歌作品阅读座谈会等。在东京文学跳蚤市场会发行并分发社刊。除此之外，大家就在学生会馆11楼的沙发上躺着，一边眺望晴空塔，一边各自随心所欲地悠闲度过。我们的座右铭是：仅在创作与阅读方面保持活跃，而其他义务与约束则保持在不会导致崩溃的宽松程度。当然也欢迎同时参加其他社团。无论是全身心投入写作，还是只读完就回家，抑或只是随波逐流发发呆，都无妨。虽然以所谓的现代诗及其创作为主轴，但也欢迎对小说、戏剧、音乐、评论等感兴趣的朋友加入，此外，我们随时招募能够参与社刊编辑的人士。,不定期/学生会馆,无,machine_translated,not_reviewed,
C0219,3218,f49e2eee18716f97,儿童文学研究会,学术,日本文学,儿童文学研究会是由文艺、绘本·手工、诗歌、评论、朗读五个部分组成的综合文艺社团。各小组的活动安排因星期而异：文艺组进行小说创作与合评；绘本与手工组进行绘画及手工制作；诗歌组则围绕指定主题，以诗歌、短歌、俳句等自由形式进行创作与合评；评论组由被称为“报道员”的成员选定文学作品，大家共同交流感想、批评与解读；朗读环节则在新宿区立鹤卷图书馆为到访的孩子们进行纸戏剧和绘本朗读。此外，我们还会举办面向儿童的朗读活动，并为早稻田祭制作宣传册。对创作活动感兴趣的人、想和孩子们一起玩耍的人、想畅谈自己喜爱事物的人齐聚一堂，在自由而愉快的氛围中开展活动。,每周一、三、四、五/18:30/学生会馆　每周六/14:00/学生会馆,无,machine_translated,not_reviewed,
C0220,3749,8c5602b215ad5e31,愁文会,学术,日本文学,愁文会是一个以创作2000至5000字的主题短篇小说（称为“竞作”），并在会员间分享作品并举办感想会为主要活动的社团。竞作频率为每月1至2次，迄今为止举办的竞作主题包括“订单”、“再○○”、“教育”等。此外，每年还会制作两期社刊《白纸》。制作的《白纸》计划在早稻田祭和文学跳蚤市场上进行分发。除了常规的竞作外，我们每年还会举办约两次“字数不限竞作”，取消字数限制，让会员自由创作。提交作品或参加感想会并非每次都必须出席，会员们通常在方便时轻松参与。无论创作经验或阅读经验多少，只要对“写作”创作活动或编辑工作等文字感兴趣的人，都能在此和睦融洽地开展活动！,不定期/线上或学生会馆,无,machine_translated,not_reviewed,
C0221,3132,0ed12b00954c786f,虚竹会,学术,日本文化,虚竹会是琴古流尺八社团。从J-POP到古典本曲，能够演奏各种曲目是我们的魅力所在！每周一可接受专业指导，且免收年会费。这是一个拥有超过100年历史的传统社团。随时可以入会，兼顾其他社团也完全没问题。此外，作为跨校社团，其他大学的学生也可以加入。尺八是一种在竹子上钻出5个孔制成的简单乐器。正因为结构简单，才能发出各种音色，而且音色会因吹奏者而异，每个人都能打造出属于自己的音色，这也是它的魅力所在。虽然刚开始吹出声音会有点困难，但师范老师和学长学姐会耐心指导，很快就能吹出声音。何不在大学里开始一项可以终身坚持的爱好呢？,每周一、周五/13:00～18:00/学生会馆,无,machine_translated,not_reviewed,
C0222,3135,dad281fae4100c62,竹友会,学术,日本文化,"早稻田大学竹友会成立于1920年（大正9年），是一个致力于纯古典日本音乐的团体。提到古典艺术，大家可能会联想到“刻板”、“阴郁”、“古板”等印象，但其实我们历届的前辈们都是完全没有接触过古典艺术的人！热烈欢迎初学者！！此外，最近我们与各种团体进行了合作，对于渴望频繁演奏的人来说，演出机会也很多！（不过，作为社团的正式演出仅限于上学期研讨会和下学期演奏会，因此只想参加这两场活动的人，或者时间比较紧张的人也完全没问题。实际上，这样的成员占了大多数。）
/
/　这是早稻田大学唯一一个在同一个团体中同时进行筝、尺八和三味线演奏的社团。竹友会以春季学期的学习会和秋季学期的竹友会独立演奏会为目标进行练习。此外，每年还有两次集训，分别在春季和夏季。还能去普通社团集训时不会去的地方哦！
/
/　竹友会加入了“早稻田大学古典艺能联盟”和“关东学生三曲联盟”。早稻田大学古典艺能联盟每年举办两次联合演出，分别是春季演奏会和早稻田祭上的演奏会。我们通过合作举办迎新活动和联谊会，积极促进早稻田大学内古典艺能类社团之间的交流。关东学生三曲联盟以每年两次的演奏会和两次集训为中心，举办各类活动。有超过25所大学参与，可以与其他大学进行交流哦。
/
/　竹友会作为拥有96年历史的团体，各年级之间的交流也非常活跃。总之这里氛围温馨，欢迎所有人加入！！我们还有宽敞的社团活动室！只要对古典艺能有一点兴趣，请务必来参加练习！基本上每周六都会进行练习。这里拥有随时可以练习的环境，因此即使忙于学业、打工或其他社团活动的人也能兼顾！期待能与大家一起演奏！！！",每周六下午（时间可调整）/学生会馆,无,machine_translated,not_reviewed,
C0223,3789,aa0abf6c7f2e74fc,早稻田大学宝生会,学术,日本文化,我们是能乐社团——早稻田大学宝生会！我们正在悠闲地练习从室町时代传承至今的日本传统艺术“能”中的舞蹈与吟唱。大家不妨在早稻田大学来感受一下这延续了600年的能乐魅力吧？在专业能乐师的指导下，您很快就能在能乐舞台上翩然起舞；若能与大家一同吟唱那沉静悠扬的能乐歌谣，忙碌的大学生活所带来的疲惫心绪也将逐渐平复……新生月费全免！也不收取年会费。您只需准备一双足袋！登台所需的和服由本会统一提供。在充实大学生活的闲暇时光，请务必光临学生会馆能舞台！“高砂啊，此浦舟扬帆起航，与月亮一同驶向海滨……”社团全体成员恭候您的到来！,每周三15:00～ 学生会馆能剧场B107 葛西能乐师排练舞台（不定期）,无,machine_translated,not_reviewed,
C0224,3130,2d19f99b1dba42d3,观世会,学术,日本文化,"以每周两次的自主练习和每月两次的师範指导练习为中心，开展练习、研究及推广活动。
/
/
/
/每月举办一次发表会，但参加与否自由。练习频率也自由。最快半年即可开始练习舞囃子，一年半即可开始练习能乐。
/
/
/
/自成立以来，本会一直发行研究刊物《切戸口》，不仅拥有众多从事研究及戏剧工作的校友，本会出身的能乐师也持续活跃于业界。
/
/
/
/本会与12个其他大学的能乐社团共同登台演出，即使不善言辞，也能结识心意相通的伙伴。","周一　110板の間／周四　B107能舞台
/
/
/
/师範稽古　銕仙会能乐研修所（表参道）",社团网站已关闭,machine_translated,needs_review,Japanese kana remains (1 chars)
C0225,3133,2cdecb1283a89cda,金春会,学术,日本文化,"金春会主要练习能乐中被称为“仕舞”的舞蹈以及谣唱！不定期邀请专业老师进行指导。
/
/能在大学里学习能乐实属难得，这无疑将成为人生中一段极其宝贵的经历！
/
/每周活动3次！不过，大家可以根据课程或打工等安排，在空闲时间参加活动，而且实际上能每周来3次的成员反而较少。（很多成员还兼顾其他社团！）
/
/每年春夏都有集训，秋季还会在大隈讲堂举办定期公演及能乐工作坊等活动，既充满成就感，也会成为大学生活中美好的回忆！
/
/平时社员们经常一起吃饭，或者悠闲地度过时光哦！
/
/很多人会担心：“能剧是什么？虽然没接触过也没关系吗？”但目前的社员，全都是进入大学后才第一次真正接触能剧的人！
/
/您是否也想体验一下浓缩了日本文化的“能剧”呢？
/
/随时欢迎参观和入部。请随时咨询！",周二、周三 第2～3节课，周五 第6～7节课　早稻田大学 学生会馆 地下一层B107（能剧舞台）,无,machine_translated,not_reviewed,
C0226,3137,057fff5a8d72a579,长歌研究会,学术,日本文化,"每周四，我们都会邀请吉住流的老师，一起练习源自歌舞伎背景音乐的“长唄”。在老师温柔而细致的指导下，大家能愉快地接触传统文化。
/
/除每年两次的演奏会外，还有春夏集训以及与其他大学长唄研究会的交流活动等，活动丰富多彩！无论初学者还是大二以上的学生，我们都热烈欢迎！只要对长唄三味线稍感兴趣，请随时前来。全体会员衷心期待您的到来！
/
/
/
/
/
/
/
/
/",每周四/16:30～21:00左右/学生会馆和室,无,machine_translated,not_reviewed,
C0227,3156,80ee42ede0c940a0,落语研究会,学术,日本文化,大家好！我们是早稻田大学落语研究会，通称“拉肯”。拉肯是一个拥有70多年历史的社团，至今已连续主办了约90届名为“早稻田寄席”的大型落语演出！正因为“早稻田寄席”曾邀请过众多知名落语大师登台演出，所以在落语爱好者中颇具盛名……！ 目前，我们的活动以“欣赏”和“表演”两大支柱展开！在欣赏方面，我们每两个月举办一次“欣赏会”，每年举办一次“早稻田寄席”，邀请专业落语家登台，让大家近距离欣赏落语，从而“深度体验”落语的魅力。而在表演方面，我们通过大约每两个月举办一次的“社员现场演出”，在观众面前展示平日练习的成果，以此“磨练技艺”。无论想看落语还是想表演落语的人，让我们齐聚一堂，互相激励，共同了解落语吧！知识这种东西，只要乐在其中，自然就会随之而来。落语是大众娱乐，所以别想得太复杂，大胆尝试吧！没有经验或缺乏知识的人，也请踊跃加入！,每周三、周六/14:30/学生会馆,无,machine_translated,not_reviewed,
C0228,3316,5d2fba6da0b7d711,下悬宝生会,学术,日本文化,我们是专攻“脇方”的社团“下悬宝生会”！所谓“脇方”，是指能剧中一种特定角色的专业角色。那么，这个角色究竟是什么呢？如果说“主角”是来自彼岸的存在，那么“脇方”则饰演现世的人类。因此，它承担着类似故事讲述者的角色。话说回来，虽然“脇方”如此重要，但在全日本范围内，能作为大学社团进行“脇方”排练的，唯有“下悬宝生会”一家。而且，我们每周都能免费接受专业老师的指导。在日常练习中，我们会练习能剧中的合唱部分——即“谣”。此外，我们还进行作为“脇”角色实际登台演出的排练。排练时间为每周一18:00起，地点在板之间110室。随时欢迎前来参观或体验！,每周一/18:00/学生会馆板之间110,无,machine_translated,not_reviewed,
C0229,3131,ae2b10b0f4ad4415,狂言研究会,学术,日本文化,“狂言”是拥有600多年历史的日本喜剧。我们学习并排练狂言，除每年两次的自主公演外，还在众多舞台上进行演出。本社团的创始人正是那位野村万斋先生的父亲——野村万作先生。至今仍由“万作会”的老师们指导排练，双方保持着活跃的交流。我们的目标是享受狂言带来的欢笑，并借助学生的表现力将其在现代社会推广开来。虽然规模不大，但社员大多来自不同大学或同时参加多个社团，这种高度的自由度也是本社团的魅力所在。我们与早稻田大学乃至全国范围内的各类狂言、能乐社团交流活跃，人际网络不断拓展。排练完全自由，欢迎大家随时来玩！,每周二・学生会馆B107能舞台／每周五・学生会馆110板之间／18:00～22:00（自由参加）,无,machine_translated,not_reviewed,
C0230,3093,740c459bc3c0b343,漫画研究会,学术,日本文化,"■主要活动：
/
/集训：春、夏两期＋若干劲十足，冬季亦有
/
/会刊：《早稻田漫》每年制作发行两期
/
/此外，各时期活动丰富多彩。
/
/■会费：永久免费！
/
/●会费免费？世上哪有这么好的事。
/
/→眼力真好。你猜对了一半。我们是在秋季的早稻田祭上疯狂画肖像画来筹集部费的。无论是画画还是招揽顾客，都让人累得够呛。
/
/
/
/●那不会画肖像画的人不就没用了吗！
/
/→当天不会画肖像画的人也会全力投入招揽顾客，所以请不必担心。",每天/社团活动室,无,machine_translated,not_reviewed,
C0231,3136,026e05d059814337,稻吟会,学问,日本文化,"大家好！稻吟会作为传统艺术社团，开展诗吟、剑舞、扇舞的练习与表演。如果你在想“诗吟是什么？”，不妨上网查查！剑舞是配合诗吟挥舞长刀！超帅气！扇舞则是手持扇子优雅起舞！非常优美！会员和前辈们都会耐心指导。热烈欢迎初学者！绝大多数会员都是从零基础开始的！每年两次的集训中，我们会前往位于神户的师父道场。除了集训之外，师父也会来大学指导我们。
此外，稻吟会拥有4个友好社团，这在大学社团中实属罕见，我们与“思惟之森会”、“早庆战支援会”、“鹰志会”、“早稻田精神昂扬会”（均为公认社团）的成员们保持着交流。因此，加入稻吟会就能体验到早稻田大学的全部特色活动！早庆战、百海、早稻田祭等精彩活动层出不穷。当然，我们也有许多与其他大学诗吟社团交流的机会，东至庆应义塾大学、明治大学、东京大学，西至关西大学、龙谷大学、冈山大学！
此外，我们还配备了宽敞舒适的社团活动室！欢迎将其作为您校园生活的据点。据说因为太过舒适，甚至有会员“安家”在社团活动室里……
虽然提到传统艺术可能会让人觉得有些刻板，但我们的日常活动其实非常轻松自在！请务必来稻吟会，体验没有“强制”要求、完全适合自己的社团生活！",每周五/第3-5节课（13:10-18:40）/学生会馆,无,machine_translated,not_reviewed,
C0232,3149,b37b38060079abfb,生花研究会,学术,日本文化,生花研究会每周二进行生花（池坊流）的练习。时间为17:00至20:00，每次都会邀请池坊流的老师前来指导。练习地点在学生会馆的茶室，大家在榻榻米房间内，于宁静祥和的氛围中进行练习。社团人数不足20人，规模相对较小，因此大家关系融洽，练习时老师也能给予充分的指导。本会不限年级、院校，无论是否有经验均可加入，近年来也有许多留学生加入。因此，特别推荐给想学习日本文化的留学生，以及希望与留学生加深交流的学生！除了日常练习外，我们还在早稻田祭和大型花展等各类活动中展示作品。此外，我们还会定期举办聚餐会，为会员们提供增进友谊的机会。我们随时接受体验和参观申请，感兴趣的朋友请务必通过本会的邮箱（[email protected]）、X（@ikeken_waseda）或Instagram（@ikeken_waseda）的私信联系我们！全体会员期待您的到来。,每周二/17:00至20:00/学生会馆茶室106,无,machine_translated,not_reviewed,
C0233,3729,d40c3b2c4a041c3f,早稻田大学筝曲研究会,学术,日本文化,筝曲研究会是拥有超过60年历史、传承生田流传统的筝乐社团。本社团涵盖从古典筝曲到现代曲目的广泛曲目。无论是有经验者还是初学者，我们都热烈欢迎。此外，我们也积极接纳留学生、大二及以上学生以及其他大学的学生。允许同时加入其他社团。日常活动以每周一次的正式课程或练习会为主。在正式课程中，大家能接受专业老师的悉心指导。没有课程的周则会举行练习会。无论前辈还是后辈，大家都在和睦融洽的氛围中共同努力练习。通过集体练习，即使是初学者也能迅速进步。除每年举办一次演奏会外，夏季还有集训活动，并在早稻田祭上进行演奏，各类活动丰富多彩。此外，本社团加入了“早稻田大学古典艺能联盟”及“关东学生三曲联盟”，与早稻田大学及其他高校社团的交流十分活跃。通过这些交流，您将有机会结识同样热爱古典艺能和和乐器的伙伴。各位对古筝稍感兴趣的朋友！加入社团，您就能轻松开始学习古筝。而且，古筝也是一项可以长久坚持的爱好。让我们在筝曲研究会上共度愉快的学生生活吧！期待大家的联系。（邮箱：[email protected]）,每周五/15:00～19:00/学生会馆,无,machine_translated,not_reviewed,
C0234,3353,a912547f10e4cceb,早稻田寄席演艺研究会,学术,日本文化,我们早稻田寄席演艺研究会的主要活动是举办以漫才、短剧等形式为主的喜剧现场演出。定期演出每年在大学周边的会场举办4至5次，每次为期两天。有时也会与其他喜剧社团联合举办演出。演出中呈现的段子全部由社团成员原创，虽然深感创作的艰辛，但为了让前来观看的观众开怀大笑，我们每天都在努力。除了现场演出外，暑假期间我们还会走访日本各地的多家医院，开展志愿喜剧演出活动。在11月举办的早稻田祭上，我们会租用一个教室，由社团成员轮番上阵，不间断地表演节目，举办“7小时不间断现场演出”。,每周二、周五/16:30/学生会馆,无,machine_translated,not_reviewed,
C0235,3358,b6db7cc9ce39e1e8,爱闹别扭的漫画团体,学术,日本文化,"原创社团，通称“伊吉曼”！
无论是否有经验或缺乏自信，我们都热烈欢迎！　我们进行漫画、插画、小说等原创创作，并将这些作品汇编成册出版！
●活动内容
每年制作并发行9~10期社刊《索兰日》
我们发行汇集了团员原创作品的社刊《索兰日》。漫画、插画、小说等，只要是能在纸面上表现的作品，什么都可以！
〇参加夏冬Comiket、COMITIA、早稻田祭并贩售《索兰日》
制作的《索兰日》也会在各同人志即卖会上贩售！　我们每年夏季和冬季都会参加两种即卖会，一年共计参加4次！
在早稻田祭上，我们会包下整间教室，开展各种企划活动！包括新创作作品的展示、《索兰日》及周边商品的贩售、现场绘画等，这些活动都由社员们通力合作进行筹备和运营！
〇夏季・冬季集训
每年夏季和冬季各举办一次为期3天2晚的集训！夏季多在沿海地区，冬季则多在温泉胜地！
无论是观光、放松还是创作，大家都能随心所欲地悠闲度过！
〇此外，还有现场速写会、社团室创作会、聚餐会等丰富多彩的活动！
所有活动均为自愿参加，您可以按照自己的节奏，自由享受创作的乐趣！！
●会费
新生：年会费5000日元＋入会费1000日元
由于需要发行社刊，费用稍高……敬请谅解！",不定期（星期不定）／社团室（学生会馆E827）・Discord,无,machine_translated,not_reviewed,
C0236,3157,e5d195afc594077f,少女漫画研究会,学术,日本文化,以少女漫画为首，我们热爱漫画、动画、2.5次元音乐剧等各类作品。没有固定活动，平时大家会在自己方便的时间聚集在社团室增进友谊。社团室配备了漫画、电视和电脑，是课间休息时的休闲场所。年度活动包括迎新会、早庆战观战、上学期结束聚餐、下学期结束聚餐、早稻田祭企划展示、圣诞联欢会、会刊发行等。发行的会刊会在夏冬两季的Comic Market等活动中销售。所有活动均为自愿参加，因此非常欢迎同时参加其他社团的同学！会刊征稿也热烈欢迎初学者！我们也接受大二及以上年级学生以及迎新期后的入会申请，感兴趣的朋友请随时联系我们！,不定期/学生会馆E531,无,machine_translated,not_reviewed,
C0237,3161,7b3afb180563642d,早稻田大学宝冢歌剧爱好者协会 (早宝会),学术,日本文化,每年3次，负责杂志《梦之花束》从策划到制作的全部工作。夏季会前往正宗的宝冢大剧场进行集训。无论是原本就是粉丝的朋友，还是从未看过演出的人，甚至是男性朋友，都欢迎轻松前来参加！,不定期/学生会馆・日比谷,无,machine_translated,not_reviewed,
C0238,3159,ce5750ce4c7dfbd4,津轻三味线爱好者会　三津巴,学术,日本文化,本社团以“传播津轻三味线的乐趣”为宗旨，每天积极开展活动，是全国罕见的仅演奏津轻三味线的合奏社团。虽然大多数成员都是从大学开始接触三味线的，但由于可以在社团活动室随时自主练习，因此可以按照各自的节奏进行学习。技术方面由前辈以及曾获全国大赛奖项的校友指导，社团氛围融洽，后辈们也容易向前辈请教！因为经常一起练习，社团成员之间的关系非常融洽，而且作为跨校社团，这里汇聚了来自各所大学的人！我们在比赛中屡获殊荣，在每年于青森县弘前市举办的津轻三味线世界大赛中，从2016年到2019年，我们在团体A组实现了连续4年夺冠的壮举。光看这些成绩，大家可能会觉得练习很辛苦，但平时我们都是轻松愉快地一起弹奏津轻三味线。我们不仅参与以早稻田祭为首的校内活动，还积极活跃于国内外：在日间照料中心等福利设施、当地节日庆典、企业活动上演出，甚至每年还会接受数次海外演奏邀请远赴海外演出。只要怀着“大家一起享受”津轻三味线的热情，三津巴就欢迎任何人加入。我们在YouTube上也发布了视频，请务必去看看。相信您一定会被这种乐器的魅力所吸引。,每周五/17:30～19:30/附近设施,无,machine_translated,not_reviewed,
C0239,3116,cde632a2bf7caac5,琵琶社团　琵沙门,学术,日本文化,这是日本首屈一指的学生琵琶社团。我们演奏以雄浑音色为特色的鹤田流萨摩琵琶。在专业老师的指导下，您可以按照自己的节奏愉快地弹奏琵琶。所有成员都是从大学开始接触琵琶的初学者，请放心加入。除了《祇园精舍》、《本能寺》、《敦盛》、《那须与一》等以日本历史为题材的古典曲目外，还可以挑战现代曲目、合奏及原创曲目等多种类型。除常规活动外，我们每年3月、6月和11月举办三次演奏会，并参加古典艺能联盟的联合演奏会“和乐”以及图书馆音乐会。此外，夏季还会前往河口湖等地进行集训。社团活动室配备冰箱、微波炉等生活设施，环境舒适！而且无需自购乐器！无论您是想过悠闲的社团生活，对和乐器或日本传统音乐感兴趣，还是单纯热爱音乐……无论年级或学校，我们都热烈欢迎！,每周二/第4-6节课/学生会馆1楼和室,无,machine_translated,not_reviewed,
C0240,3365,084bbdb3dbf7e7e1,早稻田大学哆啦A梦研究会,学术,日本文化,平时主要欣赏哆啦A梦及其他藤子作品的漫画和动画。4月至5月会举办新生欢迎会，届时可以观看哆啦A梦电影。6月将前往位于川崎市的藤子·F·不二雄博物馆参观。暑假期间会举办夏令营。以往的夏令营去过许多地方，既有与哆啦A梦相关的地点——如哆啦A梦原作者藤子·F·不二雄先生的出生地富山县、拥有“哆啦A梦兴奋天空公园”的北海道、曾举办过哆啦A梦集章活动的箱根等地，也有像爱知县这样与哆啦A梦毫无关联的地方。此外，在9月3日哆啦A梦的生日当天，我们会举办庆祝活动。近几年，我们都会在当天参观藤子·F·不二雄博物馆。暑假结束后，便开始为11月初举办的早稻田祭做准备。往年，早稻田祭期间都会举办“哆啦A梦知识竞赛”，邀请来场嘉宾参与解答关于哆啦A梦的问答题。早稻田祭结束后，我们将恢复日常活动。12月会举办同学会，届时可以与各位毕业生交流。圣诞节前后，我们会去藤子·F·不二雄博物馆参观。春假开始后，我们会去观看每年3月上映的新电影。欢迎所有喜欢哆啦A梦的朋友加入我们！,每周一（时间不固定）/18:15起/学生会馆,无,machine_translated,not_reviewed,
C0241,3350,856f7c785ede9ff0,青年和服会,学术,日本文化,青年和服会每月在学生会馆的和室举办1至2次和服及浴衣穿戴练习！此外，我们还会穿着和服前往浅草、镰仓、川越等地散步，或参加和服相关活动，氛围轻松惬意！即使是初次接触和服的人，经过2、3次练习也能轻松穿好，非常有趣哦♪ 当然也非常欢迎男性和留学生加入！活动内容包括：4月：迎新会举办和服穿戴体验及聚餐；5月左右：参加ICC日本文化活动，让留学生体验浴衣穿戴；6月左右：前往绣球花盛开的镰仓散步；8月：身着浴衣参加纳凉会或烟花大会；9月：前往京都、日光、秩父等地集训，向专业老师学习穿和服的聚会，参加川越风铃活动，11月：在早稻田祭上让来宾体验穿和服……等等！,不指定星期/16:30起/学生会馆和室,无,machine_translated,not_reviewed,
C0242,3607,23d15e15baedba03,茶道社,学术,日本文化,作为早稻田大学首个文化类研究生社团，我们与来自七个以上国家的留学生们一起，每天勤奋地练习茶道。“茶道团队”由位于学研都市的三所大学的日本学生和留学生组成，不分国籍、年龄和所属大学，作为一个团队开展活动。每年都会举办名为“留学生男茶会”的大型茶会，已成为北九州的一大特色。最近还进行了海外巡回活动。通过日本传统文化，人们能够跨越国界建立联系。,每周三至周五/11:00～16:00/学研都市留学生支援网络FORSNET事务所内,无,machine_translated,not_reviewed,
C0243,3621,a594038def533a2e,宝可梦爱好者俱乐部早稻田支部,学术,日本文化,这是早稻田大学唯一一个经官方认证的宝可梦社团！每周的常规活动中，除了玩宝可梦游戏和卡牌外，还会开展各种与宝可梦相关的活动。每月月底，我们会利用宝可梦游戏举办全员参加的比赛。此外，我们还会与其他大学的宝可梦社团举办交流会，因此能结识许多喜欢宝可梦的朋友！除了宝可梦相关活动外，我们还举办聚餐、卡拉OK大赛、烧烤等活动，暑假和春假期间还会举办集训等。今年，社团成员在游戏和卡牌项目中均成功晋级国内预选赛，并成功晋级世界大赛！无论你是想“深度玩转宝可梦”的人，还是单纯“喜欢宝可梦”的人，这里都是一个充满乐趣的社团！感兴趣的朋友请务必联系我们！,每周三/16:30起/学生会馆,无,machine_translated,not_reviewed,
C0244,3738,e283599538f162b0,早稻田大学装束研究会,学术,日本文化,虽然会穿浴衣或和服的人不在少数，但能穿好狩衣或衣冠的人恐怕并不多见吧。狩衣是进行猎鹰或蹴鞠等活动时穿着的、相对活泼的服装；而衣冠则是进宫时所穿装束中较为简化的款式。我们装束研究会是一个能够亲身穿戴、体验日常生活中鲜少接触的平装束的社团。从基础系法开始学习，因此无需任何先备知识，只要经过练习，任何人都能学会穿戴。装束由社团统一提供，无需个人自备。主要活动内容是穿戴练习，在早稻田祭期间还有机会为来宾提供穿戴服务。让我们一起享受这雅致的世界吧！,每周1次・不定期/(若在工作日)18:00起/学生会馆和室,无,machine_translated,not_reviewed,
C0245,3061,86e938ad80fe84ee,国际问题研究会,学术,学术,"今年的研讨论题是“俄罗斯入侵乌克兰、以色列进攻加沙、局势紧张的东亚——探讨美中、美俄激烈冲突的战乱世界”。
/
/
/
/　自俄罗斯入侵乌克兰已过去两年，当今世界在美中对立加深的背景下，局势正日益动荡。自去年10月以色列对加沙发动进攻以来，东亚地区以台湾和朝鲜半岛为焦点，核战争危机骤然升温。
/
/
/
/　面对当今世界中因战争、分裂、贫困和暴政而饱受苦难的广大民众，此刻比任何时候都更需要我们正视这一现实。让我们共同研究，在抵御肆虐的民族主义浪潮的同时，探讨如何解决这些问题。
/
/
/
/　日常活动为每周一次的部会。我们将以报纸和新闻为素材，共同研究最新的国际问题。研究成果将在早稻田祭上进行展示和发表。通过共同研究，构建属于自己的世界观，正是国际问题研究会的精髓所在。无需任何先备知识。感兴趣的朋友请先注册官方LINE账号。",每周一次/学生会馆,无,machine_translated,not_reviewed,
C0246,3059,dce12f9dee352ad4,思考战争、贫困与环境研究会,学术,学术,"我们是一个聚焦当今世界及日本所面临的问题，通过讨论深入探讨的社团。旨在通过这一过程，培养对现代世界危机进行深刻洞察的能力，并建立自己坚实的社会观。本会拥有社团共同研究特有的成就感与乐趣。计划参与实地调研及早稻田祭展览策划。
/
/
/
/〔2024年度将开展以下研究↓〕
/
/　距离俄罗斯对乌克兰发动军事侵略这一世纪暴行已过去两年有余——继以色列屠杀巴勒斯坦民众之后，在东亚地区，美国、日本与中国围绕台湾问题的军事对立也在不断激化。日本的岸田政权如今已完全抛弃“专守防卫”原则，正与美国共同推进建设能够实施先发制人攻击的“战争国家”。
/
/
/
/　本年度，我们将探索一条超越已陷入〈战争与大规模军备扩张时代〉的现代世界的道路。政府与自民党图谋的修宪究竟意图何在？空前的大规模军备扩张实情如何？动员大学进行军事研究的实情又如何？
/
/
/
/　何谓“普京的战争”？　是什么驱使乌克兰民众顽强抵抗？　自称“社会主义”的苏联解体究竟意味着什么？——我们将以“抗击新法西斯主义”为年度主题，围绕这些问题展开研究。
/
/
/
/　我们将不定期举办说明会，欢迎大家前来聆听！　期待您的联系。",每周1～2次／学生会馆E530社团室,社团网站已关闭,machine_translated,not_reviewed,
C0247,3541,33bb50789ff4b46d,早稻田社会环境工学研究会,学术,学术,"早稻田社会环境工学研究会（简称“社环研”）是一个旨在加深对社会环境工学兴趣的社团。该社团由学习社会环境工学的学生组成，该学科是支撑城市与国土的桥梁、隧道、河流及道路等领域的学术研究。
除土木工程相关信息的交流外，主要活动还包括每年举办2至3次的项目参观会、交流会，以及参观优秀土木结构物的旅行活动。在现场参观活动中，我们将前往首都圈内外最新建设项目的施工现场，亲身体验土木工程宏大的规模。这也是聆听施工实况等与实际业务相关宝贵经验的绝佳机会。
此外，会员之间也会策划街头漫步或短途旅行。若具备地理学、民俗学等各类背景知识，那些曾经不经意走过的街道、道路和桥梁，或许会展现出全新的面貌！？
活动基地设在西早稻田校区内，这也是本社团的一大优势。本社团前身为1974年创立的河川研讨班，历史悠久。无论您是否对土木工程感兴趣，只要您热爱城市规划、交通或城市建设，或者正打算开始喜欢这些领域，我们都热忱欢迎您的加入。
【2025年度活动成果】
・涩谷周边街区漫步（6月）
・高速公路建设现场参观（7月）
・机场地下车站施工现场参观（7月）
・印度尼西亚共和国现场考察与城市结构分析活动（8月）
・港口参观（预计2026年1月）",几乎每天 / 西早稻田校区,无,machine_translated,not_reviewed,
C0248,3276,a64c6434c4676347,资格获取者,学术,学术,本社团致力于考取各类资格证书，涵盖可应用于求职活动的TOEIC、簿记等资格，以及房地产交易主任、理财规划师等国家资格，甚至包括忍者检定、大阪烧检定等趣味性资格。作为跨校社团，目前拥有约150名会员。常规活动为每周二和周四的第3、4、5节课，开放学生会馆的社团活动室，进行资格证书考取的学习及信息交流。周末会组织集体考试，每月还会举行一次例会。此外，我们还参加100公里徒步和早稻田祭等活动。在春夏两季的长期假期期间，我们会举办集训，全体参与者共同挑战各类检定考试。2016年夏季集训中，我们考取了烧烤指导员资格；2017年冬季集训中，则挑战了滑雪与单板滑雪检定。大家在相互鼓励、良性竞争中愉快地开展活动。,每周二、周四/13:00～18:00/学生会馆,无,machine_translated,not_reviewed,
C0249,3249,8c1b476286c763ea,教育・教职社团T-team(T-team),学术,学术,我们是早稻田大学公认社团中唯一以教育为主题的教育·教师职业社团T-team。虽然乍看之下显得严肃，但实际上大家在友好的氛围中，来自不同院系的伙伴们共同开展活动！活动时间为每周二、四的第6、7节课，每周两次。活动主要以模拟授课为主，通过实际授课来讨论优点和需要改进的地方。我们还会举办各类活动，帮助大家协作完成选课注册、教师资格档案等教师资格认证的必备手续。社团还组织远足和旅行，是结识志同道合、立志成为教师伙伴的绝佳平台。课后大家也会通过打牌等游戏尽情欢聚……！具体的活动日期和内容会在X（原Twitter）和Instagram上发布。全体社员热切期待着各位新生的加入！,每周二、周四/18:55起/学生会馆,无,machine_translated,not_reviewed,
C0250,3555,341f94463333a635,临床心理学研究会,学术,学术,开展临床心理学学习会及与心理相关的现场志愿活动等。主要活动内容包括：在更生保护设施的更新会上协助SST（社会技能训练），担任板书员、在茶会上与参与者交谈，以及与设施工作人员及SST老师进行活动回顾。由于无需具备特殊技能，抱着一种社会见习的心态参加也完全没问题。此外，我们还举办针对临床心理学类研究生入学考试的备考研讨会，内容包括临床心理学关键词总结及历年真题解析等。活动地点将根据参与者情况安排在所泽校区等地。同时，作为闭门不出的志愿者，我们还参与名为“KHJ西东京‘萌之会’聚会场所Cosmos”的闭门不出的自助小组月例会，以及学校学生志愿者活动等。,每月第1、第3个星期日/8:30〜11:00左右/从高田马场站步行15分钟,无,machine_translated,not_reviewed,
C0251,3765,2b81101a20d029d2,理工类学术社团Wathematica,学术,学术,"Wathematica（瓦塞马蒂卡）是一个主要在西早稻田校区开展活动的理工类学术社团！对数学、物理、信息等学科感兴趣的学生们聚集在一起，开展自主研讨活动。
/
/
/
/在Wathematica，成员可以自由选择自己想学习的主题，并以研讨会形式进行深入探讨。大学学习若独自进行可能会半途而废，但通过与同伴合作学习，既能保持学习动力，又能加深理解。此外，通过交流会等定期活动，以及每年举办的成果发表会和集训等，还能增进成员间的友谊。
/
/
/
/虽然许多成员来自理工科专业，但近年来来自各院系的成员也在不断增加。即使是文科专业的同学，只要对理工科领域感兴趣，我们都热烈欢迎！
/
/
/
/Wathematica是一个分享学术热情、独立思考并深化理解的场所。感兴趣的朋友请务必参加我们的活动。让我们一起拓展知识，享受新的发现与交流的乐趣吧。",工作日（不定期）/课间或第5、6节课/61号楼学习共享空间等,无,machine_translated,not_reviewed,
C0252,3794,205c0b49706c6e1e,早稻田大学命题社团,学术,学术,"【活动内容】
早稻田大学命题社团（以下简称命题社）开展各类科目的命题活动！从数学、物理、化学、生物等理科科目，到英语、日本史、世界史、现代文等文科科目，甚至还有成员专门命题家庭科或信息学等冷门科目！？当然，不仅限于高中范围，初中甚至小学范围也完全没问题！来创作属于你自己的原创试题吧！
【参与方式】
我们曾成功创立过“全国出题社团联合会”！目前设有汇集了全国各出题社团的Discord服务器。这是聆听各方见解的绝佳机会！！
每年举办两次集训。除了出题活动外，通过联谊等活动，大家也能不分年级地增进友谊！
在早稻田祭/理工展上，我们会出售成员制作的原创习题集。你最推荐的题目，要不要也收录到习题集中呢！？
与其他大学的交流也很活跃！过去曾举办过合作模拟考试和早庆战等活动！！
【本社团的特点】
任何科目的命题都OK！
因为是跨校社团，所以其他大学的学生也欢迎！
不擅长喝酒！","周一、三、四的第5、6节课
通常使用3号馆的教室！",无,machine_translated,not_reviewed,
C0253,3088,17bb71d203be8041,铁路研究会(WRC),学术,兴趣,早稻田大学铁路研究会(WRC)是日本规模最大的大学铁路研究社团之一。除每月一次的例会外，全年还举办夏季集训、早稻田祭参展等各类活动，聚集了众多铁路爱好者，加深彼此间的交流。成员构成丰富多样，从入门者到资深爱好者皆有，每位会员都以各自的方式深化对铁路的见解。虽统称为“铁路爱好”，但其涵盖范围广泛，包括摄影、模型、车辆研究等。因此，本会设立了可根据个人兴趣开展活动的“分科会”，在其中针对特定领域进行更深入的探索。本会的主要活动包括：迎新期间举办赏花会、模型驾驶会、包租列车运行及合宿，热烈欢迎新生加入。夏季集训采用当地集合、当地解散的形式，成员们可自由规划旅行路线，期间必定会安排车辆基地参观活动。我们每年都会参加早稻田祭，展示汇集各分科会智慧的巨型铁路模型布局、铁路摄影作品及零部件等。此外，我们还发行会刊《Switcher》，向外界发布各会员的研究成果。此外，我们还接受杂志、电视台等媒体的采访，并承接与铁路相关的工作委托，这些唯有在WRC才能体验到的独特经历，正是本会的特色。只要有一点兴趣，请务必随时光临学生会馆的社团活动室！,每周一至周六／学生会馆 E516室（自由参加）,无,machine_translated,not_reviewed,
C0254,3277,e6be91b5ce63f8f2,学生食堂研究会,学术,兴趣,成立于1999年，是日本历史最悠久的校园食堂研究社团。我们使用社团独创的调查问卷对校园食堂进行评价，每半年发布一次校园食堂排行榜。该排行榜备受瞩目，过去曾与《早安电视》、《世界商业卫星》、《周刊朝日》、《J-WAVE》等多家媒体合作！全年不仅走访早稻田大学，还会巡访各大学校园食堂。此外，我们每半年（8月、9月及3月）会分别举办一次集训。大家会前往平时难以到达的远方校园食堂，共同体验与平日研究活动截然不同的乐趣。每周约2至3次，全体成员都会以轻松自在的节奏参与日常活动。入会条件之一是需参加3次日常校园食堂活动，所以请先轻松地来体验一下吧！,不定期/东京都内的学生食堂,无,machine_translated,not_reviewed,
C0255,3486,e1e4afe75e9d23e1,特摄评议会,学术,兴趣,本会作为特摄作品的“纯观赏”团体，是一个广泛观看运用特摄技术的影像作品的社团。本会的宗旨在于：第一，在与周围人产生共鸣的同时享受影像观赏的乐趣；第二，重新发现作为日本传统技术的特摄的价值；第三，对作品的艺术性与表现性进行分析性评价，并从作品中发掘新的价值。作为成果，我们自费出版了以各种主题为基础的评论集，并于每年两次在Comic Market上进行分发。本会的活动分为常规活动和特别活动，常规活动中作为固定项目观看3至4季的作品，特别活动则随时参加与特摄相关的各类活动。此外，春季会策划大型巡回活动，夏季则举办集训，本社团不仅致力于满足兴趣爱好、深化知识储备，会员间的交流也十分活跃。根据活动内容，我们不仅关注特摄，还会涉猎动画、电影等各类影像作品，以此拓宽成员视野，同时培养审美眼光。,每周三16:30起・每周六13:00起/学生会馆,无,machine_translated,not_reviewed,
C0256,3799,9af6186693b4df9c,无,学术,兴趣,无信息,无信息,无,machine_translated,not_reviewed,
C0257,3800,9af6186693b4df9c,无,学术,兴趣,无信息,无信息,无,machine_translated,not_reviewed,
C0258,3801,9af6186693b4df9c,无,学术,兴趣,无信息,无信息,无,machine_translated,not_reviewed,
C0259,3802,5264a1e14a711a3c,早稻田大学幻想乡研究会,学术,兴趣,"我们是早稻田大学的东方社团“幻想乡研究会”，通称“Geso研”！
/
/
/
/・活动内容?〈线下活动〉
/
/在日常的线下活动中，我们会玩东方Project的原作射击游戏，以及东方的二次创作桌游等！
/
/此外，除了上述活动外，我们还会在上课日的放学后不定期举办小型活动！
/
/
/
/・活动内容?〈线上〉
/
/交流主要使用Discord，通过语音直播原作内容，或多人一起玩东方TRPG等！
/
/
/
/・活动内容?〈参加活动〉
/
/每年5月和11月，我们都会以社团身份参加在东京国际展示场举办的“博丽神社例大祭”！
/
/在例大祭上，我们会制作并发行社团合刊《幻想念报》！
/
/此外，我们也每年参加早稻田祭，并准备了原作试玩等各种企划！
/
/
/
/・活动内容?〈合宿〉
/
/在长假（春季、夏季）期间，我们会组织社团合宿！
/
/合宿期间，我们会进行东方圣地巡礼，大家一起玩桌游或沉浸在原作世界中！
/
/至今为止的合宿地点主要有诹访、京都、日光、佐渡等地！
/
/
/
/・会费
/
/会费按年度收取。金额虽随年度有所变动，但大致在2000~3000日元左右。
/
/
/
/・入会
/
/全年接受入会申请！欢迎其他大学的学生及留学生加入！
/
/请通过“Geso Ken X(@studyoftoho)”的私信或Gmail联系我们！","线下活动每月约1～2次（13:00～19:00左右）／学生会馆、教室、早稻田周边的会议室等
/
/此外，还会不定期举办小型活动。同时，我们也在Discord等线上平台进行交流。",无,machine_translated,not_reviewed,
C0260,3803,9af6186693b4df9c,无,学术,兴趣,无信息,无信息,无,machine_translated,not_reviewed,
C0261,3804,9af6186693b4df9c,无,学术,兴趣,无信息,无信息,无,machine_translated,not_reviewed,
C0262,3798,0d890b05e2ed3925,早稻田大学VOCALOID粉丝俱乐部,学术,兴趣,早大VOCALOID粉丝俱乐部是一个由喜爱VOCALOID等合成音频的学生组成的社团。日常活动包括互相介绍喜欢的VOCALOID歌曲、举办VOCALOID相关问答会、成员们一起去唱卡拉OK等，以此促进社团成员之间的交流。此外，我们还会主办VOCALOID DJ活动，并参加大学祭。若近期有相关活动，除常规活动外，活动内容还将包含相关筹备工作。无论您对VOCALOID的了解程度如何，我们都欢迎加入。此外，作为跨校社团，我们也接受非早稻田大学学生的入会申请。,不定期/17:30/学生会馆,无,machine_translated,not_reviewed,
C0263,3781,25611fd62b3e5e49,早稻田大学VTuber研究会,学术,兴趣,"这是早稻田大学唯一公认的VTuber社团！
/
/
/
/■VTuber企划・运营（VTuber局）
/
/目前正在运营第二代官方VTuber“早弓音さつき”。
/
/此外，第三代官方VTuber的企划也正在筹备中！
/
/企划、模型制作、视频剪辑、宣传等所有工作均在社团内部完成。
/
/
/
/■出版活动（编辑局）
/
/我们参加Comic Market、文学Flea Market等活动，分发社刊《VTrue》和研究杂志《早稻田V学》！
/
/由于允许社内有兴趣的成员作为摊员入场，除了约2小时的值班时间外，入场费由社团承担，大家可以尽情享受活动！
/
/
/
/■与其他大学的交流
/
/我们已正式加入关东V学联（Vユニ），并参与联合活动及交流活动等。
/
/与他校学生结为“推活”伙伴的圈子也将不断扩大！
/
/
/
/■其他活动
/
/只要是会员，只要是与VTuber、VR等社团宗旨相关的内容，都可以提出并实施新的活动！
/
/各活动（项目）将根据需要提供活动经费。
/
/
/
/■会费（社团费）
/
/入会当学期免收会费！
/
/从下一学期起，每学期收取1000日元（全年2000日元）的会费。
/
/所收会费将用于V的运营、出版物制作、图书及设备购置等。
/
/
/
/■标签
/
/虚拟YouTuber，VR，出版，研究，Comiket，文Furi，同人志，早稻田V研，早稻田VTuber研",随时/主要在线上，必要时线下,其他链接已失效,machine_translated,needs_review,Japanese kana remains (5 chars)
C0264,3770,93f7f2a1affab526,早稻田大学占卜研究会,学术,兴趣,"早稻田大学占卜研究会是早稻田大学唯一公认的占卜社团。
/
/
/
/可以学习手相、塔罗牌、西洋占星术、四柱推命、紫微斗数、鲁尼符文、玛雅历占卜等多种占卜术。
/
/
/
/每周二我们都会轻松愉快地开展活动。主要内容包括互相占卜、讨论塔罗牌的解读、以及利用书籍和视频一起学习。活动结束后大家还会一起去吃饭。
/
/
/
/此外，还有在早稻田祭上大受欢迎的占卜会、邀请专业人士举办的讲座、集训以及参加外部活动等丰富多彩的精彩活动！
/
/
/
/参加活动完全自愿。仅参加周末活动或集训也完全没问题。这是一个可以按照自己的节奏，轻松享受乐趣的社团！
/
/
/
/热烈欢迎初学者、其他大学的学生、大二、大三学生以及留学生加入。
/
/
/
/全年随时接受活动参观及入会申请。感兴趣的朋友请通过Instagram或X（原Twitter）的私信联系我们！",每周二/17:30至20:00/高田马场周边,无,machine_translated,not_reviewed,
C0265,3784,e5415c5b6b91cd68,早稻田戏剧研究会,学术,兴趣,"早稻田电视剧研究会是成立于2022年的全早稻田学生社团。
常规活动于每周一在3号馆或租赁场地集合，进行日本电视剧的观影及相关娱乐活动。我们会通过投票选定剧集，大家一起悠闲地欣赏。
除常规活动外，我们还会不定期举办外景地探访及圣地巡礼等特别企划。虽然主要以东京近郊的外景地为主，但也会组织远行探访更远的圣地！说不定你就能造访自己喜欢的电视剧的外景地。
此外，我们还开展电视剧自主制作、剧集资讯发布、参与电视剧群演等多种与电视剧相关的活动。
每年举办两次集训，并举办众多活动，无论是否喜欢电视剧，大家都能乐在其中！
体验和入会随时受理。期待您的联系！",每周一/19:00/3号楼、租赁场地,无,machine_translated,not_reviewed,
C0266,3786,e9387a31c362078e,早稻田乐高积木研究会,学术,兴趣,"作为早稻田大学唯一的乐高社团，我们以每周一次（具体日期不定）为目标开展活动。虽然活动主要集中在西早稻田校区，但也有许多非理工科专业的学生以及其他大学的学生加入！
除了基础的乐高作品外，我们还制作了像《毕达哥拉斯开关》那样会动的乐高作品等，作品种类丰富多样。我们制作的乐高作品会参展校园文化节及校外展览会。此外，除了乐高制作外，我们还策划了乐高专卖店巡游、集训营等各类活动。
社团制作的乐高作品及活动情况会在社交媒体等平台公开，感兴趣的朋友欢迎关注！
无论您是乐高爱好者，还是怀念儿时玩乐高时光的人，即使是初学者也热烈欢迎！
我们全年都在招募新成员，欢迎随时通过社交媒体私信等方式联系我们！","每周1次（具体星期不定）
工作日：17:00～19:00／西早稻田校区
节假日：14:00～17:00／学生会馆",无,machine_translated,not_reviewed,
C0267,3529,7490a2ba73954ad3,早稻田大学宇宙航空研究会,学术,技术,早稻田大学宇宙航空研究会-WASA-是理工学术院公认的最大规模制作社团。本研究会分为四个项目开展活动：以参加“鸟人大赛”为目标，从事人力飞机设计、制作与运用的“鸟人项目”；举办观测会、学习会及制作天文馆的“天文项目”；通过制作飞行器机器人及遥控器的自动行驶控制，旨在整合并发展WASA内部电子设备技术的“电子设备项目”；以及制作模型火箭和罐头卫星的“火箭项目”。本社团历史悠久，成立于20世纪60年代，当时早稻田大学尚未设立宇宙与航空相关学科，其成立宗旨是“不拘泥于学科界限，开展宇宙与航空领域的研究”。迄今为止，本社团已培养出包括日本宇宙航空研究开发机构（JAXA）职员在内的众多杰出校友，并定期举办交流会。目前，本社团与其他大学结成跨校合作关系，与包括已获本社团认可的日本女子大学学生在内的各大学学生共同开展活动。欢迎零基础者！欢迎同时参加多个社团！可根据个人情况灵活安排活动！,每天/租赁场所・学生会馆・手工工坊,无,machine_translated,not_reviewed,
C0268,3540,d957e595a43688e8,早稻田大学微型鼠标俱乐部,学术,技术,"在早稻田大学微型鼠俱乐部（WMMC），在学长的指导下，即使是初学者也能轻松制作机器人！
/
/　社团名称中的“微型鼠”是指小型自主迷宫探索机器人。在早稻田大学微型鼠俱乐部，每位成员都需要亲手制作一台微型鼠。因此，其特点不仅在于能够参与机器人制作的整个流程，还能根据自己的日程安排进行制作。此外，我们还提供已完成设计和编程的标准微型鼠机器人，因此即使是初学者也能轻松制作。
/
/　在制作微型鼠机器人的过程中，可以学习到机体设计与加工、电子电路设计与焊接、以及使用C语言和C++语言进行编程等与机器人制作相关的技术。此外，每年有三次微型鼠机器人比赛，我们的目标就是参加这些比赛。
/
/　此外，除微型鼠外，我们还致力于参加名为“筑波挑战赛”的竞赛，该赛事要求机器人能在筑波市街头实现自主行驶。这项活动由社团成员自发组织，全体成员共同制作一台机器人。
/
/　费用仅需承担机器人材料费，无需缴纳入会费或年会费。夏季和冬季还会举办集训。无论您是机器人制作新手还是有经验者，只要感兴趣，都欢迎前来加入！",・每周六/10:00～17:00/创客工坊　・有志者不定期在学生会馆开展活动,无,machine_translated,not_reviewed,
C0269,3624,68610831613e5291,早稻田方程式项目,学术,技术,我们开展的“学生方程式”活动，是指学生亲手开发方程式赛车（类似F1的单座、开放式轮毂赛车）的活动，作为学生版赛车队，各大学竞相比拼谁能制造出更优秀的赛车。在世界统一规则下，我们以每年一辆的节奏规划车辆，利用三维CAD软件进行设计与分析，并以此为基础通过机械加工和焊接等方式制造车辆，再通过大量路试进行评估与改良，旨在打造出能在日本学生方程式大赛中跑得最快的赛车。大赛不仅考察车辆性能，驾驶技术、燃油效率、成本规划及商业计划也包含在竞赛内容中，这正是为了培养“制造”的综合能力而开展的活动。此外，团队运营所需的资金筹措、零部件与材料的采购、赞助商洽谈，以及目标管理和日程管理等项目管理，也是活动的重要组成部分。亲手打造真正的赛车与团队并非一帆风顺，但正因如此，当团队亲手打造的赛车在眼前飞驰，且速度超越所有其他车队时，那种感动更是无与伦比。如需了解更详细的信息及日常活动情况，请访问团队官网，您的支持与声援将是我们莫大的动力。我们随时欢迎新成员加入！,每天 9:00～18:00 / 西早稻田校区制造工坊（周六、周日常有远征活动！）,无,machine_translated,not_reviewed,
C0270,3547,2d495150cfe1ed47,早稻田计算机娱乐,学术,技术,早稻田计算机娱乐（简称WCE）是一个通过利用计算机进行作品创作，学习编程、插画、3DCG、DTM及游戏设计的社团。自2011年起在早稻田大学开展活动，并参展理工展（大学祭）、Comic Market以及Comitia、M3等活动。自2014年6月起，本社团已注册为理工学术院认可团体。相信有不少人虽然想尝试编程、插画或音乐制作，却不知从何入手，或者觉得独自创作有些寂寞。WCE正是为这些朋友而设——这里聚集着志同道合的伙伴，不仅能指导初学者如何入门，更能帮助大家迈出第一步，走进那个看似遥远实则近在咫尺的创作者世界。对于初学者，经验丰富的成员会耐心指导；活动内容只要是创作即可自由发挥，相信您一定能创作出自己想要的作品。此外，社团还会集体制作完全原创的游戏，在理工展（大学祭）上供大家试玩，并制作插画集、音乐CD参加外部活动，因此即使您有创作意愿却缺乏具体目标，也能在此享受创作的乐趣。您是否也愿意和我们一起，迈出踏入创作者世界的第一步呢？,每周三、周五/18:00起/西早稻田校区,无,machine_translated,not_reviewed,
C0271,3291,a4531eeef5b84cca,早稻田大学ROBOSTEP,学术,技术,大学生活只有一次，何不尝试全身心投入某件事呢？ROBOSTEP是大学官方认可的机器人竞赛社团，以夺得NHK学生机器人竞赛冠军为目标，每天都在积极活动。2015年曾获得NHK学生机器人竞赛冠军，2019年获得亚军，目前已连续5年参赛。由于NHK学生机器人大赛的规则每年都会变更，因此我们每年都会从零开始开发符合新规则的机器人。团队分为“设计组”和“电子组”，分别负责机械设计、加工组装、电路设计及控制等工作，共同打造大型竞赛用机器人。从入部第一年起，新成员即可参加新人赛和社团内部比赛，从基础开始磨练技术，因此即使没有经验也无需担心。我们广泛招募有志向的学生，无论年级、专业或是否有经验。如果你真心想动手制作东西！想参加机器人竞赛！想尝试制作机器人！请务必来参观！,每周三18:00起举行例会，其余时间利用个人空闲课时在“创客工坊”进行活动,无,machine_translated,not_reviewed,
C0272,3042,a4ccf9dd3f80cd99,The Waseda Guardian,媒体・出版,出版,本会以两项活动为核心开展工作。第一项是制作并分发“英文报纸免费刊物”。社团成员提出自己想参与的企划，通过实际采访名人或举办座谈会等方式，创作内容充实的文章。第二是制作并销售面向考生的应援杂志《早稻田魂》。以“唯有现役早大生才能传达的早稻田真实面貌”为核心，社团成员自主策划并执行，制作出让读者乐在其中的杂志。随后将制作的杂志从北海道到九州在全国范围内销售。这些活动的特点在于，撰写文章时可根据内容采访各类名人，并能策划和执行只有学生才能实现的创新企划！,每周二/18:30/学生会馆,无,machine_translated,not_reviewed,
C0273,3641,3c2d5c98691cf45b,早稻田大学大众传媒研究会,媒体・出版,出版,"大众传媒研究会分为企划、采访、设计、文学四个分科会，负责制作免费杂志《Wase-kichi》以及在网站上发布文章。
/
/
/
/　企划分科会根据会员的兴趣和关注点，构思将在《Wase-kichi》上刊登的企划并撰写成文。此外，采访分科会以大学生特有的视角进行采访；文学分科会则由成员各自创作小说或散文，开展着丰富多彩的活动。而设计分科会则基于其他分科会制作的文章，构思版面设计，最终完成《Wase-kichi》。虽然许多会员在文章制作和设计方面都是初学者，但大家从零开始学习诀窍，在与其他成员合作的过程中不断磨练技术！
/
/
/
/　此外，在早稻田祭期间，我们每年都会邀请知名人士举办演讲会或进行专访。过去曾邀请过作家京极夏彦、早见香织，以及作词家、作曲家杉山胜彦等来自不同领域的嘉宾。
/
/
/
/　当然，除了正经的活动外，我们还举办了许多能增进会员之间友谊的活动，如集训和一日游等！　每周有4天的活动，参与频率可以自行调整，因此可以兼顾其他社团。无论你是否对出版或设计感兴趣，我们都热烈欢迎。让我们在媒体研究会上，将你心中的“喜欢”和“好奇”化为现实吧！",每周二、周四、周五/第5节或第6节课/户山校区学生会馆（因课程时间延长，活动时间预计将有所调整。详情将在官方Twitter上公布）,无,machine_translated,not_reviewed,
C0274,3267,08c656ee5d54bd71,早稻田Links,媒体・出版,出版,"我们是公认学生团体“早稻田Links”。以每年春季和秋季各发行一期免费刊物为核心，同时开展网络媒体运营、其他出版物发行及活动策划等工作。
/
/
/
/每期免费刊物都会设定不同的主题（如“选择”/“思考二元对立”/“早晨”/“失去”等），通过访谈、专栏、设计与摄影报道等形式，尝试从多角度探讨这些主题。正因为不标价且免费分发，我们得以在稍远离商业市场的地方，制作出仿佛凝练了学生特有迷茫感的杂志，这正是其魅力所在。
/
/
/
/本刊的特点在于活动范围广泛，涵盖文章撰写/编辑、设计、摄影、视频制作等多个领域。
/
/
/
/我们提供了完善的培训环境，入会后即可掌握所需技能，因此无论您是初学者还是有经验者，只要感兴趣都能大展身手。
/
/
/
/如果您刚进入大学，希望发挥自己的兴趣，或者想尝试一些新事物，请务必来我们这里看看。",每周三第6节课/学生会馆,无,machine_translated,not_reviewed,
C0275,3245,73e9840679622cc8,出版甲子园执行委员会,媒体・出版,出版,"出版甲子园以“让学生参与商业出版”为愿景，致力于将拥有独特创意的学生与出版社连接起来。
主要活动包括向全国学生征集企划，经团体成员数轮评审后，举办由现役编辑担任评委的决赛。优秀的企划将实现商业出版，过去20年间已出版书籍达43册。
我们执行委员负责为大赛进行企划评审及参赛者支持工作。此外，我们还与决赛特邀嘉宾（如知名人士及专业编辑等）等社会人士有大量接触。……虽然这样介绍听起来似乎很辛苦，但请不必担心。前辈们个个都亲切风趣，且十分尊重个人时间安排，非常欢迎大家兼顾社团活动！
“连接想出版书籍的学生与出版社”，您是否愿意来体验这种唯有在这里才能获得的经历呢？","每月一次全体会议。
虽因人而异，但大致每周一次。在户山校区、东京大学驹场校区、线上等地举行。",无,machine_translated,not_reviewed,
C0276,3246,ec08e3809dd81f98,出版团体 ENJI,媒体・出版,出版,"出版团体ENJI是于2009年10月以“改变早稻田的时尚”为理念成立的学生团体。
/
/　主要活动是每年发行3期免费杂志（春夏号、秋号、冬号）。免费杂志中的模特均来自早稻田大学，从发掘模特、搭配造型、协助试装，到摄影拍摄，再到使用编辑软件进行版面排版与设计，所有环节均由我们亲力亲为。此外，活动资金也通过我们自行开展的对外联络活动，由企业及餐饮店提供赞助来筹集。
/
/　社团氛围始终融洽，无论前辈后辈都相处得非常融洽。这里汇聚了众多热爱时尚与文化的人士，大家在欢乐中开展活动！",每周一/18:30/学生会馆,社团网站已关闭,machine_translated,not_reviewed,
C0277,3544,1b4573fac03991e8,Perspective研究会,媒体・出版,传播,"Perspective研究会是以早稻田大学为中心开展建筑巡游的社团。成员来自日本女子大学、横滨国立大学、明治大学、东京大学等各所大学，每月一次以东京都内为中心参观著名建筑师设计的各类建筑；并在春假、暑假期间举办两次为期4晚或5晚的集训，不仅参观东京都内及周边地区的建筑，还会前往地方参观建筑。
/
/
/
/在听前辈讲解的同时，可以领略到杂志和照片中无法感受到的建筑魅力；通过与其他大学学生的交流与信息分享，可以获得思考建筑所需的丰富知识。
/
/
/
/无论您是想学习建筑、想深入钻研建筑，还是非建筑专业的学生、留学生，都欢迎踊跃参加！",每月1次（主要在周六、周日）/东京都内及近郊（视参观地点而定）,无,machine_translated,not_reviewed,
C0278,3145,5a1aa119f82e6639,动画同好会 (WALT),媒体・出版,交流,"动画同好会(WALT)是以观看动画为中心开展活动的所谓“消费型”社团。而且，该社团已获得早稻田大学的官方认可，并被分配了社团活动室。←我觉得这一点很厉害！……活动室内配备了电脑，从过去的动画到目前正在播出的动画，几乎所有动画都能在这里观看。除了动画之外，桌游、漫画、轻小说等资源也非常丰富。因此，除了动漫迷之外，各种类型的“御宅族”都在社团活动室里活跃着。WALT没有固定的活动日期和时间，采取的是会员随心所欲来活动室开展活动的非常自由的活动形式，因此可以根据自己的时间安排参加社团活动。此外，本社团的重要活动成果是“参加Comic Market”。在这个通称“Comiket”的活动中，会员们通力合作制作并销售同人志。/
///
///
///
///
///
///
///
///",会员在社团室时・学生会馆E504室,无,machine_translated,not_reviewed,
C0279,3491,e0875990e5250f7c,早稻田模拟联合国研究会,媒体・出版,传播,简而言之，模拟联合国是一项模拟国际会议的活动。虽然世界各地都有举办模拟联合国活动，但本“模拟联合国早稻田研究会”每周二第6节课起在早稻田大学进行常规活动。此外，还可以参加会议集训、全国大会以及在海外举办的大会！我们不仅全力投入会议，也全力投入娱乐活动，还安排了集训游玩等丰富多彩的趣味活动。如有任何疑问，请通过各类社交媒体或邮件联系我们！,每周二/第6、7节课/学生会馆或大学周边设施,无,machine_translated,not_reviewed,
C0280,3271,573eebbee5cb8199,GLOW,媒体・出版,沟通,除了每月例行活动外，还有每月一次的例会、午餐会、学习会等由成员自发策划的活动；近年来，我们还在早稻田祭上挑战戏剧演出和电影制作，活动形式丰富多样。此外，我们拥有专属社团活动室，课余时间也能在此度过愉快的时光。GLOW正是通过这些丰富多彩的活动，为性少数群体学生搭建起建立深厚情谊的平台。,每天 随时 因社团性质不公开,无,machine_translated,not_reviewed,
C0281,3570,7b2052017820c4e8,在线学习与沟通研究会（ELC）,媒体・出版,沟通,本社团成员主要由通过在线学习（e-learning）修读课程的人类科学部e-School学生组成。因此，我们需要一个同学之间交流的平台，每年都会策划并举办各类活动，为会员提供信息共享与增进友谊的机会。主要活动包括春季入学庆祝会、早庆战助威活动、夏季集训期间的学习会以及研讨班研讨会等。此外，在3月的毕业庆祝会上，师生共同祝贺即将毕业的学长学姐，并以此作为提升在校生学习热情的契机，共度有意义的时光。今后，我们将继续通过上述活动，作为远程学习同学间的“友谊与热情的桥梁”，积极开展各项活动。,不定期/学生会馆・人类科学部教室,无,machine_translated,not_reviewed,
C0282,3750,a15ce53e787772ca,Rethink Fashion Waseda,媒体・出版,传播,Rethink Fashion Waseda (ReF) 秉承“将可持续时尚融入生活方式”的愿景，通过社交媒体发布学生也能轻松融入日常生活的可持续时尚资讯。旨在通过此举，增加更多思考并付诸行动、关注时尚可持续性的伙伴。在主要平台Instagram上，截至2024年，我们已向超过3000名关注者推送信息。此外，我们还通过举办活动（如二手服装跳蚤市场、海滩清洁等）以及与企业合作（如时尚杂志WWD、JanSports、日本经济新闻等），不断拓展学习与行动的广度，致力于为构建更环保、更友善的可持续社会贡献力量。,每月最后一个星期日/21:00/线上（Zoom）,无,machine_translated,not_reviewed,
C0283,3084,597f0b310985cb4f,广告研究会,媒体・出版,大众传媒,"我们广告研究会将广告视为“能够打动人心的事物”，每天都在研究如何通过广告改变日常生活。这一定义的广度直接体现在活动范围的广泛性以及社团成员的多样性上。因此，在广告研究会中，一定有让每个人都想参与的活动。此外，无论文化系还是体育系，各种类型的社团成员汇聚于此，可以说是一个个性非常鲜明的集体。
/
/此外，超过百年的悠久历史也造就了这种人员与活动的多样性。自大正2年（1913年）延续至今的历史积淀，使我们赢得了外界的高度信赖，历届校友中也不乏成就斐然之士。在这片沃土上，我们不仅会根据企业委托的课题制作广告，还会通过大学社团、周边商业街、各类活动等多角度切入，深入思考广告的运用。
/
/广告是“能打动人心的东西”，绝不能止步于纸上谈兵。向外界传播并打动人心，才是我们活动的全部意义。通过与众多人的交流，我们向日本传播广告，并为了用广告点燃日本的热情而日复一日地奋斗着。 　广告制作中不存在“有经验者”这一说法。个性、全身心投入的热情，以及勇于突破的勇气才是最重要的。有时或许会感到艰难。但我们会认真面对广告，探索新的可能性，并持续挑战。正是这样的每一天，构成了我们无可替代的回忆。",每周二、周五/18:30～21:00/早稻田大学校内教室・学生会馆,无,machine_translated,not_reviewed,
C0284,3087,254f5c27bcabbcf0,广播研究会,媒体・出版,大众传媒,我们广播研究会在早稻田大学据称超过1000个社团中规模最大。主要活动大致分为以下两类。第一类是运用影像、音响、灯光设备及播音技术的活动。我们接受早稻田大学校内外的各类团体委托，根据各自需求进行设备操作或担任主持人。典型的例子包括负责早庆棒球赛的音响和主持工作，以及受托在早稻田祭的特设舞台上进行现场操作。第二类是内容制作与企划。我们不仅承接其他团体的公演和活动支持，广播研究会还会自主策划并发布内容。此外，作为展示制作节目的平台，我们每年6月和12月都会举办名为“节目发表会”的活动。具体而言，我们会策划邀请嘉宾进行漫才、即兴问答等喜剧类企划，以及舞蹈等表演类企划，并亲自负责现场运营。早稻田大学广播研究会今年迎来了创立76周年。在悠久的历史中积累的设备知识、制作能力及播音技术，即使在会员数量增加的今天，依然得以传承且未曾衰减。为了广播研究会的进一步发展，每位会员都在积极主动地开展活动。,星期・时间不定/学生会馆,社团网站已关闭,machine_translated,not_reviewed,
C0285,3083,f180a73a71547f8c,播音研究会（WAK）,媒体・出版,大众传媒,从吐字、发声练习、自由对话练习等基础训练，到新闻播报、朗读、台词演绎、广播广告、现场解说、主持、报道、电台主持人等实践性训练，我们致力于探索各种形式的播音活动。还可以练习节目制作所需的设备操作！社团成员约180人，均为早稻田大学学生，男女比例约为1:1。每天都有活动，且自由参加，因此很容易兼顾多个社团。对于“想每天来练习”的人，我们也热烈欢迎。会员们各具特色：有的对声优感兴趣，有的则表示“不，我喜欢播音，喜欢说话”，还有的希望“提升表达能力”等等。我们还举办夏季集训、春季集训、作品发表会、早稻田祭的卫星演播室、社团内部毕业典礼等活动，这些充满大学生活气息的活动能让全体成员感受到团结一致的氛围。在这里，你可以找到志同道合的伙伴，也能邂逅未曾了解的世界！难得的大学生活，体验各种事物非常重要。何不在播音研究会上，培养将这些经历生动讲述的能力呢？比起任何经历，你的声音将成为最有力的武器。,每天（自由参加！）/学生会馆,无,machine_translated,not_reviewed,
C0286,3043,5a40cebd54b58ccb,早稻田体育报社,媒体・出版,大众传媒,“让所有体育社团都闪耀光芒”。早稻田体育新闻会（早スポ）采访了早稻田大学麾下的全部44个体育社团，并通过报纸、官网及各类社交媒体，向大家传递早稻田体育的魅力！无论是对选手的采访、比赛报道的撰写、比赛中的摄影，还是专业的报纸制作，这里充满了唯有在早スポ才能获得的丰富体验。通过报纸的现场分发及社交媒体，我们的文章和照片也广受校外人士的关注。自创立以来持续发行、深受喜爱的这份报纸，将在今年的早庆棒球（春季）特刊中迎来具有纪念意义的第600期！此外，我们还举办许多除采访之外的趣味活动，如集训和体育大会等。无论你是热爱体育的人，还是对媒体感兴趣、喜欢图片制作或摄影的人，这里都是你能大展身手的社团。中途加入也非常欢迎。期待大家轻松地参加迎新活动或联系我们！,（时间视活动而定）各比赛场地/学生会馆/东日印刷所,无,machine_translated,needs_review,Japanese kana remains (4 chars)
C0287,3089,c1dc8d473c493ca6,FM waseda,媒体・出版,大众传媒,FMwaseda是以广播节目制作为核心活动的早稻田大学官方认可社团！我们通过多种形式发布制作的节目。不仅是广播主持人，混音师（录音设备技术员）、导演、编剧以及广播剧配音演员等，所有与制作活动相关的工作均由学生独立完成。活动形式多样，包括在餐饮店及网络上发布广播节目、参加广播比赛、在早稻田祭举办活动等。此外，我们每年还会举办约两次社团集训。由于录制设备的操作方法会在初期就进行学习，因此即使是初学者也能立即参与活动。只要怀揣着“想制作有趣内容”的热情，任何人都能立刻加入。这就是FMwaseda。,随时开展活动/每月举行一次例会/学生会馆,无,machine_translated,not_reviewed,
C0288,3716,1f13d8ea4a771c30,理工展联络会,媒体・出版,策划,我们理工展联络会是一个负责策划与运营每年11月上旬举办的早稻田理工学院校园节“理工展”的校园节运营社团。每周六，我们都会为筹备理工展而开展活动。本社团是理工学院学生限定社团中规模最大的之一。由于成员来自理工学院所有学部和学科，因此为理工学院学生营造了一个非常舒适的环境。除了活动结束后一起吃饭、每年三次的旅行以及社团内部活动等，我们还策划了各种课外活动，因此可以建立广泛的人际关系。理工展联络会的最大亮点就是“活动范围广”。与高中校园节相比，大学校园节的活动范围更广，需要我们从零开始亲手打造。不仅限于校园祭当天的策划，从筹集资金、活动宣传、设备调试到当天人员安排等，甚至能接触到高中校园祭中从未涉及的环节。当然，从零开始打造绝非易事，但正因如此，完成后的成就感远超想象。我们正在招募志同道合的伙伴，共同为“校园祭的成功”这一目标而奋斗。对理工展联络会感兴趣的朋友，欢迎访问我们的网站或社交媒体，了解各类迎新活动，请务必来看看。期待您的加入！,每周六/13:00～17:00/西早稻田校区教室,社团网站暂停更新,machine_translated,not_reviewed,
C0289,3264,38253e6933955ebf,人物研究会,媒体・出版,策划,我们早大人物研究会的宗旨是通过亲自采访活跃于各领域的知名人士，以不同于大众媒体的视角进行报道，挖掘受访者鲜为人知的一面。具体活动内容包括确定采访对象、预约时间、实地采访以及撰写报道等。关于活动流程，会员们会给予细致周到的指导，因此任何人都能放心参与。这是一个既尊重个人意见，又致力于相互促进的充满活力的团队。此外，除了日常的采访活动外，我们每年还会在早稻田祭期间策划演讲会。届时全体会员将齐心协力完成一个企划，相信活动结束后大家都会收获巨大的成就感。,不定期,无,machine_translated,not_reviewed,
C0290,3292,f62be119790ed98d,企划团体　便利舍,媒体・出版,企划,我们是早稻田大学官方认可的策划社团——策划集体便利舍！我们每年约举办5次活动，包括4月、7月以及早稻田祭期间，邀请艺人和知名人士举办脱口秀现场及各类活动。从企划的启动、构思到实际运营，全部由我们自主完成。具体流程如下：首先会举行提案竞赛，成员们展示自己想策划的项目。该竞赛没有限制，可以自由提案符合个人兴趣的内容，或是邀请特定艺人的企划。企划确定后，包括艺人邀约和协调等事宜也由我们自行处理，虽然会很忙碌，但能获得无可替代的宝贵经验。此外，在日常会议中，全体社员会共同集思广益，针对企划内容和节目形式提出构想，并通过实际演练来完善方案。随着活动临近，我们会全天投入准备工作，制作演出所需的幻灯片和视频素材。由于音视频设备的操作也由我们自行负责，因此还会进行彩排练习。正式演出时，我们还会在后台与嘉宾交谈，有时甚至能获得签名！关于制作和设备操作，前辈们会悉心指导，所以即使是初学者也请放心。此外，我们每年还会举办将早稻田祭推向狂热高潮的“早稻田王决定战”。这场旨在评选出最具“早稻田”特色人物的比赛，是早稻田祭的重头戏。活动信息将通过各类官方社交媒体随时更新。,每周一、周五/18:30/学生会馆会议室,无,machine_translated,not_reviewed,
C0291,3345,c2ae64ad93ed94da,早稻田大学动漫声优会,媒体・出版,企划,过去曾主办过《魔法老师！》、《再见绝望老师》、《侵略！章鱼娘》等活动，以及“竹达彩奈＆巽悠衣子早稻田对谈会”等活动，每年吸引约600名观众参与。此外，自2007年度起，我们还邀请了参与动画及动画歌曲制作的相关人士，如渡边真一、佐藤顺一、畑亚贵以及近藤光等人举办免费讲座，策划了与其他动画类社团风格迥异的活动。这些活动不仅是为了举办大家喜爱的动漫相关活动，更是利用我们作为大学生社团的优势，让大家体验未知世界，与伙伴们共同完成目标，感受成就感与团结感，创造充实的回忆。策划运营活动本身就需要处理与企业的谈判、宣传推广、资金管理，以及活动当天的观众入场引导和接待等各项事务。如此宝贵的经验实属难得，必定会成为大家成长的养分。喜欢动漫、声优，以及“对举办活动感兴趣的朋友”，何不尝试站在活动主办方的角度呢？我们衷心期待充满热情的各位加入。,每周三（10月起增加周五）/17:00/学生会馆,无,machine_translated,not_reviewed,
C0292,3274,f288147db12d9bd8,早稻田祭运营人员（祭典工作人员）,媒体・出版,策划,"早稻田祭运营团队（祭典团队）是主办并运营日本最大规模校园祭典——早稻田祭的组织。早稻田祭是早稻田文化一年一度的盛典，在新冠疫情前的规模下，曾拥有约20万名访客，策划项目超过400项。即使在新冠疫情期间，我们也通过线上举办或线上线下结合的形式，持续打造展现早稻田文化魅力的舞台。每年我们都会设定体现“早稻田特色”的主题，为当年的早稻田祭增添色彩。
/
/
/
/我们是一个由约600名成员组成的庞大组织。我们的活动涵盖多个专业领域，包括早稻田祭当天的会场布置、对参展团体及个人的支持、与外部机构的联络工作、早稻田祭的宣传及设计制作、自主策划的运营活动方案制定与执行、新领域的开拓，以及内部资源和资金的管理等。我们以“学生自主运营”为宗旨，全体成员齐心协力，为一年一度为期两天的祭典而努力。",每周一、周四/18:30起/学生会馆,无,machine_translated,not_reviewed,
C0293,3278,a9ee1d4a1fd75db1,早稻田灯光秀项目执行委员会,媒体・出版,策划,早稻田灯光秀项目执行委员会（WIP）成立于2005年。最初这是一个旨在与留学生交流的大学官方项目，但如今已由学生主导开展活动。我们不仅为早稻田祭策划灯光艺术创作，还与当地居民交流合作，用灯光装点大学周边。迄今为止，我们曾制作过“发光早稻田熊”，并与J1联赛的川崎前锋队开展过合作。学生与当地居民共同集思广益、通力协作的过程中所建立的纽带，正是本项目最为珍视的。今后，WIP将继续用光芒为早稻田缔造人们相连的笑容。,每周三、周五/18:15/主校区・学生会馆,无,machine_translated,not_reviewed,
C0294,3280,842903478769a903,早稻田项目,媒体・出版,企划,我们“早稻田Pro”是负责策划与运营早稻田大学最大规模时尚活动“Waseda Collection”（通称“Wase-Colle”）的早稻田大学官方认可社团。我们以消除“早稻田女生朴素土气”的刻板印象为目标，致力于展现时尚、华丽且充满个性的早稻田女生魅力，每年发掘并启用早稻田大学的学生设计师与模特，举办数场专业时装秀。此外，Waseda Collection今年迎来十周年，过去曾培养出活跃于模特、播音员等广泛领域的优秀人才。,每周一/第6、7节课/学生会馆,无,machine_translated,not_reviewed,
C0295,3282,1a5c3acdf17cc3b0,Walkin,媒体·出版,企划,本社团是早稻田大学官方认可、面向全校（欢迎其他大学学生加入）的“内部企划社团”。虽然早稻田大学内还存在许多其他企划社团，但本社团与它们截然不同之处在于“面向内部”这一特点。也就是说，这是一个“由我们自己策划、为我们自己而办、由我们自己享受”的企划社团。我们秉承“做些明天能炫耀的傻事”这一口号，认真策划那些第二天能向朋友炫耀的荒诞游戏。Walkin'是一个“实现梦想”的社团，在这里你可以做任何想做的事，实现那些至今想做却未能实现的愿望。“I”无法做到的事，“We”或许就能做到。就是这么回事。例如：金枪鱼解体秀、真人密室逃脱、逃走中、用鲭鱼玩生存游戏、易拉罐大赛、空手旅行等等。,每周三/18:30/学生会馆,无,machine_translated,not_reviewed,
C0296,3771,dfb2d954a54c46f6,TEDxWasedaU,媒体・出版,策划,"TEDxWasedaU的宗旨是“分享创意”。TEDxWasedaU汇聚了来自不同背景、国籍和院系的学生，为他们提供了一个分享创新且有价值创意的舞台。TEDxWasedaU分为财务团队、演讲者团队、设计团队以及市场营销团队四个小组。这四个团队通力合作，共同打造双语活动。我们的主要活动围绕“学生演讲大赛”（Student Speaker Competition）和“主会场活动”（Main Event）展开。
/
/
/","领导团队：每周二/19:00/Wspace 3号馆
/
/财务团队：每周五/17:00/3号馆
/
/市场营销团队：每周一/19:30/3号馆
/
/演讲者团队：每周四/19:00/11号馆
/
/设计团队：每周四/19:30/11号馆",无,machine_translated,not_reviewed,
C0297,3740,a4a41da37bf5c17e,扶轮社,媒体·出版,策划,"这是一个致力于解决高田马场站前环岛广场垃圾散落问题的社团！主要活动包括在工作日的早晨和晚上进行清扫活动，此外还与企业及商店街合作策划活动，通过张贴海报和举办展览来提高公众对问题的认识，并向新宿区提出关于环岛的政策建议等。
/
/
/
/近年来，受新冠疫情影响，街头饮酒问题备受关注，随着高田马场站前环岛被新闻节目报道，我们“环岛之会”也随之受到社会各界的广泛关注。不仅在电视上，还登上了报纸等媒体，可以说这是早稻田大学发展最迅速的社团之一！许多看到上述报道的人都认为，弄脏环岛的是早大生。环岛与早稻田大学的学生息息相关。难道不是我们早稻田大学的学生，才能解决那里存在的垃圾问题吗？
/
/
/
/即使不加入社团也可以参加清扫活动，所以当您想早起时、在附近有事要办时，或者想尝试一些新事物时，请务必轻松地来参加！
/
/
/
/
/
/
/
/
/
/
/",工作日/早上8点（仅周五为晚上10点）/高田马场站前环岛广场,无,machine_translated,not_reviewed,
C0298,3155,265cc6fc62cda192,魔术俱乐部,媒体・出版,娱乐,本社团旨在为每年举办三次的舞台魔术发表会进行准备。发表会分别包括6月由二年级学生举办的“家庭派对”、9月由一年级学生举办的“魔术网络”，以及11月由三年级学生举办的“定期发表会”，均由各年级全体成员共同参与。此外，其他社团成员将作为工作人员提供支持，全员共同打造发表会。虽然临近演出时会有排练等活动，但基本上活动时间是不固定的，因此能够兼顾兼职或参加其他社团，这也是本社团的一大特点。绝大多数社员在加入时都没有魔术经验，因此无论您是何种背景，都能在这里享受愉快且充实的社团生活。,不定期/学生会馆E637,无,machine_translated,not_reviewed,
C0299,3289,df61ab9fb67538a3,计算机研究会・WINC,媒体・出版,娱乐活动,这是早稻田大学内历史最悠久的IT社团！即使没有编程经验的人，也会有具备专业知识的高年级学长耐心指导，因此可以一步一个脚印地稳步学习并提升技能。除了编程之外，我们还涉及网络和服务器搭建，最近还开展了利用电脑进行的活动，如物联网（IoT）、CG渲染和数字音乐制作（DTM）等。我们重视每位部员想参与的活动，每半年决定一次活动内容，因此大家也能获得专门学习自己想学内容的机会。 日常活动在学生会馆的社团活动室进行，那里配备了电脑，因此即使没有笔记本电脑的人也能进行编程等活动；在没有课程的时间，这里也成为社员们聚会交流的场所。,随时/学生会馆E-731,无,machine_translated,not_reviewed,
C0300,3069,9d2f1fc8700df593,经营信息学会(MISW),媒体·出版,娱乐,经营信息学会(MISW)是早稻田大学规模最大的综合创作社团，致力于编程、CG插画、电脑作曲等数字类内容的全方位创作。会员在社团内隶属于以下其中一个研究小组开展活动：负责游戏开发核心工作的编程研究会、从事插画制作的CG研究会，以及负责电脑作曲的MIDI研究会。会员入会后主要会组建名为“企划”的游戏制作团队，为早稻田祭、Comic Market等发行活动开发各类游戏及应用软件。此外，社团还会发行内部制作的画集和音乐CD，并将使用VOCALOID制作的歌曲PV上传至Niconico动画和YouTube等外部媒体，活动范围已超越游戏制作，呈现出广泛的发展态势。近年来，我们的活动不仅局限于前述研究会的三个领域，还根据会员的兴趣和目标，开展了利用3DCG软件建模、Unity开发、剧本创作、视频制作等新活动。此外，经验丰富的成员会耐心指导初学者的完善机制，也是我们的优势之一。为了实现全新的创作形式，请务必加入MISW！,每周三、周五/18:15～19:45/西早稻田校区52-101,无,machine_translated,not_reviewed,
C0301,3260,f1a4effc41f71d12,早稻田大学万岁同盟,媒体・出版,娱乐,成立于1971年的超名门万岁系社团。以“奔赴全国各地的喜庆场合，让喜庆更添喜庆，并在喜庆的漩涡中随心所欲地享受乐趣”为使命，日夜钻研多达768种（截至2016年）的万岁动作。主要作为迎新送旧会、颁奖典礼及婚礼的助兴节目在全国开展活动，年接单量远超50件。此外，该社团在各类电视、报纸等媒体上的露面经验丰富，虽其真实情况笼罩在神秘色彩之中，却以出人意料的高知名度而闻名。平时主要在社团活动室（现位于学生会馆E709）进行万岁动作的研究与开发，通过每年数次的集训以及参加各类活动的演出积累实战经验，同盟成员从而掌握了卓越的万岁能力。,全国各地的喜庆场所/学生会馆E709,无,machine_translated,not_reviewed,
C0302,3351,2679a728ac2934ad,问答研究会（W.Q.S.S）,媒体·出版,娱乐,周一仅限零基础者，周二面向有经验者的问答活动。其他日子则有“入门问答”等丰富多彩的社团内小团体开展活动！充满个性的成员们正在等你哦！,每周一至周五・隔周周六/15:05〜21:35/学生会馆,无,machine_translated,not_reviewed,
C0303,3757,f5c19b233b29e33a,捉迷藏同窗会,媒体・出版,娱乐活动,"一起玩捉迷藏吧。
/
/
/
/找到啦
/
/
/
/在世界各地玩捉迷藏。",不定期/世界各地,无,machine_translated,not_reviewed,
C0304,3354,504b62d4dfbcea70,模拟游戏研究会,媒体・出版,娱乐,每周六聚在一起玩游戏。如果是桌游或卡牌游戏，会玩MTG或WS等。,无信息,无,machine_translated,not_reviewed,
C0305,3356,b47183bbd1619002,搞笑工坊　LUDO,文化・艺术,舞台艺术,我们“搞笑工坊LUDO”是一个以每月一次、以早稻田大学为中心的现场演出作为段子展示机会，并通过每周两次的社团活动进行段子展示等活动的搞笑社团。除了表演者之外，还有众多负责影像、灯光、音响等现场支持的工作人员，全体成员共同打造现场演出，深受广大观众的喜爱。我们曾多次在大学生搞笑全国大赛中夺冠，其中也有以成为职业搞笑艺人为目标的成员。因此，我们能为大家呈现质量上乘、规模宏大的现场演出，诚挚邀请您前来观赏。此外，无论您希望成为表演者还是幕后工作人员，我们都全年通过邮件等方式接受入会申请，期待您的咨询。我们广泛招募成员，不限经验、大学、性别、年龄及国籍。,每周三18:00、周六16:30起 / 早稻田大学教室,无,machine_translated,not_reviewed,
C0306,3139,00b6a3795698825c,戏剧研究会,文化・艺术,戏剧,早稻田大学戏剧研究会（通称“早大剧研”）是以大隈讲堂后方专属工作室为据点开展活动的早稻田大学官方认可的戏剧社团。其成立可追溯至战前，被誉为早稻田大学历史最悠久的戏剧社团。我们不仅作为演员进行表演，更亲手搭建舞台和观众席，因此拥有丰富的材料资源，并配备了音响照明设备，以校内最大的规模和卓越的业绩而自豪。在如此优越的环境中，我们培养出了许多电影和戏剧界的人才，包括如今备受瞩目的堺雅人、引领戏剧界的剧作家兼导演鸿上尚史，以及早年的电影导演今井昌平等。此外，与其他戏剧社团不同，该社团实行“Ensemble制度”，允许成员在社团内部组建自己的剧团。在此制度下，已孕育出“第三舞台”、“山之手事情社”、“双数姐妹”、“巴西”等众多实力雄厚且广受欢迎的剧团，最近在去年年底，以娱乐性著称的“东京Junk Z”也从这里毕业。随之而来的是，自去年起，为筹备下一期剧团而展开的行动日益活跃。2016年5月至6月期间，该社举办了名为“三ツ巴企划公演集”的活动，由三位年轻主创在短短一个月内强行上演了风格迥异的三部作品；此后也持续积极策划公演，展现出蓬勃的活力。,不定期,无,machine_translated,needs_review,Japanese kana remains (1 chars)
C0307,3143,661f16b02ac54731,舞台美术研究会,文化・艺术,戏剧,"不仅承接早稻田大学校内的委托，也接受校外团体的委托，负责戏剧、音乐剧、舞蹈等活动的舞台装置及灯光设计。此外，每年还会举办两次由舞台美术研究会主办的公演。虽然大多数成员都是作为初学者加入的，但在前辈的指导下，可以掌握专业的技术。
/
/每月举行一次全体会议，但其他活动不定期举行，因此可以根据各自的日程安排参加。无论年龄、年级或就读大学，我们随时欢迎新成员加入。
/
/想要尝试与众不同的挑战、热爱戏剧、喜欢创作活动、想加入专业性强的社团……
/
/有以上想法的朋友，请务必来位于大隈纪念讲堂后方的工作室参观一下！
/
/让我们一起快乐地开展活动吧！
/
/舞台美术研究会的官网请通过电脑版布局浏览。委托事宜请通过官网联系我们。",不定期/大熊讲堂后方工作室,无,machine_translated,not_reviewed,
C0308,3140,96f9666ff9785363,歌舞伎研究会,文化・艺术,戏剧,这是一个拥有70多年历史、传统悠久的歌舞伎鉴赏社团。其“家训”是：“学生应始终以观众的立场来欣赏、研究歌舞伎，并据此发表见解、提出建议”。正如这句箴言所言，自创立以来，本社始终贯彻“观剧专业”的理念，主要以在歌舞伎座等地举办的团体观剧会为中心开展活动。近年来，本社团积极与其他大学的歌舞伎研究会开展交流，会员群体涵盖从歌舞伎观剧初学者到狂热爱好者，这一广泛的会员构成也是本社团的一大魅力。此外，社团活动室备有丰富的歌舞伎珍贵资料，每位会员均可自由查阅，正如社团名称所示，可以对歌舞伎进行“研究”。何不与我们一同观赏兼具传统与革新魅力的、日本引以为傲的歌舞伎艺术，尽情领略其风采呢？随时欢迎加入。,不定期/主要在歌舞伎座等剧场,无,machine_translated,not_reviewed,
C0309,3141,7e08030715057034,剧团“Kodama”,文化・艺术,戏剧,"这是一个拥有位于早稻田大学大隈讲堂后方专用排练室、历史悠久的剧团。在早稻田大学内，拥有专用排练室的只有剧团“Kodama”和戏剧研究会。正因为是“Kodama”独有的排练室，所以365天都能尽情投入戏剧创作！该剧团培养出了众多活跃于各领域的知名人士，近年来还积极举办邀请其他剧团及职业演员参与的工作坊、两地巡回公演等活动！
/
/欢迎其他大学的学生及社会人士加入！",不定期/放学后/早稻田大学大隈讲堂后方“Kodama”剧团工作室,无,machine_translated,not_reviewed,
C0310,3324,50d6e58141ecefa3,（剧团）森,文化・艺术,戏剧,"成立于1960年左右。虽然写作“森”读作“Shin”，但剧团成员中无人知晓名称的由来。
/
/作为早稻田六大戏剧社团之一，其规模也是最大的。
/
/每年举办3次正式公演（春季迎新公演、夏季新人公演＋另1场）以及多场企划公演（不定期）。由于每场公演的剧本和导演都会更换，剧团本身没有统一的创作方向，但从地下剧到现代口语戏剧，呈现了多种多样的舞台，公演的多样性是其特色。
/
/从演员到幕后人员（灯光、音响、舞台美术、舞台监督、制作），再到编剧、导演，都能获得广泛的实践经验，因此可以开展适合自己的戏剧活动。此外，自由客串外部剧团、自由策划、想参与时随时参与等自由氛围也是本团的一大特色。
/
/无论年级、大学、年龄或职业，我们都欢迎任何人加入。如果您有兴趣尝试戏剧，请务必来玩玩看！",不定期／学生会馆,无,machine_translated,not_reviewed,
C0311,3322,cab9929f5ca11363,（剧团）康采尔特,文化・艺术,戏剧,"1971年，由曾在东京大学和早稻田大学教授俄语的野村塔季扬娜老师及其学生共同创立了康采尔特剧团。最初以短剧、诗歌朗诵、合唱等形式，以俄语交流为目的的“学艺会＝康采尔特”为起点，逐渐开始挑战正式的戏剧作品。目前以早稻田大学为据点，汇集了来自其他大学的俄语学习者，持续举办每年两次的定期公演（新人公演、本公演）。
/
/
/
/自1999年起，剧团接受白俄罗斯导演娜塔莉亚·巴尔沙伊女士的专业发音与表演指导，近年来上演了《活死人》（托尔斯泰）、《黎明之星》（加林）、《聪明的蜜蜂的礼物》（索洛古普）等剧目。
/
/
/
/完全零基础也没问题！前辈们都是进入大学后才开始学习俄语和戏剧的。只要对俄罗斯、俄语或外语戏剧感兴趣，无论来自哪所大学，我们都热烈欢迎！
/
/
/
/随时可以加入。欢迎先来参观！请随时联系我们！",每周一、周四/18:00/早稻田大学户山校区学生会馆・东京外国语大学多磨校区,无,machine_translated,not_reviewed,
C0312,3146,9bbc0f5fdc579f42,（剧团）Teatro 50',文化・艺术,戏剧,这是一个曾培养出“戏剧团体Caramel Box”和“剧团Rappa-ya”等人才的戏剧社团。除了5月的正式公演、9月的新人试演会、3月的新人企划公演外，成员还可以在自己喜欢的时机举办企划公演。不仅演员，所有成员都有机会体验幕后工作，这也是该社团的一大特色。,不定期，每场公演时间不同。社团活动室：E537,无,machine_translated,not_reviewed,
C0313,3319,67467b56d6dec6dd,Omnibus,文化・艺术,戏剧,我们是早稻田大学官方认可的音乐剧社团，每年会演出几次经典音乐剧！Omnibus是跨校社团，因此不仅有早稻田大学的学生，还有来自各大学的学生。平时大家在融洽的氛围中，愉快地一起排练音乐剧。即使没有歌唱或舞蹈经验也无需担心！大家起初都是新手。将排练的成果呈现在舞台上，那份感动简直难以言表！若错过站在舞台上的乐趣，那可就太可惜了！当然，这还不是全部。作为娱乐型音乐剧社团，Omnibus的活动安排也超级丰富！！烟花大会、夏季集训、万圣节派对等，全年都有各式各样的活动。想要享受大学生活，却又觉得光玩耍太单调的朋友！加入Omnibus，既能体验与大家共同打造舞台的成就感，又能享受大家欢聚一堂的乐趣，两者兼得！在Omnibus度过的每一天，简直就是“每天都是文化祭”！要不要和我们一起度过这梦幻般的四年呢？,每周二、周五、周六／周二、周五18:30起，周六16:30起／早稻田大学学生会馆及周边,无,machine_translated,not_reviewed,
C0314,3144,b56ed2976f082568,戏剧俱乐部,文化・艺术,戏剧,"大一暑假期间（6月至9月）进行新人培训，并出演9月举办的新人公演。此后，各社团成员将各自探索戏剧的表达方式，追求属于自己的“趣味”。
/
/
/",每周/18:30／学生会馆,无,machine_translated,not_reviewed,
C0315,3158,54f14db8fd2c537c,默剧 舞☆梦☆踏 (Maimuto),文化・艺术,戏剧,"默剧舞☆梦☆踏是由职业街头艺人Happy吉泽先生于1985年创立的表演团体。
该团体超越了单纯的大学生社团范畴，吸引了其他大学的学生及社会人士参与，主要进行以默剧为核心的表演活动。
在Happy吉泽先生独特的指导下，成员们一边学习仅凭身体就能表现故事的默剧魅力，一边孕育出众多个性鲜明的表演者。
主要活动包括11月早稻田祭的公演、3月的独立公演“Mime Tou Live”，以及校友也参与的“Next U Live”和校外活动的表演等，活跃于各种舞台。
欢迎对戏剧或表演感兴趣、想在大学期间尝试新事物、喜欢有趣事物的人加入！
大多数成员都是在大学期间才开始接触默剧的。
欢迎先来轻松体验一下排练。期待您的联系！",每周二、周五、周日/17:00（可中途参加或离开）/学生会馆,无,machine_translated,not_reviewed,
C0316,3321,6dd598ef90eda020,（剧团）Kurumeru Theater,文化・艺术,戏剧,剧团Kurumeru Theater是早稻田大学六大戏剧社团之一。剧团风格多样，凭借庞大的成员规模，每年举办3场正式公演以及众多企划公演。这里没有严苛的训练，聚集着个性鲜明的人们，大家在和睦融洽的氛围中愉快地投入戏剧活动。其中也有人参与校外活动或创立新剧团。目前仍有许多活跃的校友剧团。此外，不仅限于戏剧活动，大家还会聚集在社团活动室愉快地聊天，一起去看烟花大会，或者去集训，可以与伙伴们一起尽情享受大学生活。当然，也能兼顾学业，参与活动的方式也因人而异。这是一个可以自由享受的社团。欢迎加入“Kurumeru”！,不定期/学生会馆/早稻田小剧场Drama馆,无,machine_translated,not_reviewed,
C0317,3338,0743ae680e39c499,イイムラR,文化・艺术,戏剧,协助其他团体或社团在活动等场合进行物品的搬运工作。当因人手不足导致活动搬运不顺畅，或需要搬运大量物品时，我们通过提供协助来缓解其他团体及社团的人员短缺问题。社团成员大多具备处理木材、木制品及各类器材等高频使用物品的知识，因此能够顺畅且安全地提供协助。此外，社团每年都有充足的人数参与活动，在与其他社团及团体的频繁互动中，我们得以在加深交流的同时开展活动。,不定期,无,machine_translated,needs_review,Japanese kana remains (4 chars)
C0318,3331,ecced63c14994b3c,（剧团）SWANDIVE,文化・艺术,戏剧,每年举办1至3次公演。演出场地通常使用学生会馆、早稻田小剧场“DORAMA馆”。排练也在学生会馆进行。公演时间并非每年固定，而是根据有演出意愿的成员安排场地及排练日程。如简介所述，我们经常与其他社团联合举办公演。我们与工作人员、演员等各类团体及个人保持联系，为呈现更优质的演出而通力合作。具体安排方面，通常在演出前2至3个月开始，每周排练4至6天。虽然是戏剧社团，但允许同时加入其他社团，且氛围非常自由，成员可根据个人意愿选择参与感兴趣的演出。由于人数不算特别多，社团氛围十分融洽。,每周4～6次（演出期间）/第6、7节课/学生会馆,无,machine_translated,not_reviewed,
C0319,3328,81b65c64fd1aef91,（剧团）海绵,文化・艺术,戏剧,这是一个在学生会馆排练的戏剧社团，每年大约会与其他剧团联合在学生会馆举办一次公演。公演开始前约两个月便开始筹备，每周排练5至6次，大家共同创作作品。社员中也有许多戏剧初学者，大家一边通过试错进行表演，一边日复一日地切磋琢磨。 此外，许多成员同时参加其他社团，由于自由活动的时间较长，大家各自参与着各种各样的活动。在去年3月的公演中，我们邀请了其他团体的演员加盟，由这群个性鲜明的成员们免费上演了一部约90分钟的完全原创长篇剧目。此外，我们还尝试了在舞台上摆放乐器、在开演前进行表演等新尝试。在宣传方面也下了很大功夫，全部5场演出门票均告售罄，取得了巨大成功。,每周日期待定/平日第6～7节课，周六、周日第3～7节课/学生会馆,无,machine_translated,not_reviewed,
C0320,3337,aa60d3a2e4e727ae,SEIREN,文化・艺术,戏剧,"我们以“成为你的契机”为口号，并以此为目标制定了“学生能呈现的最高水准音乐剧”、“让每个人都能全身心投入的场所”、“开创早稻田的音乐剧文化”作为活动方针。为了实现这一目标，除每年3次（8月、12月、3月）的正式公演外，还举办以新生为主的团内公演、番外公演以及新生欢迎公演等活动。除了舞台演出外，我们还会在早稻田祭舞台等场合进行表演。在正式公演中，我们会邀请专业指导团队和技术人员，提供高水平的指导。团员不仅担任演员，还负责幕后工作。除了各场公演的幕后工作外，团员全年还需参与以下部门的日常工作：大道具部、小道具部、制作部、宣传部、管理部及服装部。此外，我们还提供舞蹈训练和声乐训练等工作坊，为初学者营造了良好的成长环境。
/
/
/
/",排练期间每周4~6次／平日18:00~22:00 节假日13:00~22:00／学生会馆、早稻田大学周边的终身学习馆等,无,machine_translated,not_reviewed,
C0321,3341,0126371d0ac5a053,剧团24区,文化・艺术,戏剧,剧团24区以每年3次公演（6～7月的夏季公演、11月的秋季公演、2～3月的春季公演）为核心开展活动。无论您是戏剧初学者、高年级学生、社会人士、其他大学学生、留学生，还是需要兼顾课程或兼职而忙碌的人士，都欢迎加入。特别推荐给打算从大学开始接触戏剧的朋友。此外，对同时参加其他社团、培训所或经纪公司也没有限制。仅担任工作人员或协助工作也可参与。不过，由于剧团规模较小，演员和工作人员需兼任。无需缴纳年会费，可单次参与演出。排练日期将根据每次演出另行决定。剧本与导演每次都会更换，因此剧目类型也各不相同。此外，每年还会举办各种活动（如集训、毕业派对等）。,每周固定日不固定（工作日2次・周末1次）/学生会馆,无,machine_translated,not_reviewed,
C0322,3340,5ed25351fba18b79,赤奈,文化・艺术,戏剧,这是早稻田大学戏剧社团中相对较新的一个。今年迎来成立10周年。虽然在戏剧社团中的地位尚不显赫，但我们不拘泥于传统，全体成员都以轻松自由的方式开展活动。定期练习以“不松散也不严苛，愉快进行”为宗旨。允许跨社团活动，因此也有成员同时参与其他社团。我们致力于打造一个让那些“想在短暂的大学生活中尽情体验各种事物，而戏剧正是其中之一”的人能够毫无顾虑加入的戏剧社团，因此不会施加过度的束缚。但作为交换，当参与任何企划活动时，我们希望成员们能以负责任的态度认真对待。每年12月，我们都会与“剧团Teatro 50’ ”共同举办企划公演。,不定期/18点左右/学生会馆,无,machine_translated,not_reviewed,
C0323,3334,5f370805c9624d90,POP3,文化・艺术,戏剧,这是早稻田大学最新成立的搞笑社团。除了每年6次以上的定期演出外，我们还会参加早稻田祭及各类活动。此外，通过与其他大学进行对抗演出，以及参加外部团体主办的比赛，交友范围将大大拓宽。特别推荐给“想在众人面前尽情表达自己”、“想学会在众人面前从容讲话”、“总之就是想结交喜欢搞笑的朋友”的人。大家一起来模仿电视上的漫才师和短剧演员吧？当然，也可以作为工作人员负责音响、灯光操作或传单制作等工作。目前有许多虽然害羞但热爱搞笑的人正在以工作人员的身份活跃其中。此外，POP3非常欢迎跨校学生加入。不限年级！社团成员由不同年级和背景的人士组成！！让我们一起快乐地搞笑吧！！,每周三/18:30起/学生会馆,无,machine_translated,not_reviewed,
C0324,3592,dc7d23017ed2905a,戏剧团体“ところで”,文化・艺术,戏剧,该戏剧社团由曾隶属于早稻田校区“剧团森”的两名成员于2011年在所泽校区新成立。每年举办约5场公演。此外，最近还积极利用早稻田校区及当地公共设施进行演出，开展着活跃的戏剧活动。无论是否有经验均可参加，其最大魅力在于能让大家在轻松愉快的氛围中亲近戏剧。,活动时间不固定，每逢公演即开展活动,无,machine_translated,needs_review,Japanese kana remains (4 chars)
C0325,3320,ccb46b82f4e741d1,幸福既视感,文化・艺术,戏剧,无信息,无信息,无,machine_translated,not_reviewed,
C0326,3330,1032e265ab39d17d,（剧团）虚假华纸,文化・艺术,戏剧,"这是一个每年举办数场公演的戏剧社团。
/
/持续推出注重策划性的作品。",无信息,无,machine_translated,not_reviewed,
C0327,3332,df244519a8c8adf6,鹤鸣,文化・艺术,戏剧,每年举办数次戏剧公演。,无信息,无,machine_translated,not_reviewed,
C0328,3333,7fd643496b233ab2,生粋工房,文化・艺术,戏剧,每年举办2至3次学生戏剧公演。与其他剧团的交流也很活跃。,无信息,无,machine_translated,not_reviewed,
C0329,3335,f8dff7f4471a237e,Systema Angelica,文化与艺术,戏剧,"主要在学生会馆地下一层的戏剧排练室进行戏剧演出。
/
/同时也会不定期进行排练或参加外部团体的演出。",无信息,无,machine_translated,not_reviewed,
C0330,3138,efde69bf0ba16a9f,电影研究会,文化・艺术,电影,"“电影制作已逾一个世纪。”在电影社团林立的早稻田大学中，拥有最悠久历史的电影研究会拥有超过100名会员。作为关东地区首屈一指的电影社团，这里汇聚了来自众多大学、怀揣远大志向且技术精湛的影像制作人。拥有丰富的拍摄器材、广泛的外部人脉以及优秀人才，对于电影研究会来说，没有什么是不可能的。众多校友作为电影节获奖作品的创作者或电影导演，活跃在行业第一线。2022年度，我们还实现了与韩国仁荷大学的国际联合制作。
/
/我们不仅需要有志成为导演、制片人、演员、编剧的人，同时也需要众多后勤支持成员。视频拍摄/灯光/音响/音乐/剪辑/发型化妆/服装/静态摄影/海报设计/车辆部司机等，若要一一列举简直不胜枚举。每个人在各自岗位上展现的独特“个性”相互融合，最终升华为一部作品的过程，堪称奇迹。请将您的热情借给我们吧。不限年级。不限大学。全年均可加入。不熟悉电影的人、外行也大受欢迎。让我们一起拍摄奇迹吧。首先请添加官方LINE　https://lin.ee/79eOYCA
/
/
/
/
/
/
/
/",不定期,无,machine_translated,not_reviewed,
C0331,3142,57fce03999b15577,稻门剧本研究会,文化・艺术,电影,稻门剧本研究会（以下简称“剧本研”）是一个制作独立电影的社团。与看似严肃的社团名称相反，剧本研最大的特点莫过于其自由度。社员拍摄的电影题材多种多样，可以自由地表现自己认为有趣的内容。设备十分齐全，摄像机、麦克风、灯光等器材一应俱全，加入后即可立即开始拍摄电影。也有从大一就开始活跃的社员。社员中不乏来自其他大学的成员和留学生，中途加入的社员也很多。随时接受入会申请。您可以通过Twitter联系我们，也可以直接来社团活动室（学生会馆 E619）。欢迎想尝试担任电影导演、撰写剧本、担任演员或参与拍摄的朋友加入。,不定期/学生会馆 E619,无,machine_translated,not_reviewed,
C0332,3346,91e5b8830f6a8d94,电影循环　叛头脑,文化・艺术,电影,我们是电影制作社团“CineCycle 叛头脑”。活动内容包括每年拍摄几部电影，同时策划电影院巡礼等活动。本社团的特点是“成员之间关系非常融洽”。不仅在拍摄时如此，平时不拍摄的时候，大家也会在E525的独立社团室里悠闲地玩耍。虽然我们制作的电影大多风格轻松幽默，但也有导演会创作严肃认真的作品。作为电影社团，我们规模较小，因此设备随时可用，营造了想拍就拍的自由拍摄环境。此外，每年夏季和冬季都会举办集训，负责拍摄的小组进行拍摄，其他成员则去观光游玩。该拍就拍，其余时间悠闲自在——这就是我们的社团。,每天/学生会馆E525,无,machine_translated,not_reviewed,
C0333,3343,b74479b1824b558a,CINEMAX SIDEVARG,文化・艺术,电影,大家根据个人兴趣和热情投入自己喜欢的事物。我们既制作电影，也观看电影，并热烈而轻松地交流讨论。无论是想拍电影的人，还是专看电影的人，我们都热烈欢迎！这是一个尊重每位成员之间距离感的社团。活动主要分为“放映会”、“电影拍摄”和“活动”三类。放映会是每周两次的例行活动，由社员们挑选想看的电影，使用投影仪和音响一起欣赏，是本社团的重头戏！当然我们也进行电影拍摄。虽然有很多新手，但大家都在不断尝试和摸索中共同完成作品！在活动中，我们会策划一起去看电影或出去玩！我们还有社团活动室，欢迎大家来玩。我们在X和Instagram上都有账号，YouTube上也发布了过往作品，请搜索社团名称查看！,学生会馆社团室（E730室，周一、周三、周五，17:00起）,无,machine_translated,not_reviewed,
C0334,3147,5a063d391f6b1fca,动画研究会,文化・艺术,电影,"早稻田大学动画研究会（WAFL）是早稻田大学官方认可的跨校社团，也是校内唯一能够“制作”动画的自主制作社团。/
///
//我们分为作画、上色、美术、音响、摄影、剪辑、3D等多个部门，共同完成作品。/
///
///
///
//您可能会想：“我从来没制作过动画，没问题吗？”当然没问题！社团成员几乎都是从零开始的，因此非常欢迎初学者加入。/
///
///
///
//主要活动是制作动画，以参加每年夏冬两季与各大学自主制作社团联合举办的联映会。此外，我们还会参加早稻田祭等活动。夏冬两季还会举办集训，社员们也会一起去看电影，活动非常活跃。/
///
///
///
//只要对动画制作有一点点兴趣，即使是初学者也热烈欢迎！跨校交流、中途加入都非常欢迎，请随时来找我们！/
///
///
///
//我们的作品、制作花絮以及迎新活动信息都发布在Twitter和YouTube上，欢迎大家去看看！",每周二、四、五/16:30～20:00/学生会馆E510,无,machine_translated,not_reviewed,
C0335,3347,46e4e470b32fe7f8,电影制作社（CinePro）,文化・艺术,电影,电影制作社是早稻田大学官方认可的电影社团。在众多电影社团中，我们拥有最多的学生人数，拍摄器材也十分齐全。与学长的联系十分紧密，有时还能参与专业电影导演的拍摄工作。这是一个可以随心所欲尝试导演、演员、摄影师等自己想挑战的领域的社团。我们经常与其他电影社团合作拍摄，每年冬季都会参加由早稻田大学电影社团主办的公开竞赛——“早稻田电影节”。除了“早稻田电影节”之外，我们每年还在许多知名电影节上屡获佳绩。日常活动包括每周一次的例会，周末及长假期间则进行拍摄、剪辑等影像制作工作。,每周四/18:30/学生会馆,无,machine_translated,not_reviewed,
C0336,3344,f6f3c1341ac7f489,影像制作团体 浪人街,文化・艺术,电影,我们是影像制作团体“浪人街”。这是一个制作电影的社团。不限于复读生。主要活动包括每月约3次的例会（逢9号的日子）以及不定期进行的拍摄。这个“不定期进行的拍摄”让人很感兴趣呢。基本上是在有空的节假日或长假期间。到了暑假、春假，既可以远赴他乡取景，也可以在这里扎扎实实地拍摄。拍摄电影所需的一切设备我们一应俱全，这一点我向您保证。我们拥有高品质的设备，技术过硬，请放心交给我们。还有那些乐于助人的伙伴们，应该也会在场。电影制作流程是：剧本准备就绪后，召集演员和工作人员，确保拍摄场地和设备到位，即可开始拍摄。而从拍摄到后续的剪辑和放映，这整个过程可以说就是一部电影的完成。之后，根据个人意愿，可以参加电影节或相关竞赛。想尝试拍摄的人、想当导演的人、想当演员的人、想做剪辑的人、想和别人一起创作的人、想留下具体作品的人、充满好奇心的人，无论谁都欢迎。无论以何种形式，亲手参与的作品最终能成形，这种感觉真的很棒。我个人强烈推荐。浪人街。,每月9号（例如：4月9日、4月19日、4月29日）/18:30/学生会馆，拍摄随时进行,无,machine_translated,not_reviewed,
C0337,3148,de7fa32e2793377f,怪兽同盟,文化・艺术,电影,我们不仅观看特摄作品，更致力于将对特摄作品的“热情”转化为具体形式，开展自主电影拍摄、玩偶服装制作、英雄秀演出等活动。相关影像已在官方YouTube频道上发布。英雄秀以早稻田祭为主要活动，同时也会在当地的节日庆典、各类活动以及幼儿园进行演出。此外，我们有时也会受邀作为嘉宾出演电视广告或艺人的MV。无论是喜欢怪兽、喜欢英雄、纯粹的特摄迷，还是对表演感兴趣、对手工制作感兴趣、喜欢逗人开心或喜欢孩子的人，我们都热烈欢迎！这是一个可以自由实现任何想法的社团！,每周一、三、六/第5、6节课/学生会馆E609,社团网站已关闭,machine_translated,not_reviewed,
C0338,3742,489dd6c8c69d5504,DA早稻田大学哈利·波特研究会,文化・艺术,电影,"哈利·波特爱好者们，快来集合！
/
/
/
/DA是一个由热爱《哈利·波特》和《神奇动物》系列的学生组成的跨校社团。我们时而热情高涨，时而和睦融洽地交流对作品的热爱。2019年度，我们在早稻田祭上销售黄油啤酒，并举办了前往USJ和英国的集训；2020年度，我们制作并玩了原创游戏，还编纂了研究刊物《Wizarding World in WASEDA》。男女比例约为1:1，其中约半数为其他大学的学生，因此其他大学的朋友也一定能很快与大家打成一片！参加活动基本上是自由的。仅参加周末活动或集训也完全没问题。即使因课程、兼职或参加其他社团而忙碌，也能轻松入会。只要对《哈利·波特》系列感兴趣，即使没有深入的知识也没关系！当然，自诩为铁杆粉丝的各位也热烈欢迎。
/
/
/
/无论是只读过原著的，只看过电影的，还是两者都不了解但想踏入魔法世界的新朋友，请务必先关注我们的Twitter和Instagram！",每周三/15:00～19:00/三号馆・学生会馆,无,machine_translated,not_reviewed,
C0339,3573,e78affb9d2c67da3,早稻田大学交响乐团（Waseoke）所泽支部,文化・艺术,音乐,早稻田大学交响乐团是早稻田大学官方认可的交响乐团，昵称为“Waseoke”。作为官方认可的交响乐团，它是唯一一支完全由该校本科生组成的乐团，总团员人数约达250名。本乐团成立于1913年，于2013年迎来创立100周年，并于2012年4月至2013年3月期间举办了“早稻田大学交响乐团创立100周年纪念音乐会”（共5场）。乐团的主要活动包括每年主办4至5场音乐会，以及在早稻田大学入学典礼、毕业典礼等官方活动及文化项目中进行演奏，此外每年还接受20至30场委托演出。自1978年在第五届国际青少年管弦乐团大赛（通称卡拉扬大赛）中夺冠以来，乐团已累计进行过14次海外巡演。在2015年2月至3月期间举行的“2015欧洲巡演”中，乐团巡回德国、奥地利、法国的13个城市，在各地广受好评。其中，3月8日的柏林公演继2009年、2012年之后，再次通过柏林爱乐乐团的网络直播平台“数字音乐厅”向全球进行了现场直播。,每周一、三、六/18:15/租用各排练场地,无,machine_translated,not_reviewed,
C0340,3101,7884a9a0e7b9f822,交响乐团,文化・艺术,音乐,"早稻田大学交响乐团是早稻田大学官方认可的管弦乐团，昵称为“Wase-Oke”。作为校内唯一由该校本科生组成的管弦乐团，团员人数多达约250人。2023年正值乐团成立110周年，为纪念这一里程碑，同年3月举办了“早稻田大学交响乐团110周年纪念大阪特别公演”。此外，2024年2月底起，乐团还举办了巡回德国、奥地利9个城市的“2024欧洲巡演”，在各地广受好评。乐团每年举办4至5场自主演出，并参与大学官方活动、文化项目以及接受外部委托进行演奏。
/
/自1978年乐团在第五届国际青少年管弦乐团大赛中夺冠——这一赛事成为乐团海外演出事业的契机——以来，已故的赫伯特·冯·卡拉扬先生便以各种形式给予乐团大力支持。1979年早稻田大学授予他荣誉博士学位时，他曾在大隈讲堂指挥了理查·施特劳斯交响诗《蒂尔·奥伦施皮格尔的恶作剧》的公开排练。
/
/此外，在指挥家方面，我们曾邀请过已故的朱塞佩·西诺波利、西蒙·拉特尔、小泽征尔、已故的兹德涅克·科什拉、伦纳德·斯拉特金、已故的岩城宏之、大友直人、高关健、山下一史、曾我大介、寺冈清高等指挥家；指导者及合作演奏者方面，则以柏林爱乐乐团和NHK交响乐团的团员为主，欢迎了众多人士的参与。",每周一、三、六/18:00～21:00/早稻田附近,无,machine_translated,not_reviewed,
C0341,3104,6abd987c9e11c41e,曼陀林乐部,文化・艺术,音乐,曼陀林乐部是一个拥有103年悠久历史的传统音乐社团。曼陀林是一种源自意大利的弦乐器，以其独特的颤音演奏法为特色，外观和音色都十分可爱。乐团的编制包括曼陀林、曼多拉、曼陀林大提琴、古典吉他、低音提琴、长笛和单簧管。每年举办3场大型音乐会，其中1场是早庆联合音乐会，与庆应曼陀林俱乐部的交流活动十分活跃。此外，我们还举办部内演奏会，让成员自由演奏自己喜欢的曲目，并进行外出演奏（2016年度曾在大船渡、陆前高田当地举办复兴支援音乐会）。 无论是有经验者还是初学者都热烈欢迎（管乐声部仅限有经验者）。超过半数的社员都是初学者。此外，本社过去还曾培养出许多职业演奏家。以下列举本团体的魅力：免费出借乐器。只要持有早稻田大学的学生证，随时都可以使用社团活动室，而且空间宽敞。可以兼任其他社团或参加校际比赛。社员之间，无论是前辈、后辈还是同届，关系都非常融洽，私下里也经常一起玩。在音乐社团中费用相对较低。各声部均可接受专业教师的指导。高年级学生会为初学者提供一对一辅导，因此即使不会看乐谱也没问题。由于女生较多，氛围相对温和；或许因为男生人数较少，凝聚力反而很强。……优点数不胜数，我们始终在快乐地开展活动。感兴趣的朋友随时欢迎来学生会馆B117！,每周二、周五/16:30～20:30/学生会馆,无,machine_translated,not_reviewed,
C0342,3103,6525d8eea74c8626,口琴协会,文化・艺术,音乐,我们是一个以口琴为主、采用大乐队形式进行演奏的社团。乐器分部如下：《口琴（单簧、双簧）、长笛、单簧管、吉他、贝斯、键盘、鼓与打击乐》。曲风涵盖J-POP、西洋音乐、管乐曲等多种类型，可以演奏大家想演奏的曲目。每年举办约两次演奏会（6月、12月）。6月的音乐会将与中央大学、明治大学、立教大学联合举办。12月的音乐会则是早稻田大学独立举办的定期音乐会。除音乐会外，我们有时也会参加早稻田祭。此外，春季和夏季我们会举办集训，除了练习外，还通过烟花、烧烤、改编比赛等活动增进社员之间的友谊。,每周二、三（16:30起）及周六（13:00起）/学生会馆B125,社团网站已关闭,machine_translated,not_reviewed,
C0343,3102,2a2f9883618dc74c,The Naleo,文化・艺术,音乐,"在众多乐队社团中，本社团专门演奏灵魂乐、放克、R&B等所谓的黑人音乐。以夏季和冬季音乐会为主轴，每年策划约10场现场演出，并为此日复一日地刻苦练习。纳雷奥拥有各类设备，在学生会馆内举办演出时，从搭建到运营全部由我们亲力亲为。因此，社员们对音响和活动策划有着深刻的造诣。//
///
///本社实行固定乐队制，成员将维持自己组建的乐队三年，在此期间磨练并追求属于自己的风格。此外，由于实行跨校制，没有大学间的壁垒，可以纯粹通过音乐结识伙伴。//
///
///在社团活动室，除了乐队排练外，大家还会聚在一起即兴合奏。这里也欢迎社团外的人参与，可以与其他大学或校外人士共同演奏，建立联系。//
///
///2016年，我们在Blue Note东京举办了成立70周年纪念派对，并由现役成员进行了现场演奏。正因历史悠久，与校友的联系也十分紧密，可以近距离体验普通学生难以经历的独特经历。",每周二、四、六，第2、4个周日/各自方便的时间/学生会馆B124,无,machine_translated,not_reviewed,
C0344,3111,c1f143c13454d591,拉丁美洲协会,文化・艺术,音乐,我们拉丁美洲协会，通称“拉美会”，致力于研究以巴西为首的拉丁美洲各国文化。拉美协会的活动特别注重音乐文化研究，无论是里约狂欢节上演奏的桑巴·巴特卡达，还是咖啡馆里常播放的博萨诺瓦，甚至不仅限于巴西音乐，还包括安第斯山脉周边地区流传的民俗音乐（Folklore）等广泛流派，虽然大家都是初学者，但只要是自己觉得好的曲目，都会通过演奏或舞蹈来享受其中乐趣。当然，我们不仅限于音乐，还会制作巴西风味的烤肉“舒哈斯科”，尽情体验当地的饮食文化！只要有一点点兴趣，请务必来社团活动室看看！我们期待您的到来！,每周一、周四/19:00/学生会馆,无,machine_translated,not_reviewed,
C0345,3105,eecc73fbf334627a,早稻田探戈乐团,文化・艺术,音乐,我们早稻田探戈乐团（Orquesta de Tango Waseda）是由学生组成的阿根廷探戈演奏社团，目前成员包括小提琴、钢琴、低音提琴、中提琴、大提琴、长笛以及班多钮手风琴，有时还会加入吉他和人声，专门演奏阿根廷探戈。这是全日本唯一仅在早稻田大学存在的此类学生社团。作为拥有60余年历史的官方认可社团，我们已培养出众多杰出校友。此外，我们是一个跨校社团，不仅有早稻田大学的学生，还有来自各大学的成员，活动不受大学或年级的限制。几乎所有成员都是在进入大学后才接触阿根廷探戈的“探戈初学者”，大家每天都在一起努力学习探戈。此外，我们不仅举办年末定期音乐会，还参与早稻田祭及夏季自主演出等各类演奏活动，欢迎大家务必来社团活动室或演出现场看看！,每周一、三、六/18:00～21:00/学生会馆地下一层B116,无,machine_translated,not_reviewed,
C0346,3293,7d1f95ee39d3d59b,UBC,文化・艺术,音乐,"UBC是成立于1953年、经早稻田大学官方认可的音乐现场演出策划社团。“UBC”是“University Broadcasting Company”的缩写，蕴含着“利用各种广播媒介成为信息传播基地”的寓意。经过运营学生首家迷你FM电台“UBC-FM”、学生首家校园迷你电视台“UBC-TV”等活动，目前主要从事音乐活动的策划与运营。
/
/除借用早稻田祭场地举办的5000人规模免费音乐会“UBC-jam”外，自2007年起我们还创办了新的音乐活动，不断拓展活动范围。
/
/我们坚持只呈现作为听众真正认为优秀的音乐，并积极策划能让大家发自内心享受的活动。",每周五/18:30/学生会馆,无,machine_translated,not_reviewed,
C0347,3643,c6c5308009b6710a,上流社会管弦乐团,文化・艺术,音乐,我们“上流社会管弦乐团”作为早稻田大学唯一的爵士大乐队社团，成立于1955年。我们以“上流社会”之名广受喜爱，作为代表学生爵士大乐队界的传统与实绩之存在，其名声远播。在这漫长的历史中，我们培养出了众多职业音乐家。主要活动内容包括每周三次的排练，此外还有自主举办的现场演出、与其他大学乐队的联合演出、与国内外职业音乐家的合作演出，以及在派对等各类活动中进行演奏。每年3月，全体成员齐心协力举办音乐会；8月则参加全国学生大乐队比赛；此外还有夏季集训和冬季集训等丰富多彩的大学生活体验。另一方面，与职业音乐家的合作是拥有悠久传统和丰富实绩的“High Society”独有的特色，而且在民间企业的派对上演出机会众多，对求职大有裨益！在这里，你可以积累许多在普通大学生活中无法获得的宝贵经验。何不与“High Society管弦乐团”一起，度过一段不仅限于单纯演奏音乐、独一无二的大学生活呢？,每周一、周四、周五/16:30起/学生会馆地下一层,无,machine_translated,not_reviewed,
C0348,3107,fb9ac934f07142aa,早稻田大学新奥尔良爵士乐俱乐部,文化与艺术,音乐,早稻田大学新奥尔良爵士乐俱乐部（通称“新奥利”）是日本唯一一个演奏“新奥尔良爵士乐”的社团，这种爵士乐起源于被誉为爵士乐发源地的路易斯安那州新奥尔良，是一种历史悠久的爵士乐形式。我们通常以7人左右为一组组成乐队进行演奏。主要活动包括每两个月一次的社团内部发表会、每年12月举办的独奏会，此外每年还会参加早稻田祭、稻门祭等校园活动；夏季有集训，冬季则有成员自发前往新奥尔良的特别活动。此外，“新奥里”也接受外部演出邀请，根据需求在各种场合进行演奏。例如，在商业街或派对会场演奏，以及参加爵士音乐节等。正如上述，无论校内校外都有众多活跃的舞台，以及能够随时随地进行演奏的灵活机动性，是本社团的特色。,每天/随时/学生会馆B116室,无,machine_translated,not_reviewed,
C0349,3303,2b0f45abe30e1108,音乐爱好者俱乐部（MFC）,文化・艺术,音乐,我们Music Fan Club（MFC）是一个成立于1959年的传统12大自由乐队制社团，演奏范围广泛，以灵魂乐、放克、布鲁斯、摇滚等西洋音乐为主，同时也涵盖日本音乐。本团的一大特色是乐队中常设有小号、萨克斯风、长号等铜管乐队，规模最大的时候乐队编制可达15人左右！欢迎曾参加过初中、高中管乐团的同学，以及想尝试新乐器的同学加入。我们的主要活动包括乐队排练、每年7～8场大型演出、春夏集训以及每周例会。此外还有数不胜数的精彩活动！ 排练通常由为每场演出临时组建的乐队自行安排日程，主要在高田马场的音乐工作室进行。针对初学者，我们计划根据需要开设各声部讲座，请放心加入！此外，社团活动室备有大量黑胶唱片和唱机，闲暇时欢迎随时来听！MFC随时欢迎新成员加入。让我们一起沉浸在音乐中，成为“为音乐而狂”的乐手吧！,各乐队有所不同。社团例会每周五20:00起/高田马场。社团活动室通常都有人在。,无,machine_translated,not_reviewed,
C0350,3304,1b2b7f41e18e82c9,Modern Music Troop （MMT）,文化・艺术,音乐,"我们是以原创音乐为主的乐队社团Modern Music Troop，通称MMT。许多乐队会在Live House等校外场所进行演出，并已培养出众多专业音乐人。我们不仅演奏原创作品，也乐于翻唱，因此非常欢迎乐器初学者加入。不拘泥于乐队形式，独奏或组合形式均可参与活动。社团成员中也有许多来自其他大学的同学，无论学校、年级、在职人士还是自由职业者，均不设限制。这是一个可以按照自己的节奏，轻松愉快地开展活动的社团。社团活动方面，每年有两次集训和早稻田祭现场演出，此外还有烧烤、迎新远足等众多有趣的活动。此外，在迎新期和早稻田祭期间，我们会制作收录成员原创歌曲的合辑专辑。如果你想在大学开始创作原创音乐，那就加入MMT吧！
/
/
/
/
/
/
/
/
/
/
/",不定期/学生会馆E1117,无,machine_translated,not_reviewed,
C0351,3108,fb1928357831a680,现代爵士乐研究会,文化・艺术,音乐,这是一个拥有60多年历史、经早稻田大学官方认可的社团。已培养出众多职业音乐人。虽然社团中有许多经验丰富的成员，但也欢迎初学者加入。社团活动室配备有三角钢琴、鼓组、三台低音提琴和键盘，成员们可以利用这些设备进行练习和即兴演奏。每周一、周三（隔周）在学生会馆B124举行活动，以经典曲目为主进行即兴演奏，同时致力于提升演奏技巧。除日常即兴演奏外，每年还计划举办数次现场演出和集训活动，在现场演出中，成员们可以与不同乐手组队，加深交流。若收到咖啡馆、大学等机构的演出邀请，我们也可应邀进行演奏。更详细的活动内容请通过各类社交媒体查看。,"社团活动室开放日（周一、周三、周五、单周周日）　8:00~22:00
/
/
/
/例行即兴演奏会时间：每月第一、第三、第五个周一及第二、第四、第六个周三　18:00~22:00　　（4月期间每周一、周三均举办例行即兴演奏会）
/
/
/
/地点：学生会馆B124（4月期间，周一在B124举行，周三在其他房间举行）",无,machine_translated,not_reviewed,
C0352,3058,761c24bf0900dfa6,中南美研究会,文化・艺术,音乐,"中南美研究会是一个演奏雷鬼、斯卡、摇滚斯特迪等牙买加音乐，以及卡里普索、拉丁、非洲节拍等音乐的乐队社团！
/
/我们拥有配备齐全的独立社团活动室，主要在那里进行练习。活动方面，每年举办约6场现场演出，以及夏季露营和冬季集训。平时大家会在社团活动室里轻松地聊天。虽然可能有不少人对中南美音乐不太熟悉，但社团成员起初也是如此。不过，绝大多数人都是因为觉得“看起来好玩！”“好酷！”“很有趣！”而加入社团的，所以感兴趣的朋友请随时来社团活动室逛逛！
/
/我们广泛招募的声部包括主唱、和声、吉他、贝斯、键盘、鼓，以及小号、萨克斯、长号、长笛、打击乐等。特别是铜管乐器，我们非常希望有更多人加入。对于有管乐团或轻音乐社团经验、想“在大学尝试新音乐”的朋友，或者想专心用吉他打节奏、想掌握“One Drop”节奏的朋友来说，这里再合适不过了。当然，没有经验或有断档期的人也大受欢迎！这真的是早稻田大学最快乐、最有趣的乐队社团，大家请务必轻松地来玩玩！",每周日不固定/主要在课后/学生会馆,无,machine_translated,not_reviewed,
C0353,3100,f203869663d1c768,吉他俱乐部,文化・艺术,音乐,"早稻田大学吉他社是一个拥有悠久历史、致力于古典吉他演奏的社团。虽然名为“古典吉他”，但实际上不仅演奏古典乐曲，还涵盖流行音乐、器乐曲、电影及音乐剧等舞台插曲等广泛的音乐类型。除了合奏，我们也致力于独奏和重奏，为了早稻田祭和定期演奏会，全体社员每天都在快乐且努力地投入活动。虽然吉他社活动如此活跃，但并非所有社员都有吉他经验。约一半的成员是在上大学后才开始学吉他的，其中甚至还有从未接触过乐器的人。此外，即使是初学者或不识乐谱的人，在学长的指导下也能很快学会弹奏。社团成员在活动之外也关系融洽，无论是春季集训时的滑雪，还是古典吉他演奏以外的各类活动，大家都全力以赴地享受其中，氛围和睦融洽。对吉他社团活动感兴趣的朋友，无论经验或年级如何，都欢迎前来参观我们的活动。我们期待您的到来。
/
/
/
/
/
/
/
/",每周三（第5、6节课）・周六（第4、5节课）/学生会馆,无,machine_translated,not_reviewed,
C0354,3309,2e2ac6f159101260,早稻田民谣协会（WFS）,文化・艺术,音乐,早稻田民谣协会（Waseda Folksong Society）成立于1963年，是早稻田大学官方认可的十二大乐队社团之一。我们以翻唱为主，演奏包括另类、独立、后朋克、情绪摇滚等流派的音乐，不分日语或外语歌曲。不过，基本上对流派和形式不作限制！我们每月举办一次现场演出，采用自由风格的形式，每次演出都会组建乐队并招募成员。因此无需每次都由固定成员参与，大家可以在喜欢的时候，以自己喜欢的方式演奏喜欢的音乐。对于“想在大学开始学乐器”的人，我们也热烈欢迎。早稻田大学的学生自不必说，其他大学的学生也可以参加！随时可以入会，无论是从上学期中途还是下学期开始加入，我们都欢迎。社团氛围温馨融洽，大家都在快乐地开展活动，欢迎大家来玩！,每周一/18:00/学生会馆,无,machine_translated,not_reviewed,
C0355,3526,f89d79e218a39a34,Swing & Jazz Club,文化・艺术,音乐,"这是一个由早稻田大学理工学术院官方认可的社团，以3至6人左右的小型编制演奏爵士乐。音乐风格以现代爵士为主，同时也广泛涉猎拉丁、巴萨诺瓦等各类曲风。
/
/每年举办数场现场演出，所属社团成员只要愿意，任何人都可以登台演出。此外，位于学生会馆B121的专用社团室配备有立式钢琴、两台木低音提琴和一套鼓组。此外还拥有数支萨克斯风和小号等管乐器。社员中初学者居多，绝大多数都是从大学开始接触爵士乐，或者是在大学才开始学习乐器的人。无论是有经验者还是零基础者，我们都热烈欢迎。据说曾有一届的干事长就是大学才开始接触乐器的人。
/
/每月会在学生会馆举办几次即兴演奏会。所谓即兴演奏，就是现场成员即兴演奏自己喜欢的曲目。即兴演奏会不仅欢迎非社员参与，也欢迎旁观。关于即兴演奏会的时间和地点安排，我们会发布在博客等平台上。",工作日/学生会馆B121（社团活动室）、周末/学生会馆B123等,无,machine_translated,not_reviewed,
C0356,3527,c271aed62f9c351d,早稻田大学吉他合奏团,文化・艺术,音乐,这是一个以合奏形式演奏古典吉他的理工学部官方认可社团。从全体成员共同合奏的古典乐曲，到与鼓、贝斯等打击乐器共同演绎的流行曲目，能够呈现如此广泛的演奏风格正是本社团的魅力所在。由于加入社团的新生大多是吉他初学者，因此我们非常欢迎初学者加入。有吉他经验的同学也可以在发挥自身优势的同时，尝试挑战其他乐器哦。每年我们会与其他大学的社团联合举办3场音乐会。12月，我们会包下音乐厅举办年度定期演奏会，作为全年活动的集大成之作。排练在设有社团室的学生会馆进行。由于可以使用社团室里的吉他练习，因此无需自行购买。社团室里还配备了原声吉他和鼓，因此有许多成员尝试弹唱或组建乐队。虽然作为理工学部官方认可的社团，理工学部学生较多，但也有不少文科学生，欢迎大家随时前来！也期待大二及以上年级的同学加入！！,每周二第5-6节课、周六第4-5节课／学生会馆,无,machine_translated,not_reviewed,
C0357,3127,2cf41367bd7669fa,香颂研究会（香研）,文化・艺术,音乐,香颂研究会以“想做什么就做什么！”为信条开展活动。本研究会并非仅研究香颂的社团。随着时代变迁，我们不断吸收各种音乐风格，如今已成长为自诩为早稻田大学“全流派”的社团。除了吉他、贝斯、主唱、鼓手和键盘手外，我们也招募管乐器演奏者，因此社团中也有许多来自管乐团的成员。大家热爱练习和乐器，都认真投入音乐之中！演奏的曲风涵盖流行、摇滚、前卫金属，当然还有爵士融合、动漫歌曲、后摇滚/马斯洛克，甚至包括俄罗斯民谣和印度前卫音乐，想演奏的音乐风格无所不包！即使你至今未能找到志同道合的伙伴，香颂研究会也会接纳任何类型的音乐！此外，我们还与庆应、日本女子、白百合女子等各大学的香颂研究会建立了合作关系，会共同进行排练和演出。若将所有社团成员合并计算，我们将成为拥有近200人的庞大乐队社团，你一定能找到志趣相投的人！请务必加入香颂研究会，让你的大学生活沉浸在音乐之中！！！,每周二、周六/第3至7节课/学生会馆,无,machine_translated,not_reviewed,
C0358,3533,6e41caa90c5f5497,KONA HAWAIIANS,文化・艺术,音乐,"正在寻找早稻田轻音社团的你，你好！在众多社团中，感谢你来这里看看。KONA HAWAIIANS是一个再普通不过的乐队社团。我们不玩夏威夷音乐哦！！下面介绍4个亮点！
/
/
/
/首先第一点是“固定乐队制”。所谓“固定乐队制”，是指从入会到退社都固定在同一支乐队，并以每月约一次的现场演出形式进行演奏！！不过，通过固定乐队的圈子，也能很快与其他乐队的成员成为好朋友！这是自由乐队制的乐队社团所不具备的巨大优势。
/
/
/
/第二点是氛围太过温馨，简直就像家一样。这里没有那种乐队社团常见的狂欢式聚会，也不会强迫大家喝酒。氛围非常融洽，大家可以和关系好的伙伴自由交流。
/
/
/
/第三点是“设备齐全”的社团活动室，既可以进行个人练习，也可以进行乐队排练。省下租用排练室的费用可是相当可观的呢～。
/
/
/
/最后是涵盖所有音乐流派！从喜欢日本摇滚的，到喜欢朋克的，再到喜欢VOCALOID的……这里汇聚了形形色色的人。偶尔还有人会来段说唱(?)
/
/
/
/顺便提一下，我们每年还会举办大约4次“企划演出”，这是一种类似自由乐队制的社团活动，大家可以自由选择喜欢的艺人进行表演！兼任其他社团成员也完全没问题。你演奏乐器的舞台，说不定就在KONA……？",随时/学生会馆B118（社团室，配备器材）,无,machine_translated,not_reviewed,
C0359,3128,db74a11b5cd98837,音乐社团星空,文化・艺术,音乐,这是一个在2016年度迎来50周年的传统社团！每周举办1至2次弹唱等原声演奏会，每月还有一次乐队形式的现场演出！近年来社团成员数量不断增加，已成为校内规模最大的社团！成员的乐器水平从初学者到资深玩家都有，虽然喜欢日本摇滚的人居多，但也有热爱西洋音乐、VOCALOID等各种流派的人！无论是第一次接触乐器的人，还是想尝试新乐器的人，都能通过活跃参与不断成长，并在社团内外大放异彩！既想弹唱又想尝试乐队表演！我们正等待着这样贪心的你！请务必轻松地来玩玩看！,每周1～2次　时间不固定/16:30起/学生会馆,无,machine_translated,not_reviewed,
C0360,3106,987eadefc6399bee,吉他社,文化・艺术,音乐,今年迎来创立50周年的早稻田大学唯一古典吉他独奏社团。无论初学者还是有经验者，大家都在和睦融洽的氛围中练习吉他。社团活动室位于学生会馆E1115，课余时间社员们会聚集在这里弹吉他，共度欢乐时光。我们以丰富的乐谱为傲，不仅能演奏古典乐曲，还能演奏流行乐、西洋音乐、迪士尼歌曲及吉卜力歌曲等。热烈欢迎早稻田大学学生、其他大学学生及留学生加入。通过每年三次的迎新集训、夏季集训和秋季强化集训，大家可以在练习吉他的同时跨越年级界限，增进友谊！夏季集训期间会举办重奏大赛，气氛非常热烈。我们每年举办两次演奏会，分别在6月和11月租用音乐厅举行。6月的演奏会是新生首次登台，而11月的定期演奏会则是这一年成果的集大成之作。欢迎大家来社团活动室看看！,每周二、周五/16:30～19:30/学生会馆,无,machine_translated,not_reviewed,
C0361,3110,0cfb7126760ebcc3,Ensemble Ridol,文化・艺术,音乐,"Ensemble Ridol是早稻田大学唯一一支以“流行管弦乐团”形式演奏的大学官方认可社团。我们采用大乐队编制，并加入小提琴、长笛、单簧管，形成独特的编曲风格。在音乐会上，我们演奏的曲目涵盖流行、爵士、融合、古典，乃至游戏和动漫音乐等广泛流派。
【里多尔的主要特点】
“非固定成员制”……所有成员从一开始就能参加音乐会。无需通过试镜。
“改编”……由于编制独特，我们会自己制作想演奏曲目的乐谱。仅限自愿者参与，并非强制要求，且设有改编讲座，即使是初学者也能尝试！
“欢迎初学者及跨校学生”……约三成成员是初学者。既有大学才开始接触音乐的人，也有尝试新乐器的人，还有虽有经验但希望在大学里轻松坚持的人，可谓各具特色。在高年级生的支持下，我们重视纯粹享受音乐的乐趣，因此练习可以按照自己的节奏进行。此外，还有许多来自庆应义塾大学、日本女子大学、东京女子大学等校的跨校学生参与其中！
“活动丰富”……除了每年3次的集训和2次的演奏会外，还有仅限成员参加的内部演出，以及早庆战观战、烟花大会等丰富多彩的活动！
条件只有一个，那就是喜欢音乐。何不与优秀的伙伴们一起，享受充满音乐的大学生活呢？",每周3次（周一、周四、周六）/周一、周四19:00~21:30・周六17:00~20:30/学生会馆地下一层音乐练习室,无,machine_translated,not_reviewed,
C0362,3543,06bc8d378656d7d5,早稻田歌唱会,文化・艺术,音乐,我们是经理工学院认可的乐队社团——早稻田歌唱会！！涵盖摇滚、朋克、爵士、金属、偶像、动漫歌曲、VOCALOID等多种风格，即使是初学者也能轻松加入！实际上，社团里有很多前辈都是从大学才开始接触乐器的！一年的活动安排包括：在东京都内的Live House举办3场“音乐会”，在学生会馆的教室举办3场“教室Live”，以及3次集训。无论是大型演出还是小型演出都频繁举办，因此即使是初学者也能按照自己的节奏轻松参加演出！由于采用每次演出重新组合乐队成员的自由乐队制，可以很快与各种前辈打成一片，氛围非常融洽！此外，即使是忙碌的人或同时参加其他社团的人，也能按照自己的节奏参与！！“歌唱会”是一个跨校社团，男生几乎全员来自早稻田大学理工学院，女生则来自早稻田大学理工学院、学习院女子大学、东京家政大学、日本女子大学等院校。因为有来自不同专业的学长学姐，所以即使在学习上遇到困难也完全不用担心（笑）。即使毕业后也能继续参加，因此可以长期参与活动！大家相处融洽，请务必考虑加入我们哦！,不定期/学生会馆、东京都内Live House,无,machine_translated,not_reviewed,
C0363,3122,3dc914d8c19301c7,Glee Club,文化・艺术,声乐,"早稻田大学男声合唱团是一个拥有117年历史的男声合唱社团。
/
/在定期音乐会上，我们可以在2000名观众面前演唱！
/
/每次练习结束后，大家都会一起去吃饭。新生吃饭免费！
/
/
/
/与其他众多合唱团不同的是，我们除了音乐会之外还有许多演出机会。
/
/早稻田男声合唱团在早庆对抗赛、入学典礼、毕业典礼等场合都有大展身手的舞台。
/
/此外，我们还会前往日本全国各地及海外进行演出旅行，甚至有机会在《红白歌会》等电视节目中亮相！
/
/专业歌剧歌手会提供专业指导，歌唱水平必将得到提升！
/
/当然，初学者也完全没问题！
/
/我们积极与其他大学开展交流，并计划与其他合唱团举办联合音乐会。
/
/我们的校友活跃在各行各业，还培养出了许多播音员和歌手。
/
/
/
/想要过充实每一天的人！
/
/想要体验普通学生生活无法体验之事的人！
/
/还有，喜欢大吃大喝的人更是大受欢迎！",每周一、三、五/17:00起/学生会馆・早稻田奉仕园等,无,machine_translated,not_reviewed,
C0364,3124,0dc691dc4c0448f1,混声合唱团,文化・艺术,声乐,"这是一个面向全早稻田大学学生的合唱社团♪
/
/您可以体验与管弦乐团合作演出、接受专业指挥指导、以及与声乐教练进行一对一练习等各种宝贵经历。
/
/参加集训、在社团活动室与伙伴们聊天、练习后一起去吃饭、节假日与同届成员一起玩……每位团员都在早混中度过着快乐的大学生活！
/
/无论你是初学者还是有比赛经验者，只要热爱歌唱，我们都热烈欢迎！！
/
/
/
/我们是早稻田大学混声合唱团♪
/
/
/","活动时间
/
/
/
/截至大一7月 周一、周三：第5～6节课，周六：第3、4节课
/
/
/
/8月起 周二：18:50～21:00，周四、周六：第5～6节课
/
/
/
/※在学生会馆练习",YouTube链接失效,machine_translated,not_reviewed,
C0365,3123,d38afd6f7465b06b,科尔·弗吕格尔,文化・艺术,声乐,"早稻田大学科尔·弗吕格尔是由关屋晋等人于1949年创立的男声合唱团。团名“Flügel”在德语中意为“翅膀”。
主要活动以4月的新生欢迎音乐会、8月的甍演奏会、9月的东京都合唱比赛、12月的独立音乐会这四大活动为中心展开。我们邀请了三位本团校友担任指挥，为各项演出日复一日地刻苦排练。
在“甍”演奏会和独立音乐会上，我们选取古今中外的丰富曲目，并积极致力于委约作品的首演，不断开拓男声合唱的新可能性。
在朝日新闻社主办的比赛中多次荣获金奖。最近，我们在2025年第78届全日本合唱大赛中荣获金奖及日本放送协会奖。
此外，我们的活动还包括参加东京都合唱节、出演NHK《唱响指定曲目》节目，以及作为晋友会合唱团的一员与管弦乐团合作演出等，活动内容丰富多样。
我们随时招募新团员。
新团员欢迎演奏会将于4月2日（周四）举行！
感兴趣的朋友请通过各类社交媒体或邮件联系我们。
常任指挥：清水敬一
指挥：清水昭　真下洋介
钢琴伴奏：小田裕之
排练钢琴伴奏：井川弘毅
声乐指导：吉田浩之
邮件咨询：[email protected]
最后更新：2026年2月23日
（封面照片©=山口敦）","每周　周一・周三・周五　18:30〜21:00
以学生会馆为中心，在东京都内的设施进行排练",无,machine_translated,not_reviewed,
C0366,3121,96807e8cbe1de6ae,合唱团,文化·艺术,声乐,"＼欢迎来到玩得开心、笑得开心、唱得开心的早合（Sōai）！／
/
/
/
/早合是早稻田大学规模最大、水平最高的混声校际合唱团，今年迎来了创立71周年。
/
/我们每天与50名个性鲜明的团员们一起快乐地开展活动。
/
/早合的一大特色在于，全年举办的活动总数超过20场！
/
/其中最受瞩目的活动当属8月的夏季音乐会和12月的定期演奏会！
/
/今年的夏季音乐会计划在静冈县三岛市举办。届时还将与当地高中生进行合作演出，由众多成员共同打造的舞台将令人叹为观止！这必将成为一段美好的夏日回忆。
/
/在定期演奏会上，我们会邀请外部老师，在专业指导下进行排练。正因为是与这一年里共同努力的伙伴们一起，才能呈现出最精彩的舞台！！
/
/
/
/在早合，约有“六成”成员是从大学才开始接触合唱的。除了合唱曲目外，我们还演唱流行歌曲等，无论初学者还是有经验者都能共同享受合唱的乐趣。
/
/而且……早合的魅力不仅在于合唱。
/
/双声部联谊会、夏季音乐会集训、排练后的聚餐等，我们举办了许多增进团员之间情谊的活动！
/
/
/
/无论是热爱合唱的你，还是想蹭饭的你！
/
/全年365天，我们都在招募新成员◎最新资讯请关注官方社交媒体！
/
/
/
/不来和我们一起度过最棒的早合生活吗？","每周二、周四/18:55~20:35/学生会馆
/
/
/
/每周六/17:00~20:35/学生会馆",无,machine_translated,not_reviewed,
C0367,3126,5e73d5cd64e4e18e,Street Corner Symphony,文化・艺术,声乐,"我们Street Corner Symphony是拥有30多年历史、日本历史最悠久的无伴奏合唱社团之一，已培养出众多成功出道的毕业生，如TRY-TONE、Smooth Ace、AJI、Gospellers等。
/
/从J-pop到爵士、拉丁乃至民族音乐，我们仅凭人声便能演绎各种流派的音乐。
/
/在早稻田众多的音乐社团中，能涵盖如此广泛流派的恐怕只有我们了，相信您一定能在这里邂逅心仪的音乐。
/
/
/
/社团全年举办各类活动。
/
/其中，由社员亲手从零打造的社团演唱会尤为精彩。
/
/从演出者本身，到为表演增色的灯光设备、音响设备，乃至舞台装饰和宣传册，所有环节均由社员亲自策划并运营。
/
/该活动已成为社团的年度盛事，每次都有超过300名观众到场。
/
/
/
/此外，社团成员还在关东、关西等日本各地举办的全国大赛中大放异彩。
/
/您是否愿意加入我们，以在全国范围内都具备竞争力的高水平一起进行无伴奏合唱？
/
/全体社团成员期待您的加入！",随时/学生会馆B1层、1层、9层、10层、11层,无,machine_translated,not_reviewed,
C0368,3129,6354c0103a7c9541,Choco Crunch,文化・艺术,声乐,"我们是无伴奏合唱社团Choco Crunch！/
//
/Choco Crunch是成立于2000年的跨校社团，成员来自各大学。此外，理科生及大二以上学生加入者众多，可以与形形色色的人交流。许多成员加入时毫无音乐经验，其魅力在于任何人都能乐在其中。/
//
/我们以“大家一起快乐提升”为宗旨开展活动！/
//
/除了每月约两次的全员练习外，我们还开展各无伴奏合唱团的独立活动。在团内活动中，无论何种音乐流派，成员们都能自由演绎各类曲目。大家既可以以参加每年举办两次的社团演唱会为目标，也可以享受社团内部的演出，或参加外部比赛等，根据各自的目标尽情享受无伴奏合唱的乐趣。Choco Crunch所属的合唱团还曾获得全国大赛分组冠军等优异成绩。/
//
/此外，除无伴奏合唱外，社团还举办丰富多彩的活动，包括每年两次的集训、万圣节派对、圣诞派对、郊游及保龄球活动等。通过这些活动，无论年级、入社时间、年龄或性别，大家一定能建立深厚的友谊！",第一周周二/第5、6节课/学生会馆，第三周周六/第2节课/学生会馆,无,machine_translated,not_reviewed,
C0369,3315,1484961f3f99efdd,口哨社团　Kotolip,文化・艺术,声乐,我们口哨社团“Kotolip”是一个以多人合奏为主的活动社团！每周两次在户山校区的学生会馆聚会，一边练习口哨一边畅聊，是一个氛围温馨的社团。即使没有音乐经验，或者口哨吹得不太好，如果找不到归属感，请务必来找我们看看！ 除了校外学生（其他大学学生）外，根据年份不同，社团中还有留学生，您可以结识各种各样的口哨爱好者♪加入无需任何资格，也不需要缴纳会费，仅在登台演出时按次收取费用，因此即使担心经济负担的朋友也可以放心！除了早稻田祭，我们还积极参与早稻田地球感谢祭等地区庆典、汇聚全国口哨爱好者的演奏会，近年来更拓展了活动范围，包括参加世界大赛等。此前，早稻田大学是唯一拥有学生口哨社团的学校，但近一两年间全国各地陆续涌现出口哨社团，我们也已开始与这些社团进行交流！当然，我们不仅吹口哨，大家也会一起悠闲地玩耍，其舒适度更是无人能及。请务必联系我们，轻松地来参观一下吧！,每周一、周四/17:00～20:30/学生会馆,无,machine_translated,not_reviewed,
C0370,3734,786abe1935603ce7,早稻田大学女声合唱团,文化・艺术,声乐,"我们是早稻田大学女声合唱团，通称“早女”（Wasejo）！
/
/
/
/不仅能接受指挥家和声乐教练的专业指导！练习过程中的乐趣也是“早女”的魅力之一！
/
/
/
/全年举办独立音乐会、与其他大学的联合演出、合唱节及比赛演出、集训等各类活动。
/
/
/
/无论你来自哪个大学、哪个年级，无论男女，只要想参加女声合唱，我们都热烈欢迎！来吧，你也来成为这段历史的缔造者吧？
/
/
/
/歌唱是我们的力量。
/
/现在就一起歌唱吧，早稻田女声合唱团！
/
/
/
/
/",每周一、周四/18:55~21:10/早稻田大学内,无,machine_translated,not_reviewed,
C0371,3556,2e207a4c75f4580c,早稻田大学混声合唱团　所泽支部,文化・艺术,声乐,"我们是早稻田大学混声合唱团的所泽支部，这是一个面向全校学生的合唱社团♪在所泽也设有社团活动室。活动主要在户山校区的学生会馆进行，由混声合唱团与所泽支部共同开展。
/
/
/
/您可以体验与管弦乐团的联演、接受专业指挥家的指导、以及与声乐教练的一对一练习等各种宝贵经历。
/
/
/
/参加集训、在社团活动室与伙伴们聊天、练习后一起去吃饭、休息日和同届成员一起玩……每位团员都在早混度过着快乐的大学生活！
/
/
/
/无论你是初学者还是有比赛经验者，只要喜欢唱歌，我们都热烈欢迎！！
/
/
/
/
/
/
/
/
/
/
/
/
/
/
/",活动时间 7月前（大一期间）：周一、周三：第5～6节课 周六：第3、4节课 8月起：周二：18:00～21:00 周四、周六：第5～6节课,YouTube链接失效,machine_translated,not_reviewed,
C0372,3090,f16a23d4e4f4aa63,摄影部,文化・艺术,美术,摄影部的主要活动包括每年举办8次的摄影展，以及4月至7月、10月至12月期间在工作日基本于19:00（考虑到第5节课结束时间）开始的工作坊（班活动）。在小组活动中，从相机、电脑及打印机的使用方法、暗房培训开始，到举办摄影会、在社团室细细品读摄影集等，我们开展了一系列让从初学者到有经验者都能乐在其中并不断进步的活动。其中，有些活动正是因为拥有完善的设备和专业人士，才得以实现，这正是摄影部独有的特色。此外，我们每年还举办两次春夏集训，以此促进部内交流。此外，摄影部还与早庆展、六大学摄影展等其他高校的摄影社团保持交流，因此能够接触到多元化的价值观，这一点极具魅力。在摄影展中，我们将基于小组活动中磨练的技艺，进行摄影作品的创作、展示及合评。社团活动室配备了修图专用显示器、Mac电脑、可打印A3加长尺寸的彩色打印机、胶片扫描仪等各类设备。黑白暗房也可随时使用。所有活动均为自愿参加，只要心动，当天随时都能来加入。无论是“虽然还没买相机，但喜欢用手机拍照和看照片！”的初学者，还是“已经拥有相机！高中时就在摄影部！”的经验者，我们都热烈欢迎。作为跨校社团，我们不仅欢迎在校生，也期待所有对“摄影”感兴趣的朋友加入！,4月〜7月・10月〜12月/(平日)19:00〜学生会馆 等/(节假日)摄影会,无,machine_translated,not_reviewed,
C0373,3092,be8955949d905288,美术研究创作会,文化・艺术,美术,美术研究创作会（通称：びけん）是早稻田大学公认的社团，顾名思义，这是一个以美术活动为主的社团！除了为定期举办的展览会进行个人创作外，我们还负责一般店铺的内外装设计、参加设计节、在早稻田祭上进行现场绘画等，在“美术”的名义下开展各种项目！！从油画、水彩开始，到CG插画、剪纸、拼贴等平面作品，以及陶土工艺、编织等立体作品，甚至有时还会涉及影像作品。成员们各展所长，自由创作！！这是一个自由参加型、氛围轻松的社团。成员们都按照自己的节奏投入创作活动。“喜欢动手制作”、“想用从未用过的画材创作”、“单纯想享受创作的乐趣”……这里聚集了所有对美术和创作感兴趣的人！,每周一、四/15:00左右～19:30左右/学生会馆（W402）,无,machine_translated,needs_review,Japanese kana remains (3 chars)
C0374,3082,bf1fd94e5adacb16,纤维研究会,文化・艺术,美术,早稻田大学纤维研究会是成立于1949年、以早稻田大学为中心的时尚社团。本研究会以“综合大学的学生在时尚领域能够传递怎样的理念、产生怎样的影响”为理念，举办时装秀及装置艺术展。目前约有80名成员，众多校友已成为知名设计师。,每周三/学生会馆,无,machine_translated,not_reviewed,
C0375,3091,e70f022746d42753,早稻田大学书法会,文化・艺术,美术,早稻田大学书法会是拥有60多年传统、早稻田大学唯一经官方认可的书法类社团。主要活动内容是每周三和周六在学生会馆举行练习会，为5月举办的春季展以及冬季举办的学生最大规模展览会“稻书展”做准备。此外，迎新期间举办的露营活动、为期近一周的夏季集训，以及完全不涉及书法、仅以滑雪为主的“诸道”活动也十分丰富。同时，本会还加入了由东京九所大学（迹见学园女子、庆应义塾、国学院、东京女子、日本女子、法政、明治、立教、早稻田）书法社团组成的“东京学生书法联盟”，积极开展与其他高校的交流活动。此外，与校友们的纵向联系也非常紧密，我们会参加校友们主办的展览会，或邀请他们来练习会进行指导，在书法技艺的提升方面也颇有收获。基本上可以根据上课或打工等个人情况安排活动，活动期间进出自由，因此同时参加多个社团的人也不在少数。这是一个氛围非常轻松的社团。,每周三、周六/13:00～18:00/学生会馆W402,无,machine_translated,not_reviewed,
C0376,3531,23b6ad732a2dd100,早稻田大学Ricosha摄影部,文化・艺术,美术,主要活动包括每年举办4、5次摄影展，以及春季和夏季各一次的集训。此外，每月还会组织1、2次集体外出，前往各种拍摄地点进行摄影。平时，有空的成员会来到社团活动室，聊天、玩游戏、冲印照片等，活动形式自由随性。另外，活动室前面设有暗房，还有一些小众的成员在那里冲洗胶片相机拍摄的照片……？摄影展中，有两三次会借用早稻田大学周边的咖啡馆举办，其余则租用校内场地举办。此外，在大学举办各类活动时，我们也会接到摄影协助的委托。大家每天都按照各自的节奏开展活动，通过摄影展和日常拍摄会等活动，互相提升摄影技术。最后，由于我们的社团名称是“理科”，经常有人说“以为只有理工学院的学生才能加入”，但绝非如此。与其他摄影社团相比，只是理工学院的学生比例稍高一些，会员中并没有整体的院系偏向。即使没有摄影经验也超级欢迎！社团里也有许多是从大学开始接触摄影的成员！只要对摄影有一点点兴趣，请务必联系我们！,不定期的周六、周日／学生会馆E217室・拍摄地点,社团网站已关闭,machine_translated,not_reviewed,
C0377,3094,0dfd70bf255a956d,古美术研究会,文化・艺术,美术,早稻田大学古美术研究会是一个拥有60年悠久传统的艺术类社团。主要活动是每月一次前往东京都内的美术馆参观。虽然社团名称中含有“古美术”，但我们参观的展览大多是印象派等并非所谓“古美术”的作品。详情请参阅本社团的博客。参观美术馆后，我们会举办聚餐会（自愿参加），以促进会员之间的交流。古美术研究会与其他美术社团的不同之处在于，我们是一个专门从事美术鉴赏的社团。无论您是否会画画，或是否精通美术，我们都热烈欢迎。正因为专注于参观活动，我们的预算也集中投入于此。只要加入本社团，您就能以实惠的价格参观美术馆。也就是说！对于哪怕只对美术有一点兴趣的人，我们都能自信地推荐这个社团。虽然以每月一次的参观活动为核心，但我们也积极响应“既然是志趣相投的人聚集在一起，就想有更多交流！”这样的呼声。无论是新宿御苑的野餐还是参加烟花大会，只要有企划，我们都能迅速付诸行动，是一个充满灵活性的组织。社团还设有活动室，会员们也可以在活动室里加深彼此的交流。本社团拥有众多来自不同大学的成员，氛围轻松惬意。虽然很难用文字准确描述这种氛围，但如果您能亲自参加一次包含美术馆参观在内的体验活动，相信您就能充分了解本社团。体验参观随时受理，欢迎随时联系我们。,每月一次（主要在周日）于东京都内的美术馆举行。社团活动室随时可使用。,无,machine_translated,not_reviewed,
C0378,3098,a7122ab2bcce6a73,陶艺部　稻穗窑,文化・艺术,美术,陶艺部稻穗窑是早稻田大学唯一的陶艺社团，成员可以从零开始亲手制作作品。在社团活动室中，我们使用电动拉坯机、脚踏拉坯机等工具将黏土塑形，涂抹自己调配的釉药，并放入窑中烧制，完整地体验陶艺的全部制作流程。虽然灯油窑的操作难度高于电窑，但因其支持多种烧制方式，能为作品增添独特韵味，因此我们选择了灯油窑。学生们因“喜欢动手制作”、“想制作自己使用的餐具”、“想在大学尝试与众不同的活动”等各种理由加入本社，其中许多成员在入部时都是陶艺初学者。在向学长学习基础技术的同时，我们秉持“每个人自由创作自己想制作的作品”的理念，每天开展自由的活动。部员们创作的作品范围极其广泛，从传统茶具到日常餐具，乃至艺术摆件。每年在大学内外举办三次展览会，展示作品。在早稻田祭期间，会举办“陶器市集”，销售部员制作的陶器。此外，9月还会在陶瓷产地——栃木县益子市的设施内进行夏季集训。除了展览会和集训外，我们还会不定期前往画廊和博物馆参观，为成员们创造学习古董名品及一流艺术家作品的机会。在距离校园仅几分钟步行路程的理想环境中，成员们利用课间、放学后及节假日，悠闲地投入陶艺创作。,周一至周日/8:00～22:00/早稻田校区29-3号馆,无,machine_translated,not_reviewed,
C0379,3096,250c11c2ded4e7fd,绘画会,文化・艺术,美术,"每周二13:00～20:00、每周五13:00～20:00举行的全体活动中，大家自由选择石膏素描、油画、水彩、数字绘画等各种画材进行美术创作，或是闲聊、完成课程作业。活动结束后，大家会一起吃晚饭、举办小型聚会，或在社团室里放松休息。/
///
///
///
//展示平台也十分丰富。我们每月举办一次左右的展览，既策划独立展览，也参加与其他高校的联合展览。今年不仅在大学运营的画廊举办了展览，还与早稻田大学其他社团及外校美术社团开展了多项合作企划与展览。在休息日或长假期间，我们会组织参观美术馆、参加活动、举办集训等，以此增进会员之间的友谊。/
///
//对于希望在艺术生活与校园生活之间取得平衡、追求两全其美的同学，我们强烈推荐加入本社团！",每周二13:00～20:00・每周五13:00～18:00/学生会馆W402,无,machine_translated,not_reviewed,
C0380,3355,079cbfe56d0dff5a,摄影社“夏莱德”,文化・艺术,美术,以每年6月举办的“六月展”、10月举办的“新人展”、11月举办的“早稻田祭展”以及2月举办的“毕业作品展”这共计4次摄影展为核心活动。社员们或独立、或合作进行摄影创作，并相互点评作品，致力于作品的制作。此外，虽然展览大多在大学内举行，但2月的毕业作品展会在校外画廊举办。除此之外，还有学习摄影的研讨会，以及社员们一起参观摄影展、举办烧烤聚会等丰富多彩的活动。每年暑假和寒假各举办一次集训，目的地由社员们自行决定。另外，由于社团室位于学生会馆内，社员们在空闲课时常会来此闲聊。,每周日不固定/随时/学生会馆E224,无,machine_translated,not_reviewed,
C0381,3571,1cd1f5af36beeaf2,懒懒驼,文化・艺术,美术,这是人类科学部学术院公认的综合艺术影像社团。成立于2000年，作为综合艺术团体，我们从事影像拍摄、插画创作、音乐制作及游戏开发等工作。成员以人类科学部学生为主，平时在所泽校区开展活动。目前的主要活动包括不定期发行合集杂志、CD及磁带等，以及在24小时内完成剧本创作、拍摄与剪辑的“电影马拉松”等。发行的合集杂志及CD等作品，会在Wase-ket、Sun-Cri、Comiket等活动中进行分发。社团成员关系融洽，氛围非常温馨。许多成员都精通动漫、漫画及游戏等领域。由于与名为“lomotion”的玩具相机社团结为姐妹社团，因此温泉合宿等部分活动会联合举办。,每天,无,machine_translated,not_reviewed,
C0382,3575,d494f12ff51e7a8d,创作社团 GIFT,文化・艺术,美术,"GIFT是一个以小说、插画、诗歌、漫画、摄影、书评等为主，涵盖所有能通过纸质媒介表现的创作形式的社团。
/
/
/
/每年发行两次社刊《Sky Walk》，或根据成员提出的主题，大家齐心协力制作成《企划本》册子，并举办社团规模的特别企划等活动。这些刊物会在所泽祭、早稻田祭及其他活动中进行分发或销售。我们也会参加Comiket、SunCri等活动。
/
/
/
/此外，我们还举办合宿、圣诞派对、烘焙聚会、聚餐等各种娱乐活动。
/
/
/
/欢迎从未接触过创作活动的初学者加入！您是否也想在喜欢的时候，以喜欢的方式进行创作呢？",不定期/所泽校区,无,machine_translated,not_reviewed,
C0383,3153,ebd401cd6b348626,将棋部,文化・艺术,其他文化,将棋部是由喜爱将棋的人聚集在一起，共同享受将棋乐趣的社团。在比赛方面的目标是夺得冬季举办的王座战冠军。最近一次夺冠是在2013年。为了实现这一目标，大家会随时聚集在社团活动室进行对弈和研究，以提升棋力。不过，社团成员并不全是高手。其中也有许多持有级位的人，以及从大学才开始接触将棋的初学者。由于将棋部中高手众多，不少部员通过积极参与活动、向高手请教，棋力得到了大幅提升。接下来介绍具体的活动内容，具体安排因日而异。平日里，大家会在课间等时间聚集在部室，与在场成员下棋切磋。周六会举行研究会，按照大学比赛中常见的“30分钟基本时限，超时后每步60秒”的规则下两局。周日通常会有大学比赛，将棋部全体成员都会参加。虽然几乎每天都有活动，但参加与否是自愿的，大家都可以自由安排。此外，在长假期间我们会举办为期一周的集训。在此期间，平均每人会下约30局。集训旨在促进部员交流并提升棋艺水平。此外，我们也会不定期与其他大学的将棋部进行交流赛。将棋部是一个以享受将棋乐趣为宗旨的社团，因此无论棋力高低，只要对将棋感兴趣的人都聚集在这里。如果您对将棋感兴趣，请务必来部室看看。,每天/随时/学生会馆社团室,无,machine_translated,not_reviewed,
C0384,3151,f24e50961c9eff16,茶道研究会,文化・艺术,其他文化,象征日本文化的茶道，您是否觉得与自己有些距离？茶道研究会（通称“茶研”！）的成员中初学者占半数以上，起初会从茶具的使用方法开始，一步一步地学习，因此初次接触的朋友也可以放心！平日的练习由学生互相指导，周六的练习则由表千家和里千家的老师亲自指导。除了日常练习外，我们的活动还包括内容丰富的夏季集训（包含大量练习与活动）、向来宾展示练习成果的茶会、亲手制作日式点心和茶碗的研究活动，以及受邀参加其他大学茶会的对外交流活动等。平日练习始终对公众开放，如果您对我们的活动稍感兴趣，欢迎随时来学生会馆的茶室参观！,平日2次（具体日期不定）・周六1次/12:10-18:00・时间不定/学生会馆・清濑、神乐坂,无,machine_translated,not_reviewed,
C0385,3150,1e7d61d728a6d196,围棋会,文化・艺术,其他文化,早稻田围棋会每周三、周五18:00～21:00在新宿围棋中心举办练习会。练习会不仅有早稻田在校生，还有其他大学的学生、校友及研究生等众多人士参与，现场气氛非常热烈。此外，在学生会馆的社团活动室，即使在没有练习会的日子里，大家也能享受对弈的乐趣。早稻田围棋会绝不仅仅是一个大家聚在围棋馆下棋的社团！这里还有丰富多彩的活动，无论棋力高低都能乐在其中！在每年举办两次的关东联赛中，我们不仅有代表队参加一般组第一部，还会组建多支队伍参加同期举办的B联赛（交流赛）。此外，我们还准备了每年两次的集训、迎新活动等众多活动。通过各类比赛和活动，不仅能加深与本校同学的交流，还能结识其他大学的围棋部成员，这也是本社团的一大魅力。无论是有经验的棋手还是初学者，我们都热烈欢迎！前辈们会耐心指导，请务必来参加我们的活动！期待您的加入！,每周三、周五/18:00〜21:00/新宿围棋中心,无,machine_translated,not_reviewed,
C0386,3152,615802b325e858fe,歌牌会,文化・艺术,其他文化,这是一个以漫画、动画以及去年被改编成真人电影、知名度大幅提升的《花牌情缘》中出现的“竞技卡鲁塔”为主题的社团！平时我们利用早稻田大学学生会馆的和室或校外的社区活动中心，每周进行4次比赛形式的练习。此外，长假期间还有集训和联谊等有趣的活动。无论是有经验者，还是背诵过《百人一首》的人，甚至没背过的人，我们都热烈欢迎！前辈们会从《百人一首》的背诵方法到歌牌比赛规则，亲切地悉心指导。许多现役成员都是从大学零基础开始的，但他们与有经验的成员一起日复一日地练习，实力日益精进，甚至已培养出众多大赛获奖者！虽然歌牌运动的参与人数尚少，但它内涵深厚、乐趣无穷，是任何人都能沉迷其中的竞技项目！只要有一点兴趣，请务必随时来参观体验！,每周二、周四至周六/13:00〜18:00或17:30〜21:30/学生会馆或社区活动中心,无,machine_translated,not_reviewed,
C0387,3046,4f7853a5919b62d2,早稻田精神昂扬会,文化・艺术,其他文化,"身着学生制服、头戴方帽、脚踩高木屐，腰间系着手拭巾，纵横日本全国，是生活在现代的“バンカラ”群体。男人的道场就在这里。
/
/
/
/早稻田精神昂扬会是早稻田大学公认的社团，通过各种活动促进自我成长。早稻田精神昂扬会的活动领域大致分为三类。
/
/
/
/第一是“主办本庄～早稻田100公里徒步活动”，第二是“通过夏季集训纵横全国”，第三是“策划及参与各类活动”。俗称“100徒步”的本庄早稻田100公里徒步活动，在2023年迎来了第60届，即“花甲之年”。目前活动规模约为数百人，大家身着各具特色的装扮，从埼玉县本庄早稻田出发，用两天时间全力向大隈讲堂进发。昂扬会的夏季集训则是由男性（通称：早稻田战士）组成，进行为期10天11夜的全国徒步，旨在加深会员间的友谊，并与当地居民进行交流。每人背负30合大米，在每人每天仅100日元伙食费的限制下，在炎炎夏日里不停地行走。各类活动包括仅由圣诞节期间单身的可怜会员举办的“富士树海派对”等。此外，我们还积极参与早稻田祭和体育节。
/
/
/
/来者不拒，去者不追。快来早稻田吧
/
/
/
/快来加入早稻田精神昂扬会！",学生会馆E719/大隈讲堂,无,machine_translated,needs_review,Japanese kana remains (4 chars)
C0388,3538,7cf12931965bf4a0,早大理工围将会,文化・艺术,其他文化,围将会不仅有围棋、将棋、麻将、扑克，还有许多桌游。在融洽的氛围中，规则自然而然就能掌握。想玩什么游戏都能玩到，这就是围将会。我们是理工学术院公认的社团，社团活动室位于学生会馆9楼。作为拥有50年历史的传统社团，我们诚挚邀请喜爱智力游戏的朋友们前来加入！,每天・随时/学生会馆E936,无,machine_translated,not_reviewed,
C0389,3359,e55d28a429c6c68a,咖啡研究会,文化・艺术,其他文化,"拥有50多年历史的咖啡研究会。欢迎所有喜欢咖啡或咖啡馆的人，以及对此稍感兴趣的人！即使是不喝咖啡或不太了解咖啡的人也没关系。
/
/
/
/每周六下午的活动中，我们会事先策划各种企划并进行“研究”。具体来说，比如品尝比较不同产地的咖啡豆，举办手冲咖啡讲座，有时还会用意式咖啡机练习制作拿铁。周一和周三下午，大家一边喝咖啡，一边做作业或闲聊。
/
/
/
/此外，还有咖啡馆巡游、拉花艺术讲座、集训以及参展活动等丰富多彩的精彩活动！！参加咖啡馆巡游活动，绝对能结交到咖啡馆好友！为了迎接11月的早稻田祭，我们计划制作原创混合咖啡、练习手冲咖啡，以及构思原创饮品等。
/
/
/
/无论你是否喜欢咖啡，都欢迎加入咖啡研究会！个性鲜明的“咖啡研究会成员”正等着你！
/
/
/
/致咖啡爱好者！和我们一起享受咖啡吧。",每周一、三、六/15:00-18:00/学生会馆,无,machine_translated,not_reviewed,
C0390,3047,40078ee74664240d,早庆战支援会,文化・艺术,其他文化,我们早庆战支援会是支持盛大的早庆战的社团。早庆战当天，我们会负责引导观众及清理神宫球场周边。虽然早庆战前后我们会认真开展活动，但除此之外，大家都在社团活动室里悠闲地度过时光。早庆战当天，工作结束后可以观看比赛。在神宫球场齐唱校歌《绀碧的天空》，绝对会成为一生难忘的回忆！会员中不仅有喜欢看棒球比赛的人，还有因为喜欢早稻田大学、或者因为学长很友善而加入的人等，入会理由多种多样，所以即使对体育不感兴趣也没关系！此外，我们还与其他社团保持交流，互相协助完成工作。各社团之间关系融洽，其中也有同时加入多个社团的会员。春秋两季会举办与庆应大学的交流会，可以跨越大学间的界限进行交流哦！期待大家的加入！,神宫球场/学生会馆7楼E704,无,machine_translated,not_reviewed,
C0391,3352,3f29864eccfe10f8,桌面角色扮演社团　乾坤堂,文化・艺术,其他文化,桌面角色扮演游戏（Table Talk RPG）是一种多人围坐桌前，化身故事中的角色，通过对话推动剧情发展的桌游（视频网站上著名的克苏鲁神话TRPG便是其中之一）。基于记载了故事世界观和游戏数据的规则书，由1名被称为“游戏主持人（GM）”的引导者，以及3至5名扮演角色的“玩家”，共同朝着最终目标（解开谜题、击败敌人等）推进游戏。既然是游戏，自然会有一定程度的GM剧情引导以及掷骰子带来的运气成分，但采取何种行动、说出何种台词则完全取决于玩家。无论是用帅气的台词打动人心，还是用有趣的表演逗人发笑，抑或是精心描述场景，大家都会发挥各自的专长，与其他玩家协作，共同推动故事发展。也就是说，玩家既是即兴表演的演员，同时也是编剧和观众——能够体验这种多样的乐趣，正是TRPG的魅力所在。我们通常每月一次在周日聚会，共同享受TRPG的乐趣。无论是通过在战斗类游戏中战胜强敌取得胜利，还是在推理类游戏中从偶然中找到意想不到的解决方案并迎来感人的结局，每当此时，大家都会充满“共同创作了一段精彩故事”的成就感。我们非常欢迎新手加入，请务必来体验一下！,每月1次/周日/10:30～18:00/Discord,无,machine_translated,not_reviewed,
C0392,3370,8dc31cd647e9137b,早稻田大学迪士尼研究会,文化・艺术,其他文化,"平时我们在东京都内的文化会馆举办娱乐活动！内容丰富多彩，包括新手和迪士尼迷都能乐在其中的问答企划、可以分享“喜爱之物”的闪电演讲大会，以及各季的特别活动！
每月一次，周末会有迪士尼乐园游玩企划！
我们会按喜欢的类型分组，可以驻足观看游行、尽情享用美食，或者尽情享受与迪士尼角色互动和游乐设施的乐趣！
此外，每年还设有两次研究成果发表会！我们将与其他大学的迪士尼社团及研讨班联合举办，并邀请教授出席。
由于可以从各个领域对迪士尼进行分析，因此也推荐给想要认真研究迪士尼的朋友！
说到D研最特别的活动，首推“舞滨徒步”！我们竟然要从早稻田大学一路步行到舞滨！一边游览东京，一边加深与伙伴们的友谊吧！
您可以自由选择参加哪些活动，按自己的节奏参与！
大学生活仅此一次，何不与通过迪士尼结识的精彩伙伴们共度这段时光呢？
无论是迪士尼新手，还是喜欢游行、见面会、游乐设施、美食、BGS、电影、皮克斯、漫威、星球大战或游戏的爱好者，早稻田大学迪士尼研究会都期待您的加入！",每周1次（具体星期不定）/18:30起/东京都内的文化会馆、户山校区食堂、舞滨,无,machine_translated,not_reviewed,
C0393,3290,7eb8ec5399b1020e,珠算部,文化・艺术,其他文化,珠算部主要围绕参加全年约10场比赛及为此进行的练习开展活动。本部成立于2009年。虽然历史不长，但毕业生中有多人活跃于包括国内最高水平的“全日本珠算锦标赛”在内的众多全国性赛事。练习安排在课程间隙进行，并每月利用周末举办约2次练习会。练习内容由大家共同商定，有时还会互相提建议，我们始终在不断创新练习方式。今后，我们不仅将继续积极参加各类比赛，还将致力于校内外的宣传推广活动，为增加珠算爱好者人数贡献一份力量。最后，珠算部正在招募新成员。无论是现役选手、想在大学重拾珠算的人，还是单纯热爱珠算的人，我们都热烈欢迎。让我们一起秉持“一珠入魂”的精神，尽情挥洒热情吧！,每周不固定/课间空档/学生会馆,无,machine_translated,not_reviewed,
C0394,3760,699887afa8a790db,早稻田大学复古研究会,文化・艺术,其他文化,本研究会聚集了以昭和及平成初期为主的20世纪怀旧文化（音乐、漫画、纯喫茶、偶像、建筑、动画、古着等）爱好者。主要活动为每周一次的例会，节假日等时间会前往纯喫茶、唱片店、商店街等与怀旧文化相关的场所进行探访。在往届早稻田祭中，我们曾举办过昭和时代歌谣节目的重现活动以及宣传照拍摄体验会。我们也积极与校外人士进行交流，这无疑将是一次宝贵的体验！,每周约1次/第5～6节课/学生会馆,无,machine_translated,not_reviewed,
C0395,3769,7c3b0a8a578bda0d,早稻田大学韩国学生会,国际交流・志愿者,国际交流,"大家好。我们是早稻田大学韩国学生会。
/
/早稻田大学内包括本科生和研究生在内的韩国学生约有800名，支持学生们的校园生活并代为发声，正是我们早稻田大学韩国学生会（WUKSA）的职责。
/
/早稻田大学韩国学生会自1947年成立以来，一直稳步开展着丰富多样的活动。 我们将通过与学生会下属社团及早稻田大学韩国校友会的合作，致力于为众多韩国留学生提供生活支持，并努力帮助学生们走向未来理想的职业道路。
/
/为了这约4年的大学生活，我们将努力成为一个始终不懈奋斗的早稻田大学韩国学生会。谢谢大家。
/
/
/
/
/
/",不定期/地点不一（早稻田大学校外、新大久保周边等）,无,machine_translated,not_reviewed,
C0396,3044,ff2b4ba38edde946,国际学生友好会(WIC),国际交流・志愿者,国际交流,"WIC（威克）是早稻田大学历史最悠久的国际交流社团。本社团通过每月举办一次以上的各类活动、旅行及游览，与留学生愉快地交流。此外，在每周三举办的“日本教室”中，大家可以互相学习日本文化以及各国留学生的文化。同时，我们还通过大学委托的课堂志愿者服务及陪同前往区政府等活动，为留学生提供支持。WIC的特点不仅在于娱乐，更在于通过多种形式进行深入交流，从而加深与留学生的友谊！会员们平日第二至第五节课期间都会聚集在15号楼半地下休息室，对WIC感兴趣的朋友欢迎前来！详细活动内容请查看Twitter或Instagram！
/
/
/",每周三“日本教室”/周一至周五第2-5节课・15号馆休息室/每月举办一次以上活动,无,machine_translated,not_reviewed,
C0397,3724,ed8ad6ef87990354,AIESEC早稻田大学委员会,国际交流・志愿者,国际交流,"AIESEC是在全球100多个国家和地区设有分支机构、拥有约30,000名学生成员的非营利组织。
/
/
/
/我们致力于实现“和平且能最大限度发挥人类潜能的社会”，并参与及运营旨在培养青年领导力的项目。
/
/
/
/平时，我们与AIESEC海外分会及校友合作，开展海外实习的参与与运营，以及线上国际交流活动的参与与运营。
/
/
/
/作为ISEC的日本分支机构，ISEC Japan成立于1962年，目前主要由24个大学委员会开展活动。
/
/
/
/ISEC早稻田大学委员会作为这24个委员会中历史最悠久的委员会，一直积极开展活动。
/
/
/
/
/
/",每周五18:15~19:45（可能会有变动），不定期随时/学生会馆・7号馆,无,machine_translated,not_reviewed,
C0398,3048,d189146340af039a,国际交流彩虹会,国际交流・志愿者,国际交流,“虹之会”是成立于1965年的传统国际交流社团，在早稻田众多的社团中规模最大。正如“国际交流”之名，“虹之会”是一个通过各种活动促进留学生与日本人交流的社团。除了美国、英国、澳大利亚的留学生外，还有来自人口约50万的国家——卢森堡的留学生。此外，作为跨校社团，日本成员不仅来自早稻田大学，还来自日本各地的大学。彩虹会的活动内容丰富多样，既有“Japan study”、“World study”、“English study”等互相传授彼此文化及俚语的学术类活动，也有万圣节派对、圣诞派对等各类聚会活动。此外，还有足球、篮球等体育活动！,不固定（每周约2次）/地点不一,无,machine_translated,not_reviewed,
C0399,3766,3544ea624b40f7a4,早稻田台湾留学生会,国际交流・志愿者,国际交流,"大家好，吃饱了吗！早稻田台湾留学生会是早稻田大学内经官方认可的社团。我们是由来自台湾的早稻田学生聚集而成的团体，无论本科生、研究生还是CJL（中国语言文学）专业的学生，我们都热烈欢迎。我们的目标是促进在早稻田学习的台湾学生之间的交流，并为他们在日本的日常生活及校园生活中遇到的各种问题提供支持。
/
/
/
/活动大约每月举办一次，包括迎新活动、野餐、集训等。此外，我们还举办校友就业说明会等有助于职业规划的活动，以及与其他社团、其他大学的台湾留学生会及外部组织的交流与体验活动。
/
/
/
/各位台湾留学生，欢迎踊跃参加！让我们在早稻田大学拓展台湾学生之间的交流，扩大友谊的圈子。无论你是新生，还是已有早稻田求学经历的学生，我们都期待你的加入。
/
/
/
/如果你对早稻田台湾留学生会感兴趣或有任何疑问，请随时联系我们。让我们一起在早稻田创造美好的回忆吧！
/
/
/
/期待您加入早稻田台湾留学生会！
/
/
/
/
/
/
/
/
/
/
/
/
/
/
/
/欢迎加入早稻田台湾留学生会！？",每月至少一次 / At least once every month,无,machine_translated,not_reviewed,
C0400,3590,c4d54e31570a1dc7,早稻田大学中亚研究会,国际交流・志愿者,国际交流,寒假前往哈萨克斯坦，开展学生交流及寄宿家庭活动。可根据个人兴趣安排赴哈萨克斯坦行程。通过参观社会福利机构及养老院等，亲眼了解世界各地的福利状况。不仅限于学习，还能挑战各种新事物。在享受滑雪、滑冰等冬季运动的同时，尽情体验当地风情。此外，来自哈萨克斯坦的留学生将在当地迎接大家，还能与在日本结识的朋友重逢，促成美好的日哈交流。期待大家能获得既非旅行也非留学的独特学习体验。,每周一/16:00/101号馆,无,machine_translated,not_reviewed,
C0401,3211,61c326fc5ae02a65,儿童文化研究会,国际交流・志愿者,志愿者,儿童文化研究会成立于1945年，是早稻田大学公认的、历史悠久的儿童志愿者社团。主要开展“儿童志愿者”和“木偶剧”两项活动。“儿童志愿者”活动主要作为支援人员，协助早稻田附近儿童馆举办的活动。我们会自行准备手工制作和游戏等，与孩子们一起玩耍。“木偶剧”活动主要在长假期间进行公演。演出结束后，我们会让孩子们亲手触摸玩偶，并一起享用午餐。此外，从玩偶、剧本到舞台布景，全部都是手工制作。虽然起初大多数成员在戏剧表演和玩偶制作方面都是新手，但温柔的前辈们会以轻松的方式指导大家，请放心加入。两项活动的对象均为学龄前儿童至小学低年级学生，与他们交流时，总能感受到他们给予的无限活力！每周举行一次例会，氛围温馨如家。小班制、氛围宁静，能轻松与成员们打成一片。无论来自哪所大学或哪个年级，我们都热烈欢迎！让我们一起享受与孩子们互动的乐趣吧！,隔周周一・周四/17:00/学生会馆,无,machine_translated,not_reviewed,
C0402,3045,848846f441593b08,思惟之森协会,国际交流・志愿者,志愿者,50多年来，我们在岩手县田野畑村开展造林活动和地区交流。田野畑村是一个人口约3500人的村庄。集训期间，我们住在早稻田大学的宿舍里共同生活。我们使用自己劈的柴火，用大锅煮饭，洗澡的热水也是用柴火烧的。在造林活动中，我们会在自己拥有的两座山上进行间伐和修枝作业；在地区交流方面，我们会协助农林业及牧场等第一产业的工作，并参与当地的节日庆典。在东京期间，我们每周举行一次会议，商讨下次集训的准备工作及各类活动事宜。此外，我们还会参加早稻田祭、稻门祭以及环保类竞赛。无论是在东京还是岩手县，这都是一个能够依靠自身力量实现理想愿景的社团。,每周1次/18:00/学生会馆,无,machine_translated,not_reviewed,
C0403,3266,66c916591183fe06,向日葵儿童会,国际交流・志愿者,志愿者,向日葵儿童会与目黑区的四所小学合作，是一个与各小学特殊教育班学生进行交流的社团。活动对象涵盖1至6年级的所有年级，每周六由2至3名学生负责一名孩子，在公园里一起玩耍。此外，我们还在5月、7月、10月、11月、12月及3月策划周日郊游活动，前往葛西临海公园或平时不常去的公园游玩。夏季还有为期两天三晚的露营活动。每次远足前，由学生组成的“远足筹备会”都会在正式活动开始前约两个月启动筹备工作。通过制作纪念品、策划娱乐活动等，学生们也能在活动中增进友谊。向日葵儿童会是一个能够与众多孩子交流、体验难得宝贵经历的社团。,每周六/13:00～18:00/目黑区的公园,无,machine_translated,not_reviewed,
C0404,3269,b27406154431958d,池袋儿童会,国际交流・志愿者,志愿者,池袋儿童会每周日借用池袋的小学场地，与所属的孩子们一起快乐地玩耍。游戏内容丰富多样，包括足球、捉迷藏等。此外，我们还策划了许多季节性的徒步旅行和露营等活动。每周四，我们会讨论周日玩什么游戏、徒步去哪里、露营时举办哪些活动等。这些讨论内容将转化为儿童会的实际活动，因此大家都在全力以赴。此外，春季和夏季还会举办集训。集训期间，大家会提出“为了让儿童会更好，不妨试试这个”等建议，也会借用体育馆进行娱乐活动，晚上举办聚餐，气氛十分愉快。,每周日9:00〜13:00／每周四18:00〜21:00,无,machine_translated,not_reviewed,
C0405,3079,4c160b02573e8cd5,青空儿童会,国际交流・志愿者,志愿者,大家好！“青空儿童会”是一个在社区公园开展活动的儿童志愿者社团。我们主要面向居住在大学周边地区的小学生。主要活动是每周六的常规活动。在活动中，大家会在公园里玩“抓尾巴”、躲避球以及社团原创的游戏，共度欢乐时光！此外，除了常规活动外，我们还会在春、秋两季组织远足，夏季举办露营，冬季举办运动会等季节性活动！此外还有许多仅限学生参加的活动，学生们在其中和睦融洽地开展活动！所有活动都是由学生从零开始策划和筹备的。当孩子们在学生们通力合作策划的活动中玩得开心、露出喜悦的笑容时，我们便感到无比幸福。不仅能被可爱活泼的孩子们治愈，还能近距离见证孩子们的成长，这也是本社团的一大特色！,每周六/13:30～16:30/大学附近的某处公园,无,machine_translated,not_reviewed,
C0406,3075,e539837498a95369,新宿儿童会 KIDS,国际交流・志愿者,志愿者,新宿儿童会KIDS是成立于1982年的志愿者社团。每周六下午，我们在早稻田大学附近的集会室或公园里，与就读于特殊教育班的孩子们一起玩耍。由两名学生担任领队，负责策划当天的主题和游戏活动。自由活动时间较多，充满活力又非常可爱的孩子们会让你倍感治愈！ 此外，还有春季郊游、夏令营（两天一夜）、秋季郊游、圣诞派对、毕业典礼等丰富多彩的与孩子们互动的活动。新生欢迎合宿、烟花大会、烧烤、夏季合宿等仅限学生参加的活动也十分充实。最大的亮点在于社团的氛围。无论来自哪所大学、哪个年级，我们都热烈欢迎！请务必来体验一次！,每周六/12:00至19:00/户山公园,无,machine_translated,not_reviewed,
C0407,3768,636af007b060174d,志愿者社团 man-vo.,国际交流・志愿者,志愿者,man-vo.是Human-Volunteer的简称！我们在所泽市周边开展以“与人交流”为目的的福利类志愿者活动！在志愿者活动中，我们会与智力障碍人士一起做饭、运动，也会和孩子们及老年人一起学习、玩耍，以此加深日常交流。此外，我们还与所泽市教育委员会及市民志愿者团体合作，协助运营地区活动。志愿活动绝不强制参与。您可以按照自己的节奏，在有空时参加。此外，除了志愿活动外，还有学年聚会和集训等活动，因此可以很快与学长学姐以及其他大学的人成为朋友。即使是“不知道如何与残障人士相处”或“从未做过志愿活动”的人也没关系！有经验的学长学姐会温柔地给予支持。不妨借此机会接触一下福利领域吧？欢迎随时联系我们！,视活动而定（主要在周六、周日）,无,machine_translated,not_reviewed,
C0408,3268,095d89c6c2c0fec7,环境罗德里格斯,国际交流・志愿者,志愿者,环境罗德里格斯是1997年成立的早稻田大学官方认可、校内规模最大的环保志愿者社团。光听名字可能会让人觉得“是不是不了解环境就不能加入呢？”，其实并非如此。成员构成多样，既有对环境问题非常关注的人，也有进入大学后才开始关注环境的人。我们重视的是“在享受乐趣的同时，找到自己力所能及的事情”。活动分为“里山”、“海洋”“地区振兴”、“教育”、“商品开发”、“塑料”等6个项目，开展自然体验、工作坊、回收制品制作等活动。各项目每周召开一次会议，氛围都非常温馨。能够跨越院系和年级的界限结交朋友，这也是本社团的一大魅力。即使对环境不甚了解，只要觉得“好像挺有趣”，我们都热烈欢迎！无论是想挑战新事物的人，还是想寻找伙伴的人，一定都能在这里找到舒适的归属。,"各项目会议 每周1次（周一、周三、周四、周五）/18:00~20:30/学生会馆E817
实地活动及展会参展 各项目视情况安排（基本每周六日）",无,machine_translated,not_reviewed,
C0409,3078,ea0db16d16f74f05,早稻田大学广域BBS会,国际交流・志愿者,志愿者,BBS是更生保护合作团体（法务合作团体）之一，主要开展更生保护及预防不良行为的相关活动。本会是关东地区规模最大的BBS会，作为地区性团体，罕见地仅由学生组成的跨校社团！我们以“哥哥姐姐”般的身份，在儿童咨询所及儿童自立支援设施等场所，为身处各种困境的孩子们提供倾诉对象或辅导功课等志愿服务。目前，以早稻田大学、东洋大学为中心，汇聚了来自各所大学的学生！虽然法律、心理学、教育学专业的学生较为突出，但也包括理科生以及主修政治、经济等专业的学生。年级方面，从大一新生到研究生，成员背景丰富多样！在克服新冠疫情的影响后，我们近期正将活动范围拓展至拒学支援等领域。我们随时欢迎对更生保护及儿童福利感兴趣且充满干劲的学生加入！您愿意和我们一起参与活动吗？,根据活动类型及具体案件而定,无,machine_translated,not_reviewed,
C0410,3272,166264a303c37409,社区猫协会（Wase Neko）,国际交流・志愿者,志愿者,Wase Neko是一个开展“社区猫活动”的志愿者团体。我们的宗旨是减少流浪猫因排泄物及发情期叫声等给社区居民带来的困扰，在大学职员、新宿区保健所职员以及社区居民的理解与协助下开展活动。日常活动主要为喂养猫咪，每天在大学第五节课的时间段，向主校区指定路线内出没的社区猫提供食物。此外，我们会将每日活动记录在笔记本上，并通过每月一次的例会进行信息交流和活动回顾。虽然不定期，但我们也积极配合报社和电视台的采访，宣传社区猫活动，并在研讨会上发表演讲，致力于探讨如何开展更好的活动。欢迎大家就活动相关问题或参观事宜与我们联系。,每天/16:30～18:00/学生会馆・主校区,无,machine_translated,not_reviewed,
C0411,3270,98d4a47d24718da9,早稻田Match工作组,国际交流・志愿者,志愿者,"通过策划和运营各类活动，与早稻田商店街的居民及孩子们进行交流，共同致力于“早稻田的社区建设”！
我们每月都会参加许多活动，例如当地的节日庆典和小学举办的活动等。
我们也参与早稻田三大祭典——“早稻田祭”、“地球感谢祭”和“稻门祭”。
此外，我们还发行了宣传早稻田魅力的纸质媒体《早稻田镇杂志》，并将其放置在东西线早稻田站的报刊架以及早稻田的各家店铺中。
每周三第5节课的例行会议氛围温馨融洽，大家很快就能打成一片！成员之间的联谊活动也非常活跃。
无论您是对志愿者工作稍感兴趣、喜欢孩子、希望帮助他人，还是想更深入了解早稻田社区，我们都热烈欢迎您的加入！",每周三/17:00/学生会馆,无,machine_translated,not_reviewed,
C0412,3627,2894fc3c874fd560,对特许学校的教育支援～夏威夷篇～,国际交流・志愿者,志愿者,"ALOHA!! 我们“特许学校教育支援～夏威夷篇～”（Hawaii PJ）是源自早稻田大学平山郁夫纪念志愿者中心（WAVOC）的早稻田大学官方认可的教育支援志愿者社团。我们秉承“Learning by Teaching”的活动理念，每年利用暑假和春假，前往美国夏威夷州夏威夷岛火山村的一所特许学校（charter school），在为期两周的寄宿家庭生活中，为当地儿童教授日语和日本文化课程，并开展与当地儿童加深交流的活动。
/
/
/
/* 热爱教育与孩子！！
/
/* 想体验美国夏威夷的文化
/
/* 想亲身踏入海外的教育现场
/
/* 喜欢日本文化，希望将自己所知的日本美好之处介绍给世界
/
/* 对国际交流感兴趣
/
/* 渴望积极用英语交流！
/
/如果您怀有上述想法，何不加入我们，在夏威夷的小学和初中开展教育支援志愿活动，度过一个与众不同的暑假呢？?我们自己也能从那些天真烂漫、勤奋努力的孩子们身上学到很多。此外，整个社团的OHANA（大家庭）会在出发前举行预备会议，并举办关于夏威夷和日本文化的学习会，还会参加WAVOC主办的演讲比赛等活动。",每周参加2次当地的在线课程，每月1次团队会议，另有不定期活动/8:25～9:15（在线课程），其他活动时间未定/WAVOC会议空间、Wspace、线上,无,machine_translated,not_reviewed,
C0413,3645,38dce66d333fd400,农乐塾,国际交流・志愿者,志愿者,“明明叫‘早稻田’，为什么没有稻田呢？”正是源于这个朴素的疑问，我们农乐塾应运而生，并以大隈庭园内的“早稻田”为中心开展了广泛的活动。自成立至今已近20年，如今除了在“早稻田”进行水稻种植外，还开展了各种活动。主要活动是大隈庭园内稻田和菜地的管理。活动通常在工作日的午休时间进行，结束后，第三节课有空的成员常会一起去吃“早稻田便当”。此外，我们还与早稻田幼儿园及墨田区的“Step学级”开展交流，通过志愿活动为孩子们提供接触自然的机会。我们会一起插秧、收割水稻，有时还会进行捕捞小龙虾等活动。周末我们还会定期与当地农户进行交流。去所泽市或霞浦市的农户家中拜访时，不仅能体验农业劳动，还能品尝到美味的家常菜。此外，我们还策划了从轻度到深度不等的各类活动，因此一年四季都能乐在其中！今后，我们将继续以“享受农业，思考农业”为宗旨开展活动。,工作日中午/节假日不定期/大隈庭园等,社团网站已关闭,machine_translated,not_reviewed,
C0414,3714,d8eb74b7ef74644f,DOORS-日越交流项目-,国际交流・志愿者,志愿者,大家好。我们是DOORS日越交流项目。我们的活动主要围绕两项核心内容展开：对越南儿童的奖学金资助以及交流会的运营。我们利用春、夏两季的长期假期，每年两次前往越南，每次停留两周。在日本国内，为了筹集奖学金资金，我们会参加早稻田祭等活动销售越南杂货，此外每月还会举办一次以越南人为中心的面向在日外国人的活动。这是一个不仅同期成员之间，连前辈与后辈关系都非常融洽的社团！由于有很多大二、大三的学生加入，因此不仅欢迎对海外志愿者活动感兴趣的人，也欢迎对东南亚感兴趣、对跨文化交流感兴趣以及喜欢策划活动的人，任何人都可以加入！请务必来参加一次例会。,每周一/18:15/早稻田大学3号馆,社团网站已关闭,machine_translated,not_reviewed,
C0415,3788,cd136837c2331d6a,学生NGO EST,国际交流・志愿者,志愿者,学生NGO EST以“正因为是学生，才能提供最大的支援”为宗旨，是一个致力于向菲律宾儿童提供教育支援和文化交流的实践型志愿者团体。每年暑假期间，我们会前往菲律宾，通过当地寄宿家庭、参与当地游戏以及开展简易课程等方式，与孩子们直接接触，开展培育他们对未来希望与可能性的活动。在课堂上，我们以卫生、历史、当地传统文化等为主题，为孩子们提供自主思考、相互学习的平台，为他们实现梦想创造契机。此外，从活动策划到实施，学生们都以主体姿态积极参与，这不仅是培养国际视野、领导力和解决问题能力的绝佳机会，更是积累现实社会中实用经验的宝贵经历。此外，全年还举办集训等丰富多彩的活动，内容既认真严谨又充满乐趣。怀有志向的同学们，为了共同开拓未来，何不加入EST，一起支援菲律宾呢？,每周二/19:00/学生会馆,无,machine_translated,not_reviewed,
C0416,3630,c1165e4df3bea778,Atom货币执行委员会　早稻田·高田马场支部,国际交流・志愿者,志愿者,"负责管理及运营可在早稻田・高田马场地区使用的地区货币“Atom货币”，并作为志愿者参与当地举办的活动。
/
/
/
/由于有许多与当地商店街及餐饮店店主接触的机会，不仅能与店家熟识，还能深入了解早稻田的餐饮文化！
/
/
/
/虽然因涉及地区货币管理需要承担一定责任，但也可以从零开始策划活动，感兴趣的朋友请务必来社团活动室参观！",每周二/18:15/学生会馆E532,无,machine_translated,not_reviewed,
C0417,3725,d918438eccd5b17f,早稻田大学防灾教育支援会 WASEND,国际交流・志愿者,志愿者,早稻田大学防灾教育支援会WASEND是以2004年发生的印度尼西亚苏门答腊岛近海地震为契机而成立的。目前约有80名成员，不仅在日本国内，还面向印度尼西亚、菲律宾的儿童开展防灾教育活动。在与当地大学生及专家进行详尽实地调查的基础上，实施适合该地区的课程，并通过使用各类实验装置等开展体验式教学，旨在提高儿童的防灾意识。此外，我们还积极参与当地的防灾节活动。WASEND还制作了防灾绘本，迄今已出版《讨厌吉滨的故事》和《我并不孤单——瓦休君与袭击亚齐的大海啸》两册。我们准备了日语/英语版和印尼语版两种版本，并分发给国内外的小学生。,周三・周五，以及暑假・春假期间／18:15起／社工演习室,Instagram链接失效,machine_translated,not_reviewed,
C0418,3644,a12e249f29758094,松代早稻田自由俱乐部,国际交流・志愿者,志愿者,新泻县十日町市松代地区被丰富的自然环境所环绕，冬季积雪深度有时可达3〜4米，是日本屈指可数的豪雪地区。近年来，由于人口减少，该地区面临着严重的过疏化和老龄化问题，存在许多濒临消亡的村落。我们以松代地区内的蒲生村落为主要据点开展活动。主要活动包括每周一次的例会、每月一次的实地活动、提供教育支援的“松代塾Jr.”以及雪国体验项目等。在实地活动中，我们通过参与地区活动及环境整治与当地居民交流，致力于保护丰富的自然资源、美丽的梯田以及村落活动等地区文化。“松代塾Jr.”是一个在暑假期间面向松代地区中小学生及社会公众开展教育支援的项目；而“雪国体验项目”则招募社会公众，通过挖雪和民宿体验等方式，让参与者亲身感受雪国风情。这两个项目旨在让社会公众了解松代的魅力，为了向更多人传播松代的魅力，我们也积极参与大学各类活动。我们致力于开展各类活动，旨在通过与当地居民的交流共享快乐，并充分发挥大学生身份优势，为地区振兴贡献力量。,每周五/18:30/WAVOC,无,machine_translated,not_reviewed,
C0419,3715,7ae3f379117ed5e8,日本韩国未来项目,国际交流・志愿者,志愿者,"日本韩国未来项目（通称“Nikkori”）以“通过活动发掘自身潜力，在思考与行动中连接日本与韩国，共同构建让所有人都能‘绽放笑容’的未来”为宗旨，每天积极开展活动。每周我们会围绕领土问题、慰安妇问题、核问题等与韩国及朝鲜相关的主题举办学习会，并按月参加在朝鲜大学校举办的关于朝鲜的学习会。此外，我们还举办与其他团体合作的联合活动以及面向内部成员的活动，策划了众多既能享受乐趣又能加深交流的项目。夏季，日韩学生还会在分隔韩国与朝鲜的38度线附近的农村开展为期一周左右的志愿活动（“38度线和平活动”）。我们“日本韩国未来项目”认为，日韩学生的交流对于消除彼此对对方国家抱有的偏见至关重要。我们希望通过活动中的交流，发现崭新的韩国与朝鲜，并迈出构建面向未来的日韩、日朝关系的第一步！！您是否愿意与我们一同迈出这一步呢？“Nikkori”全体成员衷心期待您的参与！
/
/
/
/
/
/
/1: 每周学习会
/
/
/
/
/2: 访问高丽大学
/
/
/
/
/3: 各类活动
/
/
/
/
/4: DMZ和平项目
/
/
/
/
/",每周二・周五（根据活动内容有所不同）/18:30/早稻田校区・早稻田大学志愿者中心,无,machine_translated,not_reviewed,
C0420,3493,c76b0098d8472ac1,WHABITAT,国际交流・志愿者,志愿者,"本社团是国际非政府组织“仁人家园”（Habitat for Humanity）的早稻田大学学生分会。主要活动是在长假期间前往发展中国家开展住房建设志愿服务（GV）。除海外活动外，同样在长假期间，我们会组队前往日本国内各地开展派遣式志愿服务，并定期在东京近郊进行农业支援及捡拾垃圾等活动，活动内容十分丰富。我们每周还会举行一次针对社会问题的会议，通过主持人发表演讲及成员间的讨论，为提升大家对志愿服务的意识创造机会。此外，本社团还能与同属上述母组织的其他大学进行交流，从而有机会与更多人互动并交换意见。除了志愿活动外，我们还定期举办圣诞派对、烧烤等休闲活动，以及迎新期、夏季和冬季的集训等各类活动，让大家尽情体验大学生活的独特乐趣！社团整体氛围融洽，成员们不分年级和性别，相处融洽，充满欢乐。大家热情亲切，如同家一般温暖，无论何时谁来，都会面带微笑地迎接，这是我们最大的特色。在这里，你可以全身心投入学习和娱乐，因此非常适合那些“既然是大学生，就想挑战新事物！既要学习，也要好好享受大学生活”的人。加入WHABITAT，让我们一起充实大学生活吧！
/
/
/
/",每周三/19:00/教室・早稻田附近的会议室　周末不定期开展志愿者活动,无,machine_translated,not_reviewed,
C0421,3628,8bb62b5c6549ed1f,老挝学校建设教育支援项目～苏恩～,国际交流・志愿者,志愿者,我们秉承“共同思考，共同感受”的活动理念，在寒假期间的两周里，前往老挝南部占巴塞县的农维恩村和农萨村开展教育支援活动。受新冠疫情影响，我们曾有两年无法前往当地，但去年我们时隔三年再次前往当地开展了活动。活动组策划了以“团队合作”为主题的运动会，低年级组则开展了关于环境问题的活动。此外，高年级组还开展了世界遗产教育。除了课堂教学外，我们还进行了教师交流和家访，得以亲身体验老挝的文化。在日本国内，我们也举办与老挝留学生的交流会、在初中和高中授课，以及参加早稻田祭的展位活动。社团氛围融洽，没有前辈后辈之分，因此新成员的意见也能被采纳，是一个从第一年就能深度参与的社团。期待大家的加入♪,每周一或二或三、周五／学生会馆,无,machine_translated,not_reviewed,
C0422,3636,4094757a61e215e6,早稻田大学气仙沼团队,国际交流・志愿者,志愿者,"我们源于东日本大地震发生后早稻田大学与宫城县气仙沼市建立的联系而成立，此后一直持续开展复兴支援活动。目前，我们每两个月前往当地一次，开展研学旅行、学习支援以及协助举办各类活动。每年8月举办的“气仙沼港节”是一项重要活动，我们在协助运营的同时，也作为舞者亲自参与，为节日增添热闹氛围。震灾过去13年，当地的情况和需求也在发生变化，我们从清理瓦砾开始的活动也持续在演变。为了让气仙沼成为一座充满活力、生机勃勃的城市，我们不仅向外界传递震灾时的气仙沼，也持续宣传其现在的魅力，并在东京积极开展活动。此外，自2020年以来，我们通过博客和免费报纸的发行来传播气仙沼的信息，致力于为更多人了解气仙沼创造契机。随着震灾时间的推移，记忆逐渐淡去，在当地开展志愿活动的志愿者人数也在减少。这或许是理所当然的。然而，当地仍有许多人需要我们，也有许多人因我们的活动而展露笑颜。我们将继续回应这些人的呼声。无论您是对志愿活动稍感兴趣，还是想去东北看看，抑或是想对震灾稍作了解，无论您是何种身份，我们都热烈欢迎。
/
/
/
/您愿意和我们一起为气仙沼注入活力吗？",每周一次（具体星期不定）/99号馆WAVOC会议空间/18:00～20:00,note链接失效,machine_translated,not_reviewed,
C0423,3287,ec75f764774e8982,早稻田大学POST,国际交流・志愿者,志愿者,"“对志愿者活动感兴趣，但不知道具体想做什么……”“想尝试各种志愿者活动！”等等，正在犹豫不决的你！早稻田大学POST正是为你量身打造的！POST是一个公认的志愿者社团，其特色在于只要是志愿者活动，任何类型都能参与。主要活动包括：与老年人交流沙龙、课后日间照料中心的支援活动、捡拾垃圾、长假期间的农业体验集训，以及其他各类单次志愿者活动等。通过志愿者活动，你可以与从儿童到长者等各年龄段的人士进行交流。社团成员关系融洽，氛围非常温馨！
正因为全球疫情导致人际联系变得稀薄，我们才得以认识到过去未曾察觉的联结方式及其重要性。早稻田大学POST正是通过志愿者活动，让你不仅珍视日常中的联结，更能通过主动向外伸出援手，切身感受到人际联结带来的温暖。
志愿服务绝非单向的，而是双向的人际联结。通过这种联结，我们可以接纳他人，并从共同身处同一空间中感受到喜悦。正因为是团体活动，才能孕育出独特的人际纽带，我们正是珍视这种联结而投身于志愿服务。","例会：每周1次/12:30～13:00、17:00～18:40、21:00～21:40/学生会馆2楼、3号馆W空间、Zoom
与长者交流会（沙龙）：每月第二个星期日/9:00～12:00/西早稻田地区交流馆
课后日间照料服务活动：自愿参加/高田马场或北新宿
捡垃圾：每月1次/11:00～12:00/早稻田周边
农业体验集训：每年2次（春假和暑假）/福岛县会津若松市
此外还可以参与各种其他志愿者活动！",无,machine_translated,not_reviewed,
C0424,3773,d1eb3aa419c6db59,早稻田大学草莓大福研究会,国际交流・志愿者,志愿者,"这是日本首个专门从事草莓大福活动的社团。成立于2016年，旨在向全世界传播草莓大福的魅力。喜欢草莓大福、喜欢草莓、喜欢甜食、喜欢烹饪、想尝试商品开发、觉得社团名字有趣……入部的理由因人而异。甚至还有社员表示：“虽然不擅长吃草莓，但觉得很有趣所以加入了。”作为跨校社团，这里聚集了许多其他大学的学生，大家在和睦融洽的氛围中共同开展活动。主要活动包括为销售社团原创商品而举办的大福试制会，以及以草莓大福为主的大福品鉴会。此外，我们还举办夏季集训、在早稻田祭设摊，以及一日游等活动。
/
/
/
/自2022年起，我们开始将活动重心放在商品开发上。经过多次反复试制，终于在2023年4月，我们与位于西早稻田的“茶茶工房”合作推出了联名商品。为了搭配“茶茶工房”的茶，我们开发了“无皮草莓大福”，并配合春季的销售时节，将粉色和白色的求肥塑造成樱花形状。在上面铺上由鲜奶油和红豆沙制成的红豆奶油馅以及草莓，打造出可爱可人的成品。由于广受好评，5月起我们在浅草店也开始提供外带销售。
/
/
/
/无论您是出于对商品开发感兴趣、喜欢草莓大福，还是想更深入了解大福，无论什么理由，我们都热烈欢迎。
/
/
/
/让我们一起为活动增添活力吧！
/
/
/
/
/
/
/
/
/
/
/
/
/
/
/让我们一起让活动更加精彩吧！",每月约3次（具体日期不定）/工作日19:00、节假日时间不定/学生会馆、社区中心烹饪室,无,machine_translated,not_reviewed,
C0425,3764,7dad20b49b6da46b,和歌山学生稻门会,其他,学生稻门会,和歌山学生稻门会是由和歌山出身的学生聚集交流，并与稻门会校友互动以振兴和歌山的地方学生团体。主要围绕10月下旬举办的稻门祭开展活动。此外，还会举办各种面向会员的活动。在早稻田大学，虽然很难遇到在和歌山出生长大的同学，但对于那些“不想忘记故乡”、“想感受和歌山”的学生来说，这是一个绝佳的团体。诚挚邀请所有和歌山出身的学生加入。随时欢迎通过社交媒体联系我们。,活动举办时,无,machine_translated,not_reviewed,
C0426,3219,c08545b47a16560d,全国早稻田学生会联盟,其他,学生稻门会,只要是来自地方的早稻田大学学生，随时都可以参加活动！地方学生会（○○学生稻门会）是由与各道府县有渊源（如出生地、毕业高中等）的早稻田大学学生聚集在一起，旨在增进友谊而成立的官方认可社团。除了加深同乡情谊之外，没有其他规定！无论是结伴小酌、参加家乡的节日庆典，还是举办集训，各学生稻门会都开展着各具特色的活动。从北海道到冲绳，全国共有近30个学生稻门会，众多来自地方（东京、神奈川、埼玉以外）的早稻田大学学生在此归属。全国早稻田学生会联盟（全早连）作为学生稻门会的联合组织，开展着广泛的活动，包括策划和运营学生稻门会联合联谊会及各类活动，以及负责早稻田大学体育节正式项目“Tokyo徒步”、春季“新生欢迎派对”和秋季“稻门故乡派对”的运营等。这是一个能让你结识众多来自不同院系、不同年级伙伴的社团！此外，即使初次见面，大家之间也已存在“同乡”这一无可替代的纽带。请务必轻松地参加一次学生稻门会或全早联的活动。※还有一些学生稻门会未收录在此社团介绍中。如果您有“我家乡的学生稻门会没有吗？”的疑问，请联系全早联。,每周不定时/学生会馆E210,无,machine_translated,not_reviewed,
C0427,3225,19ffcbe9f8fed638,山梨学生稻门会,其他,学生稻门会,"山梨学生稻门会以打造山梨县出身的早稻田大学学生的休闲场所为目标，每天都在积极开展活动。平时我们会聚集在早稻田校区附近的咖啡馆“普兰坦”，一起愉快地共进午餐，偶尔举办聚餐，长假期间进行集训，或在甲府聚会……活动氛围轻松惬意。
/
/我们与其他县的学生稻门会及校友们联系紧密，拥有深厚的传统，也有许多拓展交流与人脉的机会。每年我们都会参加在山梨县举办的早稻田大学地区交流论坛以及校友会支部大会。
/
/大家虽然离开了山梨，在早稻田也结识了许多新朋友，但何不一起聊聊心中故乡——山梨县的话题，热热闹闹地聊上一通呢？仅凭“同乡”这一身份，无论院系、年级或兴趣爱好如何，我们都能产生亲近感和归属感，这是一个非常温馨的社团。许多成员同时还参与其他社团的活动。
/
/不限年级，随时欢迎新成员加入！大一新生自不必说，大四、大五学生以及研究生也都热烈欢迎！所以，哪怕只来一次也好，请务必来玩玩看！让我们一起欢聚吧。随时恭候您的光临。",周末在山梨。（高田马场）,无,machine_translated,not_reviewed,
C0428,3234,b91482f0357f5fa2,山口学生稻门会,其他,学生稻门会,我们山口学生稻门会从本年度开始正式开展活动，例如在稻门祭上设摊等，是一个充满活力的社团。为了最大限度地展现山口县的魅力，我们也在社团内部加深了交流。即使不是山口县人，只要热爱山口县，或者姓“山口”的人，我们都热烈欢迎。我们计划每月举办一次活动。此外，我们也积极参与由统管全国稻门会的“全国早稻田学生联盟”策划的各类活动。凡是就读于早稻田大学的山口县人，或是对山口县稍感兴趣的朋友，请随时联系我们！无论哪一届学生都热烈欢迎。我们的目标是在早稻田祭上设摊，并希望与山口县政府合作，在东京开展旨在振兴山口的活动。今后也请多多关照山口学生稻门会！,每月1-2次 本校区 8号馆,无,machine_translated,not_reviewed,
C0429,3710,4c7cca046952067f,冈山学生稻门会,其他,学生稻门会,自2017年度起，我们正式重启活动，每年秋季在稻门祭设摊贩售米团子等冈山特产，并参加教务部主办的地区论坛进行大学介绍。通过这些活动，我们旨在增进冈山籍在校生之间的友谊，并加强在校生与校友之间的联系。此外，我们还受邀参加每年由冈山县主办的聚会等，活动内容丰富多样。来自冈山的同学们，不妨来参加我们的活动吧？,不定期,无,machine_translated,not_reviewed,
C0430,3719,5ccb93c192f44bc0,佐贺学生稻门会,其他,学生稻门会,这是一个由佐贺县出身或与佐贺有渊源的学生组成的学生稻门会。活动内容丰富多样，涵盖求职咨询、新生支持以及地方振兴活动等。感兴趣的学生，不妨先加入看看？,不定期,无,machine_translated,not_reviewed,
C0431,3720,ba9cfa030f0e4bac,鹿儿岛学生稻门会,其他,学生稻门会,鹿儿岛学生稻门会成立于2018年度，自成立以来便开始在稻门祭上设摊，并与校友们愉快地交流。大家都很友善，氛围温馨如家。我们热切期待鹿儿岛县出身的同学与我们联系。让我们用鹿儿岛方言畅所欲言吧！,不定期,无,machine_translated,not_reviewed,
C0432,3730,5689fb3e7b9a040f,北海道学生稻门会,其他,学生稻门会,大家好！北海道学生稻门会是一个旨在促进北海道籍在校生与校友、以及在校生之间的交流而开展活动的社团。具体活动包括定期聚餐和不定期举办的活动（计划举办滑雪、火锅聚会等！）、在稻门祭上销售北海道特产、举办地区交流论坛，以及通过其他各种企划来搭建交流平台。我们通过在稻门祭等活动中设摊，向外界传播北海道的魅力，致力于为北海道的发展做出贡献。鉴于目前正处于从新冠疫情中恢复的时期，社团内部形成了无论何种活动或企划都勇于尝试的新风气。这是一个能让您与来自北海道各地的同乡早大生加深交流的社团，欢迎加入！,随时/学生会馆E210等,无,machine_translated,not_reviewed,
C0433,3763,54b637e917b6e5bc,福冈学生稻门会,其他,学生稻门会,"学生稻门会是由具有共同出身地背景的学生聚集在一起，进行信息共享及策划各类活动的社团。
/
/
/
/福冈学生稻门会曾因新冠疫情一度暂停活动，但本年度起已恢复活动。我们希望能与校友们共同参与稻门祭、策划求职活动，并与其他学生稻门会开展交流等各类活动。
/
/
/
/对于从地方来到这里感到不安的朋友，以及希望与校友们交流的朋友，欢迎加入我们的活动！
/
/
/
/特别是本年度作为社团重启之年，在策划新活动等方面，将有大量主动参与的机会！让我们以“福冈出身”这一身份认同为纽带，共同实现大家的愿望吧！",不定期,无,machine_translated,not_reviewed,
C0434,3237,b0be76f9fca2101e,长崎学生稻门会,其他,学生稻门会,由长崎籍学生组成的同乡会。会举办聚餐活动，或与其他稻门会联合举办运动会。,无信息,无,machine_translated,not_reviewed,
C0435,3238,91aee5e294b21198,熊本学生稻门会,其他,学生稻门会,熊本县出身的早稻田大学学生在此聚会，每年参加一次稻门祭以及举办联谊会等活动。,不定期,无,machine_translated,not_reviewed,
