circle_id,waseda_id,source_hash,名前,メインカテゴリ,サブカテゴリ,活動内容,活動日時・場所,サイトメモ,translation_status,review_status,review_note
C0001,3162,d56931f91fa0069f,Rubber-Ball Baseball Club,Sports (Ball Games),Baseball,"Our Rubber-Ball Baseball Club is a member of the Tokyo Six Universities Rubber-Ball Baseball Federation, and we compete in the spring and fall league tournaments with the goal of advancing to higher-level competitions. In recent years, we have achieved excellent results, including winning the Six Universities Fall League and reaching the quarterfinals of the East Japan Tournament. We are aware of our role as a leading team in the university rubber-ball baseball world and approach our daily practices with this mindset.Our members range from those with Koshien experience to those who have never played high school baseball, creating a diverse group. However, what we all have in common is a serious commitment to improving our skills, no matter how small the progress. We highly recommend this club to anyone who wants to aim for the national tournament in college or who is serious about baseball but finds a casual club insufficient!","Monday–Friday / 9:00 AM–11:00 AM or 1:00 PM / Shakujii Park, Ukima Park, etc.",None,machine_translated,not_reviewed,
C0002,3530,c96737fb38ffff71,School of Science and Engineering Hardball Baseball Club,Sports (Ball Games),Baseball,"We are the only hardball baseball club at Waseda University and are part of the Science and Engineering Six Universities League. We practice 1–3 times a week. We train daily with the goal of winning the Six Universities League championship. Our managers include students from various universities, including Waseda, Nihon Women’s University, Tokyo Women’s University, Seisen Women’s University, Gakushuin Women’s University, Tokyo Kasei University, Showa Women’s University, and Kyoritsu Women’s University.We hold practices and games at various locations, primarily at ballparks in Tokyo and its suburbs, including Komazawa Park Baseball Stadium, Edogawa Stadium, Jingu Indoor Practice Facility, Asaka Municipal Stadium, Onoji Stadium, Kamiyuzuki Stadium, and Tachikawa Park Stadium.In addition to our March training camp in Miyazaki, May orientation camp, September summer camp, games at Tokyo Dome, and overseas trips, we also have a full schedule of non-baseball events, such as gym activities. Although our name includes “Science and Engineering,” we have many liberal arts students as well!
/
/
/
/If you’ve seen our Instagram and are interested, please come check out a practice! We’re recruiting even outside of orientation periods, so feel free to contact us via DM on social media!","Weekdays (after classes) & Weekends
/
/
/
/Baseball fields in Tokyo or the Tokyo metropolitan area
/
/
/
/e.g., Komazawa Park Baseball Field, Edogawa Ward Baseball Stadium, Jingu Indoor Ballpark, Asaka Central Park Baseball Field",None,machine_translated,not_reviewed,
C0003,3396,6b522506d2247e8b,Edo no Kai (Rubber-Ball Baseball Club),Sports (Ball Games),Baseball,"We are the Edo Club, a rubber-ball baseball club celebrating our 50th anniversary this year! We practice twice a week, on Tuesdays and Fridays, with experienced and inexperienced players training together. As for club events, we hold a welcome camp in April and two-day, one-night tournament camps in June and November. During these camps, we form teams with members from various grades to play games, which greatly strengthens our team spirit.Furthermore, during our summer training camp in September, we not only practice baseball but also enjoy recreational activities like river play, a test of courage, and fireworks. We also hold a spring training camp in March. We actively participate in annual tournaments and work hard every day in practice with the goal of competing in the Pro-Sta and Kanto tournaments. In addition to baseball, we organize events that managers can enjoy as well, such as summer cruise parties, snowboarding camps, and class trips to Disney.","Every Tuesday and Friday / Between 3:00 PM and 7:00 PM / Kami-Igusa, Ukima, Tetsugakudo, etc.",None,machine_translated,not_reviewed,
C0004,3198,74043b20f10b14fd,Professional Baseball Fan Club Select,Sports (Ball Games),Baseball,"We all just love baseball! Our members range from fans of the 12 Japanese professional teams to fans of MLB and the Big Six universities. We not only go to games together, but we also have plenty of fun events, like playing amateur baseball at Yokohama Stadium and running a booth at the Waseda Festival! Plus, we play rubber-ball baseball twice a week at a Tokyo Metropolitan Park baseball field! We’re not exactly a powerhouse team, but our strength lies in everyone—beginners and women included—playing together in a friendly atmosphere. So if you’re looking to play casual rubber-ball baseball or want to make friends who support the same team, come join Select for the best college experience! Students from other universities and those participating in multiple clubs are also very welcome!","Every Tuesday & Friday / 5:00 PM – 9:00 PM / Tokyo Metropolitan Park Baseball Field (casual games), Irregular / Major baseball stadiums in the Kanto region (watching games)",None,machine_translated,not_reviewed,
C0005,3399,bb3c5377bd7ae9ab,Waseda University Women’s Rubber-Ball Baseball Club WASEBI,Sports (Ball Games),Baseball,"Hello! We are the only women’s rubber-ball baseball club at Waseda! We practice about 3–4 days a week at fields in Tokyo! The best thing about WASEBI is that we take baseball seriously! We warmly welcome anyone who wants to stay active after entering university, as well as those looking to try something new!Most of our team members started playing baseball in college, and some have no prior sports experience at all! Even so, our coach and upperclassmen provide kind and thorough guidance, so even beginners can become regular players! We also actively welcome international students, so you can enjoy international exchange while playing baseball!!
/
/
/
/But let’s be real—as a college student, you’ll want to work part-time! And you’ll want to focus on your studies (?)! No problem!! We have plenty of players who balance practice with work, and you can work up to the maximum allowed under your parents’ tax bracket or even take a full course load! If you’re thinking, “This sounds like a stuffy baseball group that’s all about practice,” think again! WASEBI isn’t just a baseball team! On our days off, we go to a certain theme park, eat delicious sweets, and—before we know it—end up playing baseball anyway. We all get along great and have fun, regardless of whether we’re upperclassmen or underclassmen!!
/
/
/
/You don’t need a special reason to start playing baseball! If you’re reading this page, you’re probably already more interested in women’s baseball!! Come try it out, and you’ll definitely want to join!! We guarantee an absolutely wild and unforgettable youth!! We’re waiting for you!","1–2 times on weekdays (determined based on members’ schedules), Saturdays, Sundays /
/
/Long breaks: Tuesdays, Thursdays, Saturdays, Sundays
/
/Fields in Tokyo",None,machine_translated,not_reviewed,
C0006,3525,de84498f49518bd6,Waseda University School of Science and Engineering Rubber-Ball Baseball Club,Sports (Ball Games),Baseball,"We operate under the nickname ""Rikonan."" All players are students from the School of Science and Engineering, and we practice twice a week on weekdays at a field in Tokyo. Recently, we have achieved good results in the Waseda League and other competitions, and we practice daily with the goal of playing at Jingu Stadium. We also hold training camps six times a year and incorporate various events to ensure a fun and friendly atmosphere throughout the year.Examples of our events include a freshman welcome BBQ, a summer cruise, and a Christmas party, among many others.In addition, we freely organize numerous activities such as class trips and training camps. We are recruiting both players and managers year-round, so please feel free to contact us!! Whether you want to play baseball, enjoy sports, cheer on the team with a big group, or find friends to share your college life with, why not join us? Let’s make the most of our college life together!!","Two days a week (irregular schedule) / 7:00 PM–9:00 PM (sometimes starting at 5:00 PM) / Johoku Park, Tetsugakudo, Kamitakada",None,machine_translated,not_reviewed,
C0007,3411,c0878cd81c5859a0,Inaho Kickers,Sports (Ball Games),Soccer,"Waseda’s largest and strongest soccer club, made up entirely of Waseda students. We hold practices on Mondays, Wednesdays, and Fridays, aiming to help both players and managers grow and win titles.","Every Monday, Wednesday, and Friday / Koishikawa, Akabane, Shinsuna",None,machine_translated,not_reviewed,
C0008,3521,90af0d9677d16139,Waseda University School of Science and Engineering Soccer Club,Sports (Ball Games),Soccer,"A soccer club commonly known as “Rikosa” or “Waseda Rikosa.” Practices are held twice a week, generally on Mondays and Thursdays, while weekends are reserved for matches, training camps, and away games. With over 50 years of history, it is one of the oldest soccer clubs at Waseda University. In the 2013 academic year, the club won the university-wide championship to determine the strongest soccer club at Waseda and placed third in the Magazine Cup, the largest tournament in the club scene.In the 2015 academic year, the club won the Second Division of the New Kanto League, which brings together strong teams from the Kanto region, and placed sixth in the Magazine Cup. Furthermore, in the 2016 academic year, the club advanced through the Kanto qualifiers to reach the national tournament, where it finished as runner-up.While the club was originally composed mainly of students from the School of Science and Engineering, in recent years there has been a significant increase in members from liberal arts faculties such as the School of Commerce, School of Political Science and Economics, School of Sport Sciences, and School of Humanities, as well as students from other faculties. As an inter-university club, the managers include both Waseda students and students from other universities. There is no admission fee, and club dues are collected on an irregular basis.","Every Monday, Thursday, and Saturday / Ochiai, Koishikawa, Maihama, Tanashi, etc.",None,machine_translated,not_reviewed,
C0009,3554,010dcac88dee17dc,Faculty of Human Sciences Soccer Club: Human F.C.,Sports (Ball Games),Soccer,"We belong to the ""New Kanto Football League,"" the premier college soccer league. Our club consists of 120 members. Aiming to win the league title and become the best in Japan, we practice and play scrimmages 3–4 times a week around campus. We have a wide range of members, from those with experience in national tournaments to complete beginners. Our hallmarks are passionate, spirited play and an amazingly cheerful atmosphere.In the past, we have achieved consecutive victories in the Waseda University Intra-School Tournament and won the national championship. We warmly welcome not only those who want to play soccer, but also anyone seeking an environment filled with passion or simply looking to enjoy a fun campus life. Join us at one of the largest clubs on the Tokorozawa Campus and make the most of your student life. We actively host recruitment events, and new members are always welcome, even if you join mid-semester. Please feel free to contact us.","Every Monday, Wednesday, and Friday / Around Tokorozawa",None,machine_translated,not_reviewed,
C0010,3412,858c2f65eac2c42b,Rivelde,Sports (Ball Games),Soccer,"Hello! We’re Liberdade, an officially recognized futsal club at Waseda University!
/
/
/
/We meet every Sunday in Kichijoji, with 55 male and 35 female members!
/
/Since many of the guys only have experience from middle school or earlier, we keep things laid-back!
/
/The women are players too, so we sometimes play futsal just among ourselves or join the men’s games! Of course, most of them are beginners! The club is full of kind and lively people, so it’s really fun—before you know it, you’ll find yourself coming back every week!
/
/
/
/We also organize activities beyond futsal, like summer and fall training camps, snowboarding trips, and various events, so you can be sure your time with us will be fulfilling in every way!!
/
/We’re super close within the club—we go out for meals or karaoke before practice, and we even go on trips split by grade level. We’re just really, really close!!/
/
/
/
/Liberdade has a really laid-back vibe in the best way possible. It feels like high school break time—we have as much fun as we can within reasonable limits!!
/
/
/
/If you want to play futsal but also want to join a club that organizes training camps and events!! If you’re someone who wants to have the absolute best time while being responsible and staying within reasonable limits!! Liberdade is definitely the best choice for you!!
/
/
/
/If you think it looks even a little bit fun or like it might be a good fit for you, please feel free to contact us!
/
/
/
/We look forward to welcoming you to join our friendly club!","Every Sunday, 4:00 PM – 6:00 PM, Futsal Park Kichijoji",None,machine_translated,not_reviewed,
C0011,3410,41dfe0b6ad65affe,Soccer Viewing Party,Sports (Ball Games),Soccer,"Our Soccer Viewing Club is a group that passionately cheers for our favorite soccer teams at stadiums across the country. Rather than organizing activities for the entire club, members who support the same team typically go to the stadium to watch matches whenever they like. However, we do hold regular social gatherings and futsal games as group activities. Additionally, as an annual event, we host a lecture in the fall featuring a guest from the soccer world.In recent years, we have invited former Japanese national team player Hisato Sato and announcer Tsuneyuki Shimoda. Since attending matches and events is not mandatory, this is a club where you can participate at your own pace. Whether you’re into the J.League, international soccer, or high school soccer, anyone who loves the sport is welcome. Let’s cheer together at the stadium!",Generally on weekends at stadiums across the country,None,machine_translated,not_reviewed,
C0012,3775,dcf48610f6c9d552,FC GUSTA,Sports (Ball Games),Soccer,"We compete in Division 1 of the ""New Kanto League,"" the top tier of college soccer. We are a college soccer club with over 150 members. Although we were founded in 2009 and have a relatively short history, we have won the national championship in the past and consistently achieve stable results, consistently placing among the top teams in recent years.
/
/
/
/The team is composed of Waseda University students, with a diverse range of players—from those with experience in national tournaments and youth teams to complete beginners.
/
/
/
/With the goal of becoming “Japan’s No. 1 soccer club,” we place equal emphasis on both the competitive aspect of soccer and having fun.
/
/
/
/Because we are a relatively new club, we have a free-spirited atmosphere without any formalities. We welcome new students who want to enjoy both soccer and college life to the fullest. If you’re interested, please feel free to contact us via social media.","3 times a week (mainly Mon, Wed, Thu) / Times vary (mainly 1:00 PM – 3:00 PM) / Koishikawa, Ochiai, Nishitoyama, Yoyogi",None,machine_translated,not_reviewed,
C0013,3553,33392a9a89353fb3,@Atmark,Sports (Ball Games),Soccer,"The best thing about @Atmark is that anyone can enjoy playing soccer! We have members who started playing in college and others who have been playing since they were kids, all practicing together. There’s no attendance requirement—it’s a laid-back club where you can come whenever you want. Members get along great and often go out for meals or hang out after practice. We also have plenty of events, including four training camps a year and a summer camp. Plus, @Atmark fosters great relationships across all grades, so there’s no need to retire after your third year.It’s a club where you can enjoy yourself for all four years. We also hold events where alumni participate, and we maintain close ties with our former members.
/
/
/
/Let’s all play soccer together!!","Every Wednesday and Saturday / 3:00 PM – 5:00 PM / Kitano Sports Field, Sports Hall, Kōkū Park",None,machine_translated,not_reviewed,
C0014,3409,a4ab7a58e9b7693f,Soccer Club,Sports (Ball Games),Futsal,"The appeal of the Soccer Club is that, despite our recent achievements, we operate on a non-regular roster system and get along great! The women—both managers and players—keep things lively and fun (lol).We have plenty of activities, including practice once or twice a week, tournaments, events, and social gatherings. Disney trips, Halloween parties, Christmas parties, snowboarding camps, and more... We’re all about pursuing the kind of fun that’s unique to college life! Lots of upperclassmen are waiting for you! Come create the best college memories with the Soccer Club!",Every Wednesday / 5:00 PM / Toshimaen,None,machine_translated,not_reviewed,
C0015,3413,f01ef784ceb33c69,Main Street F.C.,Sports (Ball Games),Futsal,"The men’s team consists of students from Waseda University, while the women’s team is made up of students from various women’s universities. We practice on Thursdays at Nishitoyama Park in Takadanobaba and on Sundays at futsal courts in Tokyo. We are a fun-oriented team that prioritizes enjoying futsal. Since we are not a competitive team focused solely on winning matches, the atmosphere is relaxed, and beginners and women alike can play futsal casually and enjoy themselves.When it comes to tournaments, everyone gives it their all, but during practice and club tournaments, the focus is simply on having fun. We hold club tournaments and friendly matches against other Waseda University clubs. In addition to our regular Thursday and Sunday practices, we hold three training camps a year (May: Welcome Camp; Summer Vacation: Summer Camp; Spring Break: Spring Camp), as well as various recreational events such as sports days, walking rallies, road trips, and snowboarding.","Every Thursday and Sunday / 3:30 PM / Nishitoyama Park, Oji, Kinshicho",Website (Club) Access Restriction,machine_translated,not_reviewed,
C0016,3586,fa3e343de31562c6,PETIT ROYAL FC,Sports (Ball Games),Futsal,"We are PETIT ROYAL FC, one of the largest futsal clubs on the Tokorozawa Campus. Our rules are: 1. Beginners only (experienced female players are welcome), 2. No smoking during club activities, 3. No forced binge drinking during club activities.Twice a week, we play futsal at the Tokorozawa Campus Sports Hall, where everyone—regardless of gender or year—is a player. Since we’re exclusively for beginners, we welcome anyone who wants to try a new sport or just enjoy sports in a relaxed atmosphere. We also welcome those who don’t smoke or drink, as smoking and forced binge drinking are prohibited. In addition to our weekly futsal sessions, we hold three training camps a year, host summer and winter tournaments, and organize alumni gatherings and other events. We also participate in external tournaments regardless of gender or year.",Every Wednesday / 6:00 PM – 8:00 PM / Sundays 1:00 PM – 5:00 PM / Sports Hall,None,machine_translated,not_reviewed,
C0017,3414,52e32c4af79c2a31,KatZwei,Sports (Ball Games),Futsal,"Catsby works up a sweat playing futsal in the park twice a week. It’s an all-Waseda club, and all the women participate as players, not just managers. Many members are beginners, so rather than playing intensely or practicing hard to earn a spot on the starting lineup, this is a club where you can just drop by when you want to work up a sweat or see everyone, and have fun playing futsal! With about 20 members per year, the bonds between classmates and between upperclassmen and underclassmen are very strong. We participate in general public tournaments about once a month. Since we play against teams made up of working adults and sometimes even children, the matches remain friendly and relaxed from start to finish, even though they’re official tournaments! The fact that everyone gets along so well and looks out for one another is what makes Cats By so special!!",Every Wednesday & Saturday / 1:00 PM – 6:00 PM / Nishitoyama Park,None,machine_translated,not_reviewed,
C0018,3415,01e46ff4e5e16ab9,Espiga,Sports (Ball Games),Futsal,"We have about 35 men and 35 women who play futsal once a week, every Friday in Kichijoji. In the first half of practice, everyone—men and women—plays together in mixed teams to have fun and get moving. In the second half, the men and women split up to play intense futsal matches.We also participate in tournaments several times a year; this past spring, our women’s team took second place in Waseda University’s internal tournament. Of course, we have plenty of events beyond futsal, including trips to Disney, camping, four annual training camps, summer cruises, and Christmas parties. The close-knit camaraderie among members is a major highlight of this club, and it’s sure to enrich your campus life. Fridays are all about Espiga.",Every Friday / 7:00 PM / Kichijoji,None,machine_translated,not_reviewed,
C0019,3416,8b33465edf0e3dae,Diente Waseda,Sports (Ball Games),Futsal,"Diente is a futsal club where everyone—from beginners to those who played soccer in high school, men, women, and international students alike—can have fun together. In particular, Diente is a futsal club with a large number of international students. We warmly welcome anyone who wants to interact with international students, have fun, learn a foreign language, or ask about traveling abroad. Also, while Diente has members ranging from advanced players to beginners every year, we all practice together with both fun and dedication. We may not be the strongest team, but we always create some drama at tournaments.The atmosphere is super laid-back, and we enjoy a relaxed time together, even when we go out for drinks. We have several training camps a year, plus plenty of other fun events! Diente’s homey atmosphere is the best at Waseda! Please come check out a practice session!","Every Tuesday, Thursday, and other days / 6:00 PM / Tabata Shinmachi Community Arena",None,machine_translated,not_reviewed,
C0020,3721,6216bee5553b8e26,FC. TEMPESTA,Sports (Ball Games),Futsal,"FC. TEMPESTA is a futsal club based primarily at the Tokorozawa Campus. Practices are co-ed, and we don’t have a manager! Whether you’re from Waseda or another university, a beginner or an experienced player, male or female—everyone enjoys futsal to the fullest.We participate in tournaments several times a year and have achieved great results in various places! While futsal is our main focus, we also have plenty of events! Summer training camps, Christmas parties, snowboarding trips, and more... Please feel free to join us! We look forward to welcoming you alongside our diverse and unique members!",Tuesdays and Fridays,Club website closed,machine_translated,not_reviewed,
C0021,3417,c87ec4899228e578,Tonsoku,Sports (Ball Games),Futsal,"Founded in 2013, Tonsoku is an all-Waseda futsal club officially recognized by Waseda University. Despite being a relatively new club, it offers a training environment that rivals that of more established clubs, and its training camps and various events are exceptionally well-organized.We achieved official recognition from Waseda University in our first year and won the Waseda University In-School Tournament in our second year, demonstrating remarkable growth. Furthermore, this club fosters not only strong horizontal bonds among peers but also strong vertical bonds between seniors and juniors. One of our defining characteristics is that relationships are not one-sided from seniors to juniors; rather, there are many instances of juniors proactively reaching out to seniors. However, the most notable feature of this club is our “look.”We uphold the concept of “Start with the look.” Our attention to detail in uniform design, as well as the introduction of team jerseys and training gear not found in other futsal clubs, truly embody this philosophy. It’s often said that looking good means nothing if results don’t follow. But Tonsoku is different.In our very first year, we placed in the top ranks of various tournaments, winning the 2014 Waseda Futsal League and finishing in 3rd place in 2015. What’s even more surprising is that we operate without a strict starting lineup. It is precisely because every member approaches futsal with sincerity and dedicates themselves to training that we are able to achieve results as a team. We are looking for teammates who will join us in pursuing our goal of becoming “the best in Waseda in both name and reality.”","Every Tuesday and Thursday / 4:00 PM – 6:00 PM / Kinshicho, Toshimaen, Mejirodai",None,machine_translated,not_reviewed,
C0022,3739,b18948bf37da43db,Waseda University Futsal Club,Sports (Ball Games),Futsal,"Under the mission ""Take The Initiative From WASEDA,"" Waseda takes the lead to transform the norms of athletic clubs, university students, and futsal, and create the future.
/
/
/
/《Competitive Aspect》
/
/We are the only team at Waseda University authorized to participate in official matches. For many players who dedicated themselves to soccer in high school, we provide an environment where they can compete while officially representing the university’s name. We have no tryouts or athletic scholarship requirements, keeping our doors wide open to all.
/
/In terms of coaching, we boast an excellent staff led by a head coach and coaches with experience coaching in the F.League (Pescadora Machida).
/
/
/
/Affiliation: Tokyo Metropolitan University Futsal League
/
/Tournaments: All-Japan University Futsal Championship / All-Japan Futsal Championship
/
/
/
/《Operational Aspects》
/
/After joining the club, members are divided into five sections, allowing them to expand their scope of involvement in club operations.In our very first year, we secured approximately 3 million yen in sponsorship funds. From recruiting the head coach and coaching staff to securing sponsors and organizing national tournaments, everything is student-led. You’ll be able to engage in activities that you wouldn’t experience in a typical athletic club.
/
/
/
/Not only in competition but also in business operations, we offer meaningful activities that are unmatched by other organizations.","[Practice] Mon, Wed, Fri 9:00 PM – 11:00 PM
/
/[Practice Matches & Official Matches] Sat & Sun
/
/[Practice Venues] Azusawa Gymnasium, Akatsuka Gymnasium, Waseda Arena, etc.
/
/[Match Venues] Komazawa Gymnasium, Komazawa Indoor Sports Arena, etc.",None,machine_translated,not_reviewed,
C0023,3580,ecb1adc98b8c7519,tokopan,Sports (Ball Games),Futsal,"Men and women can enjoy futsal together. There are plenty of events, including tournaments, snowboarding, and Halloween parties!",No information,None,machine_translated,not_reviewed,
C0024,3163,2e926b6b8389f904,G.W. Rugby Club,Sports (Ball Games),Rugby,"We are a traditional rugby club founded in 1930. Thanks to our long history, we have a large alumni network and a strong organizational structure, which provides us with support in many areas. We also achieved the title of Japan’s top student club for two consecutive years in 2014 and 2015!This year, we are training hard every day with the goal of winning our third consecutive title. We warmly welcome both experienced players who want to take rugby seriously and beginners who want to try it for the first time! If you’d like to support the team as a manager, our upperclassmen will teach you everything you need to know, so don’t worry! All members of “G.W.” work together as one to energize the team, so we enjoy a fulfilling and fun student life both on and off the field. If you’re interested, please feel free to contact us!!","Every Wednesday, Saturday, and Sunday",None,machine_translated,not_reviewed,
C0025,3407,eaaba735341b989a,Complex Rugby Team,Sports (Ball Games),Rugby,"The Complex Rugby Team, competing in Division 1 of the Kanto Student Club Championship, is an officially recognized intercollegiate rugby club at Waseda University. We also have many players and managers from other universities. Please feel free to come watch our practices.We take pride in our strength, having won the ""Championship & Japan’s No. 1 Student Club"" title at the 2011 Kanto Student Club Championship and the ""Championship"" at the 2016 East Japan Student Club Sevens Tournament. We also host a variety of events, including BBQs, summer training camps, and spring trips. If you want to enjoy your college life, join us at Complex!","Every Wednesday / 4:00 PM – 6:00 PM / Kichijoji
Every Saturday & Sunday / 2:00 PM – 4:00 PM / Edogawa
(Subject to change depending on field conditions)",None,machine_translated,not_reviewed,
C0026,3518,2248a185a331eaaf,Waseda University School of Science and Engineering Rugby Club,Sports (Ball Games),Rugby,"We train together with the Dentsu University Rugby Club. We have many beginners as well as experienced players, and we all enjoy playing rugby together. Last year, we won the Kanto 1st District Division 2 regional tournament with a perfect record.",Every Saturday from 1:00 PM (@Dentsu University Tamagawa Grounds),None,machine_translated,not_reviewed,
C0027,3515,9e1f6b6323540604,"Faculty of Science and Engineering American Football Club ""Bacchus""",Sports (Ball Games),American Football,"Waseda Bacchus is an American football team affiliated with the Kanto Student Football Club Federation, which consists of athletic clubs, semi-athletic clubs, and interest groups from universities in the Kanto region.While Waseda University has over 3,000 student clubs, Waseda Bacchus is one of the few clubs officially recognized by the School of Science and Engineering. We have a clubroom in the Toyama Campus Student Union Building (Building 30), and our activities are open not only to students from the School of Science and Engineering but to students from all faculties at Waseda University (including managers from other universities).Even after graduation, alumni continue to maintain ties with Bacchus. A key feature of Bacchus is that students and over 500 alumni unite as “All Bacchus” to provide full support for job hunting every year.
/
/
/
/【Recent Results】
/
/2018  Division 1 Frontier Division: 4 wins, 1 loss (tied for 1st place; ranked 3rd on goal difference, did not qualify for the Kanto Championship)
/
/2019  Division 1 Liberty Division: 4 wins, 1 loss (2nd place); qualified for the Kanto Championship (3rd place)
/
/2020  Special League: 2 wins, 0 losses (1st place); advanced to the final tournament (2nd place)
/
/2021 Special Tournament: 4th place
/
/2022 Special Tournament: 5th-6th place (no official ranking)
/
/2023 Division 1 Liberty Division: 3 wins, 1 loss, 2nd place; qualified for the Kanto Championship (3rd place)
/
/
/
/Email us here: [email protected]","Every Saturday and Sunday / 9:00 AM – 12:00 PM / Kokubunji, American School in Japan (Tama), Musashino Park",None,machine_translated,not_reviewed,
C0028,3172,7e45d945ba657c21,American Football Club Rebels,Sports (Ball Games),American Football,"Hello! We, the Waseda Rebels, are an officially recognized American football club for all Waseda University students! We practice four times a week (Tuesdays, Thursdays, Saturdays, and Sundays). On weekdays, participation is optional, and on weekends, we all gather at the Tama River riverbank for our activities. Our team belongs to the Kanto Student Football Club Federation, and we train hard every day with the goal of winning the Kanto Championship held at the end of December.Since our founding in 1978, the Rebels have built a proud record of 12 league championships and 10 Kanto titles. While we are a team that prioritizes skill and is committed to winning, we also have many complete beginners on our roster. (In fact, over 70% of our players are beginners.) Our season kicks off in February. We begin spring training in preparation for the traditional Waseda-Keio game against the Keio Bisons, which takes place around late April.In June, we play exhibition games. In August, we have a summer training camp. Then, the tournaments begin in September. The regular season runs from there through November, and in December, we compete in the Kanto Championship, which is our ultimate goal. While this is our main schedule, we also have an off-season, and when we’re not practicing, we all go out and have fun together! If you’re interested in what we do, please check out our Instagram (@waseda_revels)! We are currently recruiting players, managers, and staff!!","Every Tuesday & Thursday: Fields in Tokyo
/
/
/
/Every Saturday & Sunday: Tamagawa Maruko Bridge Field",None,machine_translated,not_reviewed,
C0029,3594,3ddbb134d6da7335,RayBack,Sports (Ball Games),Basketball,"We are a basketball club at Waseda University’s Tokorozawa Campus!! Established in 2013, we’re a fresh, new club with a friendly, homey atmosphere where we take basketball seriously while having fun. We compete in tournaments several times a year, and players of all skill levels—from beginners to experienced players—train together. You might be worried, thinking, “I’m a beginner—will I be okay?” but don’t worry. We have plenty of members who are happy to teach you, and eventually, you’ll be able to play in lots of games! We also have plenty of events beyond just basketball! In addition to practice, we go out together, which helps you bond with members—you’re sure to make lifelong friends!!!!",Every Tuesday & Friday / 5:00 PM / Tokorozawa City Gymnasium; Every Thursday / 4:30 PM / Sports Hall,None,machine_translated,not_reviewed,
C0030,3552,1405a9508cff66db,Basketball Club JAWS,Sports (Ball Games),Basketball,"We are a club based in Tokorozawa that enjoys playing basketball, aiming to win the Waseda League every March and August!",No information,None,machine_translated,not_reviewed,
C0031,3395,730f0ba15848fcf6,早大テニスクラブ,Sports (ball games),Tennis,"Enjoy everything to the fullest! The biggest and strongest circle! Beginners are very welcome!

We, the Waseda University Tennis Club (commonly known as WTC or Soutei) are the biggest, strongest and simply the best club!

There are three main attractions! Firstly, everyone here is unique. We are all Waseda students and come from all faculties! Not to mention, as we accept enrollment all year round, international students and September-entry students are always welcomed!

Moving on to tennis, we have members of various levels, of course beginners! Last year, we won the cup runner-up and the Kanto club women's team runner-up! We also must not forget its desirable practice environment, having practice from 5 to 6 days a week from 9:00 to 16:30 on weekdays!

WTC is not only known for its tennis but also for its fun events! We often host BBQ, bowling, and sports day events. Not only those, you can also become a ball person for professional games! WTC is the best circle for making friends and memories!

If you have interests even a little bit, please come and try out!",Monday-Friday/practice9:00-16:30/航空公園、Saturday/practice17:00-21:00/木場公園や城北中央公園,None,existing_english,needs_review,Prefilled from English text already present in the official description.
C0032,3532,5d9b03f97e77c1e1,School of Science and Engineering Hardcourt Tennis Club,Sports (Ball Games),Tennis,"Most of us in the School of Science and Engineering Hard Tennis Club (commonly known as ""Ricote"") are students from the School of Science and Engineering, so we get along really well! We practice every weekday, and we even have night sessions—which is great for students in our school! We placed 3rd in the 2019 Waseda Cup, and we welcome both advanced players and beginners! While we give our all to tennis, we also give our all to having fun—that’s what Ricote is all about! We have plenty of events and activities (snowboarding, fireworks, trips to the beach, etc.)!",Weekdays: Daytime / Night sessions: Once a week,None,machine_translated,not_reviewed,
C0033,3384,b94d43b039a83682,Young Tennis Club (Hardcourt Division),Sports (Ball Games),Tennis,"Waseda Young is one of the twelve officially recognized clubs at Waseda University! Since we’re an officially recognized club, our operations are well-organized and reliable. Our members consist of men from Waseda University and women from Waseda, Japan Women’s, and Gakushuin Women’s Universities. However, everyone gets along great regardless of gender, university, or year! About half of our members are beginners, and the other half are experienced players.We offer special practice sessions for beginners, so even those new to the sport can enjoy tennis with confidence. We also have a strong track record, including a top-8 finish in the Kanto tournament, so experienced players looking to play seriously are more than welcome. We practice five days a week on weekdays, so you can attend during your free time between classes and enjoy lively, energetic sessions with everyone! Additionally, Waseda Young competes annually in team tournaments such as the CUP, Kanto, and Assé, and everyone works hard every day to prepare for them!Team tournaments, where we come together as one, are sure to be an emotional experience. In addition to tennis, we hold seasonal events every month—such as Christmas parties where we go to the beach or river, play mixed doubles in costumes, and then party at a stylish sky lounge—so you can bond with everyone outside of tennis as well. Our lively drinking parties are also a must-see.No chugging, no pressure, and we even have a water table, so everyone can enjoy themselves safely and comfortably! Come join us at Young and let’s make the most of your college life together!! You won’t regret joining us!!",Weekdays / Courts near Takadanobaba,None,machine_translated,not_reviewed,
C0034,3385,8b1c07efbb97beaa,Young Tennis Club (Soft Tennis),Sports (Ball Games),Tennis,"Hello! We’re Young!
/
//Young is an all-Waseda soft tennis club! We practice about 2–3 times a week, mainly at Johoku Central Park and Ukima Park, which are about a 30-minute walk from Waseda University’s main campus.Practices always have a friendly, welcoming atmosphere, and we make sure everyone gets equal opportunities to practice and play matches. This allows us to practice with a variety of people, form partnerships, build friendships, and get inspired. Since we practice on weekdays from 5:00 PM to 9:00 PM, you can easily join even after classes!
/
/
/
/The Young team belongs to the Gakudoren Federation and competes in intercollegiate tournaments against other universities in the spring and fall (Spring Gakudoren and Fall Gakudoren). Players who advance through these tournaments qualify for the Kanto Open and Kanto Indoor tournaments, and in August, they compete in the biggest event of the year: the All-Japan Student Open (commonly known as ""Zennichi""). Last year, we won both the men’s and women’s team and individual titles at Gakudoren, and at Zennichi, we took second place in the men’s team competition and won the men’s individual title!Each tournament consists of men’s and women’s team and individual events, and anyone can participate regardless of skill level!
/
/
/
/We also host plenty of fun events about once a month! We organize a variety of activities, including BBQs, short trips, sports tournaments, and training camps. You’re sure to meet amazing friends you can only find at Young and enjoy a fulfilling life at Waseda! Young is a club that can be your “home away from home”! If you’re even slightly interested, feel free to contact us via social media or other channels!",2–3 days a week at Johoku Central Park and Ukima Park,None,machine_translated,not_reviewed,
C0035,3391,e110261dfcb0edf1,Waseda University Soft Tennis Club,Sports (Ball Games),Tennis,"The Soft Tennis Club, founded in 1962, is Waseda’s oldest soft tennis club.
/
/
/
/In the spring and fall, we participate in intercollegiate matches among the Six Universities (Waseda, Tokyo University, Meiji, Keio, Hosei, and Rikkyo) (commonly known as the “Six-University Series”), the “Kanto Open” (open to players who advanced from the spring Six-University Series and those with three years or less of experience),
/
/
/
/In the summer, we participate in the “East-West Showdown,” a competition between the Six Universities and the Four Kansai Universities (Kansai, Kwansei Gakuin, Doshisha, and Ritsumeikan); the “All-Japan Student Open,” which features clubs from across the country and athletic associations at the 5th division level or below;
/
/
/
/and at the end of the year, the “Waseda-Kwansei Gakuin Match” against Kwansei Gakuin University. We compete in numerous tournaments throughout the year.
/
/
/
/Even during the winter off-season, there are indoor tournaments we can enter if we win our way through the fall ""Rokuren"" tournament.
/
/
/
/Whether in singles or doubles, there are plenty of opportunities to play matches regardless of skill level!
/
/
/
/We hold practice sessions 4 to 6 times a week, so you can participate on days when you don’t have classes and get plenty of balls in. We have two training camps a year: one in the summer at Lake Yamanaka in Yamanashi Prefecture and one in the spring at Shirako in Chiba Prefecture.
/
/
/
/Skill levels range from beginners to those with experience in the National High School Championships, and even those who lack confidence in their skills are sure to improve.
/
/
/
/As for activities outside of tennis, we go on hot spring trips and ski trips during the off-season, and club members often go out together for fun.",4–6 days a week (Koukuu Park / Johoku Central Park),None,machine_translated,not_reviewed,
C0036,3386,e80409542143aad5,Green Tennis Club,Sports (Ball Games),Tennis,"We are a Waseda University-recognized club celebrating our 61st anniversary this year and are members of the 12 Major University League! We are an all-Waseda club with members from all campuses, both men and women! We practice 6 days a week from Monday to Saturday, plus one night practice per week! We have many members with experience in the National High School Championships and Inter-High, so you can enjoy high-level training!Additionally, about half of our members are beginners who started playing tennis in college, so you can learn the basics from seniors with coaching experience! There are no membership restrictions or deadlines! We compete in three team tournaments a year and have a strong track record! We placed 4th in the Waseda Cup from 2016 to 2019 and in 2023! We placed 3rd in the 2023 ASSE Team Tournament! In addition to tennis, we organize year-round events like beach trips, summer cruise parties, and New Year’s celebrations, so you can enjoy a fulfilling college life all year long! We warmly welcome anyone who wants to take tennis seriously, anyone who wants to learn to love tennis, and anyone who wants to give their all to something! Come join us on the green and have the best college experience possible!!",Every Monday through Saturday / 1:00 PM / Toei Tennis Courts,Club website closed,machine_translated,not_reviewed,
C0037,3758,f70acf180c58318c,Johoku Tennis Club,Sports (Ball Games),Tennis,"Hello! We’re the Johoku Tennis Club!
/
/
/
/We hold 4-hour practice sessions every weekday. It’s a drop-in format where you can join whenever you want based on your classes and schedule, and you’re free to leave whenever you like.
/
/
/
/While we have advanced players—including National High School Championships participants, National Invitational Tournament participants, and prefectural top-4 finishers—we also have plenty of beginners who started playing in college!
/
/
/
/We compete in team tournaments three times a year and are working hard to advance to the top four in the Waseda University Cup ^ ^
/
/
/
/We’re a medium-sized club with a 1:1 male-to-female ratio and about 30 members per grade!
/
/
/
/It’s not just about tennis—we have tons of monthly events too! Christmas parties, trips to Disney, Odaiba, summer cruise parties, and more...
/
/
/
/In short, joining Johoku is definitely the right choice!
/
/
/
/If you have any questions, feel free to ask us anything via DM on Twitter or Instagram!","Mon, Tue, Wed, Thu, Fri 1:00 PM – 5:00 PM",None,machine_translated,not_reviewed,
C0038,3380,c472a66dee6cc715,Inatomo Tennis Club,Sports (Ball Games),Tennis,"We at the Inatomo Tennis Club are a welcoming, family-like club that warmly welcomes both experienced players and beginners!! We practice five days a week, and since participation is open to everyone, you can play tennis whenever you have free time or just feel like getting some exercise! For beginners, we start with “Beginner Practice,” where skilled experienced players use one court to teach you carefully! As a result, we’ve even produced winners in tournaments exclusively for beginners!! Our experienced members are all top-level players, including former All-Japan High School Champions and Saitama Prefecture Top 4 finishers! So, even if you’re an experienced player, you’ll find an environment where you can fully enjoy tennis! Plus, Inayuu offers a full calendar of events to enjoy all year round—not just tennis! Because we enjoy both tennis and these events, everyone in the club gets along great, and this close-knit, welcoming atmosphere is Inayuu’s biggest appeal!!",Every Monday–Friday / 9:00 AM–5:00 PM / Tennis courts near Waseda,None,machine_translated,not_reviewed,
C0039,3642,aa51ce0709dbe996,Orange Tennis Club,Sports (Ball Games),Tennis,"The Orange Tennis Club centers on tennis and engages in a variety of activities. It is a club that helps make university life more meaningful and allows members to grow significantly through their experiences. Orange is an officially recognized federation at Waseda University and one of the ""12 Major Clubs,"" boasting a long history spanning 45 years. Our motto is to give our all and enjoy ourselves to the fullest, whether it’s tennis, events, or just having fun. You won’t experience true enjoyment if you just go through the motions in the club.We tackle everything with passion and enthusiasm. The main tennis event is the Waseda Cup, a team competition where the 12 Major Clubs compete for rankings. Both players and supporters unite as one toward victory. Our daily practice sessions are also fun and fulfilling. Another key attraction of Orange is our strong focus on tennis beginners. Beginners can experience the joy of rapid improvement if they receive proper instruction.We have dedicated coaches assigned to beginners who teach them everything from the ground up. Furthermore, Orange fosters an atmosphere where beginners and advanced players practice together without distinction, creating strong bonds regardless of skill level. Of course, our experienced players are highly motivated and aim for ambitious goals, such as winning the All-Waseda Tournament and team competitions.Our events are packed with fun activities throughout the year, including training camps, beach trips, fireworks parties, and Christmas parties. We put a lot of effort into each event, and everyone has a great time. With Orange, you’re sure to have a college life that’s not only fun but also fulfilling.",Every Monday and Friday / 9:00 AM – 11:00 AM / Toei Tennis Courts; Tuesday and Wednesday / 1:00 PM – 5:00 PM / Toei Tennis Courts,None,machine_translated,not_reviewed,
C0040,3372,34f1efc7b472e9ad,Australian Tennis Club,Sports (Ball Games),Tennis,"The Australian Tennis Club is a Waseda University-recognized club with a history spanning over 40 years. We focus on the Waseda Cup, held every May, and train diligently every day. While we have experienced players, many members are beginners who started playing tennis in college; however, our coaches provide careful instruction, so you can improve quickly.Practices are held twice a week on irregular days, making it easy for all members to participate. During regular practice sessions, experienced players and beginners mix together for basic drills, while members competing in tournaments engage in high-level training during dedicated practice sessions. We also host plenty of events outside of tennis, such as barbecues and snowboarding! As a medium-sized club, we have a close-knit, family-like atmosphere where everyone gets along well, regardless of seniority!!",Twice a week on irregular days,None,machine_translated,not_reviewed,
C0041,3717,9962c9cd270eadc3,F.S.S. Tennis Club,Sports (Ball Games),Tennis,"The F.S.S. Tennis Club is a historic, Waseda University-recognized tennis club now in its 47th year. We aim to improve the tennis skills of all our members through twice-weekly practices on Tuesdays and Thursdays, primarily held at the Japan Women’s University tennis courts and the Toei courts in Ukima-Funado.F.S.S. warmly welcomes beginners! Many of our members started playing tennis in college, and with guidance from experienced players, you can develop your skills to the point where you can compete in real matches. Since we do not belong to any on-campus league, there are no grueling training schedules—our appeal lies in being able to play tennis in a fun and relaxed atmosphere. You can showcase the results of your daily practice through tournaments held during our training camps, which take place up to five times a year.F.S.S. also hosts plenty of events to help members bond! With monthly gatherings—including fireworks festivals, Halloween parties, and Christmas parties—you can fully enjoy university life through seasonal events! Above all, our tennis club is characterized by the close-knit relationships among members and a warm, welcoming atmosphere! Whether you’re a tennis beginner or an experienced player, please come visit F.S.S. sometime!",Every Tuesday & Thursday / 5:00 PM / Japan Women's University Tennis Courts & Ukima-Funado Toei Courts,None,machine_translated,not_reviewed,
C0042,3790,a3b696089da61a22,Waseda University Crest Tennis Club,Sports (Ball Games),Tennis,"We are a historic, Waseda-approved tennis club founded in 1975! With a 1:1 male-to-female ratio and an equal number of experienced players and beginners, this is a club where anyone can enjoy tennis! With a total membership of just 40 people, it’s a small, welcoming group where everyone gets along quickly! Plus, as we belong to the historic “12 Major Clubs” organization, you can rest assured and enjoy the best club life possible!
We hold regular practice twice a week at tennis courts in Tokyo! Since the days vary, you can attend practice on whichever day suits you best! We offer beginner-friendly sessions, so even those starting tennis in college can improve quickly! Of course, experienced players can also get in some intense practice with their peers!
We also hold monthly events and four training camps a year, so you can enjoy activities beyond just tennis! Thanks to the cozy, family-like atmosphere that comes with being a small group and our packed event schedule, everyone—regardless of gender or seniority—can get along great! Let’s make the most of your college life at Crest!!","Days vary / 5:00 PM to 7:00 PM / Tennis courts in Tokyo such as Ukima Park, Kiba Park, and Sarue Onshi Park",None,machine_translated,not_reviewed,
C0043,3381,4b27ba2ff362ce5d,Waseda Forty Love,Sports (Ball Games),Tennis,"We are a university-recognized tennis club celebrating our 45th anniversary this year! With a 1:1 male-to-female ratio and about 25 members per grade, our club has a total membership of around 100! Not only do we get along well with our peers, but we also have strong bonds with both upperclassmen and underclassmen. This close-knit, family-like atmosphere is Forty-Love’s greatest feature (^^)
/
/
/
/Since all the men are from Waseda University and the women are from Waseda, Japan Women’s, and Tokyo Women’s, it’s a great perk that you can build connections not only with people from your own university but also with students from other universities! We practice twice a week on Mondays and Thursdays, with sessions in the morning and afternoon, so you can play tennis during your free periods between classes! We also hold night practice and beginner sessions, so even if your practice days are filled with classes, you can still get in a game!Plus, since people with the same free days often play together, you’ll never lack opportunities to play! With a 1:1 ratio of experienced players to beginners, even those starting tennis in college can feel at ease! We also have members with tennis coaching experience, so even experienced players can push each other to improve! Beginners will get better and better too (^-^)
/
/
/
/We use a variety of courts in areas like Sarue, Johoku, Akatsuka, Shinozaki, Toneri, Fuchu, Kiba, and Omiya, making it easy to join! We belong to the ""12 Universities"" league, which has a long history and a solid organization, so you can enjoy club life with peace of mind (^O^)
/
/
/
/Last year, we placed 5th in the Waseda Cup!!","Every Monday & Thursday / 9:00 AM – 5:00 PM (drop-in) / Sarue, Johoku, Akatsuka, Shinozaki, Toneri, Fuchu, Kiba, Omiya, etc. / Waseda University Building 15 Lounge",Website (Club) Access Restricted,machine_translated,not_reviewed,
C0044,3388,1a4a258869dfac1f,Galaxy Tennis Club,Sports (Ball Games),Tennis,"The Galaxy Tennis Club is a medium-sized tennis club with about 25 members per year and a 1:1 male-to-female ratio. All members are Waseda students, so you’ll make lots of friends from various departments. More than half of us are tennis beginners, but our upperclassmen provide patient instruction, so beginners can feel at ease! Of course, experienced players are also very welcome.Let’s have fun and improve our skills together! Seniors and juniors get along very well; we go out together, and during lunch breaks or free periods, we gather in the lounge to hang out. At Galaxy, we hold various events every month, such as sports activities, fireworks festivals, and the Waseda Festival, so you’ll be able to create plenty of memories with everyone! For us, Galaxy is a comfortable place and an indispensable part of our college life. Why not join us at Galaxy to spend the best college life with the best friends??","Every Monday, Wednesday, and Friday / 1:00 PM – 5:00 PM / Kiba Park Courts",None,machine_translated,not_reviewed,
C0045,3390,00231a15c6a130f7,Waseda University Home Tennis Club,Sports (Ball Games),Tennis,"Are you a freshman looking to try something new? Do you want to play tennis? Do you want to have fun with others? Do you want to meet great friends? Why not make those dreams come true with the Home Tennis Club? We are a small, all-Waseda club—a rarity among the many tennis clubs on campus! This offers unique advantages. Because we’re a small group, you get more court time and can hit plenty of balls.As a member of the New Waseda University Tennis Federation Division 3, Home Tennis Club participates in exchange matches and team competitions with other clubs, which serves as a major source of motivation for our players. Even if you’re new to tennis, you’ll be taught from the ground up, and courts are assigned by skill level, so you can feel at ease! While we focus on tennis, we also have plenty of events! You can enjoy a variety of events throughout the year, such as a walking rally where you explore Tokyo’s famous sights while completing challenges, trips to large parks to play soccer or “Red Light, Green Light,” and watching the Waseda-Keio rivalry match! And now for the part everyone is most curious about: the social gatherings. At Home, our motto is “relaxed drinking.” There’s absolutely no pressure to chug drinks—it’s a laid-back atmosphere where everyone chats and laughs together! Finally, with a small class size of about 15 students per year, you’ll build deep connections not only with your peers but also with upperclassmen and underclassmen. Why not spend four amazing years at Home and make lifelong friends?","Two days per week (Monday, Tuesday, Wednesday, or Thursday) / 5:00 PM – 7:00 PM / Tetsugakudo Park",None,machine_translated,not_reviewed,
C0046,3567,099d7fbd77be825e,t:M (Team),Sports (Ball Games),Tennis,"We, t;M, are a tennis club active on the Tokorozawa Campus. We use the Tokorozawa Campus tennis courts to play tennis three times a week in a relaxed and laid-back atmosphere. Our membership fee is just 1,000 yen—an unbeatable price you won’t find at other tennis clubs! We also welcome beginners, and many new members join us every year. Our upperclassmen provide patient instruction, so you’ll improve quickly. We host plenty of events, including three training camps a year and a Christmas party—there’s no shortage of fun activities. Come join t;M and make the most of your college life!","Every Monday, Thursday, and Friday / 1:00 PM – 7:30 PM / Tokorozawa Campus Tennis Courts",None,machine_translated,not_reviewed,
C0047,3378,ac068037dc9c86c2,Truth Tennis Club,Sports (Ball Games),Tennis,"Hello! We are the Truth Tennis Club, an official Waseda University-recognized, all-Waseda tennis club with a friendly, family-like atmosphere! We are a medium-sized club with about 20 members per grade and a 1:1 male-to-female ratio! This club is perfect for anyone who wants to play tennis but finds Waseda’s tennis clubs a bit intimidating…Both beginners and experienced players are very welcome! We practice three times a week at a tennis court about 15 minutes from campus! Even if you’re a beginner, our upperclassmen will teach you patiently, so you can feel at ease! About once every three months, we rent a large tennis court to hold internal tournaments! In addition to tennis, Truth offers plenty of fun events throughout the year, including three training camps, watching the Waseda-Keio match, Waseda Festival, and Christmas parties!And above all, the best thing about Truth is meeting amazing friends! You’re sure to make lifelong friends with the Truth crew! Let’s enjoy the best college life possible with these amazing friends!","Every Monday, Thursday, and Friday / 4:00 PM – 6:00 PM / Ikebukuro & Akabane",None,machine_translated,not_reviewed,
C0048,3632,d4db1b16d37dace0,Laissez-Faire T.C.,Sports (Ball Games),Tennis,"Exclusively for science and engineering students! We’re a tennis club affiliated with the Shin-Soren (New Early League) where you can excel at both tennis and your studies! Guided by our motto—""No Drink, Money is important, We Love Tennis""—we engage in serious yet fun activities! We practice 2–3 times a week during evening sessions that don’t conflict with classes. We also set aside preparation time before exams, so even as a tennis club, we prioritize our studies!Of course, there are plenty of fun activities, including events like ""Escape"" and Christmas parties, regular friendly matches, and our super exciting summer training camp! The gender ratio is about 1:1, and we have members ranging from beginners to experienced players. If you’re thinking, “I want to play tennis in college, but I’m not sure if I can keep up with a tennis club…” then this is for you! Please come visit us at Laissez-Faire!! Let’s spend the best college life together! All of us in the club are looking forward to meeting you!","2–3 times a week (Fridays are fixed), 2–3 times a week at locations like Johoku Park",None,machine_translated,not_reviewed,
C0049,3389,022e62a6ec7c0a15,Waseda University Fantastic Tennis Club,Sports (Ball Games),Tennis,"Hello! We are the Fantastic Tennis Club, an officially recognized club at Waseda University. We hold 10 practice sessions per week, both in the mornings and afternoons from Monday to Friday, so you can play tennis around your own schedule, whether it’s for school or a part-time job!! We’re also known for our welcoming, family-like atmosphere where experienced players and beginners train together in a 1:1 ratio—everyone is welcome!/
///
//Since we hold level-based practices, everyone from beginners to experienced players can train at their own pace!! We focus not only on experienced players but also on coaching beginners, and we’ve even won the Beginners’ Cup!/
///
//And it’s not just about tennis—we host events year-round, including summer camps, ski trips, and Christmas parties, so you’re sure to have a great time!! Whether you’re just curious about tennis or want to play seriously, why not join Fantasia and enjoy the best college life with the best friends?","Every Monday–Friday / 8:00 AM–10:00 AM, 1:00 PM–5:00 PM / Tennis courts near Waseda",None,machine_translated,not_reviewed,
C0050,3522,0656ecb2384684b0,Waseda University School of Science and Engineering Volleyball Club,Sports (Ball Games),Volleyball,"The School of Science and Engineering Volleyball Club has long been affectionately known by the nickname ""Rikobare."" As an officially recognized club of the School of Science and Engineering, and since it is primarily composed of students from the School of Science and Engineering, practice days are scheduled for weekday evenings and Saturday afternoons to avoid overlapping with classes as much as possible. Members consist of players (men only) and managers (women only). While the club is primarily science-oriented, there are also members from the humanities, creating a friendly and harmonious atmosphere.We participate in many tournaments, centered around the biannual Club League (May, November) and the Science and Engineering League (June, December), and hold three training camps (August, November, March).I think this club is perfect for anyone who wants to play volleyball seriously without letting it interfere with their studies, and who also wants to enjoy training camps, social gatherings, and events (＾◇＾). If you’re wondering which club to join, want to start playing volleyball, or are busy with school but still want to play, please come check us out!! As a general rule, we only recruit new members during the orientation period (April and May)!","Every Monday and Thursday (Okubo Elementary School: 6:00 PM – 9:00 PM), Saturdays (Okubo Elementary School: 9:00 AM – 12:00 PM)",None,machine_translated,not_reviewed,
C0051,3166,c09e9583adb9e1db,Volleyball Club,Sports (Ball Games),Volleyball,"The Volleyball Club is an officially recognized volleyball club at Waseda University. We practice twice a week—every Tuesday and every other Thursday and Saturday—primarily at gyms in Tokyo, including Setagaya Ward, Itabashi Ward, and Kiyose City.The club is run by third-year students in leadership roles. With a loud and cheerful president, a vice president whose remarks are often hard to follow, a treasurer skilled at one-liners, and a carefree manager, these third-years—each with their own unique personalities—create a lively atmosphere at every practice. Aiming for the club league held twice a year, both beginners and experienced players enjoy volleyball while taking it seriously.Relationships between men and women, as well as between upperclassmen and underclassmen, are very close. On weekends, we often go on road trips, visit amusement parks, play beach volleyball, and go on all sorts of outings together. In addition to daily practices, we have plenty of events, including training camps, snowboarding trips, the Waseda-Keio match, and the Waseda-Kwansei Gakuin match.Since training camps and snowboarding trips involve overnight stays, all club members get to know each other very well! If you’re a new student thinking, “I want to start playing volleyball in college!” “I want to keep playing volleyball in college!” or “I want to make the best friends in college!”, please come join us for practice or our welcome camp!","Every Tuesday / 6:30 PM – 9:00 PM / Setagaya Municipal Komazawa Junior High School / Every other Thursday & Saturday / 6:00 PM – 9:30 PM / Kiyose City Gymnasium, Uemura Kaga Memorial Sports Center, Wako City General Gymnasium, etc.",None,machine_translated,not_reviewed,
C0052,3418,2ecc39dd2991d607,Anchor Volleyball Club,Sports (Ball Games),Volleyball,"We at the Anchor Volleyball Club operate under the motto, “Give it your all in both volleyball and fun!” On the volleyball side, we primarily hold practice twice a week on Tuesdays and Thursdays in Nishi-Ogikubo, and we actively participate in various tournaments, including those held in Setagaya. Our members range from beginners to experienced players who have been selected for the prefectural team, and we play on separate courts for men and women.On the social side, we organize many events, including barbecues, beach volleyball, Christmas parties, and trips to Disneyland. During our five annual training camps, in addition to intensive volleyball practice for tournaments, we also engage in seasonal activities such as swimming in the summer and skiing or snowboarding in the winter. In the evenings, we hold recreational activities to foster camaraderie among club members. If you want to enjoy your college life to the fullest, join Anchor!",Every Tuesday and Thursday / 6:30 PM – 9:00 PM / Ogikubo Junior High School,None,machine_translated,not_reviewed,
C0053,3583,a747e4d2f6e50791,Waseda M+,Sports (Ball Games),Volleyball,"Hello everyone, this is the Waseda M+ Volleyball Club. We hold volleyball practice every Tuesday and Thursday, primarily at the Tokorozawa Campus. One of our main attractions is that everyone can enjoy participating in the club regardless of year level, so whether you’re an experienced player or a beginner who’s recently developed an interest in volleyball, please feel free to drop by. In addition to playing volleyball, we host a variety of seasonal events throughout the year, including cherry blossom viewing, barbecues, and winter sports.We also actively welcome international students, so if you’re interested in experiencing different languages and cultures, you’ll be able to do so while staying active. Starting college life, you might want to try something new but often find it hard to take the first step. If that sounds like you, please join our club and interact with our senior members, who have a wide range of interests. A whole new kind of life is waiting for you. All of us are looking forward to welcoming new members!",Every Tuesday / 4:30 PM – 8:00 PM / Tokorozawa Campus Sports Hall / Every Thursday / 5:30 PM – 7:30 PM / Gymnasium in Tokorozawa City,None,machine_translated,not_reviewed,
C0054,3402,0ad16fdbe0211b39,Paddy Golf Club,Sports (Ball Games),Golf,"We meet every Monday and Thursday at the driving range near Nishi-Ogikubo Station! Sessions are held in two time slots: 5:00 PM–7:00 PM and 7:00 PM–9:00 PM, so you can come whenever you like! Participation is open to everyone.
/
/
/
/We also hold a monthly event where we go to a golf course to play. Depending on your results, you might even win some great prizes!
/
/
/
/We hold training camps three times a year. We go once during summer break and once during winter break, and in February, we go on an overnight trip for skiing and snowboarding!!
/
/
/
/Also, since our club belongs to the East Japan Student Golf Association (HGA), we can interact with golf clubs from other universities. The HGA holds league tournaments in the spring and fall, and Padi won the championship last year!!
/
/
/
/Through the HGA, you can also participate in part-time jobs assisting at professional tournaments (short-term, overnight positions).
/
/
/
/You’ll get to see the professionals’ powerful play up close, making it a truly valuable experience. If you join Paddy, please be sure to participate!!
/
/
/
/In addition to golf, we hold events such as summer cruise parties, Christmas parties, year-end parties, and New Year’s parties.
/
/
/
/Both beginners and experienced players are very welcome! More than half of our members are beginners, so please feel free to come practice with us!
/
/
/
/Join Paddy and make the best memories of your life!!","Every Monday & Thursday / 5:00 PM – 7:00 PM, 7:00 PM – 9:00 PM / Nishiogi Golf Center",Club website closed,machine_translated,not_reviewed,
C0055,3403,70962f4aee80bcd1,Bogey Golf Club,Sports (Ball Games),Golf,"Most of our members started playing golf in college! We usually meet on Wednesdays from 4:00 PM at the Shinjuku Isetan Men’s Building and on Fridays from 5:00 PM at Metro Green Toyocho!
/
/
/
/Bogey’s strength lies in our relatively small size, which allows you to get to know every member across all grade levels! In addition to twice-weekly practice sessions and monthly rounds, we also organize various events!We hold training camps three times a year: in May during the new student orientation period, and in August and September! Participation in all activities is optional, so you can keep up with the club at your own pace! Club members also often go out for rounds on their own, allowing you to enjoy a fulfilling college life!
/
/
/
/Membership is open to students of all years, and you can join at any time!
/
/
/
/Please come check us out and consider joining!",Every Wednesday at 4:00 PM at Shinjuku Isetan Men’s Building / Every Friday at 5:00 PM at Metro Green Toyocho,None,machine_translated,not_reviewed,
C0056,3167,1af12321f7e08d6f,Bowling Club,Sports (Ball Games),Other Ball Sports,"The Waseda Bowling Club (WBC) is a university-recognized bowling club with a history spanning over 60 years.
/
/We are also part of the Intercollegiate Bowling League, so we interact frequently with students from other universities!
/
/We are affiliated with the Kanto Student Bowling Federation—an organization run entirely by students—as representatives of Waseda University,
/
/and our members participate in various tournaments, including team and individual competitions.
/
/In the 2016 academic year, we entered our sixth ""golden age,"" achieving outstanding results: we won the 5-player team event at the Summer Kanto Student Bowling Championships, won the 5-player team event at the Fall Regular League, and placed second in the All-Japan University 5-player team event.
/
/That said, there are no specific qualifications or experience required to join the club!
/
/Most of us are beginners who started bowling in college, so lack of experience is absolutely no problem—in fact, we welcome it!!
/
/In addition to practicing about twice a week, we actively interact with students from other universities by holding joint practices with students from Keio, the University of Tokyo, Komazawa, Senshu, and Dokkyo Universities,
/
/and by forming teams together to compete in tournaments.
/
/No matter how bad you are at first, or even if you have no athletic ability, you can improve at bowling.
/
/Our upperclassmen will support you with anything you don’t understand, from bowling equipment to choosing your own ball!
/
/Why not try curving the ball and scoring over 200?
/
/We at the Waseda Bowling Club look forward to hearing from you not just during orientation season, but all year round!","Generally every Monday and Thursday, 7:00 PM – 9:00 PM. Location: (until March 2023) Nakano Sunplaza Bowl; (from April 2023) Takadanobaba Grand Bowl",None,machine_translated,not_reviewed,
C0057,3168,4970d680e3439198,Polar Bears Ice Hockey Club,Sports (Ball Games),Other Ball Sports,"The Waseda Polar Bears practice daily with the goal of winning the league championships and the final tournament, which are held twice a year in the spring and fall.
/
/
/
/Experienced players are welcome, of course, but beginners are also very welcome! (Experienced players will provide one-on-one coaching at the beginning!) We take our twice-weekly practices seriously, but the atmosphere is very friendly and welcoming once practice is over. We are recruiting both players and managers. We regularly update our social media accounts, such as Instagram and Twitter, with not only match results but also daily posts, so please check them out!
/
/
/
/Let’s create the best memories of your college life together!",Every Thursday / 9:00 PM – 11:30 PM / Mitsui Fudosan Ice Park Funabashi,None,machine_translated,not_reviewed,
C0058,3164,177ac34ee0e54c67,Table Tennis Club (WTTS),Sports (Ball Games),Other Ball Sports,"WTTS is in its 58th year and is Waseda University’s only officially recognized table tennis club! We welcome everyone—from beginners to those with experience in the National High School Championships! We practice about two or three times a week, organizing fun events to make practice enjoyable, and we play table tennis in a relaxed yet sometimes serious atmosphere!Plus, we have a dedicated staff member to support beginners, so don’t worry! We also have plenty of opportunities to compete, including participating in open tournaments held in various regions, the “Capital University Tournament” where clubs from universities across the Tokyo metropolitan area gather to play, and “Internal Tournaments” to determine the strongest player in our club! Furthermore, WTTS is officially recognized and partnered with Japan Women’s University, so women and students from other universities are welcome to join with confidence—we’d love to have you! It’s also a great chance for Waseda students to make friends with students from other universities!You’ll meet all kinds of people! We’re also serious about our events. During the April recruitment period, we host fun events like cherry blossom viewing, BBQs, and a Yokohama tour exploring Minato Mirai. Plus, with ski trips and week-long training camps in spring and summer, you’re sure to make plenty of great memories beyond just table tennis! Joining WTTS is guaranteed to make your college life fulfilling! We accept new members anytime. Please feel free to stop by!","Every Thursday, Tuesday, or Friday / Starting around 3:00 PM or 6:00 PM / Student Union Building Room E408 / Shinjuku Cosmic Sports Center, etc.",Club website closed,machine_translated,not_reviewed,
C0059,3422,15a682006fffcdf9,Sports Lovers,Sports (Ball Games),Other Ball Sports,"Sports Lovers was founded in 1972 and is a long-standing club now in its 42nd generation of executive members.
/
/Every Tuesday and Friday, we play basketball and volleyball at a gym near Waseda University.
/
/The schedule may vary, but we generally meet for two hours from 5:00 PM to 7:00 PM, splitting the time equally between basketball and volleyball.
/
/While we have some experienced players, there are also many beginners, so we follow the ""Sports Lovers Rule"" that ""having fun is the top priority."" We keep things relaxed and enjoyable, just like high school PE class. We have so much fun together that there’s always laughter during our sessions!
/
/The gender ratio is roughly 50/50, and since we’re an intercollegiate club, students from other universities are, of course, more than welcome.
/
/Why not join Sports Lovers and play basketball and volleyball with us? We’re looking forward to seeing you!",Every Tuesday & Friday / 5:00 PM / Toyama Sunrise,None,machine_translated,not_reviewed,
C0060,3419,92a81deacb8a4235,Munich Handball Club,Sports (Ball Games),Other Ball Sports,"Munich is a fun club where handball enthusiasts gather! No distinction between men and women, or between upperclassmen and underclassmen! We welcome participants from other universities and vocational schools, and our selling point is a cozy, welcoming atmosphere where everyone can enjoy themselves. In the spring and fall league tournaments, we consistently achieve strong results by winning matches against other universities. We don’t have a fixed starting lineup—everyone plays, and everyone has contributed to our victories. That’s what we’re proud of at Munich!Beginners and those returning to the sport after a break are more than welcome! During university breaks, we have summer training camps, summer trips organized by second- and third-year students, snowboarding camps, and spring training camps—we take our events seriously and have a blast! We practice once a week, which is just the right amount, and on other days, we often go out for meals or hang out together—we’re a very close-knit group! We’re recruiting new members year-round, not just during orientation week. If you’re interested in playing handball, come check us out at Higashifushimi!",Every Monday / 6:00 PM – 9:00 PM / Higashifushimi Sports Hall,None,machine_translated,not_reviewed,
C0061,3423,6ffab430d5c48755,Kyuaikai,Sports (Ball Games),Other Ball Sports,"We hold monthly sessions for five sports: baseball, basketball, soccer, tennis, and volleyball. We are the largest multi-sport club at Waseda University. We have a friendly, family-like atmosphere and enjoy a relaxed mood during our activities. In addition, we have plenty of events, including seven training camps per year. As a large club, our large-scale training camps are always a huge success.Furthermore, our baseball team competes annually in the Waseda League and the Unified Tournament, while our volleyball and basketball teams collaborate with two other clubs each year to host the “Waseda Ball Cup,” where we showcase the results of our daily training. Since our activities are relaxed, anyone—whether you just want to get some light exercise or aren’t particularly athletic—can enjoy them. Additionally, as a long-standing club with a 37-year history, we hold an alumni gathering every year, providing an opportunity to consult with senior members who are now working professionals about career paths.",Irregular,None,machine_translated,not_reviewed,
C0062,3421,cc16b44a6dddac33,Squash Club,Sports (Ball Games),Other Ball Sports,"The Waseda University Squash Club, commonly known as ""Waseda Squash,"" is the only squash club at Waseda University. Since most people start playing squash in college, the majority of our members are beginners. All club members are Waseda students, and of course, you’re welcome to join multiple clubs! Practices are held on a drop-in basis, so you can participate whenever you like at your own pace—please feel free to come join us!In addition to regular practice, Waseda Squash Club hosts various events such as barbecues and Christmas parties. The highlight, without a doubt, is our summer training camp held in September. Since the ocean is right in front of our lodging, we enjoy the summer together while practicing squash! Furthermore, Waseda Squash Club boasts many players who have competed in national tournaments and achieved impressive results. Whether you want to seriously dedicate yourself to squash or just enjoy events with everyone, that’s what Waseda University Squash Club is all about!","Every Monday, Wednesday, Thursday, and Friday / 3:00 PM – 6:00 PM / Akabane, Shirokanedai, Asagaya",None,machine_translated,not_reviewed,
C0063,3169,31fead7830fd38a7,Wyverns Cricket Club,Sports (Ball Games),Other Ball Sports,"The Wyverns Cricket Club is Waseda University’s only cricket club! Both our men’s and women’s teams have won the All-Japan Student Championships. While we take the sport seriously, our motto is “Let’s enjoy every day.” We currently have 71 members, and we warmly welcome both experienced players and beginners who want to start a new sport in college.
We practice three times a week (Wednesdays, Fridays, and Sundays), but attendance is not mandatory. Since you can participate at your own pace, it’s easy to balance the club with your studies and part-time jobs. We pride ourselves on our close-knit community, which transcends year levels and gender. Even on days without practice, we enjoy lunch together, and we have plenty of events beyond cricket, such as training camps, trips to Disney, and darts outings.
We also have international students on our team, making natural cultural exchange a unique charm of our club. There are plenty of opportunities to interact with teams from other universities and adult leagues as well. If you’re interested, please come check out a practice or event! We post the latest updates on social media (Instagram, etc.). All our players and managers are looking forward to welcoming new members!",Wednesdays / 1:30 PM / Takadanobaba  Fridays / Varies / Waseda  Sundays / 1:00 PM / Kita-Senju,None,machine_translated,not_reviewed,
C0064,3165,443e94ef46073a83,Badminton Club,Sports (Non-Ball Games),Badminton,"An officially recognized university club! We’re an all-Waseda group where everyone from beginners to experienced players enjoys practicing together.We also have plenty of events outside of badminton, such as welcome parties in the spring and BBQs in the summer! We also hold training camps twice a year! Over 100 people participate in the annual training camp, spending a fulfilling week together. And get this! We even have our own club room in the Student Union Building! Our main practice locations are the Koto Ward Sports Hall, Akabane Gymnasium, Toda City Sports Center, and Wako City General Gymnasium. Major annual events include: April: Welcome Party After-Party; May:Welcome Recreation Event, Waseda-Keio Baseball Game, June: Singles Tournament, August: Mixed Doubles Tournament, Summer Training Camp, September: Team Matches, October: Final Party for the Executive Committee, November: Doubles Tournament, December: Mixed Doubles Tournament, February: Spring Training Camp, Farewell Match, March: Final Responsibilities (No activities in January or July due to exam periods).There are still tons of things I can’t possibly list here! Of course, we also have matches against other clubs! Because we’re a large group, there are plenty of opportunities to meet new people. Please come to practice sometime!","1–2 times a week / Koto Ward Sports Hall, Akabane Gymnasium, Toda City Sports Center, Wako City General Gymnasium, etc.",Club website closed,machine_translated,not_reviewed,
C0065,3551,2122e49afb2516a1,Badminton Club J-Birds,Sports (Other than Ball Games),Badminton,"The Badminton Club J-Birds is the only badminton club at Waseda University’s Tokorozawa Campus! We have members of all skill levels, from beginners to experts, and we practice together regardless of ability! We train daily in preparation for the Waseda University internal tournament held twice a year (commonly known as the “Da-Cup”), tournaments organized by the Kanto Badminton Club Federation (UBF), and other regional tournaments.In addition to practice, we host a variety of events, including the “J-Cup,” an internal friendly tournament, three annual training camps, and other member-organized events. We’re a free-spirited and welcoming club that offers both intense and laid-back activities, so everyone is sure to have a great time!","Every Tuesday, Thursday, and Saturday / 4:00 PM / Tokorozawa Campus Sports Hall",None,machine_translated,not_reviewed,
C0066,3171,a200bddca3f1691c,Choco Let's,Sports (Other than Ball Games),Badminton,"Choco Let's is an all-Waseda badminton club with no drinking, and a 1:1 ratio of both men to women and beginners to experienced players. We have many beginners, and our experienced members are happy to teach you, so if you’ve never played before but have even a little interest in badminton, please come join our orientation practice! Our regular practices consist of doubles matches, and unlike traditional clubs, there is absolutely no running or mandatory attendance!Our philosophy is “come when you want and play badminton,” so even if you’re busy with your major or other clubs, you can easily balance it all! Plus, since our regular practices are held near the university (mainly near the Science and Engineering Campus), you won’t have to worry about transportation costs or time spent getting to the venue! In addition to badminton, we also host events like Christmas parties and sports days, so if you’re interested, please check out our website!!","About twice a week on Tuesdays, Wednesdays, Fridays, or Sundays / From late afternoon into the evening / Gyms near Takadanobaba",None,machine_translated,not_reviewed,
C0067,3420,51797a23f2999b20,Young Badminton Club,Sports (Other than Ball Games),Badminton,"We practice about once or twice a week. We have plenty of seasonal events, and all the members get along great!!",No information,None,machine_translated,not_reviewed,
C0068,3196,5f562a686f4efb15,Competitive Dance Club (WBDC),Sports (Non-Ball Games),Dance,"Ballroom dance + sports = competitive dance????
/
/
/
/Male and female members form couples, and their dancing looks just like a scene from a movie? Once you see it, you’re sure to be hooked!
/
/Since it’s “competitive,” there are many tournaments, and the Waseda University Competitive Dance Club has achieved excellent results at both the Kanto Regional Championships and the National Championships.
/
/At the National Championships, universities from all over Japan gather to compete fiercely!!
/
/According to our alumni, it supposedly gives you an edge in job hunting...
/
/
/
/You’ll make lots of dance friends at other universities too!
/
/No dance experience? No problem! 99% of our members started competitive dance in college.
/
/The Competitive Dance Club is where you can seriously aim for the championship, even if you’re a complete beginner!
/
/
/
/The beautiful dresses and tailcoats worn at competitions are one of the attractions of the competitive dance club!
/
/You get to wear dresses and tailcoats you’d never get to wear in everyday life.
/
/Club members bring their DSLRs to competitions, so you can get tons of cool photos taken??
/
/
/
/Standard dances are elegant, like dancing at a ball. Latin dances express intense love and passion.
/
/Joining the competitive dance club will help you develop beautiful posture—men will look dashing, and women will achieve a toned, elegant figure!
/
/
/
/The Waseda University Competitive Dance Club is a historic club with an 80-year tradition! Why not spend your student life at Waseda University dancing passionately alongside your fellow club members?
/
/Please feel free to come visit us!","Practice Sessions: Every Tuesday @ Kyoritsu Women's University
/
/
/
/
/
/
/
/Individual Practice:
/
/
/
/Thursdays & Saturdays @ Kyoritsu Women's University
/
/
/
/Anytime @ Student Union Building",None,machine_translated,not_reviewed,
C0069,3755,20c9afdb03cc95a5,Waseda University Awa Odori Circle: Waseda Ren [Team A.W.A],Sports (Non-Ball Games),Dance,"As a member of the Kanto Student Joint Group, Waseda Ren participates in Awa Odori festivals held in Tokushima and Koenji alongside Keio University, Sophia University, Chuo University, Tokyo University of Science, Meiji University, Toyo University, and Yokohama National University.Our members include students from all over Japan, not just those from Tokushima. We warmly welcome everyone—from experienced dancers to those who have never heard of Awa Odori before, and anyone looking to make friends from other universities or their hometowns! Why not join us and experience Awa Odori, the quintessential Bon dance?",Irregular schedule / Student Union Building,None,machine_translated,not_reviewed,
C0070,3450,adbcaea20f5561c0,Waseda University Breakerz (W.U.B),Sports (Non-Ball Sports),Dance,"W.U.B. is Waseda’s oldest street dance club, celebrating its 41st anniversary this year. We usually practice by genre in studios or the Student Union Building. Unlike other clubs, we don’t mix genres, so you can master the style you love. We also offer lessons from professional dancers, allowing both beginners and experienced members to improve their skills.W.U.B. holds regular practice sessions—not just before events—so you can work on basics and other routine drills alongside your peers. We focus on both battles and showcases, and our ability to perform in a wide range of settings is one of our strengths.
In addition to the Waseda Festival, we hold our own solo performances and showcase events at clubs, and we also participate in external events, so you can dance as much as you like. We are also members of the Six Universities Street Dance Federation and compete in tournaments such as the Waseda-Keio Battle and All Japan.
In this club, you can freely pursue the dance style you love to the fullest. Please come and experience W.U.B.’s unique atmosphere, which combines a laid-back vibe with a touch of discipline!
April: New Member Welcome RIDE
May: New Member Welcome Retreat
June: Waseda-Keio Rivalry Match
July: Freshman Showcase
August: Summer Night
September: Summer Retreat, Six Universities League
November: Waseda Festival
December: Farewell Performance
February: Winter Night
March: All-Japan Championship
Irregular: Club Battle Events (once every 3–4 months)","Every Monday, Wednesday, and Friday / 7:00 PM – 9:00 PM / Student Union Building, Studio",None,machine_translated,not_reviewed,
C0071,3449,74eb5b5fa35dc01c,Flamenco Group iVAMOS!,Sports (Non-Ball Sports),Dance,"Every Tuesday during periods 5–7 in the Student Union Building, we practice authentic flamenco under the guidance of a choreographer who is also a professional flamenco dancer. Lessons cover the basics and include choreography, so both beginners and experienced dancers can enjoy the group.We perform at various events like the Waseda Festival and Winter Live with great enthusiasm! The costumes we wear for performances are glamorous, vibrant, and adorable—you’ll definitely want to try them on the moment you see them!! We also interact with students from other universities through the Flamenco Student Federation, so you’ll have the chance to make friends from all over! We’re currently recruiting not only dancers but also backup singers and guitarists!
/
/
/
/If you’re interested, please feel free to come try a lesson or observe a practice! You can contact us via DM on any of our social media accounts. Let’s dance flamenco together!♪",Every Tuesday / Periods 5–7 / Student Union Building,None,machine_translated,not_reviewed,
C0072,3452,bb5ed1e5c9e767c7,Dance Team Brilliant Pinks,Sports (Non-Ball Sports),Dance,"Brilliant Pinks, commonly known as ""Bripin,"" is the only all-female dance club at Waseda University!
/
/
/
/We practice daily in preparation for our solo performances in June and December, as well as for the Waseda Festival. We primarily focus on four genres—girls, hip, lock, and punking—and you can choose which style to perform for each stage. We’re looking forward to welcoming new students who are motivated and passionate about dance! Beginners are also very welcome! Let’s make your college life fulfilling together!","Every Monday, Wednesday, and Friday, 5th, 6th, and 7th periods, at the Student Union Building or studios in Tokyo",None,machine_translated,not_reviewed,
C0073,3451,51c0e636749c0834,早稲田大学ジャズダンスサークルOasis,Sports (non-ball games),Dance,"Thank you for visiting our page! Oasis is Jazz Dance Circle officially approved by Waseda University. To begin with, jazz dance in modern years is defined as dance that consists of diverse genres of dance and music with the sensibility of absolute freedom. Therefore, you will be able to choose what you dance from a variety of genres in Oasis: hip hop, street dance, R&B, ballet, contemporary dance as well as jazz. Our members also have diversity in their backgrounds; they may come from other universities, and in addition, some have rich experiences of dance in the past, and other had never danced before Oasis. Despite the fact, it is true that we perform on the same stage together, because we all practice very hard. Our coach supervises our regular practices two days a week, on Mondays and Thursdays at studios near Waseda, and there are more additional practices especially when we have forthcoming performances. Our major activities are listed below: live for freshmen (‘Shinkan Live’: April), performance in Waseda Student Culture and Arts Festival (June), Summer Live (August), performance in Waseda Festival (November), and a jazz dance contest (November). If you need more information and want to watch our dance videos, please visit our website and follow our SNS (Twitter, Instagram and YouTube) accounts shown below! We are recruiting both men and women in first or second year who enroll any universities. We look forward to seeing you all at our performances!","Every Tuesday, Friday/18:00-21:00もしくは19:00-21:45/facilities around Waseda and Takadanobaba",None,existing_english,needs_review,Prefilled from English text already present in the official description.
C0074,3360,d850c38df4a128e4,Odori Samurai,Sports (Non-Ball Sports),Dance,"Waseda! Waseda! We’re so happy!! Let’s go back to 2002. In an era when Yosakoi had not yet become widespread among students, one man stood up: our founder, Mr. Yoshida. He was deeply moved the first time he saw Yosakoi. Driven by that passion, he founded his own team—Odori Samurai. Now in its 15th generation, the tradition continues to be passed down.We are a student Yosakoi team that travels all over Japan—from Hokkaido in the north to Kochi in the south—dancing our hearts out. We work every day with the goal of bringing energy, inspiration, and a sense of wonder to our audience.This year’s performance is titled “ROCK YOU.” We aim to draw the audience into the world created by Odori Samurai, to shake their hearts and the world itself. We will express our quest for our own radiance through everything we have—from choreography and music to costumes, the dancers’ voices, and our passion.",Every Wednesday and Saturday / 6:00 PM – 8:00 PM / Mainly at gymnasiums in Setagaya Ward,None,machine_translated,not_reviewed,
C0075,3454,1af4035121869c18,Waseda University Hawaiian Folk Dance Society,Sports (Non-Ball Games),Dance,"Aloha~!
/
/
/
/We are the Waseda University Hawaiian Folk Dance Society, commonly known as Wasehula, the only officially recognized hula dance club at Waseda University!
/
/
/
/Celebrating our 20th anniversary this year, we’re a group of about 80 female Waseda students who practice in the Student Union Building during the 4th and 5th periods on Tuesdays and Fridays.
/
/
/
/In addition to our summer performances, Waseda Festival, and solo shows, Wasehula also participates in university-sponsored events, as well as performances at Spa Resort Hawaiians and in Hawaii!
/
/
/
/We warmly welcome anyone who wants to try hula dancing, loves Hawaii, loves dancing, enjoys being active, or wants to try something new!
/
/
/
/Since most of our members are beginners, everyone starts from the same starting line—that’s what makes Wasehula special!
/
/
/
/To all new students! Let’s bring a breath of Hawaii to Waseda together!!",Every Tuesday & Friday / 4th & 5th periods / Student Union Building,None,machine_translated,not_reviewed,
C0076,3363,371c788707475886,Waseda University Yosakoi Team Tokyo Hanabi,Sports (Non-Ball Games),Dance,"We are a Kochi-style Yosakoi team—a rarity among student teams!
/
/
/
/Kochi-style Yosakoi is characterized by dancing in a parade format while holding naruko clappers. We pride ourselves on our graceful performances, which blend powerful male movements, elegant female movements incorporating fans, and the interplay of the matoba (banners).
/
/
/
/Once a year, we create a performance where we handle everything ourselves—costumes, music, choreography, and MC—and participate in Yosakoi festivals across the country, including the Kochi Yosakoi Festival, to showcase our work.
/
/
/
/We get along very well regardless of grade level, and in a warm, friendly atmosphere, we practice diligently every day while taking our dancing seriously!
/
/
/
/If you want to try something new, are looking to commit to something wholeheartedly, want to meet wonderful friends, or simply love to dance… don’t worry—even if you’ve never danced before, you’re welcome! Most of our members started with no prior experience!
/
/
/
/Why not join us as a “Hanabi-ko” and bring smiles to audiences on stages across the country!! Let’s enjoy the final chapter of your college life together!!",Every Tuesday & Saturday / 7:00 PM / Student Union Building and surrounding university facilities,None,machine_translated,not_reviewed,
C0077,3456,a91028b9ca8a83c5,Sesiion,Sports (Other than Ball Games),Dance,"We perform at various events throughout the year, including freshman welcome shows, Waseda Festival, the Waseda-Keio Rivalry Match, and the JDC (Japan Dancer’s Championship). We also hold a large-scale solo performance every September.
/
/
/
/One of SesSion’s major attractions is our highly polished showcases. For each event, we create the choreography, staging, costumes, and music from scratch, and we practice daily to continuously improve together.
/
/
/
/At this year’s JDC, we advanced from the Kanto preliminaries in first place, and at ALL JAPAN (All Japan Street Dance Championship), we placed third nationally in the intercollegiate showcase contest.
/
/
/
/In recent years, more club members have been taking on dance battles. Whether you want to have fun dancing with everyone in a showcase or challenge yourself to improve your skills, SesSion is a great place where everyone can engage with dance in their own way.
/
/
/
/Another appealing aspect is our welcoming, family-like atmosphere where we maintain a serious attitude toward dance while cherishing the bonds with our fellow members! As an intercollegiate club, we have a diverse group of members—both Waseda students and students from other universities—who come together to have fun!
/
/
/
/If you’re serious about dance, join SesSion!
/
/If you’re serious about enjoying college life, join SesSion!
/
/Let’s dance together!!!","Irregular days, 2–3 times a week / 7:00 PM–10:00 PM, etc. (Late-night practices also available) / Studios in Tokyo",YouTube link broken,machine_translated,not_reviewed,
C0078,3458,d4cb308993fd8bf2,TAP-LOVERS,Sports (Non-Ball Sports),Dance,"TAP-LOVERS is an officially recognized tap dance club at Waseda University. We focus on regular performances and stages at the Waseda Festival. Please check our X and Instagram for information about TAP-LOVERS. If you have even the slightest interest in tap dance, please come check us out!! We’ll lend you shoes if you come for a trial session. Just bring comfortable clothes and come on over! Please contact us via email or similar before coming to practice.Please check the schedule for upcoming practice dates! TAP-LOVERS welcomes members from their second and third years of university. In fact, many students start with us in their second or third year. If you want to learn a new skill or make the most of your college life, feel free to join us anytime!",Every Tuesday & Friday 5:00 PM – 8:35 PM / Every Sunday 1:10 PM – 4:45 PM / Student Union Building,None,machine_translated,not_reviewed,
C0079,3460,3f742b7c07a3c22c,Waseda University Ballet Club Ciel,Sports (Non-Ball Games),Dance,"Ciel, Waseda University’s only ballet club, is made up of a diverse group of members ranging from beginners to those returning after a hiatus, as well as advanced dancers. We practice three days a week—primarily Mondays, Wednesdays, and Fridays—at studios and cultural centers in Tokyo in preparation for our annual main performance, the new student welcome performance, Waseda Festival, and other events. We are also recruiting male students and students from other universities!If you’ve always wanted to try ballet, had to quit due to entrance exams, want to dance with peers, or are looking to take on a new challenge, now is your chance to start! Whether you love ballet or just want to dance, please join us! A performance created entirely by students is sure to be an unforgettable memory! Why not experience the thrill of a performance created by everyone together?","Mondays, Wednesdays, and Fridays (We may also hold practices on weekends during performance rehearsal periods.) / 5:30 PM / Cultural centers in Tokyo",None,machine_translated,not_reviewed,
C0080,3459,8b62e3244891b6b2,Waseda University Getappaz,Sports (Other than Ball Games),Dance,"Good morning! We are ""Gettapaz,"" Waseda University's dancing geta group!
/
/
/
/As the world's only ""dancing team wearing geta,"" we perform not only at university events but also at major festivals across the country, including in Niigata and Kyoto. We also host our own unique solo performances every year at Okuma Auditorium, bringing smiles to many people every day!
/
/
/
/Although “Gettapaz” might appear to be part of the “Yosakoi” genre due to our dazzling traditional Japanese costumes, we set ourselves apart by wearing “geta” (wooden sandals) instead of “naruko” (clappers) and by not performing traditional chants.
/
/
/
/Furthermore, since many of our members are beginners and don’t specialize in any particular dance genre, we may be quite different from a typical “dance club.”
/
/
/
/But that is precisely what makes “Geta-Paz” so appealing!
/
/
/
/Our geta performances aren’t bound by “experience” or “genre”; we prioritize entertaining the audience by simply enjoying ourselves. “Geta-Paz” embodies the true spirit of Waseda’s “performance clubs.”
/
/
/
/Has anyone here ever danced in geta? That’s right—literally everyone starts as a beginner. Here, there’s definitely a chance for anyone who wants to take the stage.
/
/
/
/There are so many friends we’ve met because of geta, sights we’ve seen because of geta, and memories of our youth we’ve gained because of geta. College life only comes once. Why not put on your geta with us?","Every Monday, Wednesday, and Friday / 7:00 PM / Student Union Building & Facilities in Tokyo",None,machine_translated,not_reviewed,
C0081,3588,28db2d59e4c8eb0c,aka Wa.Se.Da.,Sports (Non-Ball Games),Dance,"〇Activities
/
/We are aka Wa.Se.Da., a street dance club!
/
/Choose freely from 10 genres—new school hip-hop, middle school hip-hop, lock, waack, girls, pop, break, jazz, style, and house—and you can even take multiple genres at once!
/
/
/
/〇Highlights
/
/The cozy, homey atmosphere!!
/
/There’s a sense of security and warmth here—everyone is welcome. Everyone loves aka!
/
/
/
/〇Events (Selected Highlights)
/
/In addition to our twice-yearly self-produced performances, we frequently perform at Waseda events like Toko-Matsuri and Waseda Festival, as well as external dance events! We also have plenty of fun events throughout the year, such as our biannual training camps and BBQs. Participation in all events is optional, so you can manage your schedule as you like!
/
/New freshmen are welcome, of course, but second-year students are also welcome to join! (Second-year students can join the same grade group as their peers!) We look forward to dancing with you all!","Days, times, and locations vary by genre. Rehearsals for performances are held about once or twice a week for each genre!",None,machine_translated,not_reviewed,
C0082,3463,5e01e7a49418f958,WASEDA BALLERS,Sports (Non-Ball Games),Dance,"We are the WASEDA BALLERS, a freestyle basketball club based at Waseda University! We are actively involved both on and off campus, performing at school festivals and local events, and participating in tournaments. If you master our skillful ball-handling techniques, you’re sure to become a hit! You might even be able to spin the ball on your fingertips!? No basketball experience is necessary—we welcome everyone! Our upperclassmen will teach you everything from scratch. Please come check out a practice session sometime.",Every Tuesday and Friday / 6th–7th periods / Student Union Building,None,machine_translated,not_reviewed,
C0083,3462,3a7e44e504e473ae,Waseda University Belly Dance Club SARAH belly,Sports (Non-Ball Sports),Dance,"We are SARAHbelly, Waseda University’s first and only belly dance club. With the motto “Pure, Upright, Beautiful, and Sensual,” we’re an all-female group that gets along great and has a lot of fun!
/
/
/
/In addition to our Wednesday group practices, we have lessons on Saturdays taught by a professional belly dance instructor. We liven up both campus and off-campus events—such as Waseda Festival and dinner shows—by performing in dazzling costumes. Since most of our members are beginners, those with no dance experience are more than welcome!
/
/
/
/If you want to learn to love yourself just as you are, try something new, find something to get passionate about, or improve yourself, we look forward to shining on stage with you!",Every Wednesday during 6th period and Saturdays from 10:40 AM to 3:00 PM (1 hour) / Student Union Building,None,machine_translated,not_reviewed,
C0084,3464,6445a418afe80e7b,Waseda University Cheer Dance Team MYNX,Sports (Non-Ball Sports),Dance,"Hello.
/
/
/
/We are MYNX, Waseda University’s only cheer dance club, celebrating our 12th anniversary this year! Our members are all Waseda students.
/
/
/
/“Become the best in the cheer dance world”
/
/“Dance cheer with mutual passion at our beloved Waseda”
/
/These are our two main goals, and we work toward them every day.
/
/
/
/We compete in tournaments like the JCDA and USA Championships about two or three times a year, seriously aiming for national dominance, while also performing in solo shows and at events both on and off campus!
/
/
/
/Sparkling cheerleaders, cheerleaders of sweat and tears. At MYNX, you can be both!
/
/Absolute beginners are more than welcome!
/
/
/
/Let’s enjoy a fulfilling college life together through cheer dance!
/
/
/
/If you’re even slightly interested, please check out our official social media accounts listed on this page.","5 days a week (Mon, Tue, Wed, Fri, Sat) / 6:00 PM – 9:00 PM / Sports facilities near the university",None,machine_translated,not_reviewed,
C0085,3466,220e1e0ae5fc95e6,Waseda University Flash Mo Club,Sports (Non-Ball Sports),Dance,"We are Waseda’s only flash mob club. A flash mob is a performance where performers, disguised as ordinary people, suddenly start dancing in the streets, surprising and moving those around them. It’s often used for proposals, birthday celebrations, and wedding surprises! No dance experience is necessary! Beyond dancing, you can showcase your “individuality” through instruments, singing, or anything else!We welcome passionate people who are motivated to make others smile, those who want to try something new at university, and creative individuals eager to build a performance from scratch! Be sure to search for “Waseda University Flash Mob Club” on YouTube. One look and you’ll be hooked on flash mobs! Why not join us in sweeping others up in a whirlwind of surprise and excitement?","When we have a project, we meet twice a week on Mondays, Wednesdays, or Fridays after the 5th period at facilities around Waseda (subject to change depending on the project)",YouTube link is broken,machine_translated,not_reviewed,
C0086,3793,a467f8b728d54bdd,Waseda Michael Jackson Research Society,Sports (Non-Ball Sports),Dance,"The Waseda Michael Jackson Research Society is an officially recognized Michael Jackson cover dance club at Waseda University. We typically practice for stage performances at events like the Waseda Festival and our own solo shows, as well as hold events related to Michael Jackson. Beginners and experienced dancers alike, Michael Jackson fans, fans of Western music, and even those who aren’t—everyone is welcome! Most of our members started dancing in college.Additionally, the M-Ken accepts new members year-round, regardless of year level. If you join the M-Ken, you’re guaranteed to master a special skill that will get you noticed by everyone! You’ll even be able to do the Moonwalk. If you’re even slightly interested, please check out the M-Ken’s official social media accounts (YouTube, Instagram, X, etc.) to see our performances. Whether you want to make the most of your college life or start learning a new skill now, everyone is welcome to come check us out! We look forward to your messages via DM.","At least twice a week (once on weekdays, once on weekends) / 5:00 PM – 6:40 PM / Student Union Building",None,machine_translated,not_reviewed,
C0087,3723,b84af5c354ac02da,Momo Kyun☆,Sports (Other than Ball Games),Dance,"We work hard every day with the goal of winning the UNIDOL idol cover dance competition.
/
/
/
/We perform cover dances of a wide range of idols, primarily from Hello! Project, as well as Cheeky Parade, Stardust, the 48 Groups, Heroines, and others.
/
/
/
/In addition to competitions, we also perform at Waseda Festival, our own concerts, and various events.
/
/
/
/We generally meet three times a week (two weekdays and one weekend day).
/
/
/
/Regardless of seniority, everyone gets along like family.
/
/
/
/Anyone with a passion for dancing is more than welcome. We recommend this club to those who can focus on a single goal and work hard together.
/
/
/
/As an officially recognized club, we can practice in the Student Union Building, which helps keep costs for studios and other facilities down.
/
/
/
/Also, since we’re an intercollegiate club, members come from a wide range of universities, allowing you to expand your social circle.
/
/
/
/We also engage in creative activities such as designing costumes and creating background videos.
/
/
/
/We’re recruiting not only dancers but also backstage staff.","Generally every Tuesday, Friday, and Saturday at 7:00 PM at the Student Union Building",None,machine_translated,not_reviewed,
C0088,3741,5d8b6469712c83bf,Twinkle,Sports (non-ball games),Dance,"Hello! we are the Kpop perfect-cover dance team,Twinkle! Twinkle is a K-POP cover dance circle that values “perfectness”. We not only cover K-POP idol dance, but also strive to copy their outfits,facial expressions, and how they dance! Our main performances are the freshman welcoming event in April, in-circle performance in May and, independent show in August and February, and the Waseda Festival and farewell performance in November. We also upload videos on YouTube and TikTok! Announcements for our performances will be made via Twitter and Instagram, so make sure to follow us :) Apart from our independent performance, we also participate in events and competitions outside the University. In the past, our girls team and boys team won the 1st place in a K-POP cover dance competition on August 2022. We are a circle of diverse students with a common purpose. Let's dance Kpop! Our circle has not only Kpop groups' fans, but also people who love songs and want to start dancing. If you want to join the dancing, please come to the welcome practice (新歓, Shin-kan). If you want to enjoy watching our performance, please visit our Youtube channel, Twitter, Instagram, and Tiktok! Looking forward to seeing you soon!!","Every Wednesday日, Saturday日/19:00から22:00/Student Center, studios in Tokyo",None,existing_english,needs_review,Prefilled from English text already present in the official description.
C0089,3593,1c26103f1b8defec,Waseda University Cheer Dance Team MYNX Tokorozawa Branch,Sports (Non-Ball Sports),Dance,"Hello! We are the Waseda University Cheer Dance Team MYNX! We are an all-female cheer dance team dedicated to two main goals: becoming the idols of Waseda University and reaching the top of the cheer dance world! Cheer dance is a competitive sport that combines four dance styles: pom dance (dancing with pom-poms), hip-hop, jazz dance, and line dance! We practice four times a week in the Takadanobaba area. In addition to participating in on-campus events, we also perform solo shows at the Okuma Memorial Hall and appear at the Waseda Festival. We compete in two annual competitions with the goal of winning the national championship. Our team consists of 20 Waseda women, regardless of experience level. If you’re looking to get involved at Waseda, this is the place to be! Why not start cheering—something you’ll love—right here at Waseda?",4 days a week / 6:00 PM / Takadanobaba area,None,machine_translated,not_reviewed,
C0090,3722,c9c8889a0507c2a5,Bunkarism - Multicoloredism -,Sports (Non-Ball Sports),Dance,"Bankarism - Multicoloredism - is a Waseda University school uniform acrobatics troupe that operates under the philosophy of “igniting the ambition in everyone.” For those who are dissatisfied with their current situation, those harboring inner turmoil, or those living with a sense of unease.We want to be a source of inspiration that gives these smoldering individuals the push they need to take a new step forward. With this in mind, we perform unconventional acts that blend acrobatics and dance. By “acrobatics,” we mean performances that draw on each individual’s unique personality and flair. For example, at Bankarism, we consider not only nunchaku, batons, and acrobatics, but also video editing and calligraphy to be forms of acrobatics.We respect each member’s strengths and individuality, and to prove that anyone can shine, we perform on various stages both on and off campus. We hold recruitment events only in the fall, following the Waseda Festival. We’ll be posting updates on our official Instagram, so please check there. We hope you’ll come see us perform!",Every Monday and Thursday 7:00 PM–9:30 PM / Saturday 10:40 AM–1:30 PM,None,machine_translated,not_reviewed,
C0091,3805,e013b2676c016918,"Waseda University ""Dance Cover"" Club",Sports (Non-Ball Games),Dance,"""Waseodo,"" the Waseda University Dance Circle, is an intercollegiate dance club that was officially recognized last year and is now entering its 12th year!
We meet twice a week, and our main events include stage performances at the Waseda Festival and two club-wide live shows held each year.
On a regular basis, we practice in a friendly and relaxed atmosphere while teaching each other dance techniques!
One of Waseodo’s biggest appeals is that you can freely choose any genre or song to dance to—whether it’s J-POP, K-POP, Vocaloid, or anime songs!
Whether you want to dance to existing choreography or create your own, what you dance is entirely up to you.
We also have many members who are beginners, students from other universities, and those joining in their second year or later, so everyone is welcome!
Whether you want to start dancing in college, love making “dance covers,” or are looking for friends who share your interests, why not join Waseodo and help create the best stage performances together?",Every Thursday and Saturday at 6:00 PM / Dance studio in Tokyo,None,machine_translated,not_reviewed,
C0092,3187,a6e32887b17e1102,Aikido Club,Sports (Non-Ball Games),Martial Arts,"Hello, this is the Aikido Club! We are the only group at Waseda University affiliated with the Aikikai (the organization directly descended from Morihei Ueshiba, the founder of Aikido), and we are the oldest and largest Aikido club at Waseda University. While many people imagine intense competitions when they hear the word “martial arts,” Aikido does not determine superiority through competition! We practice techniques repeatedly, adjusting to each other’s skill levels, so even women who aren’t confident in their strength can feel free to join. (By the way, our gender ratio is 6:4.) Ninety percent of our members started practicing Aikido in college. Under the guidance of high-ranking instructors, we start with the basics, including proper falling techniques, so even beginners can participate safely and with peace of mind. You can join for as little as one day a week out of our six weekly practice sessions, and all our practice locations are within walking distance of the university.Since it’s easy to balance with classes, studying, and part-time jobs, students from a wide range of departments—regardless of whether they’re in the humanities or sciences—are members. Why not join us and train with the Aikido Club? You can join at any time, so please feel free to contact us!","Mon, Wed, Thu / 4:45 PM – 6:15 PM / Aikido Headquarters Dojo; Tue / 6:30 PM – 9:30 PM / Edogawabashi Gymnasium; Fri / 3:20 PM – 4:50 PM / Aikido Headquarters Dojo; Sat / 12:20 PM – 3:20 PM / Shinjuku Cosmic Center",None,machine_translated,not_reviewed,
C0093,3439,f733d33cb809b206,Waseda University Kyudo Club,Sports (Non-Ball Games),Martial Arts,"Our Kyudo Club practices once a week under the guidance of high-ranking instructors. Although there are two Kyudo clubs at Waseda University, we get along well and interact with each other. Club members are dedicated to their daily practice and have achieved excellent results in dan and kyo examinations as well as in shooting competitions against other university Kyudo clubs.On our days off, we go out to have fun or grab drinks; during free periods between classes, we hang out at our hangout spot, and afterward, we often eat ""Wase-meshi"" together—we see each other frequently even outside of practice. Why not join us and spend your college life with us?",Every Sunday / Hamadayama Archery Dojo,None,machine_translated,not_reviewed,
C0094,3189,7dd18e7d8dcea308,Kendo Club,Sports (Non-Ball Games),Martial Arts,"We usually practice with instructors from the Shinjuku Kendo Federation. Our members range from beginners to experienced practitioners, and since participation in practice sessions is optional, everyone can train at a level and schedule that suits them. Senior members provide careful guidance to beginners, so even those starting kendo in college can feel at ease.We participate in about 10 tournaments a year, including friendly matches, and consistently achieve top finishes. Upon joining our club, you automatically become a member of the Shinjuku Ward Kendo Federation, allowing you to earn dan ranks through our club and compete in Shinjuku Ward tournaments. During the spring and summer breaks when there are no matches, we hold kendo training camps, spending a fulfilling off-season focused solely on practice.In addition to kendo, we frequently hold various fun events such as ski camps and social gatherings to strengthen the bond among members. On the other hand, we do not hold practice sessions during exam periods, making it possible to balance kendo with your studies, part-time jobs, and activities in other clubs. Let’s enjoy a fulfilling student life together in the Kendo Club!","Every Tuesday, Thursday, and Saturday / 6:30 PM / Shinjuku Sports Center, 4th Floor, Second Dojo",None,machine_translated,not_reviewed,
C0095,3188,c7a0bb2b11b3a797,Karate Seishinkai,Sports (Non-Ball Sports),Martial Arts,"We, the Karate-do Seishinkai, are a traditional karate club celebrating our 54th anniversary this year.We are officially recognized by Waseda University as a ""Student Club"" and are classified as a Division II athletic club. Currently, we have about 30 members in their first through third years. Our members range from those with over 10 years of karate experience and those who have competed in the National High School Championships to those who started karate in college. Regardless of style, background, gender, or university, we all train together in a friendly and harmonious atmosphere.We belong to the “Wadokai” school, one of the four major traditional (light-contact) karate styles. Since we follow light-contact rules, women and beginners can participate with peace of mind (the gender ratio is roughly 1:1, and about half of our members are beginners). We hold practice three times a week at the Student Union Building on the Toyama Campus, and while we aim for participation at least once a week, members train at their own pace.During regular practice, everyone trains together on everything from basics to kata and kumite. Before tournaments, which are held once every one to two months, we focus our training on the specific events each member will compete in. Additionally, members who wish to do so can attend the Wadokai Arakawa Dojo—an All Japan Karate Federation-affiliated dojo—for free, and beginners can aim to earn a black belt while still in school.Centered around three regular practice sessions per week and three training camps per year, the club members get along very well and enjoy university life in a friendly, family-like atmosphere, organizing activities beyond karate such as summer festivals, trips, and snowboarding camps.","Every Wednesday, Friday, and Saturday / 5th period (Saturdays: 4th and 5th periods) / Student Union Building",None,machine_translated,not_reviewed,
C0096,3429,11544586387881ce,Karate-do Shito-kai,Sports (Non-Ball Sports),Martial Arts,"To everyone looking for a club: Why not join us and fill your days with karate!? Nice to meet you—we’re the Waseda Karate-do Shito-kai, an officially recognized Waseda University karate club! When you think of karate, you might picture “the quintessential Japanese martial art” divided into “kumite” (sparring) and “kata” (forms), where competitors showcase the beauty of their movements. However, karate was recognized as a new Olympic sport in 2016 and is now an incredibly popular “international sport” with over 100 million practitioners worldwide, particularly in Europe and the Middle East!! If you search for “karate” on YouTube, you’ll be amazed by its global popularity and just how cool it looks! Also, since we practice traditional karate with protective gear and use light contact, it’s very safe. Whether you’re an experienced practitioner from another style, a complete beginner, a student from another university, or an international student, we all have a great time together—practicing karate, hanging out in the club room, hosting events, and going out for fun! We practice every day after school from Monday to Saturday, and since you can train as much as you like in your free time, even beginners can become skilled enough to earn a black belt and place highly in tournaments! There are plenty of opportunities to interact with other universities and compete in tournaments, so it’s a great environment for experienced practitioners to improve their skills too! Plus, the gender ratio is 1:1, so female members can train with peace of mind! There are no annual fees, and the Shito-kai is always accepting new members, so if you’re interested in joining—whether you’re a freshman or not—please feel free to contact us!! Let’s practice karate together!!","Every Monday–Saturday / 4:30 PM–6:00 PM / Student Union Building, Club Room",None,machine_translated,not_reviewed,
C0097,3524,b04de78342095a30,Waseda University School of Science and Engineering Judo Club,Sports (Non-Ball Sports),Martial Arts,"The Waseda University School of Science and Engineering Judo Club brings together a diverse group of people, from beginners to elite judoka, who train diligently every day toward their individual goals. These goals vary widely, ranging from addressing a lack of exercise due to entrance exams to achieving higher dan ranks.The club’s overarching goal is to win the “Nine-School Tournament,” a competition held twice a year. Whether you’re a beginner or an experienced practitioner, whether you have a specific goal or are just curious—anyone who wants to practice judo in college is welcome!",Every Tuesday and Saturday / 7:00 PM – 9:00 PM / Shinjuku Sports Center,None,machine_translated,not_reviewed,
C0098,3431,15279a0d35876d20,Sajiterias Archery Club,Sports (Non-Ball Games),Martial Arts,"The Sagittarius Archery Club is an officially recognized club at Waseda University and Jissen Women’s University, celebrating its 45th anniversary this year. In addition to practicing once or twice a week at archery ranges such as the Shinjuku Sports Center, we participate in exchange matches with other universities and various events. Guided by the spirit of “enjoy, archery!”, we value a relaxed approach to archery and encourage open participation in the club.Most members of Sagittarius started archery in college. Upperclassmen, experienced archers, and instructors from the archery range will teach you from the very beginning, so even if you’re a complete beginner, you’ll be just fine! Of course, experienced archers are also very welcome! There is no obligation to attend practice. Furthermore, there is absolutely no pressure to go out drinking. We hope you’ll participate in the club however you like. But it’s more fun if you join in often! ☆",Every Wednesday & Sunday / 4:30 PM / Shinjuku Sports Center,None,machine_translated,not_reviewed,
C0099,3433,251721dba32b7cc3,Bogu Karate Club,Sports (Non-Ball Games),Martial Arts,"Welcome to the Protective Gear Karate Club! We’re a club that welcomes both beginners and experienced practitioners alike—even if you’ve never exercised before, you can earn a black belt in just two years. We know many of you are probably wondering, “What is protective gear karate?” so here’s a brief explanation.
/
/
/
/・It is a form of traditional karate with a long history.
/
/・Its defining feature is sparring while wearing protective gear, allowing you to fight with all your might without worrying about injuries.
/
/・The powerful and spectacular kata performed from a solid foundation are a must-see!
/
/
/
/The Appeal of the Protected Karate Club
/
/・Beginners are very welcome! We have many members who started with no prior experience.
/
/・Both men and women can thrive here. You can start competing in matches right after reaching green belt (the rank after white belt).
/
/・We’re always recruiting new members! We welcome students from all grades at any time of the year, so please feel free to contact us.
/
/・We’re a club with a 50-year tradition. You’ll receive careful guidance from alumni who hold black belts.
/
/・Our training focuses on building genuine strength. Without a strong foundation, a true karateka cannot be born.
/
/・International Students Welcome! Another feature of our club is that we have many international students!!
/
/
/
/Recommended for people like this!
/
/・Those who want to try karate but are intimidated by clubs with many experienced members.
/
/・Those who feel anxious about joining flashy or overly busy clubs.
/
/・Science and engineering students who want to meet people with similar interests.
/
/・Those who want to join a new club but aren’t sure where to start.
/
/・Those who want to try something different from what everyone else is doing.","Tuesday: 6:55 PM – 8:35 PM / Thursday: 6:55 PM – 8:35 PM / Saturday: 12:50 PM – 2:50 PM
/
//
/
//Location: Student Union Building, Toyama Park
/
//
/
//",None,machine_translated,not_reviewed,
C0100,3545,82ae1e83aeeebc0d,Waseda University Mind-Body Unification Aikido Club,Sports (Non-Ball Games),Martial Arts,"An intercollegiate Aikido club recognized by the Waseda University School of Science and Engineering. We hold practice sessions approximately twice a week at the Shinjuku Cosmic Center, located next to the Science and Engineering Campus. Members include not only students from the School of Science and Engineering, but also students from the humanities, graduate students, and students from other universities. Most members are beginners in Aikido, and we practice in a friendly and harmonious atmosphere with the goal of earning a black belt within two years.Our practice schedule is designed to accommodate the busy lives of science and engineering students, so it’s okay if you can’t make a session due to classes or other commitments. Training for promotion is tailored to each individual’s pace, so even if you have no prior athletic experience, there’s no need to worry. In addition to holding training camps in the spring and summer, we organize various social events and activities outside of Aikido practice. “Work hard when we work, and play hard when we play!”—this balance between dedication and fun is what defines our club!",Every Wednesday & Friday / 4:40 PM – 6:40 PM / Shinjuku Cosmic Center,None,machine_translated,not_reviewed,
C0101,3190,4e95849aea23bcc0,Sports Aikido Club,Sports (Other than Ball Games),Martial Arts,"The Sports Aikido Club is an officially recognized club with over 30 years of tradition. We meet 3 to 4 times a week in the basement of Building 17 at Waseda University.
We practice with the goal of participating in tournaments and promotion exams several times a year. One of our main selling points is that participation is voluntary—not just for tournaments and exams, but for regular practice as well—so there’s little pressure, and everyone can train at their own pace! Since almost everyone starts aikido in college, we believe it’s easier to get started here than in other sports clubs.
Everyone can enjoy it regardless of gender or athletic ability, and it’s possible to earn a black belt in as little as a year and a half.
We warmly welcome not only freshmen but also upperclassmen!
Many students start in their second or third year. The Sports Aikido Club also welcomes students from other universities, so please feel free to join us! If you’re even slightly interested in Aikido, please contact us via social media or stop by the dojo (B1 of Building 17)! All of us in the club look forward to seeing you!","Weekday schedules vary by semester; Saturdays 12:30 PM–2:40 PM / Building 17, Basement Level 1, Aikido Dojo",None,machine_translated,not_reviewed,
C0102,3637,a4ce3326bbc21a07,Waseda University Kyudo Club Honjin,Sports (Non-Ball Sports),Martial Arts,"Honjin is an intercollegiate Kyudo club founded in 1984. Our members include not only Waseda University students but also students from various other universities. We enjoy a friendly, family-like atmosphere and have fun practicing together every week, teaching each other and striving to improve our skills. We welcome both experienced archers who want to continue practicing Kyudo in college and beginners who want to start.
/
/
/
/ We practice twice a week (three times a week only during university long breaks), renting out a dedicated archery hall for our sessions.During the university semester, practice is held on Fridays and Sundays; during long breaks, it is held on Wednesdays, Fridays, and Sundays. On Fridays, we practice at the Sumida Ward Kyudo Hall, and on Wednesdays and Sundays, we use the Koto Ward Sports Hall. In addition to regular practice, we regularly participate in shooting competitions organized by the “Kanto Kyudo Club Federation,” hold exchange matches with partner clubs, and conduct practice matches within the club.We are also affiliated with the Tokyo Kyudo Federation’s Second District, allowing us to take dan promotion exams and participate in adult archery competitions. Additionally, we hold intensive kyudo training camps twice a year in May and August. Beyond these camps, we organize various events such as skiing and snowboarding trips and BBQs, making this a club where you can make friends to enjoy university life with! Participation in practices, camps, and events is optional, so you can participate at your own pace.","Every Friday / 5:30 PM – 9:00 PM / Sumida Ward Kyudo Hall
/
/Every Sunday / 6:00 PM – 9:00 PM / Koto Ward Sports Hall
/
/Every Wednesday / 1:00 PM – 5:00 PM / Koto Ward Sports Hall (Only during extended breaks in February, March, August, and September)",None,machine_translated,not_reviewed,
C0103,3558,88af0ecf0fd1a2ca,Waseda University Sports Aikido Club,Sports (Non-Ball Games),Martial Arts,"The Doshikai is a Tomiki-ryu Aikido club based at Waseda University’s Tokorozawa Campus. Founded in the same year as the School of Human Sciences, we have shared a history with the school ever since. We’re not a large club, but that makes for a cozy, family-like atmosphere! Most members start Aikido in college! One of the attractions is that you can earn a black belt in as little as a year and a half.Furthermore, the Tomiki-ryu style features randori (sparring) similar to judo, allowing you to learn more practical techniques! You can join our practice sessions as little as once a week. In addition to practice, we hold various events and regular social gatherings. No forced drinking or chanting—none of that! We take practice seriously, but we know how to have fun when we’re out and about. Whether you’re serious about training, new to Aikido, or not very athletic, everyone is welcome—regardless of gender or athletic background! Please come check out the Doshikai!","Every Monday, Tuesday, and Friday / 4:30 PM – 7:00 PM / Tokorozawa Campus Second Sports Hall",None,machine_translated,not_reviewed,
C0104,3430,1c5489dfa38ef10e,Waseda University Daidōjuku,Sports (Non-Ball Sports),Martial Arts,"We are the only mixed martial arts club at Waseda. We practice a sport called ""Kudo,"" which involves wearing protective gear during matches, allowing anyone to train safely and become stronger. We have a proven track record, including producing national championship winners, and we continue to train daily to achieve victory in competitions. Mixed martial arts can be broadly divided into striking, throwing, and ground techniques. By practicing each of these, we hone our skills so that we can use them exactly as intended in actual combat.Furthermore, since Kudo is a ""martial art"" derived from Kyokushin Karate, we place importance not only on physical conditioning but also on mental growth. This club is highly recommended for those who want to try something new at university or for those who wish to continue participating in sports. Additionally, many of our members belong to other clubs as well, allowing them to balance both social activities and sports. If you are interested, please visit our website.","Every Monday, Wednesday, and Saturday / Student Union Building, Shinjuku Sports Center, etc.",None,machine_translated,not_reviewed,
C0105,3191,993187ac32ef594e,Waseda ITF Taekwondo Club,Sports (Non-Ball Games),Martial Arts,"We, the Waseda ITF Taekwondo Club, are the only officially recognized taekwondo club at Waseda. Most of our members had no experience with martial arts or combat sports before entering university. Beginners and those with no prior experience in combat sports are welcome.We hold practice twice a week, on Wednesdays and Saturdays. Additionally, about once a month, a black belt instructor comes to teach us. During these sessions, you can receive authentic, high-level instruction that’s a bit different from our regular practice. The club atmosphere is relaxed yet serious about training. Whether you want to get serious about martial arts, just want to get some light exercise, or are looking to lose weight, this club caters to all goals. Come join us and hone your elegant kicking techniques.",Every Wednesday & Saturday / 5:00 PM – 8:35 PM / Student Union Building,None,machine_translated,not_reviewed,
C0106,3639,6ec4e78efcf0b799,Waseda University Taido Club,Sports (Non-Ball Sports),Martial Arts,"In a nutshell, ""Taido"" is a new martial art that blends karate and gymnastics! Since its founding in 1965, it has spread to dojos and universities across Japan. A distinctive feature of this martial art is the inclusion of acrobatic movements, such as backflips and somersaults, within its kata.In kumite (sparring) competitions, you can witness versatile kicking techniques executed from unique stances, as well as the mysterious footwork known as “Unsoku,” which allows for precise control of distance! Since most members start in college and are taught by instructors with over 20 years of Taido experience, beginners are more than welcome! Through tournaments held several times a year, we actively interact with Taido clubs from other universities, providing ample opportunities to make friends.Members balance practice with classes, studying, other clubs, and part-time jobs. They get along very well—organizing events like snowboarding retreats—and enjoy university life in a warm, welcoming atmosphere. We accept trial sessions and new members year-round, so please feel free to join us!","Every Wednesday, Thursday, Saturday, and Sunday / Wednesdays and Thursdays: 6:30 PM – 9:00 PM at a nearby junior high school / Saturdays and Sundays: Various times around the Waseda Campus",None,machine_translated,not_reviewed,
C0107,3436,bb5199c17cb10bc6,Waseda University Iaido Club,Sports (Non-Ball Games),Martial Arts,"Hello! We are the Waseda University Iaido Club.
/
/
/
/The Iaido Club is a student group where members learn iaido techniques using Japanese swords and hone their skills individually. Although we use ""Japanese swords,"" they are actually replica swords with blunted blades, so they are safe and secure. Once you decide to join, the first step is to order your own sword. You can customize and purchase a sword to your liking, including the scabbard, tsuba (guard), and blade pattern!
/
/
/
/We study ""Musō Jikiden Eishin-ryū""—one of the largest schools within Iaido—and ""All Japan Kendo Federation Iaido"" under the guidance of Master Atsumi Hatanaka, a 8th-dan Kyoshi. We joined the East Japan Student Iaido Federation in 2010.There are few schools affiliated with the East Japan Student Iaido Federation that practice Eishin-ryu, making ours the first university in the East Japan region to adopt this style.
/
/
/
/Many students start practicing iaido in college; in fact, the majority of our club members began in college. Some students even start in their second year.
/
/
/
/Since there is generally no physical contact with opponents, even those with little athletic experience can get started. Furthermore, as it is an individual sport, you can practice at your own pace. If you have any questions or find something difficult, our upperclassmen, fellow members, and instructors will be happy to explain it to you in detail whenever needed.
/
/
/
/Please check out our Twitter and Instagram to get a feel for the club’s atmosphere! We welcome visitors, trial participants, and new members year-round, regardless of your year in school! We look forward to hearing from you anytime♪","Every Monday, Wednesday, Saturday, or Sunday… Yotsuya Hiroba (Yotsuya 3-chome) / Every Friday… Student Union Building",None,machine_translated,not_reviewed,
C0108,3712,d8f6c13ba4487463,Sports Chanbara Kenjun-kai,Sports (Non-Ball Games),Martial Arts,"We are the only Sports Chanbara club at Waseda University. Sports Chanbara, or “Spo-chan” for short, is a new martial art that originated in Japan about 50 years ago. Using soft, inflatable swords, members engage in one-on-one battles on a court, with the first person to strike their opponent’s body declared the winner. Because it is a minor sport, anyone can compete in national-level tournaments. We also interact with Chanbara enthusiasts nationwide, extending beyond our club’s boundaries. ///
///////
////Most of our members started Sports Chanbara in college, and both our men’s and women’s teams achieve numerous accomplishments every year, including national championship titles. Since we practice twice a week after classes, we have a diverse membership that includes students from both the humanities and sciences. Whether you’re looking to try something new at university or want to get more exercise, everyone is welcome! Please feel free to contact us anytime!",Every Monday & Wednesday / 7:00 PM – 9:30 PM / (Mon) Ikebukuro Daiichi Elementary School (Itabashi Station) / (Wed) Meihō Junior High School (Senkawa Station),None,machine_translated,not_reviewed,
C0109,3474,e0c2f345b56b98a3,Horseback Riding Club,Sports (Non-Ball Games),Horseback Riding,"We meet once a week on Sundays for horseback riding lessons or to ride horses in nature. Many members are complete beginners, though some have considerable experience. We operate on a flexible schedule where you can participate at your own pace whenever you want or have time, making it easy to continue without feeling pressured.The gender ratio is 2:8, with more women, but the members get along very well, and we often organize dinner parties and drinking gatherings. As a long-established club, we also value opportunities to interact with our alumni. Even members who previously had no interest in horses have come to discover the joy of riding after hearing stories and advice from our seniors. We also hold training camps three times a year, which are packed with activities aimed at improving riding skills and enjoying leisure time together.Recently, more members have been taking the initiative to plan activities outside of the club, motivated by a desire to improve their riding skills or get to know their peers better. As a club whose motto is “Everyone having fun,” we are truly delighted to see this.",Every Sunday / 2:00 PM / Sanyo Garden (Riding Arena),None,machine_translated,not_reviewed,
C0110,3748,c4e392bf0a26ec2c,Waseda Marine Yacht Club,Sports (Other than Ball Games),Sailing,"The Waseda Marine Yacht Club is a group that enjoys sailing in Enoshima every Sunday!Do you know what a yacht is? A yacht is a boat that sails using the power of the wind. Since you sail while feeling the breeze, you can experience a sense of oneness with the magnificent ocean off Enoshima! If the weather is nice, you can even see Mount Fuji while sailing! Furthermore, sailing isn’t just for fun—it also has a competitive side as a sport. Once you get used to handling the yacht, you can even compete in national tournaments!In fact, some of our club members have even placed in the top ranks at the All-Japan Championships. Some of you might be thinking, “I’ve never even seen a sailboat before, so I’m nervous,” or “I’m not a strong swimmer, so I’m hesitant about water sports…” But there’s absolutely no need to worry. First of all, almost all of our members are beginners who started sailing in college. You’ll practice under the guidance of our alumni, so you can learn to sail in a fun and supportive environment!Also, we always wear life jackets on the yacht, and there’s a rescue boat nearby just in case, so you can feel safe even if you’re not a strong swimmer. Besides sailing, we also go out on cruisers, have barbecues on board, and enjoy Enoshima—there are plenty of fun activities! Why not give sailing a try? We hold trial sessions, so please join us! We’re waiting for you at Enoshima Harbor!",Every Sunday / 9:00 AM – 4:00 PM / Enoshima Yacht Harbor,None,machine_translated,not_reviewed,
C0111,3472,cd9225fcb1210d8d,Windsurfing Club,Sports (Non-Ball Sports),Sailing,"Windsurfing is a water sport where you glide across the water using the power of the wind. You ride on a board that resembles a surfboard with a sail attached.
/
/
/
/We compete for rankings by rounding two marks—one upwind and one downwind. Aiming to win the Intercollegiate Team Championship, we practice at Yuigahama on Saturdays and Sundays.
/
/
/
/We often hear people say, “I’m worried because I’m a beginner,” but nearly 100% of people who take up this sport start as beginners in college, so don’t worry. Also, even if you can’t swim, wearing a life jacket is mandatory, so you’ll be fine.
/
/
/
/We currently have a track record of winning the Intercollegiate Individual Championship and placing in the team competition. Even if you start in college, with enough effort, you can become the best in Japan!Furthermore, first-year students are treated as beginners and compete in races exclusively for beginners, so you can make an impact right from your first year!!
/
/
/
/The club has a great atmosphere, and you’ll get along well not only with your peers but also with the upperclassmen. During long holidays like summer and spring break, we go on training camps to places we wouldn’t normally visit, such as Lake Saiko, Lake Motosu, and Lake Hamana.Starting in your second year, you’ll also have the opportunity to go windsurfing in Okinawa. Furthermore, through races and practice sessions, you’ll make friends with athletes from other universities, allowing you to build a network of friends not just in the Kanto region, but across the entire country.
/
/
/
/If you’re looking to take on new challenges in college or are serious about sports, this is the perfect activity for you.
/
/
/
/Why not join the Waseda University Windsurfing Club and get fired up as we aim to become the best in Japan during your final years as a student?","Regular practice every Saturday and Sunday; voluntary practice on weekdays / 9:00 AM–4:00 PM / Sakashita, Kamakura; Yuigahama",None,machine_translated,not_reviewed,
C0112,3441,dec057c4e967285b,Ski Club (W.S.S.),Sports (Non-Ball Sports),Skiing,"We are the oldest existing ski club at Waseda University. All members are Waseda students, and our membership is diverse, ranging from the School of Political Science and Economics to the School of Science and Engineering and the School of Sport Sciences, and even includes graduate students. We focus on the ski season during winter and spring breaks, training hard at training camps and participating in competitions.During the off-season, we hold training sessions twice a week to get in shape for the upcoming season. We also have plenty of events, such as trips to the beach, fireworks displays, and attending various Waseda-Keio rivalry matches. Many members balance their activities with their studies and part-time jobs, and some are also members of athletic clubs or multiple other clubs. Whether you’re a beginner or an experienced skier, we all enjoy skiing together! Even if you’re trying skiing for the first time since entering university, you can improve, and those with prior experience can take their skills to the next level.",Twice a week / 5:00 PM / Toyama Park,None,machine_translated,not_reviewed,
C0113,3199,69bc1e3addbf48fd,Suga Ski Club,Sports (Non-Ball Sports),Skiing,"With a history spanning over 50 years since its founding, this ski club boasts one of the largest membership bases in the country. The club includes not only seasoned competitors who excel at national tournaments but also many beginners with no prior experience in snow sports. We train daily with the goal of winning championships. We are currently on a five-year winning streak in the men’s overall category at the All-Waseda Tournament! We are truly one of Waseda’s premier ski clubs in both name and reality.During the off-season, we strengthen both body and mind and deepen our bonds with teammates through weekly optional training sessions, special events, and summer training camps. We have no inactive members, and all 100 of us are able to participate in activities year-round without ever getting bored. In winter, we primarily hold training camps at ski resorts such as Oze Iwakura, Sugadaira, and Hakuba Iwatake, and compete in the National Championships and the All-Waseda Tournament in March. If you want to lead a passionate college life that beats anyone else’s, Suga is the place for you!",Every Monday–Friday / 4:50 PM / Toyama Park,None,machine_translated,not_reviewed,
C0114,3444,063656b9617c8b17,Mont Blanc Ski Club,Sports (Non-Ball Games),Skiing,"During the off-season, we hold numerous events to strengthen bonds among members, such as BBQs, fireworks festivals, and camping trips. To improve skiing skills, we organize training camps, including inline skating camps and grass skiing camps. During the season, both groups receive instruction from professional coaches and can improve their skills by participating in the National Student Championships and the All-Waseda Championships.We have the opportunity to work as live-in staff at ski resorts across the country, and interacting with resort guests and instructors is a valuable experience you won’t find anywhere else. Even beginners can reach a level where they can take ski proficiency tests by the end of the season.
/
/Our clubroom is located in the Student Union Building, and it’s always bustling because you’re sure to run into someone whenever you stop by. Since training sessions are held daily, it’s possible to balance club activities with studies, part-time jobs, and other clubs. We value the close bonds among members as well as our connections with alumni.
/
/This is a club where everyone can have fun, regardless of their skiing experience.",Once a week / 4:30 PM / Toyama Park & Club Room (Student Union Building E301),None,machine_translated,not_reviewed,
C0115,3442,3a199b1b342d487e,Zermatt Ski Club,Sports (Non-Ball Games),Skiing,"Although 90% of Zermatt’s members are beginner skiers, we work hard every day to improve our skills by having fun exercising during weekday training sessions and receiving easy-to-understand instruction on basic skiing theory from our seniors. During winter training camps, we practice with full dedication while receiving instruction from coaches. As a result, both our men’s and women’s teams have grown to the point of winning the National Student Iwatake Ski Competition and the All-Waseda Ski Competition. Of course, the off-season isn’t just about practice.Every Sunday, we organize events like BBQs and bowling tournaments, and we always give our all to having fun too. Through these events and training sessions, you’ll get to know everyone and make lifelong friends. Zermatt’s strength lies in the bonds we build during the off-season, which become the driving force for the upcoming season.Play with all your might, train with all your might—and at the end of that journey lie the best memories you can only gain at Zermatt. To make the most of your one-and-only college life, Zermatt continues to give it our all today!",Every Monday–Friday / 5th period / Nishitoyama Park,None,machine_translated,not_reviewed,
C0116,3447,6a12669b7c0024a8,Springen Ski Club,Sports (Non-Ball Sports),Skiing,"During the off-season in summer, we have fun training by playing various sports near the university. Participation is optional, so it’s easy to balance with your studies or join other clubs! We also have plenty of fun events, like group BBQs and road trips! In winter, we train hard at training camps held in Hokkaido and Nozawa Onsen in Nagano Prefecture, and compete in tournaments! Participation in training camps is generally optional, and you can choose your own schedule.You can practice at a pace that works for you, balancing your budget and other commitments! Springboard is open to beginners—we’d love to have you! Professional coaches and experienced upperclassmen will guide you from the very beginning, so you’ll improve quickly. Equipment is available for rent. Let’s enjoy college life together! We look forward to hearing from you anytime.",Every Tuesday & Friday / 6:30 PM / Toyama Park,None,machine_translated,not_reviewed,
C0117,3202,27ab967870ca089d,Neige Ski Club,Sports (Non-Ball Games),Skiing,"We are affiliated with the All-Waseda Basic Ski Federation. We ski with all our might in the winter and host plenty of events in the summer! We are the only basic ski club that participates in all three of Waseda’s major events: the 100-Kilometer Hike, the Waseda-Keio Rivalry Match, and Waseda Festival. During the off-season, we hold twice-weekly training sessions to build stamina and practice off-piste training. We also host events twice a month, such as takoyaki parties and amusement park outings.In the winter, we hone our skills with the goal of competing in the Iwatake Student Tournament and the All-Waseda Tournament! Both beginners and experienced skiers are very welcome. We even have members who used to compete in alpine skiing. During training camps, we receive instruction from coaches, and even when we’re not at camp, our upperclassmen provide careful guidance. You can aim to place in tournaments even if you start in college! We’re known for our great club atmosphere, so please come check us out!",Every Monday and Friday (plus one Saturday per month) / 5:00 PM / Nishitoyama Park & Student Union Building Room E831,None,machine_translated,not_reviewed,
C0118,3445,ae9f2548cc393f80,Bell Ski Club,Sports (Non-Ball Sports),Skiing,"We are a Waseda University-recognized ski club founded in 1978! We are affiliated with the All-Waseda Basic Ski Federation. The name “Belle” comes from the French word for “beautiful,” though French majors say it’s a bit odd or something… (lol).During the season, we hold three training camps in December, February, and March. We split into several training groups and learn to ski from upperclassmen and coaches. The December camp features ski proficiency tests (Levels 1–3), the February camp hosts an internal competition, and the March camp features the AW Tournament.Even outside of training camp periods, members can compete in national ski competitions held at Iwatake or work as instructors at ski schools. Rumor has it that some members, driven by their love of skiing, spend nearly two months holed up in the mountains…! During the off-season, we hold training sessions three times a week (Tuesdays, Thursdays, and Saturdays during 5th period) in front of the Shinjuku Sports Center. We generally build up our stamina through light activities like tag and long rope jumping.Also, once a month, the planning committee organizes an event for everyone to enjoy. In the past, we’ve had BBQs and road trips—we always have a lively, fun time together! During Golden Week, we hold a welcome retreat (at Shiga Kogen), and during summer break, we go to the beach or the mountains for a retreat. Beginners are more than welcome! You can enjoy skiing in a relaxed, friendly atmosphere! Please come check us out sometime!","Every Tuesday, Thursday, and Saturday / 4:30 PM / In front of Shinjuku Sports Center",None,machine_translated,not_reviewed,
C0119,3443,1c56176ac7b05dcf,Basic Ski Club,Sports (Non-Ball Sports),Skiing,"During the off-season, we get pumped up with training, inline skating, and lots of events, and once the season starts, we dive into skiing in full-on serious mode! Basic is the only club where you can start from zero athletic experience or as a complete beginner and go on to compete nationwide.The bonds you forge with your teammates by overcoming long training camps and rigorous team practice are unique to Basic—something you can’t experience through any other part of college life. Of course, it’s not all hard work; we know how to have fun like college students should! Even though we’re serious about skiing, we go on road trips, visit islands, have social gatherings, and even celebrate Coming-of-Age Day. Enjoying college life is another hallmark of Basic. Whether you’ve worked hard before or not, everyone will experience the ultimate sense of accomplishment during their college years!",Every Wednesday & Saturday / 5:30 PM– (Saturdays start at 3:30 PM) / Toyama Park next to the Nishi-Waseda Campus,None,machine_translated,not_reviewed,
C0120,3467,d808191b51d78ee7,Water Sports Club,Sports (Non-Ball Sports),Swimming,"Why not make diving your lifelong hobby?
/
/
/
/The Underwater Club is a group centered around diving that operates in locations such as Okinawa, the Ogasawara Islands, and the Izu Peninsula. Our main events include biannual long-term training camps, short-term camps, and day trips for diving. The experience of spending extended time with friends on a tropical island, combined with the hobby of diving, is sure to become a lifelong treasure! Let’s go explore the remaining 70% of the world together.
/
/
/
/In addition to diving, we organize outdoor activities tailored to each member’s interests, making this a club that never gets boring all year round!
/
/
/
/★What Makes the Underwater Club Great★
/
/◎Passion
/
/Every member loves diving. We’re a club where diving is a regular part of our lives. With plenty of underwater cameras, you’ll end up with tons of Instagram-worthy photos! There are no mandatory events, and while we’re a small group, our participation rate is high—and we have zero “ghost members”! ?
/
/
/
/◎Peace of Mind
/
/The Underwater Club has been around for 55 years. We have long-standing relationships with numerous dive shops, accommodations, and dive service providers that have supported us for decades. Additionally, the club is sustained by members with extensive diving experience. Seniors provide solid support, so even beginners will be just fine!
/
/
/
/◎Variety
/
/Since we decide which island to visit together each time, the Underwater Club has a wide reach and offers the chance to experience various islands! We also hold training camps in the fall and spring, and day trips are organized regularly. Beyond diving, members enjoy traveling and going skiing together with their diving buddies. We even have a club room, so campus life is fulfilling too!?","Irregular / Okinawa, Izu, etc. / Clubroom available",None,machine_translated,not_reviewed,
C0121,3468,65e33af26be9ec0b,Swimming Club (Hayami-kai),Sports (Non-Ball Sports),Swimming,"We are an officially recognized swimming club with over 50 years of history, known as “Hayamizukai.”
/
/
/
/We practice three times a week at the Takaishi Memorial Pool on the Toyama Campus.
/
/
/
/Our members range from national competition veterans to complete beginners, so everyone is welcome.
/
/
/
/Whether you haven’t swum in a while or want to learn how to swim, please come check out Hayamizukai.
/
/
/
/We offer not only competitive swimming but also water polo, so if you’re interested in that, please come join us.
/
/
/
/We have many events planned, including BBQs, training camps, and open-water swimming competitions, so stay tuned.
/
/
/
/If you have any questions or concerns, please don’t hesitate to contact us.
/
/
/
/We look forward to meeting you all.",3 times a week (days TBD) / 2nd period / Takaishi Memorial Pool (Toyama Campus),Club website closed,machine_translated,not_reviewed,
C0122,3471,9811b1872364fa64,Waseda University Finswimming Team SIX BEAT,Sports (Non-Ball Sports),Swimming,"Finswimming is an aquatic sport where participants wear fins and compete for the best time. SIX BEAT has members ranging from beginners to members of the Japanese national team. We warmly welcome both those with competitive swimming experience and those who have never swum before. Our regular activities take place during the first period from Monday to Saturday at the Takaishi Memorial Pool on the Toyama Campus. Participation in practice is optional, so you can join in according to your own schedule.
/
/
/
/In addition to competing in finswimming competitions, we have plenty of fun events, such as summer training camps and Christmas parties!!
/
/
/
/Please check out SIXBEAT on Instagram. We’re also actively recruiting managers. You’re welcome to come watch a practice at the Takaishi Memorial Pool anytime!","Every Monday–Saturday, 1st period, Takaishi Memorial Pool",None,machine_translated,not_reviewed,
C0123,3534,48fe0fef83150313,Waseda Mountain Biking Club WFR (School of Science and Engineering Mountain Biking Club),Sports (Non-Ball Sports),Cycling,"Activities:
/
/WFR is an officially recognized club that organizes activities such as mountain biking (MTB) and snowboarding. Currently, there are two divisions: the Mountain Biking Division and the Snowboarding Division. You can join both divisions or just one—it’s up to you. While MTB and snowboarding can seem intimidating on your own, joining WFR means you can enjoy them as much as you like, as long as your schedule allows!!
/
/
/
/・MTB Division
/
/MTB is a sport that uses bicycles specifically designed for riding on unpaved mountain trails. WFR is the only MTB club in Japan. We ride through mountain trails in the Kanto region and MTB courses set up at ski resorts during the green season. From off-road cycling to reach our destination to pulling off spectacular jumps on kickers, you can experience a wide range of fun!
/
/
/
/・Snowboarding Division
/
/WFR’s snowboarding division, “WGTA (Waseda University Grand Trick Association),” is a club dedicated to freestyle snowboarding. By the way, freestyle snowboarding is a riding style where you enjoy tricks like jumps and spins on ordinary slopes.Rather than renting out a house for days on end—what’s often called a “retreat”—we mainly go on short trips to hit the slopes. That’s why we recommend WGTA to busy people or those with unavoidable commitments during spring break.
/
/If you’re interested, please send us a message via the URL below.",Ski resorts (both winter and green season) and mountains near the Kanto region / Once a week,None,machine_translated,not_reviewed,
C0124,3176,c582c695c69b76c3,Cycling Club,Sports (Non-Ball Sports),Cycling,"What comes to mind when you hear “traveling by bicycle”? Some of you might think, “That sounds fun,” while others might think, “That sounds tough” or “It looks physically demanding.” It’s true that riding a bicycle for several days straight is no easy feat. Yet, we ride because the joy of finishing a ride together with our friends is simply irreplaceable.And every time we experience a training camp or a day trip, we find ourselves wanting to pedal toward a new destination. Why not join us on a cycling journey? If you’re interested, feel free to knock on the door of the E327 clubroom. We also share our activities on our website, blog, X, and Instagram, so please check them out. All of us in the club look forward to cycling with you.",Every Wednesday / 4:30 PM / Student Union Building,None,machine_translated,not_reviewed,
C0125,3186,a5fb685a801e05f8,Wonder Cycling Club,Sports (Non-Ball Games),Cycling,"Our main activity is training camps. We take advantage of the long summer and spring breaks to go on cycling camping tours—to Hokkaido in the summer and to Shikoku and Kyushu in the spring. The camps last about a week. Since there are many members, we split into groups to travel and then meet up at the campsite. We change the group composition every day.We usually hold meetings every Wednesday during the 6th period in the Student Union Building or classrooms. At these meetings, we discuss training camps and various events. Events include sports activities, Christmas parties, monthly runs, and alumni gatherings. Additionally, starting in the 2014 academic year, we began operating a food stall at the Waseda Festival. As you can see, we engage in many activities beyond just cycling, and we constantly come up with new ideas to keep our members entertained.",Every Wednesday / 6:15 PM / Student Union Building,None,machine_translated,not_reviewed,
C0126,3177,ee39102d68d8ff43,Alkou Mountain Club,Sports (Non-Ball Games),Outdoors,"The Mountain Alkou Club is an officially recognized mountaineering club at Waseda University. We are active year-round, focusing on long-distance summer treks, winter mountaineering, and events at our club-owned mountain hut! During our main event, the summer training camp, we spend around 10 days climbing mountains in the Northern Alps, Southern Alps, Hokkaido, and Shikoku.The sense of accomplishment from completing the summer training camp is indescribable! Since 70–80% of our members started mountaineering in college, if you’re thinking about trying something new at university—or if you were in a high school mountaineering club—we look forward to welcoming you!","Anytime, Student Union Building E413",None,machine_translated,not_reviewed,
C0127,3193,0771684d2aae4cb3,Fishing Club,Sports (Non-Ball Games),Outdoors,"Our club is officially recognized by Waseda University and belongs to the ""Student Association,"" a group reserved exclusively for clubs with a proven track record. There are no joining or annual fees! We also have our own dedicated clubroom in Room E306 of the Student Union Building. Founded in 1954, we boast one of the longest histories among Waseda’s many clubs.As we celebrate our 70th anniversary, we are continuing our activities to further explore the joy and depth of ""fishing.""
/
/
/
/We typically organize monthly outings on boats or from piers. We also set up a booth at the Waseda Festival and hold several retreats each year, including a club-wide orientation retreat (with a proven track record at locations such as Izu, remote islands, and managed fishing grounds). Please check our blog for more details on our activities.Furthermore, by making fishing buddies through spontaneous outings on weekends or after class, you’re sure to broaden your fishing horizons more than ever before!
/
/
/
/Even if you’re a complete beginner who’s never fished before, or if you’re interested but hesitant to start because it seems intimidating or you lack knowledge, our senior members will guide you through everything from buying gear to actually fishing, so please feel free to reach out.We also organize trips to offshore breakwaters, remote islands, and rocky shores, so even seasoned anglers with years of experience can enjoy themselves! In addition to fishing, we host events like drinking parties and BBQs. We accept new members year-round, so if you’re interested or would like to ask questions, please feel free to contact us via X (Twitter)! We look forward to hearing from you!","Anytime / Student Union Building E306, or anywhere there are fish",None,machine_translated,not_reviewed,
C0128,3182,f8c0d58c2e6abdf9,Mountain Club,Sports (Other than Ball Games),Outdoors,"The Mountain Club is an all-Waseda mountaineering club. In the summer, we go on tent treks in the Japanese Alps, do canyoning, and rock climbing; in the winter, we climb snow-covered mountains and go skiing. We engage in a variety of mountaineering activities throughout the year. Participation in each activity is not mandatory, so you can also join just for hiking or summer mountain treks.For activities involving risk, experienced upperclassmen and alumni provide guidance. Thanks to financial support from alumni, we have a well-stocked supply of high-cost mountaineering gear available for loan in our club room at the Student Union Building. Mountain activities are scheduled only on weekends or during long breaks, so even those busy with classes or part-time jobs can participate. Additionally, on weekdays, we hold seminars on mountaineering and training sessions at climbing gyms. Since many members started mountaineering while at university, both beginners and experienced climbers are very welcome.We welcome students in their second year and above. Since we don’t hold many drinking parties, those who don’t drink alcohol can join with peace of mind. If you’re interested in mountaineering, please join us!","Saturdays, Sundays, and as scheduled / Mountains & Student Union Building, 3rd Floor, Room E338",None,machine_translated,not_reviewed,
C0129,3072,b0f20b064ff504c2,Rovers,Sports (Other than Ball Games),Outdoors,"We, the Waseda Rovers (Boy Scouts Shinjuku 2nd Troop), currently have 27 members (including those from other universities). Throughout the year, we engage in outdoor activities such as camping, overnight hikes, and ski camps, as well as community service projects centered around the Shinjuku area (including the Tokyo Marathon, Sumida River Fireworks Festival, and Meiji Shrine Bonfire Festival).As Waseda’s only Boy Scout club, we actively engage in exchanges with Scouts of the same age. Whether you’re experienced or a beginner, we warmly welcome anyone looking to start in college—including students from other universities! If you’re even slightly interested, please contact us via Instagram, Twitter, or other social media!",Varies by activity,Club website closed,machine_translated,not_reviewed,
C0130,3179,7ec80b49282ecc0a,Travel Club,Sports (Other than Ball Games),Outdoors,"The Travel Club is an all-Waseda travel club celebrating its 64th year in 2023. With the goal of taking trips that can only be experienced as a college student, we travel to various locations throughout Japan. We form bonds with friends that can only be forged through repeated journeys together. We go on trips once every one to two months, but participation is generally optional! Don’t want to have regrets about your college life? Want to make true friends? We’re waiting for all of you who love travel and the outdoors!!",Irregular schedule. We have a club room in Student Union Building E324.,None,machine_translated,not_reviewed,
C0131,3175,ba05f804983264e5,Gakubun-kai,Sports (Non-Ball Games),Outdoors,"The Gakubun-kai is an outdoor club focused primarily on mountain climbing. Beginners and women who aren’t confident in their physical fitness are welcome! From spring through summer, we start with simple outdoor activities like BBQs and camping, then gradually work our way up from hiking low mountains around 1,000 meters to full-scale summer mountain climbs of around 2,000 meters to acclimate our bodies.Our main event is the summer training camp held every year in late August, where we traverse the Northern Alps—a range of mountains over 3,000 meters high. We also organize various other outdoor activities throughout the year, such as trips to Okinawa and ski camps. Gakubun-kai currently has over 100 members, but since we get to know each other through our monthly events, you’ll never find yourself not knowing a fellow member’s face or name! Our clubroom in Student Union Building E303 is always bustling with members, who often go out to eat or hang out together.Another key highlight is our weekly meeting held every Friday during 6th period (6:15 PM–) at the Student Union Building. Since all members gather there, it’s a great opportunity to get to know everyone on a deeper level! Despite our large membership, we have a close-knit, family-like atmosphere. We welcome students from other universities as well as Waseda students, so please feel free to drop by! Every Friday, 6th period (6:15 PM–)","Every Friday, 6th period (6:15 PM–)/Student Union Building",None,machine_translated,not_reviewed,
C0132,3173,b79c0f20916759e3,Walking Club,Sports (Non-Ball Games),Outdoors,"The Walking Club organizes a variety of events, including mountain climbing, hiking along historic trails, casual strolls through Chinatown and Kamakura, and cycling trips. Most club members are beginners with no prior experience in activities like mountain climbing. The Walking Club offers a wonderful opportunity to travel to various parts of the country, enjoy local cuisine, and make friends with the locals. Members get along very well, and during the winter when outdoor activities aren’t possible, we hold drinking parties several times a week or hang out in the club room.",Weekends,None,machine_translated,not_reviewed,
C0133,3095,583d80cc4c5ec7a2,Historic Sites Research Club,Sports (Non-Ball Games),Outdoors,"The Historic Sites and Landmarks Research Society (Meiko-ken) is an officially recognized travel club with a history spanning over half a century since its founding. Meiko-ken’s activities can be broadly divided into three categories: training camps, regular meetings, and individual projects.
During training camps—Meiko-ken’s main events—we travel throughout Japan. There are up to six training camps per year, and participation is entirely voluntary.During summer break retreats, we travel on a rotating basis through Hokkaido, the Chugoku and Shikoku regions, and Kyushu, aiming to circle the entire country over a three-year period. During spring break retreats, we focus on Kyoto and tour the Kansai region. In addition, we hold short-term retreats, such as overnight trips, to visit areas near the Kanto region.
Regular meetings are held every Tuesday and Thursday during the academic term. We discuss topics of our choice or play games. The atmosphere is always relaxed and laid-back.Many members participate once a week, either on Tuesdays or Thursdays, and attendance is flexible. The more you participate, the better you get to know each other, which helps deepen our bonds.
Personal projects are events where members freely plan activities they want to do and enjoy them together. Many of these are day trips, such as mystery-solving, barbecues, and road trips, and they are an important part of Meikoken’s activities, second only to the retreats.
Meikoken has a long history, but its form continues to evolve, making it a very flexible club. Above all, it’s laid-back and relaxed. It’s also easy to join as a dual member. Whether you’re already a travel enthusiast or just want to start traveling more, please come join us! Let’s go on trips with the best friends!",Every Tuesday & Thursday / 6:00 PM – 8:00 PM / Student Union Building,None,machine_translated,not_reviewed,
C0134,3185,b6ca91c470d54723,The Hiking Club,Sports (Non-Ball Games),Outdoors,"The Nobu Club goes hiking mainly on weekends and during long breaks! We organize a wide range of trips, from day hikes to two-day tent camping trips and summer training camps. Many of our members started hiking in college, so beginners are more than welcome! We’ll work together to improve our skills with the goal of summiting the Northern Alps during our summer training camp. The sense of accomplishment from reaching the summit, the breathtaking views, cooking meals together… Let’s create lifelong memories with the Nobu Club!As an intercollegiate club, we have members from various universities. Unusually for a mountaineering club, we have a high percentage of female members, so please feel free to come check us out. We also have plenty of activities beyond hiking, such as island trips and ski camps. Joining Nobu is guaranteed to be the best part of your college years! Be sure to check out our social media to see what we’re up to. For our recruitment events, we’re planning a Zoom information session and a recruitment hike. Membership is limited to participants of these events, so we look forward to seeing you there!!!","Weekends and holidays (flexible schedule), optional participation, in the Kanto region and the Japanese Alps",None,machine_translated,not_reviewed,
C0135,3184,13b1932a89bd0f23,Mountain Hut Research Society,Sports (Non-Ball Games),Outdoors,"Hello!! We are the Waseda University Mountain Hut Research Society!! Commonly known as “Yamaken,” we are an outdoor club focused primarily on mountaineering. We are an officially recognized club at Waseda University and are celebrating our 57th anniversary this year since our founding in 1969. Most of our members are beginners!! Let’s enjoy mountaineering together with our diverse group of friends, each with unique backgrounds from completely different high school experiences!!We hold joint training camps in spring, summer, and fall, where the whole club goes hiking together. We also have a full lineup of events throughout the year! Additionally, the club owns a mountain lodge, and we visit it several times a year. We don’t climb in the winter because it’s too dangerous. Instead, we have plenty of recreational activities during the winter, such as ski camps!! We highly recommend this club for anyone looking to try something new in college! Of course, experienced hikers are also very welcome. Climb a little, play a little. We hope this club becomes your second home!",Every Friday / 6:00 PM / Plan-tan (a coffee shop near the main campus),None,machine_translated,not_reviewed,
C0136,3537,f58c27505cf9e4fa,Trial and Error Association (T.E.A.),Sports (Non-Ball Sports),Outdoors,"[Basic Activities]
We primarily go on day hikes, though we sometimes go on overnight hiking trips during our summer camps. We also organize other outdoor activities, such as barbecues and ski camps! Since we decide on our activities based on member suggestions, we can make your dreams come true—whether it’s the mountain you want to climb, the place you want to visit, or the activity you want to do!
[Frequency]
We aim for a schedule of three hikes per month and one event per month.There are no mandatory activities; you can participate freely by voting each month on the days you’d like to join!
【Members】
T.E.A. is composed of students primarily from Waseda University, Hosei University, and Japan Women’s University, so you’ll have the opportunity to interact with people from various universities.
Many of our current members started hiking in college, so if you love nature, you’re more than welcome—regardless of your experience level!
We also welcome students in their second year or higher to join.
【Activity History (2025 Academic Year)】
April: Mt. Takao, Mt. Jinba
May: Yamanote Line Loop Hike, Mt. Takao, Tomin no Mori, Mt. Otake
June: Chichibu Sightseeing, Nishizawa Valley Hike, General Meeting
July: Mt. Hyuga, BBQ
August: Summer Camp (Alpen Route), Watermelon-Splitting Contest, Mt. Nikko-Shirane, Hanno Hike
September: Tomin no Mori, Mt. Kagenobu, Sports Day
October: Mt. Jinba, Halloween Party
November: Mt. Tsukuba, Hakone Sightseeing
December: Christmas Party, Year-End Party
January: New Year’s Shrine Visit
February: Ski Camp, Ice Skating Competition
March: Yugawara Sightseeing, Cherry Blossom Viewing
【Other】
If you’re even slightly interested, please contact us via Instagram or our official LINE account!",Every Sunday / Mountains in the Kanto region,None,machine_translated,not_reviewed,
C0137,3178,0ea09bc1408d7f1d,World Travel Research Club,Sports (Non-Ball Games),Outdoors,"The ""World Travel Research Society"" (Se-Tabi-Ken) is a solo travel club! We travel the world alone with our backpacks! Our activities center around post-trip debriefing sessions.",No information,None,machine_translated,not_reviewed,
C0138,3180,2fdca2ca5b7342a8,Exploration Club,Sports (Other than Ball Games),Outdoors,We explore the unknown in search of new discoveries around the world. We hold activities on weekends during the school term and go on long-term expeditions during school breaks.,No information,None,machine_translated,not_reviewed,
C0139,3181,dd82a3ee6088c645,Nabe no Kai,Sports (Other than Ball Games),Outdoors,"This is a club that holds outdoor activities, such as cooking wild plants, in parks near Tokyo. We always have a relaxed and fun time!",No information,None,machine_translated,not_reviewed,
C0140,3481,960757d26afe05ee,Waseda University Water Ski Club,Sports (Other than Ball Games),Other Sports,"[Recruiting New Members!] We are the Waseda University Water Ski Club, proud of our tradition dating back to our founding in 1954. We welcome anyone—whether you want to start something new in college, aim to be the best in Japan, or just don’t feel at home in a typical club. Why not spend the final days of your youth on the water?",Every Saturday and Sunday / Tone River,None,machine_translated,not_reviewed,
C0141,3195,68a22e9595ffc725,Barbell Club,Sports (Non-Ball Sports),Other Sports,"The Barbell Club is Waseda University’s only weight training club. In 2016, it will mark its 54th anniversary. Our primary activity is weight training itself. However, there are no set training days for the club.Members drop by the clubroom during free time between classes, get ready, and head to the Training Center. At the Training Center, they work together with other members to carry out the training routines they have set for themselves. In addition to simply building physical strength, members also set their sights on competitive goals such as bodybuilding and powerlifting. During the Waseda Festival, we also hold a bodybuilding contest called “Mr. Waseda.”
/
/As a member, you can use not only the equipment at the Training Center but also the Barbell Club’s exclusive training machines.
/
/Official events include a powerlifting competition in May, an alumni meeting around June, a summer training camp and closing party in August, a bodybuilding competition in October, “Mr. Waseda” at the Waseda Festival in November, a closing party in December, and a farewell party in March.",No specific schedule / Student Union Building B2 Training Center,None,machine_translated,not_reviewed,
C0142,3514,c94e40a4d0fe4b24,早稲田大学理工漕艇部,Sports (non-ball games),Other Sports,"Seeking people who want to try new things in college and who really want to play sports!

We, the Science and Engineering Rowing Club, are working to balance classes and rowing. Busy science and engineering students also get together to practice in between classes (humanities students are also welcome! (About 10 members of the humanities club are also active in the club). Members range from those who are seriously challenging to be the best in Japan to those who enjoy rowing only once a week. In spring, we also participate in the Waseda-Keio Regatta held on the Sumida River. We row alongside the Tokyo Skytree amidst loud cheers. It will surely be a memorable experience of a lifetime. More than 90% of the athletes who participate in such big competitions started rowing at university. Even those who have never held an oar before can improve because the coaches and seniors guide them well. The Science and Engineering Rowing Club is probably the only club that allows students who started rowing at university to participate in the Waseda-Keio Rowing Competition. If you want to challenge something new, compete in the Waseda-Keio Rowing Championships, or enjoy sports while balancing your studies, join the Rowing Club!","Every 水, Friday日/18:0015分-/理工キャンパス51号館地下",None,existing_english,needs_review,Prefilled from English text already present in the official description.
C0143,3194,cd90ae351d8f14c9,Trampoline Club,Sports (Non-Ball Games),Other Sports,"You might not think of it as a sport, but trampoline is an official event in the Summer Olympics. Using only your own body, we aim to jump higher and more gracefully. Most members start as beginners, so even if you think the bar seems high, you can rest assured. We start by practicing straight jumps, but with a year of practice under the instructor’s guidance, doing flips is not just a dream.With consistent practice, even first-year students can compete in historic intercollegiate tournaments and the Waseda-Keio rivalry matches. We warmly welcome everyone—whether you’re struggling to find a club, want to play sports seriously but can’t join an athletic association, are looking to try something new, or simply want to join a second club! Why not give trampoline a try and experience a college life that’s a cut above the rest?","Every Monday and Wednesday from 5:00 PM to 8:00 PM, Saturdays from 1:00 PM to 4:00 PM / Tokorozawa Sports Hall 2",None,machine_translated,not_reviewed,
C0144,3562,daf93e7a5f11abd2,Trampoline Club,Sports (Non-Ball Sports),Other Sports,No information,"Every Monday and Wednesday / 5:00 PM – 8:00 PM, Saturday / 1:00 PM – 4:00 PM / Tokorozawa Sports Hall 2",None,machine_translated,not_reviewed,
C0145,3200,f4998247c9a95284,Track and Field Club,Sports (Non-Ball Games),Other Sports,"The Track and Field Club is Waseda University’s only officially recognized track and field club, with over 150 members ranging from beginners to national competition participants. In addition to Waseda students, many students from other universities are also members. The club includes a diverse range of people, from those dedicated to daily training with the goal of competing in the Kanto Championships or the National Championships, to those who simply jog at their own pace. Through track and field, marathon running, and other activities, members interact with one another while working to improve their individual athletic abilities.Centered around weekly practices on Mondays, Wednesdays, and Fridays, as well as a monthly practice session, we participate in individual competitions and compete as a team in events such as the inter-club competitions held in the fall and the winter inter-club relay races. We also host track and field meets: the Waseda University Record Meet in the summer and the Waseda University Challenge Meet in the fall. In the spring and summer, we hold a total of seven training camps, including “Middle- and Long-Distance Camps” and “Sprint Camps,” organized by training group.","Every Monday, Wednesday, and Tuesday / 5:30 PM / Oda Field, etc.",Club website closed,machine_translated,not_reviewed,
C0146,3559,6518e012b12d6bff,Waseda University Track and Field Club,Sports (Non-Ball Games),Other Sports,"The Waseda University Track and Field Club is the only officially recognized club at Waseda University, welcoming members ranging from beginners to experienced athletes. Through track and field events and marathons, we foster camaraderie among members and strive to improve individual athletic performance. In addition to Waseda students, many students from other universities are also members. We have a diverse group of people, ranging from those dedicated to daily training with the goal of competing in major events such as the Kanto Championships and the Japan Championships, to those who simply enjoy jogging at their own pace.Centered around weekly practices and monthly training sessions, members compete individually in various meets and participate as a team in the intercollegiate competition held in the fall. We also host two annual events: the “Waseda University Track and Field Club Record Meet” in the summer and the “Waseda University Track and Field Club Challenge Meet” in the fall. Various training camps are held throughout the year, totaling seven sessions.",Every Monday / 4:00 PM / Tokorozawa Campus Track and Field Stadium,None,machine_translated,not_reviewed,
C0147,3470,a418df597d5784da,Scuba Diving Team Ankou,Sports (Non-Ball Games),Other Sports,"We are a Waseda University-recognized scuba diving club! During summer break, we hold long-term training camps on Hachijojima and the Ogasawara Islands! Diving in the beautiful ocean is a world unknown to many college students. Don’t you want to try an experience you can’t have in everyday life?Plus, the fun at Ankō isn’t limited to diving! We go on road trips, play watermelon-smashing games, do ghost tours, and have BBQs! We do everything that feels like summer! And sometimes we watch beautiful sunsets or chat under a sky full of stars. Ankō is a club where you can enjoy your last summer vacation to the fullest!",None,None,machine_translated,not_reviewed,
C0148,3174,25a49a14a1f892b7,Orienteering Club,Sports (Non-Ball Games),Other Sports,"Orienteering is a sport originating in Northern Europe that combines ""mental agility"" with ""running ability."" Participants read maps in the forest, filter information, navigate their way, and compete to see who can complete a set course in the shortest time. Simply being fast isn’t enough to reach the top; there is a depth to the sport that allows even those who aren’t fast to win.We, the Orienteering Club—commonly known as OC—take on this challenge together, bringing together everyone from those who simply enjoy the outdoors to those who compete internationally as members of the Japanese national team. Our regular activities include running and map-reading workshops, and on weekends we head out to participate in orienteering events.Due to the nature of the sport, we often hold events in forests and other natural settings, so our trips often double as excursions—making it perfect for those who love the outdoors and travel! Unfortunately, since it’s classified as a minor sport, we frequently collaborate with university students from all over Japan, not just Waseda, allowing us to make friends nationwide through orienteering. We welcome anyone with a spirit of adventure, curiosity, and a desire to take on new challenges—whether you want to start a new sport in college, love maps, travel, or the outdoors, or aspire to compete on the world stage!","Weekdays (Mon–Fri): 6:30 PM / Student Union Building
Weekends: Forests, mountains, and parks across Japan",None,machine_translated,not_reviewed,
C0149,3776,4c7a8054014bf7a6,Diving Club,Sports (Non-Ball Sports),Other Sports,"[Basic Information about the Diving Club]
/
/・Men compete in the All-Waseda Tournament; women compete in the Intercollegiate Championships
/
/・We recruit up to 10 freshmen each year (for safety reasons)
/
/・All activities are optional!
/
/
/
/[Activity Schedule]
/
/April: Welcome Camp
/
/May: License Training Camp
/
/June: Summer Day Trip
/
/Early August: Summer Trip to Oshima
/
/Mid-to-late August: Okinawa Training Camp (Alternating years between Iriomote Island and Zamami Island)
/
/September: Fall Trip to Oshima
/
/October: Fall Day Trip
/
/November: Hachijojima Graduation Training Camp
/
/March: Ogasawara Islands
/
/Even in the winter when there are no diving activities, we have plenty of non-diving events like Christmas parties and group trips to Disney with our peers!
/
/
/
/【The Best Things About the Diving Club】
/
/◎Peace of Mind & Safety
/
/The Diving Club offers two types of dives: self-guided dives and guided dives. In Okinawa and the Ogasawara Islands, we do guided dives. We are grateful to the dive shops that have supported us for generations.
/
/For self-guided dives, to ensure safety, there is always at least one diver with a professional license among the leadership team, and we have many certified rescue divers on staff.
/
/
/
/◎Freedom
/
/Participation in all Diving Club activities is completely voluntary. So everyone enjoys their diving life “freely” while keeping their budget in mind!
/
/
/
/◎Tradition & Culture
/
/The Diving Club has many ""traditions"" that have been passed down through the generations.
/
/Recommended cafes on the island, scenic spots with stunning views of sunsets and stars, diving songs, and more. You’ll have to join to find out the details!
/
/
/
/The Diving Club is the best place where you’ll feel it’s worth dedicating your entire college life to. We sincerely look forward to your application.","Diving sessions are held irregularly (see above for details)
/
/
/
/Usually, we hang out in the lounge of Building 15 on the Waseda Campus, where we often chat together.",None,machine_translated,not_reviewed,
C0150,3479,52c08c69600570e1,Hang Gliding & Paragliding Club,Sports (Non-Ball Games),Other Sports,"Why not escape the hustle and bustle of the city and fly alongside the birds in the quiet skies? Our activity location is Mt. Ashio in Ishioka City, Ibaraki Prefecture. We mainly meet on weekends, but participation frequency varies by individual. At Mt. Ashio, we interact with students from over 10 universities, including the University of Tokyo, Tokyo Institute of Technology, Keio University, and Rikkyo University, in addition to Waseda University (this club itself is an inter-university club). Flying is now a sport that even students can easily enjoy. We start by practicing taking off on slopes, and once you gain experience, you can fly from the top of the mountain. The more you fly, the farther and longer you can go, allowing you to see scenery you’ve never seen before. During long breaks, we also travel to other areas (Fukuoka, Niigata, Shizuoka, Hokkaido, and more). We also hold spring and summer training camps, as well as Halloween and Christmas parties!!",Anytime / Club Room,None,machine_translated,not_reviewed,
C0151,3476,9f08ed9ba43b7cb7,Lifesaving Club (W.L.S.C.),Sports (Non-Ball Sports),Other Sports,"Lifesaving is primarily an activity aimed at preventing accidents near water. During the summer, we mainly conduct surveillance at beaches. In the off-season, we train in the ocean, enjoy surfing, and hold weekly pool practice and land training at the university pool and surrounding areas.
/
/
/
/There is also a competitive aspect to lifesaving. We participate in intercollegiate competitions and the All-Japan Championships.In the 2023 season, we placed second in the Intercollegiate Championships. As part of our efforts to promote lifesaving, we also conduct ocean safety classes for elementary school students. Lifesaving encompasses five key elements: rescue, sports, education, the environment, and welfare. Many people start lifesaving in college. If you’re a college student looking to take on a new challenge, why not try lifesaving—the only sport that truly benefits others? Our club is packed with opportunities unique to college life. We look forward to seeing you!","Every Tuesday / 5th–6th periods / University vicinity, Student Union Building
/
/Every Thursday & Friday / 1st period / Takaishi Memorial Pool
/
/Every Saturday & Sunday / Daytime / Various beaches",None,machine_translated,not_reviewed,
C0152,3197,58b67a83a6ffc704,Triathlon Team Northwest,Sports (Non-Ball Sports),Other Sports,"Northwest is Waseda University’s only triathlon club! Triathlon is a sport that combines three disciplines—swimming, cycling, and running—in succession. Our members come from a variety of sports backgrounds, not just the swimming or track and field teams, but also soccer and baseball. Even students who were part of non-athletic or cultural clubs in high school have successfully completed triathlons! The sense of accomplishment after crossing the finish line is indescribable!
/
/Since North is an intercollegiate club, we also have members from universities other than Waseda! Managers are also very welcome!
/
/People often think of triathlons as grueling sports, but there are races that can be completed in about an hour. We also recommend enjoying triathlons by combining them with travel and sightseeing at races held in various regions! Plus, some students compete in events other than triathlons, such as swimming, road cycling, and marathons! How you enjoy it is entirely up to you!
/
/The best thing about North is that it’s a free-spirited and cheerful group!We have a diverse group of members, ranging from those competing in the Japanese National Championships and winning prizes at the Intercollegiate Championships to those whose goal is simply to finish the race. But everyone gets along great and trains together whenever you visit, united under the slogan, “It’s now or never!” During your four years of college, you can balance club activities with other priorities like studying, part-time jobs, and studying abroad! Since we’re a club, practice is optional! Why not choose North to make the most of your four years of college and enjoy a fulfilling student life? We look forward to hearing from you!","Swim Practice: Every Tuesday & Thursday, 8:00 PM – 10:00 PM @ Olympic Center / Bike Practice: Every Sunday (& Saturday), 9:00 AM – 11:00 AM @ Sai-ko & Tama / Run Practice: Every Wednesday, 6:00 PM – 8:00 PM (& Saturday, 9:00 AM – 11:00 AM) @ Yoyogi National Stadium & Saibiyama Athletic Field",None,machine_translated,not_reviewed,
C0153,3201,b1a33c322531071c,Ultimate Club: Sonics,Sports (Other than Ball Games),Other Sports,"Founded in 1992 / Promoted to student club status in 2013
[Attractions of the Sport]
Ultimate is a competitive sport that demands both individual athletic ability and team tactics, allowing you to fully utilize the athletic experience you gained through high school. At the same time, a major attraction is that in Japan, most players start playing after entering university. Our club has produced numerous U24 national team players for both men and women, and it is not uncommon for members to continue playing after graduation in the senior national team, corporate leagues, or the U.S. professional league.
[The Appeal of Our Club]
The men’s team is a powerhouse, having won the All-Japan University Championship four years in a row, while the women’s team has placed third and fourth three times each. Through extensive discussions among members, students take the lead in deciding tactics and training methods; this organizational culture is what has built the “strong Waseda” of today.Many members study abroad, and in the past, some have even been selected for their host country’s national team, reflecting our commitment to valuing individuality and diversity. Additionally, since our alumni association is a general incorporated association, career guidance provided by alumni from various generations is both systematic and thorough. Every year, many graduates secure employment at major trading companies, real estate developers, megabanks, strategic consulting firms, TV stations, and advertising agencies.In addition, many alumni work in government agencies and public institutions, serve as university professors (including Professor Kenji Furuoi of the School of Advanced Science and Engineering, who is an alumnus of our club), or have passed the bar exam, CPA exam, and tax accountant exam. Our club provides an environment where members can focus on their sport while receiving a wide range of support.
You are guaranteed to have a fulfilling four years. Let’s aim to be number one in Japan together!","[During the Academic Term]
Tuesdays and Thursdays: Grounds near the university (starting at 8:30 AM)
Saturdays and Sundays: Koiwa Edogawa Riverbank (9:00 AM–3:00 PM)
[During Long Vacations]
Tuesdays, Wednesdays, Saturdays, and Sundays: Koiwa Edogawa Riverbank (full-day or half-day practice)
[Other]
Meetings as needed",None,machine_translated,not_reviewed,
C0154,3477,d4ffd8c533c6862b,早稲田大学チアリーダーズFALCONS,Sports (non-ball games),Other Sports,"We are the only competitive cheerleading team at Waseda University. Join us for the experience of a life time!

We participate in three competitions every season, as well as Waseda Sai and sporting events outside of school. Both experienced and non-experienced are welcome. We look forward to having a blast with you in our team!","Every 火, 木, 土, Sunday日/9:00-or18:00-/早稲田アリーナorgymnasiums in the Tokyo metropolitan area",None,existing_english,needs_review,Prefilled from English text already present in the official description.
C0155,3564,12b6796f2c3eb981,Waseda Athletic Training Society （WATS）,Sports (non-ball games),Other Sports,"Waseda Athletic Training Society (WATS) is only athletic training study group in this university, which aims to provide athletic training students, students staff of athletic teams including trainers and managers, collegiate athletes, and all students interested in fields relevant to athletic training, with various opportuinities to develop their professional skills and to network with other people. We share each other educational information, have study workshops and meetups with trainers' societies in other universities, as daily and irregular activities.","irregular, オンラインまたは対面",None,existing_english,needs_review,Prefilled from English text already present in the official description.
C0156,3549,310fbce73fbe3f91,Waseda University Lifesaving Club (W.L.S.C),Sports (Non-Ball Sports),Other Sports,"In a nutshell, lifesaving is the activity of ensuring the safety of people at the beach. However, the scope of our activities is very broad and deep. In addition to rescue operations, we engage in numerous activities such as lifesaving competitions, environmental conservation efforts through beach cleanups, and educational programs for children on water safety.There is also a competitive aspect to lifesaving. While there are various events, they can be broadly categorized into three types based on location: Ocean (held in the sea), Beach (held on sandy beaches), and Indoor (held in pools). The depth of these activities provides opportunities to apply your past experiences. Your past experiences in sports, academics, and other areas will certainly be",Every Tuesday / 6th Period / Student Union Building,None,machine_translated,not_reviewed,
C0157,3364,8c84e29a2eaff703,SHOCKERS,Sports (Non-Ball Games),Other Sports,"Hello! We are the Waseda University Men’s Cheerleading Team, SHOCKERS—a team that’s rare even on a global scale because we’re an all-male cheerleading squad. Our appeal lies in the powerful, dynamic moves unique to men and the chance to go all out and have a blast with our teammates. Our activities primarily consist of four practice sessions in the fall, as well as performing at events and cheering on various Waseda athletic teams.This year, we performed at the Okinawa International Film Festival! We believe that as long as we put in the effort, we have the potential to perform at any event. We also participate in spring competitions and hold our own performances, such as “SHOCKERSSTAGE,” at Okuma Auditorium. With an anime adaptation now in the works, expectations for our future are expected to rise even further. We work hard every day to spread the word about men’s cheerleading☆!!","Every Monday, Wednesday, Friday, and Sunday / 6:00 PM & 7:00 PM / Gymnasiums in Tokyo",None,machine_translated,not_reviewed,
C0158,3585,c3d7b7d9adf9eefa,WILD359ers,Sports (Other than Ball Games),Other Sports,"We are a volunteer group that runs ""Fun-Sat,"" where we experience new sports with elementary school children every Saturday, and ""Flags,"" where we teach children flag football.For ""Fun-Sat,"" we work with coaches to ensure the children have the best possible environment and assist with their activities. For ""Flags,"" since the children have flag football games in the spring and fall, we university students participate in practice sessions to simulate game conditions. In addition, we organize events like Christmas parties and graduation celebrations where we play games with the children that we university students have planned. During school breaks, we sometimes go on training camps or outings just among ourselves!",Every Saturday / 12:30 PM – 5:00 PM / Mikajima Elementary School Gymnasium,None,machine_translated,not_reviewed,
C0159,3480,ca597c557b2512bc,Waseda University Juggling Club ~infinity~,Sports (Other than Ball Games),Other Sports,"We are a club that performs juggling acts at various events, such as school festivals and local festivals. We usually practice juggling at Toyama Park and the Student Union Building! You can discover tricks that only you can do! Or you can join the team to put on the best performance! Why not challenge yourself to try juggling that excites people—something you can only experience here? Various props, various tricks, various combinations. Juggling offers endless possibilities. Let’s believe in that potential and explore the magic of juggling together! We accept requests via the contact form on our website. Feel free to reach out! We also warmly welcome visitors to watch or try out our practices. Seeing is believing—please come check us out!","Every Thursday and Saturday / 3:00 PM / Student Union Building, etc.",None,machine_translated,not_reviewed,
C0160,3483,00572a9c7b1b7c66,Waseda Stand-Up Paddle,Sports (Non-Ball Sports),Other Sports,"Waseda Stand Up Paddle is an officially recognized club at Waseda University. Driven by our desire to make SUP popular, we work hard every day. Some days we push ourselves during morning practice, while other days we enjoy basking in the sun on a two-person board—we have fun in all sorts of ways.
/
/
/
/We also hold events and social gatherings, and we get along well with clubs from other universities. If you want to make lifelong friends, this is the place for you! Please feel free to contact us.
/
/
/
/[To New Students]
/
/Congratulations on your admission to Waseda University! If you want to try something new, are looking for a way to get into sports without the overwhelming schedule of a traditional club, or are interested in water sports, Waseda SUP is perfect for you. You might even become a representative athlete right away!
/
/Second-year students are also very welcome! We look forward to seeing you anytime.
/
/
/
/[What Makes Us Special]
/
/We, the Waseda SUP Club, won the All-Japan Student SUP Championship Summer Tournament. With daily practices, monthly events, and exchanges with Keio University and Yokohama City University, our personal lives are fulfilling too!
/
/
/
/【New Member Orientation Activities】
/
/At our trial sessions, we’d love for you to actually paddle on the river and experience the fun and appeal of SUP for yourself.
/
/
/
/【Trial Session Schedule】
/
/April 6, 13, 14, 20 @ Hiratsuka
/
/(We’ll be holding sessions after May too! Check our social media for details ↓)",Team Practice: 3 times a month (either Saturday or Sunday) Morning Practice: Join on any day you like @ Sagami River (Hiratsuka) We also have practice locations in Yokohama and Tokyo,None,machine_translated,not_reviewed,
C0161,3785,698fdbf19b7fd682,Waseda University Kabaddi Club,Sports (Other than Ball Games),Other Sports,"The Waseda University Kabaddi Club (WASEDA MONSTERS) is the only kabaddi club at Waseda University. Don’t worry if you’ve never heard of “kabaddi” before! Most of our members started playing kabaddi when they entered university. Feel free to come try it out! We’ll be happy to explain the sport of kabaddi in detail! Also, since we’re an intercollegiate club, students from other universities are more than welcome!
We hold regular practices twice a week at Toyama Park, and occasionally use gyms such as Waseda Arena. We participate in tournaments every few months, and since we field multiple teams, new students have plenty of opportunities to play!
There are no joining or annual fees. We accept new members year-round, regardless of your university or year of study, so please feel free to contact us!","Every Saturday at 10:00 AM at Toyama Park (Okubo Area), Every Sunday at 2:00 PM at Toyama Park (Okubo Area), and occasionally at Waseda Arena Multipurpose Gymnasium and Furusato Senkawa Hall",None,machine_translated,not_reviewed,
C0162,3791,76f0ea1049a0ed59,Waseda University Ultimate Circle Aozora,Sports (Other than Ball Games),Other Sports,"Hello!
We are the Waseda University Ultimate Circle Aozora! At Aozora, we play a sport called Ultimate using Frisbees. The appeal of Ultimate is that the rules are very simple, so you can start playing right away. Since almost everyone starts with no experience, it’s fun to improve together with your teammates! We also recommend this to anyone who wants to try a new sport after entering university. Since Aozora is an all-Waseda club, it’s easy to connect with people from across the university, as well as those in the same faculty or department!
In addition to our regular Ultimate practices, we have at least one social event every month and training camps during breaks, so you’re sure to make some great memories! Last year, our social events included a riverside BBQ and renting out an abandoned mine shaft for a group outing. We hold three training camps a year: the Welcome Camp, Summer Camp, and Winter Camp. At the Welcome Camp, we play full-scale Ultimate matches and hold a sports day, which really helps new students bond with each other and with upperclassmen!The summer camp is packed with fun events beyond just Ultimate, like BBQs and ghost tours! At the winter camp, we mainly enjoy snowboarding! Snowboarding with club members you’ve become close with is especially fun!
Beyond that, our social life outside the club is also very fulfilling. The upperclassmen you’ve become friends with will surely take you out to have fun!
Join Aozora and let’s enjoy the best college life together!","Every Wednesday / 3:00 PM – 5:00 PM / Toyama Park
Saturdays / 11:00 AM – 2:00 PM / Toyama Park or Kita-Senju",None,machine_translated,not_reviewed,
C0163,3063,d93770ec570af337,Debating Society,Academics,Politics,"The Waseda University Yuben-kai is a political club established in 1902 (Meiji 35). At a time when the media was still in its infancy, the club was founded by Ono Azusa, the ""Mother of Waseda University,"" together with students deeply moved by the tragedy of the Ashio Copper Mine Poisoning Incident. Lord Okuma Shigenobu served as the first president.For over 100 years since then, the Yuben-kai has remained true to its founding principles, consistently striving to cultivate “true orators who contribute to the progress of society.”
/
/
/
/ The main activities of Yuben-kai members are “Practice, Research, and Action,” based on the club’s mission. “Practice” focuses on crafting speeches and improving oratory skills.Members also participate in speech contests, where they express their own opinions from the podium. “Research” primarily involves study groups, where members can share their areas of interest with the association. “Practice” involves engaging in various initiatives in society; some members serve as legislative interns, while others participate in volunteer activities.
/
/
/
/The Yubenkai can be described as a gathering of students who possess a “pioneering spirit,” willing to take on any challenge that allows them to engage with politics and society from their perspective as students.Our numerous victories and awards in debate competitions, as well as the presence of alumni who are active in various fields—including five former prime ministers—truly reflect the unique character of our club.
/
/
/
/There are absolutely no restrictions regarding year, major, or prior experience for membership. If you’re even slightly interested, please don’t hesitate to contact us. We hold various welcome events, so we look forward to seeing you!",Student Union Building Room E512 and other rental meeting rooms,None,machine_translated,not_reviewed,
C0164,3062,1144189453329799,Political Economy Research Society,Academics,Politics,"Founded in 1911, the Political Economy Research Society is one of Waseda University’s most prestigious academic clubs, renowned for its long tradition and high academic standards. Members can immerse themselves in their chosen fields of study within a relaxed and open atmosphere. Over the past 100 years since its founding, the society has produced many distinguished scholars, including two former presidents of Waseda University.Members’ career paths after graduation vary widely: while a few pursue graduate studies each year, others seek employment in the private sector or aim to become educators.
/
/
/
/ As part of our regular activities, we hold independent study groups (self-organized seminars) for each field on a weekly basis. Centered around book clubs featuring literature selected by members, these groups are run by students as spaces for collaborative learning. Currently, three courses are active: Political Thought, Economics, and Legal Philosophy.Each course is designed with beginners in mind, so little prior knowledge is required. With appropriate support from peers, the content is structured so that students can keep up by stretching themselves just a little. It is also possible to participate in multiple courses depending on your interests. Other activities include publishing our journals, *Mashira* and *Kōkyū*, and hosting events such as gatherings with alumni.
/
/
/
/There are no restrictions on your university, faculty, year of study, or background. The Kōkyūkai always welcomes anyone interested in learning—whether you’re simply “interested in academia,” “want to refine yourself through scholarship,” or “want to acquire a broad education or study seriously but aren’t sure where to start.” Whether you’re a beginner or feel that your university classes aren’t enough, why not join us in learning?","Dates for the 2024 academic year are to be determined (generally weekday evenings or weekends) / Student Union Building E706, Online",None,machine_translated,not_reviewed,
C0165,3064,dc58a155bc7fef86,National Policy Research Society,Academics,Politics,"We hold weekly study sessions every Tuesday where members give presentations. The topics covered range widely from political philosophy to history, economics, and national security, and members can deepen their understanding through the Q&A sessions held after each presentation. We also host lectures, inviting scholars and public figures we are eager to meet as speakers. Additionally, we interact with conservative political circles outside the university and participate in volunteer work at the Imperial Palace alongside those student groups.
/
/Finally, we define ourselves as a conservative political club and do not claim to be non-partisan. However, we have international students from South Korea among our members, so we do not hold exclusionary views, and we consistently find racist remarks and behavior offensive. If you respect the Imperial Family, we would be happy to welcome you.",Every Tuesday / 6:30 PM / Student Union Building,None,machine_translated,not_reviewed,
C0166,3065,2eb077693fd0bb79,Seiyukai,Academics,Politics,"The Seiyukai is a university-recognized club founded in 1960 that operates under the principles of “impartiality and non-partisanship,” “a balance between theory and practice,” and “serving as a bridge between students and politics.” Our core activities consist of study sessions held two to three times a week, covering a wide range of topics including not only politics but also economics, journalism, and international relations.During these study sessions, members engage in mutual presentations, discussions, and book clubs. Since sessions are tailored to each member’s interests and viewpoints, participants are exposed to themes they may never have considered before and perspectives different from their own, providing opportunities for new learning. Furthermore, we value opportunities to engage with the outside world not only through classroom learning but also through lectures featuring politicians and experts, as well as the production of our club magazine, *BRIDGE*.Beyond academics, we offer abundant opportunities for social interaction, such as group viewings of the Big Six University Baseball League games and biannual retreats, which help deepen the bonds among members.",2–3 times a week (irregular schedule) / 7:00 PM / Student Union Building Conference Room,None,machine_translated,not_reviewed,
C0167,3074,6c9f344e84092e79,Hoshikai,Academics,Politics,"We place a strong emphasis on learning firsthand by directly engaging with the political arena, primarily through internships with members of the National Diet. You’ll gain invaluable experience that you won’t find elsewhere, such as assisting with the daily legislative work of Diet members, helping with national and local elections, participating in visa-free exchanges to the Northern Territories, and organizing biannual lectures featuring prominent politicians. Meeting people who are active on the front lines of society will surely become a treasure for life.","Internships at the Diet Members’ Office Building or local offices approximately once a week (days and times vary by individual) and monthly general meetings, etc.",Club website closed,machine_translated,not_reviewed,
C0168,3066,778743409a65f91d,Economics Society,Academic,Economics,"Founded in 1915 and soon to celebrate its 110th anniversary, the Economics Society operates daily under the motto, “Give your all to both study and fun!”As an officially recognized club at Waseda University, we are one of the largest academic clubs both on campus and in Japan. Academically, we focus on corporate analysis and marketing strategies, with activities centered around group work for problem-solving and business planning. We hold regular study sessions every Wednesday throughout the year. In addition, we enjoy a very fulfilling club life with events such as alumni gatherings held about four times a year and guest lectures by external speakers!We also host a wide variety of events, including summer and winter retreats, BBQs, and Christmas parties. One of the club’s biggest attractions is that [members from first-year to fourth-year students get along well regardless of their year] through these activities! Let’s spend your precious four years of college life together, enjoying fun and fulfilling days!!","Regular Sessions: Every Wednesday / 5:00 PM – 7:00 PM / Waseda Campus
/
/
/
/Events are held mainly on weekends!",None,machine_translated,not_reviewed,
C0169,3068,a4457465222e3f8a,Marketing Research Club,Academic,Economics,"The Waseda University Marketing Research Society, commonly known as “Ma-ken,” is a historic, officially recognized club celebrating its 68th anniversary this year. Under the slogan “‘Playing with Learning’ is here,” we aim to study and practice marketing. Our core activities consist of study sessions organized by club members, held twice a week on Mondays and Thursdays.Through these study sessions, we aim to acquire a wide range of business skills, from the basics to specialized fields. The knowledge gained here is put into practice through business competitions, lectures, and projects held in collaboration with companies. We also host plenty of fun events to deepen bonds among members, such as biannual retreats and seasonal activities. Come join Ma-ken and enjoy a fulfilling college life filled with both study and fun!","Every Monday and Thursday / 7:00 PM– (after the 5th period) / Waseda Campus, Rental Conference Room",None,machine_translated,not_reviewed,
C0170,3751,b8e69b48d412a817,Waseda University Stock Investment Club Forward,Academics,Economics,"The Waseda University Stock Investment Club Forward is a club where members can study and practice a wide range of finance-related topics, with a focus on stock investment. In addition to weekly regular meetings, we deepen our learning through lectures featuring guest speakers, and we also enjoy plenty of social activities such as dinner parties, Shikiho study camps, and year-end parties!We keep things laid-back, so feel free to drop by whenever you feel like it! We’re a diverse club that welcomes everyone—undergraduates, graduate students, and postgrads alike—and we have lively daily discussions about economic news. Since 90% of our members are new to investing, if you have even a little interest in investing or building wealth, please come check us out! If you have any questions, feel free to contact us via Twitter DM. We welcome new members anytime during the semester!!",Every Saturday at 9:00 PM / Online,None,machine_translated,not_reviewed,
C0171,3753,a414f0726fa7a4b9,NEW (Next Entrepreneurs Waseda),Academics,Economics,"NEW (Next Entrepreneurs Waseda) is a club directly affiliated with the Venture Inmonkai.
/
/
/
/■Purpose
/
/Through interaction with Waseda University alumni who are business executives and peers interested in entrepreneurship, we aim to make entrepreneurship more accessible and contribute to fostering entrepreneurs from Waseda University.
/
/
/
/■Activities
/
/We host networking events featuring a variety of guests, primarily Waseda alumni who are business executives. We also organize gatherings for students aspiring to become entrepreneurs, serving as a community hub.
/
/In the past, we have organized events with executives from publicly listed companies, Waseda University professors, and board members of leading blockchain companies.
/
/Going forward, we plan to collaborate with the Venture Inmonkai to establish a system that provides multifaceted support for entrepreneurship.
/
/Venture Inmonkai……An association of venture entrepreneurs who are Waseda alumni　https://v-tomonkai.org
/
/
/
/■Activity Format
/
/We conduct activities in person or online, adhering to the university’s guidelines for infection prevention.
/
/
/
/■Notes
/
/This is a club open to all Waseda students!",Irregular / 1–2 times per month,None,machine_translated,not_reviewed,
C0172,3772,164d4f66bdca2119,Waseda Career Research Society,Academics,Economics,"The Waseda Career Research Society (commonly known as ""Career Ken"") is Waseda University’s first club dedicated to job hunting and career development. Advocating that students—who can often feel isolated from society—should “increase their career options by expanding their connections with the wider world,” the club conducts various activities such as business study sessions and event organization.
/
/
/
/Our main activities consist of three types: “Regular Courses,” which provide knowledge essential not only for job hunting but also as a foundation for professional life; “Internal Events,” which offer the kind of student-centered interaction that a typical job-hunting community simply cannot provide; and “External Events,” which offer opportunities to interact with professionals—including business executives—in a relaxed atmosphere, something rarely available to individual students.
/
/
/
/This academic year, our Regular Courses included a wide range of offerings such as Fermi Problem-Solving, Financial Statements, and Industry Research. For Internal Events, we organized numerous activities, including summer and winter retreats, road trips, and hot spring trips. As for External Events, we collaborated with external companies to host various events, such as networking sessions with business executives and internship events for first- and second-year students.
/
/
/
/We are always accepting new members, regardless of year or experience! If you’re a Waseda student with even the slightest concern about your future, please join the Career Research Society!
/
/
/
/For more detailed information about our activities, please check our Instagram, X (formerly Twitter), and website!",Every Wednesday / 5:30 PM – 8:00 PM / Waseda Campus,None,machine_translated,not_reviewed,
C0173,3256,66bcb6edaf3f6c8c,History and Culture Research Society,Academics,History,"The History and Culture Research Society is an academic club established in 1950. While history is our core focus, we also have members interested in other humanities disciplines such as philosophy and religion. Students of any year and at any time of the academic year are welcome to join. We also welcome students from outside Waseda University.
/
/Activities
/
/1. Club Meetings
/
/　These are our core activities. We hold them once or twice a week. The schedule varies depending on the organizers, but we generally aim for 6:00 PM on weekdays and 3:00 PM on weekends. The format involves members researching topics of their interest and giving presentations. It’s perfectly fine to participate only when you have free time or are interested in a particular topic.
/
/2. Field Trips and Retreats
/
/　We organize one field trip and one retreat each semester. Field trips are day trips to locations near Tokyo. Last year, we visited Yokosuka and Odawara. Retreats are trips lasting about two nights and three days. While we haven’t been able to hold them for the past few years due to COVID-19, in the past we’ve visited Hiraizumi and Sado Island.
/
/3. Waseda Festival
/
/　We participate in the Waseda Festival every year. In the past, our booth featured a “History Quiz” where we posed questions for participants to answer. However, we are currently considering a different activity for next year.
/
/　If you’re interested, please feel free to visit our clubroom or attend a club meeting. We also regularly update information about orientation events and other activities on Twitter and our website, so please check there.","Irregular days / Weekdays at 6:00 PM, Holidays at 3:00 PM / Student Union Building",None,machine_translated,not_reviewed,
C0174,3257,9f85e2dce596ea11,Geography Research Society,Academic,History,"The Waseda University Geography Research Society is a historic inter-university geography club celebrating its 74th year this year. /
///
//Geography tends to have a reputation for being a dry, academic subject, but within our club, we include everything from cities, nature, commerce, and transportation—basically anything related to our daily lives—under the umbrella of “geography,” so there’s no need to worry! /
///
//From members who are passionate about geography to those who are just curious, we have a diverse group of members, so anyone can enjoy being part of our club. /
///
//Our activities consist of field trips held at least once a month, one or two annual retreats, and occasional club meetings and game events. /
///
//Field trips are day trips where we explore towns in the Tokyo area. Guided by a navigator (the trip organizer), we discover the charm of these towns from a geographical perspective. /
///
//Retreats involve spending several days conducting field trips in specific regions across Japan. Recent destinations have included San’in, Izu, and Aso… /
///
//We also occasionally hold club meetings as a forum for members to present their research without limiting the themes. /
///
//And recently, a popular activity has been team-based games where we visit various spots around Tokyo (such as Real Momotaro, Geography Quest, Bus Route Connection Journey, and mystery-solving games)! These aren’t just for fun—they’re opportunities to actively combine knowledge and demonstrate our spatial geographical understanding! /
///
//In addition, we participate in the Waseda Festival, create our club magazine for the event, and have thriving “sub-circles” within the club where members can delve deeply into specific interests. /
///
///
///
//Why not join us and view the everyday scenery from a slightly more sophisticated perspective?","Every Tuesday, Thursday, and Friday / Times vary / Student Union Building, Room E910",None,machine_translated,not_reviewed,
C0175,3054,c3c956954ed5b812,Archaeology Research Society,Academic,History,"The Archaeology Research Society is recruiting members year-round! Since we’re the “Archaeology Research Society,” anyone interested in archaeology is, of course, very welcome, but we also warmly welcome those interested in history, religious studies, linguistics, and more! We have plenty of upperclassmen who share those interests! Also, our club room is twice as large and comfortable as a typical club’s, so members often gather there during free periods, making it easy to bond with one another! Plus!!New students get their first semester’s membership fee waived!! Our main activities consist of study sessions held once or twice a week! We also organize day trips during orientation week, take overnight trips to visit historical sites across the country in the spring and summer, and volunteer at local archaeological events! If you’re even slightly interested, please feel free to drop by Room E501 in the Student Union Building!Most of our members are from Waseda’s School of Literature, but we also have students from other schools, as well as students from other universities and international students—so everyone is more than welcome! We’re active on both X (@waseda_koukoken) and Instagram (waseda_koukoken), and you can also contact us via Gmail ([email protected]). Waseda students, why not spend a fun college life with the Archaeology Research Club? We look forward to seeing you!/
///
///
///
// Email us here: [email protected]",1–2 days a week on days of your choice / 6:00 PM – 8:00 PM / Student Union Building E501,None,machine_translated,not_reviewed,
C0176,3255,d19234d4095a64aa,History Society,Academics,History,"The main activities of the History Society consist of weekly presentations held three times a week, known as “section meetings.” These are divided into Monday, Wednesday, and Friday sessions. During these meetings, members give presentations on historical topics of their interest. Participants ask questions and share their thoughts with the presenter to explore the topic in greater depth.We meet three times a week, and since attendance is flexible, it’s easy to find a time that works for you. Members belong to one of the three sessions, and most attend once a week. No prior notice is required to attend; simply come to Student Union Building E612 by 6:30 PM to join the session. The defining feature of the History Society is, quite simply, “diversity.”There are no barriers between Japanese and world history, and with themes ranging from biographical history to cultural history, you can broaden your horizons and rediscover history. Our membership is diverse, ranging from those studying history professionally to those who joined simply because they are interested in the subject. During study group sessions, presenters provide detailed explanations, so no prior knowledge is required.It’s a history club that’s open to everyone. After the meetings, we go out for dinner—participation is optional. In addition to regular meetings, we hold retreats twice a year (in spring and summer) to visit historical sites, as well as events to foster camaraderie. We also organize activities at the Waseda Festival. Whether you’re a history buff or a beginner, this is a history club where anyone can join with ease. Come experience the excitement of history with us at Shigakusha!","Every Monday, Wednesday, and Friday / 6:30 PM / Student Union Building E612",Club website closed,machine_translated,not_reviewed,
C0177,3055,f10c9935fb3c5f30,Egyptian Culture Research Society,Academics,History,"We study a wide range of topics, including the history of Egypt from ancient times to the present, as well as the culture and history of the Middle East and Islam. The Egyptology Research Group brings together people from all over the world who are interested in history and culture!
/
/
/
/〈Study Sessions〉
/
/Our main activity is study sessions held about once or twice a week. We use the Discord app and start at 9:00 PM. Since these are online, they’re easy to join at your own pace! (We also hold in-person study sessions at Waseda University’s Student Union Building from time to time.)
/
/At our regular “Free-Theme Study Sessions,” you can freely present on any topic that interests you. Many members choose topics other than Egypt. New students are welcome to present too!
/
/
/
/〈Other Events〉
/
/On holidays, we organize events such as visits to museums and exhibitions. We often go to see exhibits related to ancient Egypt and archaeology.
/
/We also hold occasional dinner gatherings at Middle Eastern restaurants!
/
/For the Waseda Festival, we create Egypt-themed projects! In 2023, we held a classroom exhibition recreating the world of Ancient Egypt, a mock mummy-making workshop, and created and sold pamphlets.
/
/We have a summer camp during summer break! We enjoy BBQs, fireworks, and boating.
/
/
/
/We are recruiting members year-round, regardless of university or year!","Student Union Club Room (E509), Discord (app) Wednesdays & Saturdays 9:00 PM – 10:00 PM (online)",None,machine_translated,not_reviewed,
C0178,3258,e9c71c29fb0b995b,Waseda University Military History Research Society,Academics,History,"The Waseda University Military History Research Society is an officially recognized club established in 1994. Students interested in history, military affairs, and international politics gather primarily for research presentations held every Friday during the 6th period. In addition, the society is actively involved in publishing an annual newsletter, holding summer training camps, and participating in the Waseda Festival. Although the name includes “military history,” activities are not limited to military topics and cover a wide range of subjects.Furthermore, there are clubs with the same name—""War History Research Society""—at various universities across the country that study history and military affairs. We actively interact with these groups through joint research presentations and joint training camps. We welcome students from other universities and graduate students to join us. If you’d like to learn more about our activities, please check out our Twitter and website, as well as our newsletter *Hōka*, which we distribute at events like Comic Market. We look forward to the day we can work together with you!","Every Friday (during the academic term) / 6:15 PM / Student Union Building, Building 3, etc.",Club website closed,machine_translated,not_reviewed,
C0179,3774,7868855d942dfe65,Waseda University Three Kingdoms Research Society,Academics,History,"The Waseda University Three Kingdoms Research Society is a history club that was revived in 2023 after a hiatus. We engage in a wide range of activities related to ancient China, including the Three Kingdoms period, the Han Dynasty, and the Sixteen Kingdoms period. Membership is open to all Waseda students; there are no restrictions based on year of study or length of membership.
/
/
/
/Activities
/
/ (1) Presentations
/
/Club members give presentations on topics of their interest. The subjects range from academic research to KOEI games—anything related to ancient China is welcome. Online participation is also available.
/
/
/
/ (2) Recreation
/
/Currently, we mainly play board games. Along with presentations, this is a core activity, and we aim to meet once or twice a week.
/
/
/
/ (3) Off-Campus Activities
/
/ In the 2023 academic year, we participated in the ""Three Kingdoms Grand Cultural Festival"" organized by the Three Kingdoms Society and held a discussion on Liu Bei. Plans for the coming academic year and beyond are still undecided, but we intend to continue engaging in off-campus activities.
/
/
/
/ We primarily post activity updates on X, so if you’re interested, please feel free to contact us via DM.",1–2 times per week / 7:00 PM / Student Union Building,None,machine_translated,not_reviewed,
C0180,3051,78026aad9690523e,Buddhist Youth Association,Academics,Religion,"Our society is an academic club dedicated to studying Buddhist thought, regardless of nationality, sect, or school of thought. Founded in 1886 and tracing its origins to Azusa Ono, we boast the longest history at Waseda University.
/
/
/
/You often hear the phrase ""Hara-so-gyā-te-bō-ji-sō-wa-ka"" (Heart Sutra), but do you know what this passage actually means?
/
/We read sutras like this. By “reading,” we do not mean reciting them aloud as part of religious practice.
/
/We academically analyze Buddhist texts written in Classical Chinese over 1,000 years ago to correctly understand their meaning. We study the nature of Buddhist thought—which has had a profound influence on Japanese culture, art, and society from the Nara, Heian, and Kamakura periods onward—based strictly on the original sources.
/
/And even today, the Japanese language contains many Buddhist terms.
/
/Mahā-mysterious, a matter of great importance, karma, salvation through the power of the Buddha, the secular world, the true essence…
/
/Many words have flowed from the Buddhist philosophy that was once deeply rooted in the lives of the Japanese people. As you come to fully grasp the meanings of these words, you’ll also find it more interesting to read literature influenced by Buddhist thought.
/
/
/
/In addition, our other activities include holding zazen sessions, visiting art museums to view Buddhist art, and interacting with Buddhist youth groups from other schools… It’s a free-spirited club where you can fulfill your desires to “learn about this aspect of Buddhism!” or “try doing that!”","Every other Monday (dates vary), at the Student Union Building",None,machine_translated,not_reviewed,
C0181,3728,221a640b1b5185ca,Waseda University Saien-dan,Academics,Religion,"Hello! We are the Waseda University Saiin-dan. You might find it hard to imagine what kind of club we are just from the name, but our activities are very simple. We practice zazen. That’s all. The group was founded in 1922 by Waseda University students who used to travel to Engaku-ji Temple in Kita-Kamakura to practice zazen.We have managed to continue to this day and celebrated our 100th anniversary in 2022. Our specific activities include holding zazen sessions at the university every Thursday and participating in various zazen sessions at Zen temples in Tokyo and Kitakamakura.
/
/
/
/*Starting in the 2024 academic year, we have also begun holding zazen sessions in Tokorozawa! Please see the link below for details.
/
/
/
/【About the Thursday Zazen Sessions】 These are weekly zazen sessions held during the academic term in a tea room rented at the Student Union Building. We conduct zazen practice as well as simple study sessions on Zen. Whether you’re interested in Eastern philosophy, meditation, or simply want to calm your mind—any interest is welcome. This is a zazen group with a fairly fluid membership rather than a fixed group of regulars.We welcome latecomers and those who need to leave early, so please feel free to drop by without prior notice. Due to the nature of the group, participants come from a wide range of academic years. We operate in a relaxed atmosphere with little hierarchy. If you’re interested, please come try out the Thursday Zazen Session.
/
/
/
/We do Zazen (Zen meditation)?no more, no less.
/
/",Every Thursday / 5th period / Student Union Building Tea Room 106; Every Tuesday / 5:30 PM – 7:10 PM / Kotesashi Community Center Branch,None,machine_translated,not_reviewed,
C0182,3052,1c341e55e71d1b9e,Christian Students' Association (K.G.K.),Academics,Religion,"The Waseda University Christian Students’ Association (WKGK) is the only officially recognized Christian student organization at Waseda University. Want to learn about Christianity? Did “Peter” come up in class and you’re wondering who he is? What are Christians like? The Bible seems hard, but you’re interested… If that sounds like you, we’d love for you to come! Come to our club room to read the Bible, pray, laugh, and just relax.Our club room is open every day. We have snacks and candy. We even have lollipops. We throw birthday parties, too. We have guitars and keyboards available. You’ll find friends here with whom you can have deep, meaningful conversations. Everyone is welcome anytime—freshmen, seniors, international students, everyone! *We’re active at both the Main Campus and the Science and Engineering Campus! Check our blog for details!","Every Monday–Friday / Drop-in / Student Union Building, 10th Floor, Room E1008",None,machine_translated,not_reviewed,
C0183,3049,d85b6b009d4a9f5b,Contemporary Thought Research Group,Academics,Philosophy,"We are a club that explores contemporary thought, taking the social issues that arise daily as our starting point.
/
/
/
/  Putin’s invasion of Ukraine, the horrific genocide of the Palestinian people by Israel, and in Japan today, the Kishida administration is rapidly advancing plans to build a military power capable of launching preemptive strikes alongside the United States.This year, the Contemporary Thought Research Society will pursue research addressing this era of crisis under the theme “Resisting Fascism in the Age of War.”
/
/
/
/  Issues such as “the ongoing constitutional revision in Japan,” “state intervention in military research and academia at universities,” “the contradictions of capitalism,” and “the rampant rise of authoritarian figures like Trump”…Discussing these issues with fellow club members and forming your own view of society offers a different kind of excitement from studying for entrance exams.
/
/
/
/　Our regular activities consist of weekly meetings. We bring in news and newspaper articles to discuss, so no prior knowledge is required. We also plan to hold voluntary gatherings, research presentations, and fieldwork. We offer in-person club information sessions on an ongoing basis. If you’re even slightly interested, please don’t hesitate to contact us! We look forward to hearing from you.",Once a week / Student Union Building Conference Room,None,machine_translated,not_reviewed,
C0184,3252,fdb6f22c347f559b,East Asian Thought Research Society (Tosiken),Academics,Philosophy,No information,"Every Monday, Thursday, and Friday / 8:00 AM / Cafes, etc.",None,machine_translated,not_reviewed,
C0185,3275,cea9027639f3b579,Philosophy and Criticism Study Group,Academic Studies,Philosophy,"The Philosophy and Criticism Research Society works to make progress through difficult philosophical texts by carefully reading literature selected by each study group, with a designated member giving a presentation once a week. Study groups are newly formed after the orientation period, where new members form groups, select the texts to be read, and decide on the schedule. We welcome new members at any time after the orientation period ends. In that case, please choose a study group to join from among the existing ones.Interaction among study groups primarily takes place at the four annual general meetings, the annual retreat, and through regular use of the club room. Our members come from a wide range of disciplines, including Political Science and Economics, Law, Education, Sociology, Literature, Cultural Studies, and Science and Engineering, and students from other universities tend to participate every year. One of our club’s strengths is that we provide a space for learning that transcends individual departments and universities. The requirements for membership are simple.Take responsibility for study sessions, participate in general meetings and orientation activities, and keep the club room clean after use. By adhering to these three principles, members can work together comfortably, and we can welcome new members the following year. There is no admission fee. This concludes our overview of the club. However, there is only so much we can convey here. Please do come visit our club room. We’ll have coffee and tea ready for you.",Weekly / As needed,None,machine_translated,not_reviewed,
C0186,3744,95070ea8a9b70c5a,Take It Easy! Philosophy!,Academics,Philosophy,"Let’s start with a direct question: What exactly is “philosophy”? Many of you probably think of it as “a discipline housed in the Faculty of Letters where people spend their time endlessly pondering difficult and pointless things.”
/
/
/
/Admittedly, that perception isn’t entirely wrong. Over the 2,500-year history of philosophy, many ideas have been explored. In the process, some theories have “run away” to become part of the natural sciences, while others have migrated to the social sciences. Still others have simply faded into obscurity.Perhaps, in the modern era, the “significance of studying philosophy” isn’t all that great.
/
/
/
/But is that all there is to it? It seems to me that there is still a vast field of thought around us waiting to be explored. For example, what is “significance”? What exactly is “uselessness”? To take a more everyday theme, what is a “university”? What kind of people are “Waseda students”?
/
/
/
/With the goal of “philosophizing” about these “various aspects of daily life,” “Yururi! Tetsugaku!” was launched. Through philosophical dialogue and study, our group aims to help members construct their own perspectives on the world. Whether you’re interested in philosophy or just curious, please feel free to join us. We welcome you.","Every Thursday & Friday / 9:00 PM / ZOOM
/
/We are also planning in-person events!",None,machine_translated,not_reviewed,
C0187,3497,bfd2cdf30687b97d,Ryokuhokai,Academics,Law,"Ryokuhokai is one of Japan’s largest law clubs. We are divided into 10 study groups and meet weekly. During the 5th and 6th periods, we hold lectures on legal subjects, followed by social events that everyone can enjoy. With plenty of activities throughout the year—such as cheering at the Waseda-Keio baseball game, two annual training camps, and running a booth at the Waseda Festival—you’ll never get bored. Please come to our study group information session.Each seminar group has its own unique character, so you’re sure to find one that suits you. During orientation week, we host events like cherry blossom viewing parties and social gatherings. Second- and third-year students will be there, so please feel free to join us. This year marks Ryokuhokai’s 80th anniversary, and we will be hosting a party in October featuring distinguished alumni. We look forward to celebrating this milestone with many of you new students. Joining Ryokuhokai is undoubtedly the best way to make the most of your student life in the Faculty of Law.We look forward to seeing you!","Wednesdays, Thursdays, and Fridays",None,machine_translated,not_reviewed,
C0188,3496,0c9094080b5f9e6f,Sohokai,Academics,Law,"Hello! We are Sohokai, one of Waseda University’s three officially recognized law clubs! Sohokai is a law club with a long history, now in its 68th year! Our club holds a wide variety of events, including high-quality legal lectures led by third-year students three times a week! We have three training camps a year (summer, winter, and welcome camps), on-campus legal debates and joint debates with other universities, alumni gatherings where we invite Sohokai seniors who are active in various fields, and farewell parties to send off graduating seniors… There are so many events that I can’t possibly list them all here!! And above all, Sōhōkai’s biggest selling point is that many members stay active long after joining! That’s how close-knit we are—both within our own class and across all generations! You only get one chance at college life—why not spend it with Sōhōkai???","Lectures: Tuesdays, Wednesdays, and Thursdays / 4:30 PM – 6:00 PM (Spring Semester)",None,machine_translated,not_reviewed,
C0189,3499,7a9a9dcd783648a1,Civil Law Research Society,Academic,Law,"The Civil Law Research Society provides solid academic support through easy-to-understand lectures and comprehensive exam preparation. Our lecture notes are widely regarded as the best in the Faculty of Law and are a must-have for every student. While people often assume we only study, we actually host plenty of fun events! In addition to spring and summer retreats, we go out together once a month for after-class get-togethers, as well as to places like aquariums, Disneyland, and animal cafes. We strive every day to be a cozy oasis within the Law School. Let’s enjoy the best college life together at the Civil Law Research Society! The Civil Law Research Society is a law club at Waseda University. Through exam preparation, weekly lectures, and support from upperclassmen, we help students in the Law School feel more comfortable with the law. After lectures, we often go out for meals or hang out together. We also have plenty of fun events, including training camps, Waseda Festival, and mock trials. While we take our studies seriously, we also know how to have a blast when it’s time to play! The Civil Law Research Society will enrich your life in the Faculty of Law.",Every Tuesday / 4:30 PM / Buildings 3 & 11,None,machine_translated,not_reviewed,
C0190,3500,72801d8fba37326f,Criminal Law Research Society,Academic,Law,"The Criminal Law Research Society is a highly traditional law club that has been active since 1949. Our alumni are active in a wide range of fields, including judges, lawyers, and prosecutors, as well as national civil servants, university professors, and Tokyo Metropolitan Government employees. With this tradition in mind, our members enjoy their college life.
/
/We currently have about 40 members, with a large number of second-year students. The group is very lively, yet many members have a warm and laid-back vibe. If you’re worried that university clubs might be too frivolous or involve excessive drinking, this is exactly the club we’d recommend—we really hope you’ll come join us.
/
/As for our activities, we host weekly criminal law lectures led by graduate students, allowing us to receive high-quality instruction. The knowledge gained here will be put to use in the mock trial scheduled for 2017. Beyond academics, we have plenty of fun activities packed into our schedule, including biannual retreats, casual drinking parties, summer cruise outings, and courtroom observations. I believe this is a highly flexible club that will satisfy even those who haven’t quite found their place in other law clubs.
/
/Last year, the mock trial—which is held every other year in collaboration with the Civil Law Research Society (Minren)—took place at the Criminal Law Research Society. As a result, starting around the time of the summer retreat, we spent almost every week working on the script, assigning roles, and rehearsing for the mock trial, so we focused our efforts on those activities. Law students are always welcome to join us.","Every Friday, Saturday, and Sunday / Irregular / Student Union Building",None,machine_translated,not_reviewed,
C0191,3505,03afd788eb397ad2,Sociology of Law Research Group,Academic,Law,"The Sociology of Law Research Society is a student organization aimed at fostering camaraderie among students studying law through the academic study of law. Although we are a relatively small law club—often referred to as a “small-to-medium-sized law club”—our appeal lies in the close-knit communication we offer, which is often lacking in larger clubs.The Sociology of Law Research Society actively engages not only in the study of sociology of law and foundational legal subjects, but also in the study of positive law. In particular, for first-year students who are new to the field of law, we hold study sessions focused on required courses such as Constitutional Law, Civil Law, and Administrative Law. These sessions support new students in their studies while also helping upperclassmen deepen their understanding of legal scholarship. We also organize activities such as study camps and court visits.Furthermore, our club room on the 8th floor of the Student Union Building is always open to members and serves as a space for daily activities, including legal studies. Our bookshelves feature a wide and extensive collection of materials, ranging from legal texts and specialized books to practical guides, as well as general literary works such as novels. We strive to make the club room not only a place for study but also a comfortable space where members can deepen their friendships.",Every Wednesday / 5th period / Student Union Building,None,machine_translated,not_reviewed,
C0192,3498,f0cc6287665ff26d,Public Law Research Society,Academic,Law,"The Public Law Research Society is a law club centered around students from the Faculty of Law. We welcome not only students from the Faculty of Law but also students from other faculties.
/
/The Public Law Research Society differs from many other law clubs in several ways. First, we primarily focus on constitutional issues. Additionally, while most law clubs conduct lectures that review course material, our sessions are held in a discussion format.
/
/The greatest appeal of the Public Law Research Society lies, without a doubt, in these discussions. When people think of studying, they typically imagine input-based activities like listening to a teacher or reading books. However, through discussion, we engage in a form of study that involves articulating our own thoughts and explaining them to others. This approach cultivates skills that are useful not only in legal studies but also in a wide variety of fields.
/
/Of course, engaging in discussions with one another naturally fosters closer bonds among members, making this a very welcoming and close-knit club. Why not take this opportunity to experience a truly university-style learning experience?","Every Friday / 6:30 PM / Building 3, Student Union",None,machine_translated,not_reviewed,
C0193,3495,80644a1f67756427,Hotaru Hōkai,Academics,Law,"The Hotaru Law Society, commonly known as “Hotaru,” offers three weekly lectures (Monday: Criminal Law, Wednesday: Constitutional Law, Friday: Civil Law) to help students navigate the challenging exams of the Law School, which are often considered difficult to pass.While we study law diligently during our regular activities, we also go out to eat together after meetings and have fun at events held about once a month. This balance between study and play is one of Hotaru’s greatest strengths. Additionally, with a membership size that’s neither too large nor too small, we’re a medium-sized club that combines the best of both worlds: the broad social network of a large club and the cozy, family-like atmosphere of a small one.Above all, for law students who spend most of their university life in Building 8, I believe the strength of our law club lies in providing a place to call home right there in Building 8. Let’s walk together toward a fulfilling “Hotaru Life”!","Every Monday, Wednesday, and Friday / 6:00 PM / Student Union Building, Building 3, etc.",None,machine_translated,not_reviewed,
C0194,3501,6eee55a71acf7ff4,Criminology Research Society,Academic,Law,"Crime is one of the keys to understanding society.
/
/  Every year, we select a topic related to crime or criminal policy and meet about once a week to study it. In the fall, we present the results of our research. Last year’s theme was “Employment Support for Delinquent Youth and Young Offenders: Toward Preventing Recidivism and Reoffending.” Detailed reports are posted on our blog, so please take a look if you are interested.
/
/　In addition to studying from books, we also visit relevant facilities and meet with professionals in the field. Last year, we visited a juvenile assessment center and companies that employ ex-offenders. While crime tends to be a topic of public interest, there are few opportunities to understand its reality, and it is often discussed based on impressions or imagination. To ensure we stay grounded in reality, it is important to visit actual sites. Such field research is one of the defining features of our club’s activities.","We meet once a week, and the day of the week is decided through group discussion. The location is primarily a meeting room in the Student Union Building.",None,machine_translated,not_reviewed,
C0195,3509,e7e1387e6d21db60,International Law Research Society,Academics,Law,"This club participates in international law moot court competitions held in Japan and around the world. For the past five consecutive years, we have represented Japan at the Jessup Cup, the most prestigious competition of its kind. First-year students attend weekly seminars where they receive lectures from third-year students, learning the basics of international law in a fun and engaging way.From the winter of their first year through their second year, members begin competing in tournaments in earnest. In February, they participate in a competition using international law related to space, where first-year students compete in their first official tournament against teams from other universities. In July, the Japan Cup—their second official tournament—takes place, where they face off against powerhouse universities such as Kyoto University, Tohoku University, and Sophia University.During summer break, the Asia Cup takes place, where students compete in English-language debates against teams from foreign universities. In the second semester, they participate in the domestic qualifiers for the aforementioned Jessup Cup, aiming to advance to the world competition. This competition serves as the culmination of all their previous activities.","Monday through Friday (one day per week) / 2:00 PM / Student Union Building, etc.",None,machine_translated,not_reviewed,
C0196,3510,839a7475023757c3,Contemporary Judicial Studies Society,Academics,Law,"The Contemporary Judicial Research Society (commonly known as Genshiken) is an officially recognized club at Waseda University. It is one of the law clubs within the Faculty of Law, and its members consist of students from the Waseda University Faculty of Law. The society’s activities include holding study sessions before exams, as well as daily interactions among members, visits to law firms, on-campus legal debates, and participating as executive committee members in the annual “Eradicate Pharmaceutical Harm Day” event held in front of the Ministry of Health, Labour and Welfare alongside practicing attorneys.Although it is a small club with about 10 members per grade compared to other clubs, its activities extend far beyond the campus—including not only activities within Waseda University but also off-campus work conducted alongside lawyers through the ""Eradicate Drug-Induced Harm Day"" organizing committee.",No information,None,machine_translated,not_reviewed,
C0197,3599,fd684cab962e465a,Welcome-Law School,Academics,Law,"Through the organization of welcome parties for new students and graduation celebrations for graduates of the Graduate School of Law, we provide opportunities for students to pass the bar exam and build meaningful connections for the future. These events are semi-official traditions, and each year we are joined by a large number of students, faculty members, and alumni who are active as legal professionals.In recent years, we have also strengthened our collaboration with the Law School Inmonkai to further deepen vertical connections within the community.While passing the bar exam is often seen as a long and arduous journey, we believe it can be overcome through the support of peers who encourage and challenge one another, as well as the encouragement of mentors and senior alumni. As fellow travelers on this thorny path, we continue our activities with the hope of helping to create an environment where we can support one another.",Irregular,None,machine_translated,not_reviewed,
C0198,3601,250d5f9c4551d6ff,Law&Practice,Academics,Law,"We edit and publish the legal journal (law review) ""Law&Practice."" Specifically, we invite faculty members from this graduate school and alumni who are practicing attorneys to write articles or participate in roundtable discussions, compile their contributions into the journal, and publish it as ""Law&Practice."" Students take the lead in soliciting contributions, editing, publishing, distributing the journal nationwide, and raising funds for these activities.You’ll have the opportunity to interact with professors, lawyers, judges, and prosecutors whom you might not otherwise have the chance to meet. The results of our work are preserved in the form of the journal, and it’s incredibly rewarding to come across references to *Law & Practice* while conducting research! If you’d like to receive a copy of *Law & Practice* or are interested in joining our club, please feel free to contact us!",Once a month (except July and January) / Building 27,None,machine_translated,not_reviewed,
C0199,3605,d4890e48fc0b6685,Law Club: Street Law,Academics,Law,"Hello. We are the Law Classroom Street Law, an organization approved by the Graduate School of Law that conducts legal education classes for middle and high school students.
/
/Legal education involves classes that encourage students to think about topics such as “legal reasoning,” “the principles of the Constitution,” and “Are rules necessary?” Rather than one-way lectures, we strive to engage students in dialogue using language that resonates with middle and high school students.
/
/While the voting age has been lowered, debates surrounding the Constitution have intensified, and opportunities for the younger generation to make their voices heard have increased, the reality is that many young people remain indifferent to politics and the judicial system. We hope our classes will serve as a catalyst and provide the tools for students to think about the law.
/
/We are fully committed to preparing our classes through ongoing lesson planning, study sessions with guest lecturers, and frequent consultations with teachers at the schools where we teach.
/
/We look forward to working with you.","Irregular schedule / Waseda Campus, Building 27",None,machine_translated,not_reviewed,
C0200,3735,c7d20935513b52eb,Gender Law Study Group,Academic,Law,An officially recognized club of the Graduate School of Law. We conduct research presentations and discussions on general gender issues.,Irregular,None,machine_translated,not_reviewed,
C0201,3795,ca9aa7b8928ad4ff,WLS Career Canvas,Academics,Law,"WLS Career Canvas is a law firm visit club officially recognized by Waseda University Law School. With over 150 members in total, we hold activities during the semester and long breaks. Our law firm visit programs are well-received because, compared to official events, they allow participants to see a more casual side of the firms and the attorneys.We actively visit not only law firms but also corporate legal departments and government agencies. Once you become a practicing lawyer, opportunities to visit such diverse organizations can be hard to come by. We invite you to join our club, explore what kind of legal professional you want to become and what kind of organization you want to join, and make the most of your time at Waseda Law School!
We hold career events for incoming students every year, so if you’re interested, please join us.",Irregular,None,machine_translated,not_reviewed,
C0202,3080,5b5d96aa24e0d1b0,Biology Club,Academics,Natural Sciences,"The Biology Club is divided into four groups—Aquatic, Insect, Bird, and Reptile/Amphibian—and each group goes out into the field to interact with the creatures they are interested in.For example, the Water Group engages in sea fishing and rock pool collecting; the Insect Group collects insects and creates specimens; the Bird Group goes birdwatching; and the Reptile and Amphibian Group conducts field observations and keeps live animals at home. That said, we don’t operate as completely separate groups within the club; we actively participate in group activities such as a welcome retreat in the spring, a summer camp, an exhibition at the Waseda Festival in the fall, and a Christmas party in the winter.We also hold monthly meetings where each group shares updates on their activities. For more details, please check our club’s website, Twitter, and Facebook. Whether you’re a beginner thinking, “I love animals, but I’ve never done fieldwork before…” or an expert saying, “I was in the biology club in high school, and this year I want to go insect collecting all the way to the Boso Peninsula!”—let’s go out together and experience the grandeur and charm of nature!","Activity Dates: Irregular
/
/
/
/Location: Outdoors, Student Union Building Club Room (Room E723)",None,machine_translated,not_reviewed,
C0203,3081,707e8d122e18a571,Astronomy Club,Academics,Natural Sciences,"We’re a group of people who enjoy relaxing and gazing at the starry sky. At our weekly meetings, we use the club’s telescopes to observe the sky from the rooftop of the Student Union Building, visit planetariums, go to observatories, and engage in various other activities related to stars and the universe. We also build a large planetarium for the Waseda Festival. /
///
// We also hold many overnight trips dedicated to stargazing. In places far from the city center, like Nagano and Izu Oshima, you can see a sky full of stars! We warmly welcome everyone—whether you’re an expert on the stars or just want to see a beautiful night sky. It’s a laid-back club, so feel free to join at your own pace. Let’s observe the Milky Way, shooting stars, and countless constellations together!","Every Wednesday / 6:30 PM / Student Union Building, 11th Floor",Club website closed,machine_translated,not_reviewed,
C0204,3288,04e4d4f5583c4699,Fossil and Mineral Research Society (Fossil & Mineral Research Society),Academic,Natural Sciences,"The Fossil and Mineral Research Society (Fossil & Mineral Research Society) is a club dedicated to exploring the history of the Earth through the collection and observation of fossils and minerals!
/
/
/
/Main Activities
/
/・Collecting Trips: Held once a month. We visit sites in the Kanto region for day trips to collect fossils and minerals. We select safe locations, and with support from experienced upperclassmen, even those with no prior experience can participate with confidence.
/
/・Retreats: Scheduled mainly during summer break. We travel to distant sites that are inaccessible during regular collecting trips to gather specimens.The appeal lies in enjoying the local atmosphere, which differs from the Kanto region, and being able to take our time collecting to our heart’s content.
/
/・Waseda Festival: We display and sell fossils and minerals.
/
/・Visits to Mineral Shows and Museums: We visit events where fossils and minerals are displayed and sold, such as the Tokyo International Mineral Fair (Shinjuku), the Tokyo Mineral Show (Ikebukuro), and special exhibitions at the National Museum of Nature and Science.
/
/・Clubroom Activities: We used to hold these before the COVID-19 pandemic and are currently considering bringing them back. We are taking steps to create a relaxed and enjoyable space where we can observe and critique our collected and purchased items together, as well as study fossils and minerals.
/
/
/
/This is perfect not only for those experienced in collecting, but also for anyone who is interested in fossils and minerals but feels nervous about going out to collect them on their own, or who isn’t very familiar with collection sites! Many of our current members collected fossils and minerals for the first time after joining the club.
/
/If you love fossils and minerals, you’re more than welcome to join, regardless of your grade level or experience. Please feel free to stop by!","About once a month / Fossil and mineral sites throughout the Kanto region
/
/
/
/Activities in the club room are currently under consideration",None,machine_translated,not_reviewed,
C0205,3736,1221ac53e181cf57,iGEM - Waseda,Academics,Natural Sciences,"We are conducting research and promoting synthetic biology in order to participate in the iGEM (International Genetically Engineered Machine competition), an international synthetic biology competition.

We are conducting research and promoting synthetic biology in order to participate in the iGEM (International Genetically Engineered Machine competition), an international synthetic biology competition. Synthetic biology is a discipline that seeks to deepen our understanding of biological systems through the approach of “creating life? in which genetic recombination technology is used to give organisms the desired functions. A typical example is the creation of E. coli bacteria that flash fluorescent colors and emit fruit smells. In addition to conducting experiments, iGEM students are also expected to contribute to society through synthetic biology. We give lectures on synthetic biology to the high school students, and we also work on entrepreneur projects that use synthetic biology technology. Through these activities, you can learn the importance of conducting research in a team and, as well as the relationship between science and technology and society. You do not need to have a deep knowledge of biology to participate in these activities. All that is important is enthusiasm and responsibility. We are looking forward to your participation, regardless of whether you are a humanities or science major.",during class terms：once a weekミーティング。time and other details negotiable　long breaks：Twinsで実験、およびEvery Monday18:00-19:30 ミーティング,None,existing_english,needs_review,Prefilled from English text already present in the official description.
C0206,3207,990b62fcec9b9b0c,Japanese Shorthand Research Society,Academic,Language,"We are a club that practices ""shorthand,"" a technique for transcribing spoken text using a special set of characters. /
///
///
///
//Practices are held during the 5th period on weekdays, and you can join at any time that suits your schedule. Senior members provide instruction tailored to each person’s progress, so even if you can’t attend many practices, you can learn shorthand at your own pace. In addition to shorthand practice, we hold many events such as seasonal camps, Christmas parties, and outings. Participation in both practices and events is completely optional. Therefore, it is entirely possible to balance this with your studies and other activities. /
///
///
///
//Whether you’re looking to develop a new skill, try something different, or find a place to belong at university, everyone is welcome. If you’re even slightly interested, please come check us out! Let’s enjoy shorthand together!!",Every Monday–Friday / 5:00 PM–6:40 PM / Student Union Building,None,machine_translated,not_reviewed,
C0207,3208,17cba38b48315f0c,英語部 (WESA),Academics,Languages,"Hello! We are an official circle with over 100 members, aiming to brush up our English skills, and build bonds between members.? / /Our activities are debate, discussion, speech, and lesson. We hold practices and even organize tournaments! There are 4 camps and other fun events throughout the year! / /Want to have a blast? Come to WESA!",週5日(month-金)/13:00-18:00(参加:00間や参加頻度は各自で決められます)/Student Center,None,existing_english,needs_review,Prefilled from English text already present in the official description.
C0208,3206,235468de1dd27bd1,Spanish Study Group,Academic,Languages,"The Spanish Language Society is one of Waseda University’s oldest clubs, established in 1960. Most people don’t start learning a second foreign language until they enter college. You probably have many concerns, such as “How should I study?” or “What dictionaries and reference books do you recommend?” Joining the Spanish Language Society will solve all those worries in one fell swoop! Work through what you don’t understand with our self-proclaimed “expert seniors” and make friends to learn with.Our activities go beyond just language study and include a wide range of events, such as volunteering at festivals and cooking Spanish cuisine. Recently, we welcomed Professor Goto from the Department of Intercultural Studies in the School of Education as our president. He is incredibly passionate about Spanish, so he might even be able to offer you some advice! If you’re even slightly interested, please feel free to stop by our clubroom.","Dates and times are decided each semester after consulting with members about their schedules. We meet in the club room, E536, in the Student Union Building.",None,machine_translated,not_reviewed,
C0209,3516,eb061aa388a7c3f5,Waseda University School of Science and Engineering English Club,Academics,Languages,"The two main strengths of our club are “the ability to conduct activities in English” and “the opportunity to interact with students from other universities”!
/
/
/
/〇 English Activities: We mainly have four types of activities!
/
/1. Value Discussion
/
/In these discussions, we talk in English about a wide range of topics, from simple self-introductions to philosophical topics and social issues. Not only does this improve your English conversation skills, but it also helps you develop the ability to think logically.It’s really interesting to debate a single topic with your peers.
/
/
/
/2. Guide
/
/As the name suggests, this activity involves guiding international visitors around famous Japanese tourist spots like the Imperial Palace, Asakusa, and Meiji Shrine. By conversing with native speakers, you’ll not only be exposed to authentic English but also gain insight into their culture through conversation!
/
/
/
/3. Speech
/
/In speech contests, participants are evaluated on various factors—including fluency, content, and delivery—so if you take your speech seriously, not only will your English skills improve dramatically, but you’ll also hone a variety of other abilities, such as presentation skills and logical thinking!
/
/
/
/4. PDD Discussion
/
/Participants exchange opinions in English on predetermined social or other themes. A distinctive feature is the use of chart paper, which significantly improves not only your English skills but also your presentation abilities. You can even win awards known as “ranks”!
/
/
/
/〇Inter-University Exchange
/
/The biggest appeal of this club is, quite simply, the chance to interact with students from other universities!
/
/Other universities also have ESS (English Speaking Society) groups, and through discussion competitions and serving as guides, you can build friendships with members of other universities’ ESS groups.
/
/
/
/You’re sure to have a great time in this club!","Twice a week (Monday, Wednesday, or Friday)",None,machine_translated,not_reviewed,
C0210,3488,99e12e61c5a42603,中国語学習会,Academics,Languages,"We learn Chinese by communicating with students from China and other Chinese-speaking countries.

We have a fun conversation and play games in both Chinese and Japanese in a relaxed atmosphere. We also offer training for Chinese qualification exams such as HSK. We also sometimes go to the cinema, hang out or have a cooking party!

Our members come from a variety of backgrounds. Some are beginners and some are advanced. We also have members from Chinese-speaking countries or Chinese families in Japan.

We meet twice a week and have events during the holidays. You are welcome to join the activities only when you are free.

Our club is for those who want to learn languages and make friends at the same time. Anyway, come and try our activities.",twice a week（曜日varies）/16:30-19:00/Student Center,None,existing_english,needs_review,Prefilled from English text already present in the official description.
C0211,3076,2f6ce1075954dad0,Sign Language Club,Academics,Language,"Waseda University Sign Language Saakuru is an officially recognized Waseda University club established in 1982. Our clubroom is located in the Student Union Building (E203) on the Toyama Campus. Our ""project planning"" sessions, which form the core of our spring semester activities, are held every Monday and Friday during the 6th period (6:55 PM – 8:35 PM) in the Student Union Building. Rather than inviting guest instructors, senior students teach the classes.Since we participate in intercollegiate activities, students from other universities, not just Waseda students, can enjoy participating in our activities. In the fall semester, our main activity is practicing for events that incorporate sign language. During the spring semester sessions, first-year students learn sign language alongside upperclassmen, and in the fall semester, they use what they learned in the spring to perform at events, allowing them to improve their sign language skills over the course of the year. Although most members started learning sign language in college, they have become able to enjoy conversing in sign language.",Every Monday and Friday / 6th period (6:55 PM – 8:35 PM) / Student Union Building,None,machine_translated,not_reviewed,
C0212,3487,3a3d8b914e2f67db,Paddy Fielders' Tea Party (Practical English),Academics,Languages,"Paddy is an intercollegiate club for people who want to improve their English skills right here in Japan! So, what can you gain from joining Paddy?
/
/
/
/1. Practical English Skills
/
/Some members have seen their TOEFL and TOEIC scores improve, and some have even scored near perfect! Since the focus is on conversational English, you’ll end up being able to speak English with people from other countries (lol).
/
/
/
/2. Friends Among International Students
/
/We recruit international students every fall. Since you can speak English with native speakers who teach you practical English, your skills will naturally improve—and you’ll make friends with them too! Even though they return home after a year, they’ll guide you on trips or let you stay at their homes, making for a lot of fun!
/
/
/
/3. Friends from Other Universities
/
/Paddy is an intercollegiate club that brings together people from various universities (Rikkyo, Meiji, Japan Women’s, Home Economics, St. Luke’s Nursing, Tokyo Women’s Medical, etc.)! There are many people here you wouldn’t normally meet just by being at Waseda.
/
/
/
/4. Unforgettable Memories
/
/An English conversation club… you might think it sounds really serious, right? We do take our activities seriously.Let’s practice English during our meetings! (lol) But the rest of the time, we have tons of fun! On weekends, someone organizes a drive or we gather at someone’s place to hang out. Last month, we even went paragliding! (lol)
/
/
/
/5. Plenty of Events
/
/In addition to personal plans, Paddy’s planning team organizes various events, including four annual retreats (spring, summer, fall, and winter), a summer cruise, a Halloween party, a Christmas party, and cherry blossom viewing!",Every Tuesday and Friday / 6:30 PM – 8:30 PM / Student Union Building,None,machine_translated,not_reviewed,
C0213,3281,f1068811a9a2b7b5,Waseda Association Of Debaters,Academics,Languages,"We are an English Debating Circle specializing in Parliamentary debate!

WAD is a circle for Parliamentary debates in English. Debate topics range from familiar social issues to international political issues. The appeal of debate is that we can express our paradigm (worldview) in the language during our speech time. You do not need to be an experienced debater or a fluent speaker of English to join WAD. WAD is a strong institution in the English debate world and has achieved excellent results in national and international competitions, despite the fact that many of our members are relatively pure Japanese (*no long-term overseas experience) and beginners. As you continue to debate, you will naturally acquire critical thinking, presentation, and logic skills. You will also have many chances to interact with seniors who have a lot of knowledge about international relations and with your classmates from other universities at tournaments, and you will also be able to lead a stimulating university life. If you want to try something new in university, why don't you start debating?","Every 火, 木, Friday日/17:0000分-(5period-)/Waseda Campus10号館もしくは7号館",None,existing_english,needs_review,Prefilled from English text already present in the official description.
C0214,3212,65afd1bef1dc70e7,Waseda Literary Society,Academics,Japanese Literature,"The Waseda Literary Society, known as ""Wasebun"" for short, was founded in 1911
/
/ and claims to be Waseda’s oldest literary club! Wasebun focuses primarily on creating literary works and conducting group critiques. We offer many opportunities to write and are actively involved in producing the booklet *Naked Women and Hungry Ghosts* for sale at the cultural festival, as well as participating in the spring and fall literary flea markets.We hold monthly critique sessions within the club. In addition to creating our own literary works, we also host book clubs and study groups to explore existing literary works. We cover a wide range of genres, including novels, manga, poetry, and film—any cultural work involving written media. Our scope of novels is broad, encompassing various fields such as serious literature, popular literature, Japanese literature, foreign literature, philosophy, and contemporary criticism.Whether you want to write or not, everyone is welcome! Since each member focuses on their own areas of interest, the club has a very relaxed atmosphere. We also hold retreats and recreational activities. “Wasebun is a great place—come check it out!”",Anytime / Student Union Building E728,None,machine_translated,not_reviewed,
C0215,3213,929ccaffb728b893,Tanka Club,Academics,Japanese Literature,"The Tanka Club (commonly known as ""Wase-tan"") holds weekly ""uta-kai""—tanka critique sessions and study groups—every Tuesday or Friday starting at 6:30 PM in a conference room at the Student Union Building on Waseda University’s Toyama Campus. Once a year, we publish a journal titled *Waseda Tanka*, where members can submit series of tanka poems, critical essays, and individual poem reviews.In addition, we hold joint training camps with student tanka clubs from across the country in the spring and summer. Wase-tan is in charge of organizing the summer camp and works to make it a lively and enjoyable event!
/
/Many of our alumni have won newcomer awards such as the Kadokawa Tanka Award, so both experienced members and beginners can deepen their interest in tanka. Students from other universities are also very welcome, so please feel free to drop by and check us out.",Every Tuesday or Friday / Student Union Building Conference Room,None,machine_translated,not_reviewed,
C0216,3209,dedd0336f7700802,Waseda University Modern Literature Society,Academics,Japanese Literature,"Centered on the production (creation, criticism, and editing) of our club magazine *Mare* for sale at the twice-yearly (spring and fall) Tokyo Literary Flea Market, we hold study sessions covering a wide range of fields—including general literature, critical theory, philosophy, film, music, and theater—as well as book clubs where we thoroughly analyze literary works, and lectures featuring guest speakers invited based on members’ interests. We also hold a summer retreat.We assume everyone has favorite authors or works. This is a place where you can reflect on what you like about them and why. While we certainly can’t claim to be a large organization, we are a club that supports what each member wants to do or study most right now—whether by receiving tremendous inspiration from people pursuing completely different interests or by organizing study groups with those who share similar goals. Students from other universities and international students are also very welcome.",Flexible based on members’ schedules / Student Union Building,None,machine_translated,not_reviewed,
C0217,3217,b71489404a36136f,Waseda Mystery Club,Academics,Japanese Literature,"We are a comprehensive literary club that welcomes all genres, including mystery, science fiction, fantasy, and light novels. Our first advisor was the renowned Edogawa Ranpo. Among our alumni are Kaoru Kitamura and Yusuke Miyauchi, who are now active as professional writers. Both avid readers and aspiring writers participate in our laid-back activities.",Irregular / 1:00 PM / Student Union Building,None,machine_translated,not_reviewed,
C0218,3210,6fe9362371ccabcb,Poets' Society,Academics,Japanese Literature,"We hold monthly critique sessions (1-2 times a month) where members bring their own works to discuss and critique. We also organize occasional roundtable discussions where interested members read poetry together. We publish and distribute our club magazine at the Tokyo Literature Flea Market. Beyond that, we just lounge on the sofas on the 11th floor of the Student Union Building, gazing at the Skytree while relaxing and doing whatever we please.Our motto is to be active only when it comes to writing and reading, while keeping other obligations and constraints loose enough to avoid burnout. Joining multiple clubs is, of course, welcome. Whether you’re fully committed to writing, just come to read and go home, or simply drift in and zone out, it’s all fine. While modern poetry and its creation form the core of our activities, we also welcome members with a focus on novels, plays, music, or criticism, and we are always looking for people who can help edit our club magazine.",Irregular / Student Union Building,None,machine_translated,not_reviewed,
C0219,3218,f49e2eee18716f97,Children’s Literature Research Society,Academic,Japanese Literature,"The Children's Literature Research Society is a comprehensive literary club consisting of five sections: creative writing, picture books and crafts, poetry, literary criticism, and storytime.Activities vary by day of the week: the Creative Writing section focuses on writing and critiquing novels; the Picture Books and Crafts section involves drawing and arts and crafts; the Poetry section involves writing and critiquing poetry, tanka, haiku, and other forms in a free style based on a given theme; and the Criticism section involves a ""reporter"" selecting a literary work for the group to discuss their impressions andcriticisms, and interpretations of literary works selected by a “reporter.” The storytime section holds paper theater and picture book readings for children visiting the Shinjuku City Tsurumaki Library. We also organize storytime events for children and produce booklets for the Waseda Festival. People interested in creative writing, those who want to play with children, and those who want to talk about the things they love come together to participate in a free and fun atmosphere.","Every Monday, Wednesday, Thursday, and Friday at 6:30 PM / Student Union Building; Every Saturday at 2:00 PM / Student Union Building",None,machine_translated,not_reviewed,
C0220,3749,8c5602b215ad5e31,Shubun-kai,Academics,Japanese Literature,"The Shubun-kai is a club whose main activities involve writing short stories of 2,000 to 5,000 characters—known as “competitive writing”—based on a given theme, sharing them among members, and holding discussion sessions. Competitive writing sessions are held once or twice a month, and past themes have included “Order,” “Re-[something],” and “Education,” among others. Additionally, we publish our club magazine, *Hakushi*, twice a year.We plan to distribute *Shirashi* at the Waseda Festival and the Literature Flea Market. In addition to our regular writing contests, we also hold “unlimited-word-count contests” about twice a year, where members can write as much as they like without any word limit.Attendance at every writing competition submission or feedback session is not mandatory; members tend to drop in casually whenever it suits their schedule. People interested in writing—whether it’s creative writing or editing—work together in a friendly atmosphere, regardless of their level of creative or reading experience!",As needed / Online or at the Student Union Building,None,machine_translated,not_reviewed,
C0221,3132,0ed12b00954c786f,Kyotaku-kai,Academics,Japanese Culture,"The Kyokuchukai is a Kinko-ryu shakuhachi club. Our appeal lies in our ability to perform a wide variety of songs, ranging from J-POP to classical honkyoku! Every Monday, we offer professional instruction at no annual membership fee. We are a traditional club with a history spanning over 100 years. You can join at any time, and it’s perfectly fine to be a member of other clubs as well.As an intercollegiate club, students from other universities are also welcome to join. The shakuhachi is a simple instrument made from bamboo with five holes. Because of its simple structure, it can produce a wide variety of tones, and since the sound changes depending on the player, the appeal lies in the fact that everyone can develop their own unique sound. It may be a little difficult to produce a sound at first, but our master instructors and upperclassmen teach with great care, so you’ll be able to play in no time. Why not start a hobby at university that you can enjoy for a lifetime?",Every Monday and Friday / 1:00 PM – 6:00 PM / Student Union Building,None,machine_translated,not_reviewed,
C0222,3135,dad281fae4100c62,Taketomo-kai,Academics,Japanese Culture,"The Waseda University Taketomo-kai is an organization dedicated to traditional Japanese classical music, founded in 1920 (Taisho 9). When you hear “traditional performing arts,” you might imagine something “stiff,” “dreary,” or “austere,” but all of our past members were people who had never had any exposure to traditional performing arts before!Beginners are more than welcome!! Plus, we’ve been collaborating with various groups recently, so there are plenty of performance opportunities for those eager to play! (However, the club’s official performances are limited to the study session in the first semester and the concert in the second semester, so it’s fine if you only want to participate in those or if you’re busy. In fact, that’s the case for most of us.)
/
/ We are the only group at Waseda University that performs koto, shakuhachi, and shamisen all under one umbrella.The Taketomo-kai practices with the goal of holding a study session in the spring semester and a solo Taketomo-kai concert in the fall semester. We also have training camps twice a year, in the spring and summer. We even get to go to places you wouldn’t typically visit on a regular club retreat!
/
/ The Taketomo-kai is a member of the “Waseda University Classical Performing Arts Federation” and the “Kanto Student Sankyoku Federation.”The Waseda University Classical Performing Arts Federation holds joint concerts twice a year: a spring concert and a performance at the Waseda Festival. We collaborate on welcoming events and social gatherings to foster active exchange among classical performing arts clubs within Waseda University. The Kanto Student Sankyoku Federation hosts various events, centered around two concerts and two training camps each year. With over 25 participating universities, you’ll have the chance to interact with students from other schools.
/
/  Takuyukai is a club with a 96-year history, so we have strong bonds across all generations. Above all, we have a warm, welcoming atmosphere where everyone is welcome!! We also have a spacious clubroom! If you have even the slightest interest in classical performing arts, please come try a practice session! We generally hold practice sessions every Saturday. Since we have an environment where you can practice anytime, even those busy with studies, part-time jobs, or other clubs can balance it all! We look forward to performing with you all!!!",Every Saturday afternoon (flexible) / Student Union Building,None,machine_translated,not_reviewed,
C0223,3789,aa0abf6c7f2e74fc,Waseda University Hosho-kai,Academics,Japanese Culture,"We are the Waseda University Hōshō-kai, a Noh theater club! We practice the dance and chanting of ""Noh,"" a traditional Japanese performing art passed down from the Muromachi period to the present, at a relaxed pace. Why not experience the charm of Noh, a tradition spanning 600 years, here at Waseda University?With instruction from professional Noh performers, you’ll soon be able to dance beautifully on the Noh stage. And when we all sing the soothing Noh chants together, even hearts weary from busy college life will gradually find peace... New members get free monthly fees! We don’t charge annual dues either. All you need is a pair of tabi socks! We provide the kimono used for performances.Please stop by the Student Union Noh Stage during your free time to enjoy a fun part of your college life! “Takasago, or raising sails on the Kono-ura boat, setting out with the moon and the sea…” All of us in the club look forward to seeing you!","Every Wednesday at 3:00 PM – Student Union Building Noh Stage B107, Kasai Noh Master’s Practice Stage (irregular schedule)",None,machine_translated,not_reviewed,
C0224,3130,2d19f99b1dba42d3,Kanze-kai,Academics,Japanese Culture,"We conduct practice, research, and outreach activities, centered around twice-weekly independent practice sessions and twice-monthly sessions with a master instructor.
/
/
/
/We hold a performance once a month, but participation is optional. The pace of practice is also flexible. You can begin practicing dance accompaniment in as little as six months and Noh in about a year and a half.
/
/
/
/Since our founding, we have published the research journal ""Kiridoguchi."" Our alumni include numerous researchers and theater professionals, and Noh performers who started with us continue to be active in the field.
/
/
/
/We share the stage with 12 other university Noh clubs, allowing you to make friends with whom you can connect even if you’re not very talkative.","Mondays: Room 110 Itanoma / Thursdays: B107 Noh Stage
/
/
/
/Master Classes: Tetsusen-kai Noh Training Institute (Omotesando)",Club website closed,machine_translated,not_reviewed,
C0225,3133,2cdecb1283a89cda,Kanharu-kai,Academics,Japanese Culture,"At the Kanharu-kai, we practice Noh dance (known as “shimai”) and chanting! We also receive instruction from professional teachers on an irregular basis.
/
/Being able to practice Noh at university is very rare, and it will undoubtedly be a truly valuable experience in your life!
/
/We meet three times a week! However, you can participate whenever you have free time, depending on your classes or part-time jobs, and in fact, very few members are able to come all three times a week. (Many members are also active in other clubs!)
/
/We hold training camps in the summer and spring, and every fall, we put on regular performances at Okuma Auditorium and host Noh workshops, so it’s very rewarding and will surely become a great memory of your college life!
/
/On a regular basis, members often go out to eat together or just hang out and relax!
/
/Many people worry, “What is Noh? I’ve never done it before—will I be okay?” But all of our current members are people who tried Noh for the very first time after entering university!
/
/Why not experience “Noh,” a form of art that packs Japanese culture into a concentrated form?
/
/We welcome visitors and new members at any time. Please feel free to ask us!","Tuesdays & Wednesdays, 2nd–3rd periods; Fridays, 6th–7th periods at Waseda University Student Union Building, B107 (Noh Stage)",None,machine_translated,not_reviewed,
C0226,3137,057fff5a8d72a579,長唄研究会,Academics,Japanese Culture,"A club to enjoy Nagauta ; Japanese traditional music performance

Nagauta is Japanese traditional music performance, originally played for Kabuki.

We plactice Nagauta together with a teacher from a Yoshizumi-ryu school on every Thursday evening.

You can make great experiences throughout many events including regular concert (twice a year), training camp in every summer and winter, and gathering of Nagauta club in other universities.

Come and be a member to enjoy singing and playing shamisen with us!",Every Thursday日/16:30-21:00/Student CenterJapanese-style room,None,existing_english,needs_review,Prefilled from English text already present in the official description.
C0227,3156,80ee42ede0c940a0,Rakugo Club,Academics,Japanese Culture,"Hello! We are the Waseda University Rakugo Club, commonly known as ""Rakken."" Rakken is a club with a history spanning over 70 years, and we have organized the major ""Waseda Yose"" rakugo performance series approximately 90 times! This ""Waseda Yose"" is famous among rakugo enthusiasts because it has featured numerous renowned rakugo masters...! Currently, our activities are centered around two main pillars: ""appreciation"" and ""performance""! For appreciation, we hold ""viewing sessions"" about once every two months and the annual ""Waseda Yose,"" where we invite professional rakugo performers so members can watch rakugo up close—activities designed to help us ""deeply enjoy"" rakugo.On the performance side, we hold “Club Member Live” events about once every two months, where we showcase the results of our daily practice in front of an audience—an activity designed to help us hone our skills. Whether you want to watch or perform rakugo, let’s come together, inspire each other, and learn more about rakugo! Knowledge comes naturally when you’re having fun. Rakugo is a form of popular entertainment, so don’t overthink it—just dive right in! Beginners and those with no prior knowledge are more than welcome!",Every Wednesday & Saturday / 2:30 PM / Student Union Building,None,machine_translated,not_reviewed,
C0228,3316,5d2fba6da0b7d711,Shimokake Hōshō-kai,Academics,Japanese Culture,"We are the ""Shimokake Hōshō-kai,"" a club dedicated to the Waki role! The Waki is a specialized role in Noh theater. So, what exactly is this character? If the Shite represents the spirit world, the Waki portrays a character from this world (a human). As such, the Waki plays a storytelling role. Now, while there are many Waki roles, the ""Shimokake Hōshō-kai"" is the only university club in all of Japan where you can practice the Waki role.What’s more, we receive free lessons from professional instructors every week. During our regular practice sessions, we focus on practicing “utai,” the choral singing portion of Noh. We also practice for actual performances on the Noh stage as Waki. Practice is held every Monday at 6:00 PM in Room 110 of the Student Union Building. You’re welcome to observe or try it out anytime!","Every Monday / 6:00 PM / Student Union Building, Itanoma Room 110",None,machine_translated,not_reviewed,
C0229,3131,ae2b10b0f4ad4415,Kyogen Research Club,Academics,Japanese Culture,"""Kyogen"" is a form of Japanese comedy with a history of over 600 years. We study and practice Kyogen, performing in our own productions twice a year as well as on many other stages. This club was founded by Mr. Mansaku Nomura, the father of the renowned Mr. Mansai Nomura. We continue to receive instruction from the teachers of the Mansaku-kai, maintaining an active relationship with them.Our goal is to enjoy the humor of Kyogen and use our expressive skills as students to spread it in the modern world. Although we are a small group, most of our members participate in multiple clubs, and our high level of flexibility is one of our attractions. We actively interact with various Kyogen and Noh clubs from within Waseda to across the country, expanding our network of connections. Rehearsals are completely open, so please feel free to drop by anytime!",Every Tuesday: Student Union Building B107 Noh Stage / Every Friday: Student Union Building 110 Itanoma / 6:00 PM – 10:00 PM (Open to all),None,machine_translated,not_reviewed,
C0230,3093,740c459bc3c0b343,Manga Research Club,Academics,Japanese Culture,"■ Main Activities:
/
/ Retreats: Twice a year (spring and summer); if we’re feeling motivated, we might hold one in winter too.
/
/ Club Magazine: We produce and publish “Waseda Manga” twice a year.
/
/ Plus, we have tons of events throughout the year.
/
/ ■ Membership Fees: Free forever!
/
/ ● Free membership fees? There’s no such thing as a free lunch.
/
/→ Sharp observation. You’re half right. We raise funds by drawing tons of caricatures at the Waseda Festival in the fall. Both the artists and the promoters get absolutely exhausted.
/
/
/
/● So that means people who can’t draw caricatures are useless, right?!
/
/→ Don’t worry—on the day of the event, even those who can’t draw caricatures will be working their hardest to attract customers.",Every day / Clubroom,None,machine_translated,not_reviewed,
C0231,3136,026e05d059814337,Ininkai,Academics,Japanese Culture,"Hello! Ininkai is a traditional performing arts club that practices and performs shigin (poetry recitation), kenbu (sword dance), and senbu (fan dance). If you’re wondering, “What is shigin?”, look it up online! In kenbu, we swing swords in time with the shigin—it’s so cool! In senbu, we dance gracefully with fans—it’s beautiful! Current members and alumni are happy to teach you.Beginners are more than welcome! Most of our members started with no prior experience! Twice a year, we hold training camps where we visit our master instructor’s dojo in Kobe. Even outside of these camps, our master instructor sometimes comes to the university to teach us.
Additionally, Ininkai is unique among university clubs in that we have four partner clubs: the Mori no Kai, the Waseda-Keio Rivalry Support Club, the Hoshi-kai, and the Waseda Spirit Uplifting Society (all officially recognized clubs). We actively interact with members of these groups.That’s why Iningikai lets you experience the full range of Waseda events! From the Waseda-Keio Rivalry Match and the Hyakuhai to Waseda Festival and more—fun events are galore. Of course, we also have plenty of opportunities to interact with shigin clubs from other universities, ranging from Keio University, Meiji University, and the University of Tokyo in the east to Kansai University, Ryukoku University, and Okayama University in the west!
Plus, we have a spacious clubroom! Please make it your hub for campus life. It’s so comfortable, there are even rumors that some members have practically moved in…
You might think traditional performing arts sound stuffy, but our daily activities are laid-back! Come experience a club life that suits you, free from any “obligations,” at the Inaginkai!",Every Friday / Periods 3–5 (1:10 PM – 6:40 PM) / Student Union Building,None,machine_translated,not_reviewed,
C0232,3149,b37b38060079abfb,Flower Arrangement Research Society,Academics,Japanese Culture,"The Ikebana Club holds ikebana (Ikenobo) lessons every Tuesday. The sessions run from 5:00 PM to 8:00 PM, and we invite an Ikenobo instructor to teach us each time. Lessons take place in the tea room of the Student Union Building, where we practice in a calm atmosphere within a tatami-mat room. With fewer than 20 members, the club is relatively small, so everyone gets along well, and during lessons, the instructor is able to provide thorough guidance to each student.Anyone can join our club regardless of year, college, or prior experience, and in recent years, we’ve welcomed many international students. Therefore, we highly recommend this club to international students who want to learn about Japanese culture, as well as to students who wish to deepen their connections with international students! In addition to our regular practice sessions, we display our work at various events such as the Waseda Festival and major flower exhibitions. We also hold regular dinner gatherings to provide opportunities for members to bond.We welcome trial sessions and visits at any time, so if you’re interested, please feel free to contact us via email ([email protected]), X (@ikeken_waseda), or Instagram (@ikeken_waseda) DM! All of our members look forward to meeting you.","Every Tuesday / 5:00 PM – 8:00 PM / Student Union Building, Tea Room 106",None,machine_translated,not_reviewed,
C0233,3729,d40c3b2c4a041c3f,Waseda University Koto Music Society,Academics,Japanese Culture,"The Koto Music Society is a traditional Ikuta-ryu koto club with a history spanning over 60 years since its founding. In this club, you can engage with a wide variety of pieces, ranging from classical koto music to contemporary compositions. Experienced players are welcome, of course, but beginners are also very welcome. We also actively welcome international students, students in their second year or higher, and students from other universities. Joining multiple clubs is also allowed. Our regular activities mainly consist of weekly lessons or practice sessions.During lessons, you will receive careful instruction from professional instructors. On weeks without scheduled lessons, we hold practice sessions. Regardless of seniority, everyone practices together in a friendly and harmonious atmosphere. By practicing together, even beginners can improve quickly. In addition to holding an annual concert, we have a full schedule of events, including summer training camps and performances at the Waseda Festival.Furthermore, our club is a member of the “Waseda University Classical Performing Arts Federation” and the “Kanto Student Sankyoku Federation,” so we actively engage in exchanges with clubs at Waseda University and other universities. Through these exchanges, you can meet fellow students who are passionate about classical performing arts and traditional Japanese instruments. If you have even the slightest interest in the koto, joining our club is a great way to get started. The koto is also a hobby you can enjoy for a lifetime.Come join the Koto Music Research Society and enjoy a fulfilling student life! We look forward to hearing from you. (Email: [email protected])",Every Friday / 3:00 PM – 7:00 PM / Student Union Building,None,machine_translated,not_reviewed,
C0234,3353,a912547f10e4cceb,Waseda Yose Performing Arts Society,Academics,Japanese Culture,"We, the Waseda Yose Performing Arts Research Society, primarily organize comedy live shows featuring manzai and skits. We hold regular live shows 4–5 times a year at venues near the university, each lasting two days. We also occasionally hold joint live shows with other comedy clubs. All the material performed at our shows is original work created by our members. While we are keenly aware of the challenges of writing comedy material, we strive every day to make our audience laugh as much as possible.In addition to our live shows, during summer break we visit several hospitals across Japan to perform comedy shows as volunteers. At the Waseda Festival held in November, we rent a classroom and hold a “7-Hour Non-Stop Live Show,” where club members take turns performing non-stop.",Every Tuesday & Friday / 4:30 PM / Student Union Building,None,machine_translated,not_reviewed,
C0235,3358,b6db7cc9ce39e1e8,Ijikkko Manga Group,Academics,Japanese Culture,"We are an original creation club, commonly known as ""Ijiman""!
No experience or confidence? You’re more than welcome! We create original manga, illustrations, novels, and more, and publish them as a book!
● Activities
Production and publication of the club magazine ""Solange"" 9–10 times a year
We publish ""Solange,"" a club magazine compiling members’ original works.Anything that can be expressed on paper—manga, illustrations, novels, and more—is welcome!
〇 Exhibiting at and distributing ""Solange"" at Summer and Winter Comiket, COMITIA, and Waseda Festival
We distribute the completed issues of ""Solange"" at various doujinshi conventions! Since we participate in two types of conventions in both summer and winter, we attend a total of four times a year!
At Waseda Festival, we take over an entire classroom to host a variety of events! We work together as a club to prepare and run everything, including exhibitions of original works, distribution of ""Solange"" and merchandise, and live drawing sessions!
〇 Summer and Winter Retreats
We hold two 2-night, 3-day retreats each year—one in summer and one in winter! Summer retreats are usually held in coastal areas, while winter retreats are often at hot spring resorts!
We go sightseeing, relax, create art, and just take it easy—everyone spends their time however they like!
〇 In addition to that, we have plenty of other events, such as live drawing sessions, clubroom art sessions, and dinner parties!
All activities are optional, so you can enjoy creating art at your own pace!!
● Membership Fees
New Members: Annual fee 5,000 yen + enrollment fee 1,000 yen
The fee is a bit higher because we publish a club magazine… we appreciate your understanding!",Irregular (days vary) / Club Room (Student Union Building E827) · Discord,None,machine_translated,not_reviewed,
C0236,3157,e5d195afc594077f,Shoujo Manga Research Club,Academics,Japanese Culture,"We enjoy a wide range of media, including shōjo manga, manga, anime, and 2.5-dimensional musicals. We do not have regular scheduled activities; instead, members gather in the club room at their convenience to socialize. The club room is equipped with manga, a TV, and computers, making it a relaxing place to spend free periods.Our annual events include orientation for new members, watching the Waseda-Keio rivalry game, end-of-first-semester and end-of-second-semester parties, a special exhibition at Waseda Festival, a Christmas party, and the publication of our club magazine. We sell our published magazines at events like the Summer and Winter Comic Markets. Participation in all events is optional, so members who belong to other clubs are more than welcome! We also welcome beginners to contribute to our club magazine! We accept applications from students in their second year or higher, as well as those joining after the orientation period, so please feel free to contact us if you’re interested!",Irregular schedule / Student Union Building E531,None,machine_translated,not_reviewed,
C0237,3161,7b3afb180563642d,Waseda University Takarazuka Revue Lovers' Club (Saho-kai),Academics,Japanese Culture,"Three times a year, we handle everything from planning to production of the magazine ""Yume no Hanataba"" (Bouquet of Dreams). In the summer, we go on a retreat to the Takarazuka Grand Theater. Whether you’re already a fan, have never seen a performance before, or are a man, please feel free to come join us!","Irregular / Student Union Building, Hibiya",None,machine_translated,not_reviewed,
C0238,3159,ce5750ce4c7dfbd4,"Tsugaru Shamisen Club ""Mitsuba""",Academics,Japanese Culture,"With the motto ""Spreading the joy of Tsugaru shamisen,"" we are a club that performs ensemble music exclusively on the Tsugaru shamisen—a rarity even nationwide. While most members started playing the shamisen in college, we have a club room where you can practice on your own whenever you like, allowing everyone to progress at their own pace. We receive technical guidance from upperclassmen and alumni who have won awards at national competitions, and there’s a welcoming atmosphere where underclassmen feel comfortable asking questions!Since we practice together all the time, the members get along very well, and as an intercollegiate club, we have members from a variety of universities! We have won numerous awards at competitions, and at the Tsugaru Shamisen World Championship held annually in Hirosaki City, Aomori Prefecture, we achieved four consecutive victories in the Group A category from 2016 to 2019. Looking at our track record, you might think our practice sessions are intense, but usually, we just relax and enjoy playing the Tsugaru shamisen together.We are actively involved both domestically and internationally, performing not only at university events like the Waseda Festival but also at welfare facilities such as day care centers, local festivals, and corporate events. We even travel abroad several times a year to perform upon request.At Mitsuba, we welcome anyone who shares our spirit of “enjoying the Tsugaru shamisen together.” We’ve also posted videos on YouTube, so please check them out. We’re sure you’ll fall in love with the charm of this instrument.",Every Friday / 5:30 PM – 7:30 PM / Nearby facilities,None,machine_translated,not_reviewed,
C0239,3116,cde632a2bf7caac5,Biwa Circle: Bishamon,Academics,Japanese Culture,"We are Japan’s premier student biwa club. We specialize in the Tsuruta-ryu Satsuma biwa, known for its powerful tone. Under the guidance of a professional instructor, you can enjoy playing the biwa at your own pace. All members are beginners who started in college, so you can feel at ease.In addition to classical pieces based on Japanese history—such as ""Gion Seisha,"" ""Honnoji,"" ""Atsumori,"" and ""Nasu no Yoichi""—you can challenge yourself with a variety of genres, including modern pieces, ensemble performances, and original compositions. Beyond our regular activities, we hold three concerts a year in March, June, and November, and we also perform at the Classical Performing Arts Federation’s joint concert ""Wagaku"" and library concerts. Furthermore, in the summer, we go on retreats to places like Lake Kawaguchi.We also have a comfortable club room fully equipped with amenities like a refrigerator and microwave! Plus, you don’t need to buy your own instruments! Whether you’re looking for a laid-back club experience, interested in traditional Japanese instruments or music, or simply love music… everyone is welcome, regardless of grade or school!",Every Tuesday / Periods 4–6 / Japanese-style room on the 1st floor of the Student Union Building,None,machine_translated,not_reviewed,
C0240,3365,084bbdb3dbf7e7e1,Waseda University Doraemon Research Society,Academics,Japanese Culture,"We usually enjoy reading manga and watching anime featuring Doraemon and other works by Fujiko. In April and May, we hold a welcome party for new students, where we watch Doraemon movies. In June, we visit the Fujiko F. Fujio Museum in Kawasaki City.During summer break, we go on a summer camp. In past years, we’ve visited a variety of locations. These range from places associated with Doraemon—such as Toyama Prefecture, the birthplace of the series’ creator Fujiko F. Fujio; Hokkaido, home to the Doraemon Waku Waku Sky Park; and Hakone, where we participated in a Doraemon stamp rally—to places unrelated to Doraemon, such as Aichi Prefecture.We also celebrate Doraemon’s birthday on September 3rd. For the past few years, we have visited the Fujiko F. Fujio Museum on that day. Once summer vacation ends, preparations begin for the Waseda Festival, held in early November. Every year at the Waseda Festival, we host the “Doraemon Quiz,” where visitors can test their knowledge of Doraemon.After the Waseda Festival, we return to our regular activities. In December, we hold a reunion where we can interact with our alumni. Then, around Christmas, we visit the Fujiko F. Fujio Museum. Once spring break begins, we go to see the new Doraemon movie, which is released every March. If you love Doraemon, we look forward to seeing you!",Irregularly every Monday / 6:15 PM / Student Union Building,None,machine_translated,not_reviewed,
C0241,3350,856f7c785ede9ff0,Young People’s Kimono Club,Academics,Japanese Culture,"The Young People’s Kimono Club holds kimono and yukata dressing practice sessions once or twice a month in the Japanese-style room at the Student Union Building! We also go on leisurely strolls in kimono to places like Asakusa, Kamakura, and Kawagoe, and participate in kimono-related events—our activities are laid-back and relaxed! Even if it’s your first time wearing a kimono, you’ll be able to put it on easily after just two or three practice sessions, so it’s a lot of fun! ♪ Men and international students are, of course, more than welcome! Our activities include: April: A welcome event featuring a kimono-wearing experience and a dinner party; around May: Participating in the ICC Japanese Culture Event to let international students try on yukata; around June: A stroll through Kamakura when the hydrangeas are in full bloom; August: Summer festivals and fireworks displays in yukata; September:retreats to places like Kyoto, Nikko, and Chichibu; sessions to learn kimono dressing from a professional instructor; the wind chime event in Kawagoe; November: letting visitors try on kimonos at the Waseda Festival… and much more!",No specific days/Starting at 4:30 PM/Japanese-style room in the Student Union Building,None,machine_translated,not_reviewed,
C0242,3607,23d15e15baedba03,Team Tea Ceremony,Academics,Japanese Culture,"As Waseda University’s first graduate-level cultural club dedicated to the tea ceremony, we practice daily alongside international students from more than seven countries.Team Tea Ceremony brings together Japanese and international students from the three universities in the Science City, working as a single team regardless of nationality, age, or university affiliation. Every year, we host a large tea ceremony called the “International Student Men’s Tea Gathering,” which has become a local specialty of Kitakyushu. Recently, we also went on an overseas tour. Through traditional Japanese culture, we can connect people across national borders.",Every Wednesday–Friday / 11:00 AM–4:00 PM / Inside the FORSNET Office (Kyoto Science City International Student Support Network),None,machine_translated,not_reviewed,
C0243,3621,a594038def533a2e,Waseda Branch of the Pokémon Lovers Club,Academics,Japanese Culture,"We are the only officially recognized Pokémon club at Waseda University! During our weekly regular meetings, we not only play Pokémon games and cards but also engage in various Pokémon-related activities. At the end of every month, we hold a tournament for all club members using Pokémon games. We also host exchange events with Pokémon clubs from other universities, so you can make lots of friends who love Pokémon! In addition to Pokémon-related activities, we hold events such as dinner parties, karaoke contests, and barbecues, as well as training camps during summer and spring breaks.This year, our club members advanced through the national qualifiers in both the video game and card game categories and made it to the World Championships! This is a fun club for everyone, whether you’re someone who wants to “dive deep into Pokémon” or simply “loves Pokémon”! If you’re interested, please feel free to contact us!",Every Wednesday / 4:30 PM / Student Union Building,None,machine_translated,not_reviewed,
C0244,3738,e283599538f162b0,Waseda University Costume Research Society,Academic,Japanese Culture,"While many people know how to put on a yukata or kimono, very few can properly don a kariginu or ikkan. A kariginu is a relatively active style of clothing worn for activities such as falconry and kemari, while an ikkan is a simplified version of the attire worn when attending court.Our Costume Research Society is a club where members can actually dress others in—and wear—Heian-period attire that is rarely encountered in everyday life. We start with basic tying techniques, so no prior knowledge is required; with practice, anyone can learn to dress others in these garments. Since we use costumes owned by the club, there is no need for members to provide their own. Our main activity is practicing dressing techniques, and during the Waseda Festival, we also have opportunities to dress visitors. Come join us and enjoy the elegant world of traditional Japanese attire!",Once a week (irregular schedule) / (On weekdays) 6:00 PM / Japanese-style room in the Student Union Building,None,machine_translated,not_reviewed,
C0245,3061,86e938ad80fe84ee,International Affairs Research Society,Academic,Academics,"This year’s research theme is “Russia’s Invasion of Ukraine, Israel’s Invasion of Gaza, and Tensions in East Asia—Examining a World of Conflict Where the U.S., China, and Russia Collide.”
/
/
/
/ Two years after Russia’s invasion of Ukraine, the world is becoming increasingly turbulent, intertwined with the deepening conflict between the U.S. and China.Since Israel’s invasion of Gaza began last October, the risk of nuclear war has surged rapidly in East Asia, with the focus on Taiwan and the Korean Peninsula.
/
/
/
/　There has never been a more critical time to confront the modern world, where so many people suffer from war, division, poverty, and oppression. Let’s study together how to resolve these issues while resisting the rising tide of nationalism.
/
/
/
/　Our regular activities consist of weekly club meetings. We collaboratively research the latest international issues using newspapers and news reports as our source material. The results of our research are presented at the Waseda Festival. The true appeal of the International Studies Research Club lies in the opportunity to shape your own worldview through collaborative research. No prior knowledge is required. If you are interested, please start by registering for our official LINE account.",Once a week / Student Union Building,None,machine_translated,not_reviewed,
C0246,3059,dce12f9dee352ad4,"Group for Reflecting on War, Poverty, and the Environment",Academics,Academic,"We are a club that addresses current issues in Japan and around the world, delving deeper into them through discussion. Through this process, we aim to cultivate the ability to gain deep insight into the crises facing the modern world and to form our own well-grounded views on society. Our club offers the unique rewards and enjoyment of collaborative research. We also plan to participate in fieldwork and organize exhibits for the Waseda Festival.
/
/
/
/〔Here is the research we will be conducting in the 2024 academic year↓〕
/
/　More than two years have passed since Russia’s military invasion of Ukraine—a barbaric act of the century. Following Israel’s massacre of the Palestinian people, here in East Asia, the United States, Japan, and China are intensifying their military standoff over Taiwan. Japan’s Kishida administration has now completely abandoned the principle of “exclusive defense” and is pushing forward with the creation of a “war-capable nation” capable of launching preemptive strikes alongside the United States.
/
/
/
/　This year, we will explore paths to transcend the modern world that has entered an “era of war and massive military expansion.” What are the aims of the constitutional revision plotted by the government and the Liberal Democratic Party? What is the reality of this unprecedented military buildup? What is the reality of military research mobilizing universities?
/
/
/
/　What is “Putin’s War”? What drives the Ukrainian people to resist so tenaciously? What was the collapse of the self-proclaimed “socialist” Soviet Union? — We will research these issues under the annual theme “Resisting New Fascism.”
/
/
/
/　We hold information sessions on an ongoing basis, so please come and hear what we have to say! We look forward to hearing from you.","1–2 times a week / Clubroom E530, Student Union Building",Club website closed,machine_translated,not_reviewed,
C0247,3541,33bb50789ff4b46d,Waseda Social and Environmental Engineering Research Society,Academic,Academic,"The Waseda Society for Social and Environmental Engineering (Shakanken) is a club dedicated to deepening interest in social and environmental engineering. It is composed of students studying social and environmental engineering—a field that supports cities and the nation through structures such as bridges, tunnels, rivers, and roads.
In addition to exchanging information on civil engineering, our main activities include organizing project site visits 2–3 times a year, social gatherings, and trips to view outstanding civil engineering structures.During site visits, we tour the sites of the latest construction projects both within and outside the Tokyo metropolitan area, allowing us to experience firsthand the large-scale nature of civil engineering work. These visits also provide a valuable opportunity to hear about practical aspects of the field, such as construction processes.
Members also occasionally organize walking tours of the city or short trips together. With background knowledge in fields like geography or folklore, the streets, roads, and bridges you’ve walked past without a second thought might just reveal a whole new side to you!
Another advantage is that our base of operations is located on the Nishi-Waseda Campus. As a historic club founded in 1974 and originating from the River Engineering Seminar, we welcome not only those interested in civil engineering but also anyone who loves—or hopes to come to love—urban planning, transportation, and community development.
[2025 Activities]
・Walking tour of the Shibuya area (June)
・Visit to a highway construction site (July)
・Visit to an underground airport station construction site (July)
・Site visits and urban structure analysis activities in the Republic of Indonesia (August)
・Port tour (scheduled for January 2026)",Almost every day / Nishi-Waseda Campus,None,machine_translated,not_reviewed,
C0248,3276,a64c6434c4676347,Qualification Getter,Academics,Academics,"Our club aims to help members obtain a wide variety of certifications, ranging from those useful for job hunting—such as TOEIC and bookkeeping—to national certifications like Real Estate Transaction Manager and Financial Planning Specialist, as well as novelty certifications like the Ninja Certification and Okonomiyaki Certification.We are an intercollegiate club with approximately 150 members. Our regular activities take place every Tuesday and Thursday during the 3rd, 4th, and 5th periods, when we open our club room in the Student Union Building to study for certifications and exchange information. On weekends, we organize group exam sessions, and we hold monthly general meetings.We also participate in events such as 100-kilometer hikes and the Waseda Festival. During the long summer and spring breaks, we hold training camps where all participants take certification exams together. At the 2016 summer camp, we earned Barbecue Instructor certifications, and at the 2017 winter camp, we took the Ski and Snowboard Certification exams. We enjoy our activities while encouraging and competing with one another.",Every Tuesday and Thursday / 1:00 PM – 6:00 PM / Student Union Building,None,machine_translated,not_reviewed,
C0249,3249,8c1b476286c763ea,Education and Teaching Club T-team (T-team),Academics,Academics,"We are the Education and Teaching Career Club T-team, the only Waseda University-recognized club focused on education. While we may seem serious at first glance, we actually have a friendly atmosphere where members from various departments work together! We meet twice a week on Tuesdays and Thursdays during the 6th and 7th periods. Our activities center around mock lessons, where we actually teach classes and discuss what went well and what could be improved.We also hold events where we work together to help with essential procedures for pursuing a teaching career, such as course registration and completing the teaching career portfolio. We organize field trips and trips, making this a great club for making friends who share your goal of becoming teachers. Sometimes we even have fun playing card games like poker after class…! We post specific activity dates and details on X (formerly Twitter) and Instagram. All of us in the club look forward to welcoming you, new students!",Every Tuesday & Thursday / 6:55 PM / Student Union Building,None,machine_translated,not_reviewed,
C0250,3555,341f94463333a635,Clinical Psychology Research Society,Academic,Academics,"We hold study sessions on clinical psychology and engage in volunteer activities at sites related to psychology. Our main activities include assisting with SST (Social Skills Training) sessions at rehabilitation facilities, taking notes during sessions, chatting with participants at tea parties, and conducting debriefings with facility staff and SST instructors. Since these activities do not require any special skills, you are welcome to participate with the mindset of a field trip.We also hold study sessions to prepare for graduate school entrance exams in clinical psychology, including summarizing key terms and practicing past exam questions. These sessions are held at locations such as the Tokorozawa Campus to accommodate participants’ schedules. Additionally, as volunteers supporting individuals with social withdrawal, we participate in the monthly meetings of the self-help group “KHJ West Tokyo ‘Moe no Kai’ Gathering Place Cosmos” and engage in school student volunteer activities.",First and third Sundays of every month / 8:30 AM – approx. 11:00 AM / 15-minute walk from Takadanobaba Station,None,machine_translated,not_reviewed,
C0251,3765,2b81101a20d029d2,Science and Engineering Academic Club Wathematica,Academics,Academics,"Wathematica is a science and engineering academic club that is mainly active on the Nishi-Waseda Campus! Students interested in fields such as mathematics, physics, and computer science gather here to conduct independent study groups.
/
/
/
/At Wathematica, members are free to choose the topics they want to study and explore them in depth through seminar-style sessions. While studying at university can sometimes be discouraging when done alone, learning collaboratively with peers helps maintain motivation and deepen understanding. Additionally, members can strengthen their bonds through regular social gatherings, as well as annual events such as presentations and retreats.
/
/
/
/While many of our members are science and engineering students, the number of members from a wide range of other departments is growing every year. Students from the humanities who are interested in science and engineering are also very welcome!
/
/
/
/Wathematica is a place to share a passion for learning, think independently, and deepen your understanding. If you’re interested, please join us. Let’s deepen our knowledge together and enjoy new discoveries and interactions.","Weekdays (irregular schedule) / Free periods or 5th and 6th periods / Building 61 Learning Commons, etc.",None,machine_translated,not_reviewed,
C0252,3794,205c0b49706c6e1e,Waseda University Problem-Setting Circle,Academics,Academics,"[Activities]
The Waseda University Exam Question Creation Club (hereinafter ""Sakusar"") creates exam questions for a wide variety of subjects! From science subjects like math, physics, chemistry, and biology to humanities subjects like English, Japanese history, world history, and modern Japanese literature—some members even create questions for niche subjects like home economics and information technology! Of course, we don’t limit ourselves to high school level; we’re happy to create questions for middle school or even elementary school levels too! Let’s create your very own original questions!
[How to Enjoy]
We have a track record of establishing the ""National Problem-Setting Circle Federation""! There is a Discord server where problem-setting circles from all over the country gather. It’s a chance to hear from all kinds of people!!
We hold retreats twice a year. In addition to problem-setting activities, you can bond with members regardless of grade level through recreational activities!
We sell original problem books created by our members at the Waseda Festival and the Science and Engineering Expo. Why not include your favorite problem in the book!?
We also actively interact with students from other universities! In the past, we’ve held events like collaborative mock exams and the Waseda-Keio Showdown!!
[Features of Our Club]
Creating problems for any subject is welcome!
Since we’re an inter-university club, students from other universities are welcome too!
We’re not big on drinking parties!","Mondays, Wednesdays, and Thursdays, 5th and 6th periods
We usually use classrooms in Building 3!",None,machine_translated,not_reviewed,
C0253,3088,17bb71d203be8041,Railway Research Club (WRC),Academics,Hobbies,"The Waseda University Railway Research Club (WRC) is one of the largest university railway clubs in Japan. From monthly meetings to summer camps and booths at the Waseda Festival, we hold various events throughout the year where railway enthusiasts gather to deepen their connections. Our diverse membership ranges from casual enthusiasts to hardcore fans, and each member deepens their knowledge of railways in their own unique way.While the term “railway hobby” may seem broad, it encompasses a wide range of interests, including photography, model railroading, and rolling stock research. To accommodate these diverse interests, we have established “special interest groups” where members can engage in activities tailored to their specific passions, allowing for deeper exploration of particular fields. Our main events include welcoming new students during orientation week with cherry blossom viewing parties, model train operating sessions, chartered train rides, and training camps.During our summer retreat, members travel on their own routes, meeting and dispersing at their destinations, and we always include a tour of a rolling stock depot. We exhibit at the Waseda Festival every year, showcasing a massive model railway layout, railway photographs, parts, and other displays that bring together the collective expertise of our various sub-committees.We also publish our club magazine, “Switcher,” to share our members’ research findings with the public. Additionally, we receive media coverage from magazines and TV stations, as well as requests for railway-related work. One of our club’s defining features is the many unique experiences available only through WRC. If you’re even slightly interested, please feel free to drop by our clubroom in the Student Union Building!","Every Monday through Saturday / Student Union Building, Club Room E516 (Open to all)",None,machine_translated,not_reviewed,
C0254,3277,e6be91b5ce63f8f2,Cafeteria Research Society,Academics,Hobbies,"Founded in 1999, this is Japan’s oldest university cafeteria research club. We evaluate cafeterias using our own proprietary survey forms and compile a cafeteria ranking every six months. These rankings have garnered significant attention, and we have collaborated with numerous media outlets in the past, including Mezamashi TV, World Business Satellite, Weekly Asahi, and J-WAVE! Throughout the year, we visit cafeterias at various universities, not just Waseda.Furthermore, we hold retreats twice a year, in August/September and March. We travel to distant cafeterias that we wouldn’t normally visit, enjoying a different kind of fun together that sets us apart from our regular study group activities. About two or three times a week, all members casually participate in our regular activities at their own pace. Since attending three of our regular cafeteria study sessions is one of the requirements for joining, please feel free to come check us out first!",Irregular / Cafeterias in Tokyo,None,machine_translated,not_reviewed,
C0255,3486,e1e4afe75e9d23e1,Special Effects Council,Academics,Hobbies,"As a group dedicated solely to ""viewing"" tokusatsu works, we are a club that watches a wide range of films and videos utilizing tokusatsu techniques. Our objectives are, first, to enjoy watching these works while sharing our appreciation with others; second, to rediscover the value of tokusatsu as a traditional Japanese art form; and third, to analytically evaluate the artistic and representational qualities of these works to uncover new value within them.As a result of these efforts, we self-publish collections of essays based on various themes and distribute them twice a year at Comic Market. Our activities are divided into regular and special events. During regular activities, we watch 3–4 seasons of shows on a regular basis, while special activities involve participating in various special effects-related events as needed.Additionally, we organize a large-scale tour in the spring and hold a summer retreat. We are a club that not only fulfills our hobbies and strengthens our knowledge but also fosters active interaction among members. Depending on the activity, we engage with visual media beyond tokusatsu—such as anime and films—to broaden each member’s horizons and cultivate their aesthetic sensibilities.",Every Wednesday from 4:30 PM / Every Saturday from 1:00 PM at the Student Union Building,None,machine_translated,not_reviewed,
C0256,3799,9af6186693b4df9c,None,Academics,Hobbies,No information,No information,None,machine_translated,not_reviewed,
C0257,3800,9af6186693b4df9c,None,Academics,Hobbies,No information,No information,None,machine_translated,not_reviewed,
C0258,3801,9af6186693b4df9c,None,Academics,Hobbies,No information,No information,None,machine_translated,not_reviewed,
C0259,3802,5264a1e14a711a3c,Waseda University Gensokyo Research Society,Academic,Hobbies,"We are the Waseda University Touhou Club, the ""Gensokyo Research Society,"" commonly known as Geso-ken!
/
/
/
/・Activities?〈In-Person Activities〉
/
/During our regular in-person meetings, we play the original Touhou Project shooting games and fan-made Touhou board games!
/
/In addition to the activities mentioned above, we also hold small-scale gatherings on an irregular basis after school on class days!
/
/
/
/・Activities? <Online>
/
/We mainly use Discord for communication, where we stream the original games via voice chat and play Touhou TRPGs with multiple people!
/
/
/
/・Activities?〈Event Participation〉
/
/Every May and November, we participate as a circle in the ""Hakurei Shrine Grand Festival"" held at Tokyo Big Sight!
/
/At the Grand Festival, we create and distribute our circle’s anthology, ""Gensou Nenpo""!
/
/We also participate in the Waseda Festival every year, where we prepare various events such as demo play sessions for the original games!
/
/
/
/・Activities?〈Retreats〉
/
/During long school breaks (spring and summer), we go on circle retreats!
/
/At these retreats, we go on pilgrimages to Touhou holy sites and enjoy playing board games and the original games together!
/
/Past retreat locations have mainly included Suwa, Kyoto, Nikko, and Sado!
/
/
/
/・Membership Fees
/
/Membership fees are collected annually. The amount varies by fiscal year but is generally around 2,000 to 3,000 yen.
/
/
/
/・Joining
/
/We accept new members year-round! Inter-university students and international students are welcome!
/
/Please contact us via DM on Geso-Ken X (@studyoftoho) or via Gmail!","In-person activities are held about once or twice a month (around 1:00 PM to 7:00 PM) at the Student Union Building, classrooms, meeting rooms in the Waseda area, etc.
/
/In addition, small-scale activities are held on an irregular basis. We also interact online via platforms such as Discord.",None,machine_translated,not_reviewed,
C0260,3803,9af6186693b4df9c,None,Academics,Hobbies,No information,No information,None,machine_translated,not_reviewed,
C0261,3804,9af6186693b4df9c,None,Academics,Hobbies,No information,No information,None,machine_translated,not_reviewed,
C0262,3798,0d890b05e2ed3925,Waseda Vocaloid Fan Club,Academics,Hobbies,"The Waseda University Vocaloid Fan Club is a student group where students who love synthetic voices, particularly VOCALOID, gather to enjoy their shared interests. Our regular activities include introducing each other to our favorite Vocaloid songs, holding Vocaloid-themed quiz nights, and going to karaoke together to foster camaraderie among members. In addition, we organize Vocaloid DJ events and participate in the university festival.When these events are approaching, preparations for them become part of our regular activities. We welcome new members regardless of their level of knowledge about VOCALOID. As we are an intercollegiate club, we also accept students who do not belong to Waseda University.",Irregular schedule / 5:30 PM / Student Union Building,None,machine_translated,not_reviewed,
C0263,3781,25611fd62b3e5e49,Waseda University VTuber Research Society,Academic,Hobbies,"We are Waseda’s only officially recognized VTuber club!
/
/
/
/■VTuber Planning & Management (VTuber Bureau)
/
/We are currently managing our second-generation official VTuber, “Satsuki Hayayumi.”
/
/We are also planning for our third-generation official VTuber!
/
/We handle everything in-house, including planning, model creation, video editing, and PR.
/
/
/
/■Publishing Activities (Editorial Bureau)
/
/We participate in events like Comic Market and Bungaku Flea Market to distribute our club magazine *VTrue* and research journal *Waseda V-Gaku*!
/
/We allow interested members to enter as vendors, so aside from their approximately 2-hour shifts, they can enjoy the event with the club covering their admission fees!
/
/
/
/■Exchanges with Other Universities
/
/We are a founding member of the Kanto VTuber Federation (V-Uni) and participate in joint activities and exchange events.
/
/You’ll also expand your circle of fellow fans with students from other universities!
/
/
/
/■Other Activities
/
/Any member can propose and carry out new activities related to the club’s objectives, such as VTubers or VR!
/
/We provide funding for each activity (project) as needed.
/
/
/
/■Membership Fees
/
/Membership is free for your first semester!
/
/Starting the following semester, we charge a fee of 1,000 yen per semester (2,000 yen per academic year).
/
/Membership fees are used for club operations, producing publications, and purchasing books and supplies.
/
/
/
/■Tags
/
/Virtual YouTuber, VR, Publishing, Research, Comiket, Bunfuri, Doujinshi, Waseda VTuber Research Club, Waseda VTuber Research","As needed / Primarily online, in-person as necessary",Other links are broken,machine_translated,not_reviewed,
C0264,3770,93f7f2a1affab526,Waseda University Fortune-Telling Research Club,Academics,Hobbies,"The Waseda University Divination Research Society is the only officially recognized divination club at Waseda University.
/
/
/
/You can learn a wide range of divination techniques, including palmistry, tarot, Western astrology, Four Pillars of Destiny, Zi Wei Dou Shu, runes, and Mayan calendar divination.
/
/
/
/We meet every Tuesday for relaxed get-togethers. Our main activities include reading each other’s fortunes, discussing tarot interpretations, and studying together using books and videos. After our meetings, we often go out for a meal.
/
/
/
/In addition, we have plenty of fun events, such as our hugely popular fortune-telling sessions at the Waseda Festival, lectures by professional guests, retreats, and participation in external events!
/
/
/
/Participation in our regular activities is optional. You’re welcome to join just for weekend events or retreats. It’s a club where you can enjoy yourself at your own pace!
/
/
/
/Beginners, students from other universities, sophomores and juniors, and international students are all very welcome.
/
/
/
/We accept visitors and new members year-round. If you’re interested, please contact us via DM on Instagram or X (formerly Twitter)!",Every Tuesday / 5:30 PM to 8:00 PM / Takadanobaba area,None,machine_translated,not_reviewed,
C0265,3784,e5415c5b6b91cd68,Waseda Drama Research Society,Academic,Hobbies,"The Waseda Drama Research Society is an all-Waseda club established in 2022.
For our regular activities, we gather every Monday in Building 3 or a rental space to watch Japanese TV dramas and participate in drama-related recreational activities. We relax and enjoy watching dramas selected by vote.
In addition to our regular activities, we occasionally organize special events such as location tours and pilgrimages to ""holy sites"" from the dramas. We generally visit filming locations in the Tokyo area, but we also go on longer pilgrimages to sites further afield! You might even get to visit the filming location of your favorite drama.
We also engage in a wide range of drama-related activities, including producing our own dramas, sharing drama news, and participating as extras in TV dramas.
We hold retreats twice a year and host numerous events, so whether you’re a drama fan or not, you’re sure to have a great time!
We accept trial members and new members at any time. We look forward to hearing from you!","Every Monday / 7:00 PM / Building 3, Rental Space",None,machine_translated,not_reviewed,
C0266,3786,e9387a31c362078e,Waseda LEGO Club,Academic,Hobbies,"We are Waseda University’s only LEGO club and meet approximately once a week (day varies). While our activities are centered on the Nishi-Waseda Campus, we have many members from faculties other than Science and Engineering, as well as students from other universities!
In addition to basic LEGO creations, we build a wide range of projects, including moving LEGO creations like those seen on “Pythagoras Switch.”We exhibit our creations at campus festivals and external exhibitions. In addition to building, we organize various events such as visits to LEGO stores and overnight retreats.
We share photos of our creations and club activities on social media, so please check them out if you’re interested!
Whether you’re a LEGO enthusiast or just looking to relive childhood memories, everyone is welcome—beginners are especially encouraged to join!
We accept new members year-round, so feel free to contact us via social media DM!","Once a week (day varies)
Weekdays: 5:00 PM – 7:00 PM / Nishi-Waseda Campus
Weekends: 2:00 PM – 5:00 PM / Student Union Building",None,machine_translated,not_reviewed,
C0267,3529,7490a2ba73954ad3,Waseda University Aerospace Research Society,Academic,Technology,"The Waseda University Aerospace Research Society (WASA) is the largest officially recognized hands-on engineering club in the School of Science and Engineering.The club is divided into four projects: the ""Birdman Project,"" which designs, builds, and operates human-powered aircraft with the goal of competing in the Birdman Contest; the ""Astronomy Project,"" which organizes observation sessions, study groups, and builds planetariums; the ""Electronics Project,"" which aims to consolidate and advance WASA's electrical engineering expertise through the construction of aircraft robots and the development of autonomous control systems for radio-controlled vehicles; and the ""Rocket Project,"" which builds model rockets and can satellites.The club has a long history. It was established at Waseda University in the 1960s—a time when there were no departments dedicated to aerospace studies—with the goal of “conducting research in the fields of space and aviation without being confined by academic departments.” To date, the club has produced many notable alumni, including employees of the Japan Aerospace Exploration Agency (JAXA), and we hold regular alumni gatherings. Currently, we participate in intercollegiate programs with other universities, collaborating with students from various institutions, including those from Japan Women’s University, which has officially recognized our partnership.No experience necessary! Members who belong to other clubs are welcome! Activities can be tailored to individual needs!","Daily / Rental property, Student Union Building, Makerspace",None,machine_translated,not_reviewed,
C0268,3540,d957e595a43688e8,Waseda University MicroMouse Club,Academic,Technology,"At the Waseda University MicroMouse Club (WMMC), even beginners can easily build robots under the guidance of senior members!
/
/  The ""MicroMouse"" in our club name refers to a small, autonomous maze-exploring robot. At the Waseda University MicroMouse Club, each member builds their own MicroMouse. This allows you to be involved in the entire robot-building process and work on your project at your own pace.Additionally, we provide standard MicroMouse kits with pre-designed and pre-programmed components, making it easy even for beginners to build.
/
/  Through the process of building a MicroMouse, you’ll learn various robotics-related skills, including mechanical design and fabrication, electronic circuit design and soldering, and programming in C and C++. We also aim to compete in the MicroMouse competitions held three times a year.
/
/　In addition to MicroMouse, we also aim to participate in the “Tsukuba Challenge,” a competition where robots autonomously navigate the streets of Tsukuba City. For this event, volunteers from the club come together to build a single robot as a team.
/
/　The only cost is for robot materials; there are no joining fees or annual dues. We also hold training camps in the summer and winter. Whether you’re a beginner or an experienced robot builder, if you’re interested, please come check us out!","・Every Saturday / 10:00 AM – 5:00 PM / Makerspace
・Occasional activities organized by volunteers at the Student Union Building",None,machine_translated,not_reviewed,
C0269,3624,68610831613e5291,Waseda Formula Project,Academics,Technology,"Our ""Student Formula"" project involves students developing Formula cars (single-seater, open-wheel racing cars similar to F1) with their own hands. As a student racing team, we compete against other universities to see who can build the best car.Under globally standardized rules, we plan one car per year. We use 3D CAD software for design and analysis, then manufacture the vehicle through machining and welding based on those plans. We evaluate and refine the car through extensive test drives, aiming to build the fastest machine at the Student Formula Japan Championship.The competition evaluates not only vehicle performance but also driving technique, fuel efficiency, cost planning, and business plans, allowing us to cultivate comprehensive “manufacturing” skills. Project management—including securing funds to operate the team, procuring parts and materials, negotiating with sponsors, and managing goals and schedules—is also a crucial part of our activities.Building a real car and building a team with our own hands is no easy feat, but the thrill of seeing the car we built as a team actually race right before our eyes—and beat every other team—is truly special. For more detailed information and updates on our daily activities, please visit our team website. We would greatly appreciate your support and encouragement. We are also always looking for new team members!","Daily / 9:00 AM – 6:00 PM / Manufacturing Workshop, Nishi-Waseda Campus (We often have away events on Saturdays and Sundays!)",None,machine_translated,not_reviewed,
C0270,3547,2d495150cfe1ed47,Waseda Computer Entertainment,Academic,Technology,"Waseda Computer Entertainment, commonly known as WCE, is a community where members learn programming, illustration, 3DCG, DTM, and game design through the creation of computer-based works. We began our activities at Waseda University in 2011 and have exhibited at the Science and Engineering Exhibition (university festival), Comic Market, as well as other events such as Comitia and M3.In June 2014, we were officially recognized as an approved organization by the School of Science and Engineering. We believe there are many people who want to try programming, illustration, or music production but don’t know where to start, or who feel lonely working on their own. WCE is a club designed for such people—a place where like-minded individuals can gather, learn how to get started, and take that first step into the world of creation, which is actually right at our fingertips but can sometimes feel a bit out of reach.Experienced members will patiently guide beginners, and since our activities are open to any form of creative expression, you’ll surely be able to create whatever you want. Additionally, as a club, we develop completely original games for people to play at the Science and Engineering Fair (our university festival), and we create illustration books and music CDs to exhibit at external events. So even if you want to create something but don’t have a specific goal in mind, you can still enjoy the creative process. Why not take that first step into the world of creators with us?",Every Wednesday and Friday / 6:00 PM / Nishi-Waseda Campus,None,machine_translated,not_reviewed,
C0271,3291,a4531eeef5b84cca,Waseda University ROBOSTEP,Academics,Technology,"You only get one shot at college life—why not throw yourself into something? ROBOSTEP is an officially recognized university robotics club that works daily toward winning the NHK Student Robot Contest. We won the NHK Student Robot Contest in 2015, placed second in 2019, and have been competing for five consecutive years.Since the rules of the NHK Student Robot Contest change every year, we develop a robot from scratch each year to meet those new requirements. We split into a ""Design Team"" and an ""Electronics Team"" to share responsibilities for mechanical design, machining and assembly, circuit design, and control systems, working together as a team to build a large competition robot. We participate in rookie tournaments and internal club competitions from the very first year to hone our skills from the ground up, so even if you have no prior experience, there’s no need to worry.We are actively recruiting motivated students regardless of year, major, or prior experience. If you’re serious about making things, want to compete in Robocon, or simply want to build a robot, please come visit us!",Regular meetings every Wednesday starting at 6:00 PM / Activities during free periods / Manufacturing Workshop,None,machine_translated,not_reviewed,
C0272,3042,a4ccf9dd3f80cd99,The Waseda Guardian,Media & Publishing,Publishing,"Our club focuses on two main activities. The first is creating and distributing a free English-language newspaper. Club members propose projects they are interested in, conduct interviews with prominent figures, and organize roundtable discussions to produce in-depth articles.The second is the production and sale of “Waseda Spirit,” a magazine supporting college entrance exam candidates. Centered on the theme of “the true face of Waseda that only current Waseda students can convey,” club members plan and execute projects themselves to create a magazine that readers will enjoy. We then sell the magazine nationwide, from Hokkaido to Kyushu. A key feature of these activities is that, depending on the content, we can interview various famous people when writing articles, and we can plan and execute innovative projects that only students can pull off!",Every Tuesday / 6:30 PM / Student Union Building,None,machine_translated,not_reviewed,
C0273,3641,3c2d5c98691cf45b,Waseda University Mass Media Research Society,Media & Publishing,Publishing,"The Media Studies Club is divided into four subcommittees—Planning, Reporting, Design, and Literature—and is involved in producing the free magazine ""Wase-kichi"" and publishing articles online.
/
/
/
/  The Planning Subcommittee develops ideas for features to be published in ""Wase-kichi"" based on members' interests and turns them into articles.Additionally, the Reporting Subcommittee conducts interviews from perspectives unique to college students, while the Creative Writing Subcommittee engages in various activities, such as writing original novels and essays. Finally, the Design Subcommittee creates the layout for *Wase-kichi* based on the articles and texts produced by the other subcommittees. While many members are beginners when it comes to article production and design, we learn the ropes from scratch and hone our skills by collaborating with other members!
/
/
/
/  Furthermore, during the Waseda Festival, we invite prominent figures every year to give lectures and participate in interviews. In the past, we’ve welcomed guests from a wide range of genres, including authors Natsuhiko Kyogoku and Kaoru Hayamine, as well as lyricist and composer Katsuhiko Sugiyama.
/
/
/
/　Of course, it’s not all serious work—we also hold plenty of events to help members bond, such as overnight retreats and day trips! Since you can adjust your participation frequency among our four weekly sessions, it’s possible to join this club while participating in others. Whether you’re interested in publishing and design or not, you’re more than welcome. Let’s turn your “likes” and “interests” into reality with the Media Studies Club!","Every Tuesday, Thursday, and Friday / 5th or 6th period / Toyama Campus Student Union Building (We plan to adjust the schedule due to extended class hours. Details will be posted on our official Twitter account.)",None,machine_translated,not_reviewed,
C0274,3267,08c656ee5d54bd71,Waseda Links,Media & Publishing,Publishing,"We are Waseda Links, an officially recognized student organization. In addition to publishing a free newspaper twice a year (in spring and fall), we also operate a web media platform, publish other materials, and organize events.
/
/
/
/For each issue of our free paper, we set a different theme (such as “Choosing,” “Reflecting on Binary Oppositions,” “Morning,” or “Loss”) and attempt a multifaceted approach to the theme through interviews, columns, and articles featuring design and photography. Since we distribute it for free without charging a price, we can create a magazine that distills the unique frustrations of student life from a perspective slightly removed from the commercial market—this is one of our key attractions.
/
/
/
/One of our key features is the wide range of activities available, including writing and editing articles, design, photography, and video production.
/
/
/
/We provide an environment where you can acquire the necessary skills after joining, so anyone interested—whether a beginner or an experienced member—can play an active role.
/
/
/
/If you’ve entered college and want to put your interests to use or try something new, please come check us out.","Every Wednesday, 6th period / Student Union Building",None,machine_translated,not_reviewed,
C0275,3245,73e9840679622cc8,Publishing Koshien Executive Committee,Media & Publishing,Publishing,"With the vision of “Bringing Commercial Publishing to Students,” Publishing Koshien works to connect students with unique ideas to publishers.
Our main activities include soliciting proposals from students nationwide. After several rounds of screening by our committee members, we hold a final competition judged by active editors. Outstanding proposals are commercially published, and over the past 20 years, we have published 43 books.
We, the executive committee members, review proposals and support participants in preparation for the competition. We also interact frequently with professionals, such as celebrity guests and professional editors at the final competition. …While this might sound like a lot of work, there’s no need to worry. Our upperclassmen are all kind and fun people who respect individual schedules, and we warmly welcome students who are involved in other clubs as well!
Why not experience something unique—connecting students who want to publish books with publishers—that you can only do here?","Monthly general meetings.
Frequency varies by individual but is generally once a week. Meetings are held at the Toyama Campus, the University of Tokyo Komaba Campus, or online.",None,machine_translated,not_reviewed,
C0276,3246,ec08e3809dd81f98,Publishing Group ENJI,Media & Publishing,Publishing,"The publishing group ENJI is a student organization founded in October 2009 with the concept of “Changing Waseda’s Fashion.”
/
/  Our main activity is the publication of a free magazine three times a year (Spring/Summer, Fall, and Winter issues).The models featured in the free magazine are Waseda students. We handle everything ourselves: finding the models, putting together outfits, dressing them, photographing them, and using editing software to design the layout and visuals. We also raise our own funds through outreach efforts, securing sponsorships from companies and restaurants.
/
/ The club has a consistently friendly atmosphere, and everyone gets along very well regardless of seniority. We’re a fun group of people who love all kinds of fashion and culture!",Every Monday / 6:30 PM / Student Union Building,Club website closed,machine_translated,not_reviewed,
C0277,3544,1b4573fac03991e8,Perspective Research Group,Media & Publishing,Communication,"The Perspective Research Group is a club focused on architectural tours, primarily centered around Waseda University. Composed of members from various universities—including Japan Women’s University, Yokohama National University, Meiji University, and the University of Tokyo—we visit various buildings designed by famous architects, mainly in Tokyo, once a month. During spring and summer breaks, we hold two 4- or 5-night retreats to visit architectural sites not only in and around Tokyo but also in regional areas.
/
/
/
/By listening to explanations from senior members, you can experience architecture in a way that magazines and photos cannot convey. Through interaction and information exchange with students from other universities, you can gain a wealth of knowledge essential for thinking about architecture.
/
/
/
/Whether you want to study architecture, deepen your knowledge, are not in an architecture program, or are an international student, everyone is welcome to join!",Once a month (mainly Saturdays and Sundays) / Tokyo metropolitan area and surrounding areas (depending on the site visited),None,machine_translated,not_reviewed,
C0278,3145,5a1aa119f82e6639,アニメーション同好会 (WALT),Media and Publishing,Communication,"We watch anime, read manga, play games, attend comic markets, and do many other things./

Waseda Animation Lovers Team (WALT) is a so-called ?consumption-oriented? circle that focuses on watching anime. The club is officially recognized by Waseda University and is provided with a club room. The club room is equipped with a computer where we can watch almost all kinds of anime, both past and current. WALT has no fixed activity days or hours, and members are free to come to the club room whenever they feel like it, allowing them to do circle activities according to their own schedule. One of the most important activities of this circle is ?participation in the Comic Market?. Members work together to produce and sell booklets at Comiket, which is also known as Comic Market.","会員がclubroomにいるとき, Student CenterE504室",None,existing_english,needs_review,Prefilled from English text already present in the official description.
C0279,3491,e0875990e5250f7c,Waseda Model United Nations Research Group,Media & Publishing,Communication,"In a nutshell, Model United Nations is an activity that simulates international conferences. While Model UN events are held all over the world, the Waseda Model United Nations Society holds regular meetings every Tuesday during the 6th period at Waseda University. You can also participate in conference retreats, national tournaments, and international conferences held overseas! We’re just as dedicated to having fun as we are to the conferences, so we have plenty of fun events like recreational retreats. If you have any questions, please contact us via social media or email!",Every Tuesday / 6th & 7th periods / Student Union Building or nearby university facilities,None,machine_translated,not_reviewed,
C0280,3271,573eebbee5cb8199,GLOW,Media & Publishing,Communication,"In addition to monthly events, we hold a monthly general meeting as well as volunteer-organized events such as lunch gatherings and study sessions. In recent years, we have also taken on new challenges, such as staging plays and producing films at the Waseda Festival. We also have our own club room where members can spend enjoyable time together between classes. Through these diverse activities, GLOW serves as a place where students from sexual minority backgrounds can form strong bonds with one another.","Daily, as needed. Not disclosed due to the nature of the club.",None,machine_translated,not_reviewed,
C0281,3570,7b2052017820c4e8,e-learning Communication Research Group (ELC),Media & Publishing,Communication,"This club consists of students from the Faculty of Human Sciences e-School, where e-learning is the primary method of study. Therefore, we recognize the need for a space for peer communication. Every year, we plan and execute numerous events to provide opportunities for members to share information and build camaraderie.Our main activities include the Spring Welcome Party, cheering at the Waseda-Keio game, study sessions during summer camp, and seminar review meetings. At the March Graduation Celebration, faculty and students come together to honor graduating seniors, sharing a meaningful time that serves as an opportunity to boost the academic motivation of current students. Moving forward, we will continue to strive for active engagement through these activities, serving as a “bridge of friendship and passion” among fellow distance learners.","Irregular / Student Union Building, Faculty of Human Sciences classrooms",None,machine_translated,not_reviewed,
C0282,3750,a15ce53e787772ca,Rethink Fashion Waseda,Media & Publishing,Communication,"Under the vision of “Making sustainable fashion a lifestyle,” Rethink Fashion Waseda (ReF) shares information on sustainable fashion that is easy for students to incorporate into their daily lives via social media. By doing so, we aim to increase the number of people who think about and take action on fashion sustainability.On Instagram, our primary platform, we currently reach over 3,000 followers as of 2024. We also organize events (such as vintage clothing flea markets and beach cleanups) and collaborate with companies (including fashion magazine WWD, JanSport, and the Nikkei) to broaden our scope of learning and action, working to contribute to the creation of a sustainable society that is kinder to both the environment and people.",Last Sunday of the month / 9:00 PM / Online (Zoom),None,machine_translated,not_reviewed,
C0283,3084,597f0b310985cb4f,Advertising Research Club,Media & Publishing,Mass Media,"We, the Advertising Research Society, view advertising as “something that moves people,” and we conduct daily research on how advertising can transform everyday life. The breadth of this definition directly translates to the breadth of our activities and the diversity of our members. As a result, there is certainly an activity within the Advertising Research Society that everyone will find appealing. Furthermore, because we bring together a diverse group of members from both cultural and athletic backgrounds, we can say that we are a group with a very strong sense of individuality.
/
/Furthermore, our history spanning over 100 years has fostered this diversity of people and activities. With a legacy dating back to 1913, we enjoy strong external trust, and our alumni are all individuals with impressive achievements. In this fertile environment, we not only create advertisements based on challenges provided by companies but also approach advertising from multiple angles, collaborating with university clubs, local shopping districts, and events.
/
/Advertising is meant to “move people”; it must not remain mere theoretical knowledge. Our work extends from creating content to sharing it with the outside world and ultimately inspiring action. Through communication with a wide range of people, we strive daily to share our advertising with Japan and use it to energize the nation. 　There is no such thing as “experience” in advertising production. What matters most are your individuality, your genuine passion, and the courage to take the plunge. There may be times when you find it tough. However, we take advertising seriously, seek out new possibilities, and continue to take on challenges. It is these daily experiences that create our irreplaceable memories.",Every Tuesday and Friday / 6:30 PM – 9:00 PM / Classrooms and Student Union Building on the Waseda University campus,None,machine_translated,not_reviewed,
C0284,3087,254f5c27bcabbcf0,Broadcasting Research Club,Media & Publishing,Mass Media,"The Broadcasting Research Society is the largest of Waseda University’s over 1,000 student clubs. Our main activities fall into two broad categories. The first involves utilizing video, audio, and lighting equipment, as well as announcing skills. We accept requests from various organizations both within and outside Waseda, providing equipment operation and MC services tailored to their specific needs.Notable examples include providing sound and serving as MCs for the Waseda-Keio baseball game, and operating the special stage at the Waseda Festival. The second area is content production and planning. We not only support performances and events organized by other groups but also develop our own plans and produce original content. Additionally, we hold an event called the “Program Presentation” every June and December to showcase the programs we have produced.Specifically, we plan comedy segments featuring guest comedians—such as manzai and ogiri—as well as performance segments like dance routines, and we handle the operations for these events ourselves. The Waseda University Broadcasting Research Society marks its 76th anniversary this year. The knowledge of equipment, production skills, and announcing techniques cultivated over our long history continue to be passed down without waning, even as our membership has grown. To further the development of the Broadcasting Research Society, each member actively participates in our activities.",Varies by day and time / Student Union Building,Club website closed,machine_translated,not_reviewed,
C0285,3083,f180a73a71547f8c,Announcing Research Society (WAK),Media & Publishing,Mass Media,"We explore every aspect of broadcasting, ranging from basic exercises like articulation and vocal projection to free-talk practice, all the way to practical training in news reading, recitation, script reading, radio commercials, play-by-play commentary, MC work, reporting, and radio hosting. You can also practice using equipment for program production! The club has about 180 members, all of whom are Waseda University students, with a male-to-female ratio of roughly 1:1.We hold activities every day, and participation is open to all, making it easy to join while being part of other clubs. We also warmly welcome those who want to come every day and practice as much as possible! Our members have diverse interests: some are interested in voice acting, while others say, “No, I want to be an announcer,” “I just love talking,” or “I want to get better at speaking!”We also have quintessentially college-like activities that foster a sense of unity among all members, such as summer and spring training camps, production showcases, a satellite studio at Waseda Festival, and our own club graduation ceremony. You’ll find friends who share your goals and discover worlds you never knew existed! College life is a precious time, and experiencing a variety of things is incredibly important. Why not join the Announcing Research Club to develop the ability to share those experiences in a compelling way? More than any other experience, your voice will be your most powerful asset.",Every day (open to all!) / Student Union Building,None,machine_translated,not_reviewed,
C0286,3043,5a40cebd54b58ccb,Waseda Sports Newspaper Club,Media & Publishing,Mass Media,"""Shining a light on every athletic club."" The Waseda Sports Newspaper Club (Waseda Sports) covers all 44 athletic clubs affiliated with Waseda University, conveying the appeal of Waseda sports through our newspaper, website, and various social media platforms! From interviewing athletes and writing match reports to photographing games in action and producing a professional-quality newspaper, we offer a wealth of experiences unique to Waseda Sports.Through on-site newspaper distribution and social media, our articles and photos are widely viewed by people outside the university as well. Having been published continuously since our founding and long beloved by the community, our newspaper will reach its milestone 600th issue with this year’s Waseda-Keio Baseball (Spring) edition! We also hold many fun events beyond reporting, such as training camps and sports tournaments. This is a club where everyone can thrive—not just sports enthusiasts, but also those interested in media, image production, or photography. We warmly welcome new members at any time.We look forward to seeing you at our casual welcome events and welcome your inquiries!",(Times vary by activity) Various tournament venues / Student Union Building / To-Nichi Printing,None,machine_translated,not_reviewed,
C0287,3089,c1dc8d473c493ca6,FM Waseda,Media & Publishing,Mass Media,"FM Waseda is an officially recognized Waseda University club focused on radio program production! We broadcast programs created in a variety of formats. From radio hosts to mixers (sound engineers), directors, scriptwriters, and voice actors for radio dramas, all production activities are handled entirely by students.Our activities are diverse, including broadcasting radio programs at restaurants and online, participating in broadcasting contests, and hosting events at the Waseda Festival. We also hold club retreats about twice a year. Since we teach how to use recording equipment from the very beginning, even beginners can get involved right away. As long as you have the motivation to “create something interesting,” anyone can join in immediately. That’s FM Waseda.",Activities held as needed / Monthly regular meetings / Student Union Building,None,machine_translated,not_reviewed,
C0288,3716,1f13d8ea4a771c30,Science and Engineering Exhibition Liaison Committee,Media & Publishing,Planning,"We, the Rikou-ten Liaison Committee, are a festival planning club responsible for organizing and running ""Rikou-ten,"" the annual Waseda University School of Science and Engineering festival held in early November. We meet every Saturday to prepare for the event. We are one of the largest clubs exclusively for students in the School of Science and Engineering.Since members come from all faculties and departments within the School of Science and Engineering, we provide a very welcoming environment for students in the school. We also organize activities outside of regular meetings, such as going out to eat after practice, three annual trips, and club events, allowing you to build a wide network of friendships. The highlight of the Rikou-ten Liaison Committee is the “breadth of our activities.” Compared to high school festivals, university festivals involve a much wider scope of work, and we build everything from scratch ourselves.You’ll be involved not only in planning for the day of the festival but also in fundraising, event promotion, equipment setup, and staffing—aspects you likely never encountered at high school festivals. Of course, building everything from the ground up isn’t easy, but the sense of accomplishment when you pull it off is beyond what you can imagine. We’re looking for teammates to join us in working toward the goal of “making the festival a success.” If you’re interested in the Science and Engineering Festival Liaison Committee, check out our website and social media for details on our various recruitment events. We look forward to seeing you there!",Every Saturday / 1:00 PM – 5:00 PM / Classrooms on the Nishi-Waseda Campus,Club website temporarily suspended,machine_translated,not_reviewed,
C0289,3264,38253e6933955ebf,Personality Research Society,Media & Publishing,Projects,"The Waseda University People Research Society aims to interview prominent figures active in various fields. By conducting these interviews ourselves, we seek to cover our subjects from a perspective different from that of the mass media, bringing out a side of them that has never been seen before.Our specific activities include selecting interviewees, scheduling appointments, conducting interviews, and writing reports. Members provide friendly and thorough support regarding how to carry out these activities, so anyone can feel confident about getting started. It is a vibrant environment where we respect each other’s opinions while striving to improve together. In addition to our regular interview activities, we organize an annual lecture series during the Waseda Festival. Here, all members work together as one to create a single event, so I believe there is a great sense of accomplishment once it is over.",Irregular,None,machine_translated,not_reviewed,
C0290,3292,f62be119790ed98d,Planning Group: Benri-sha,Media & Publishing,Planning,"We are Benrisha, an officially recognized planning club at Waseda University!We invite celebrities and notable figures to host talk shows and events about five times a year—in April, July, and during the Waseda Festival. We handle everything ourselves, from planning and conceptualization to actual event management. Here’s how it works: First, we hold a competition where members present the projects they want to organize. There are no restrictions on these proposals—you can present any idea you like, whether it’s based on your hobbies or features a celebrity you’d like to invite.Once a project is selected, we handle everything from booking the guest to coordinating meetings ourselves. While this keeps us busy, it provides invaluable experience. During our regular meetings, all club members brainstorm ideas for the event’s content and work together to refine them through hands-on testing. As the event date approaches, we spend entire days preparing, creating slides and videos for the event. Since we operate the video and sound equipment ourselves, we also practice during rehearsals.During the actual event, you might even get to chat with guests backstage or get their autographs! Seniors will teach you everything about production and operation, so beginners need not worry. We also host the “Waseda King Championship” every year, which sends Waseda Festival into a frenzy. This competition to determine who is the most “Waseda-like” is the highlight of Waseda Festival. Information about our events is updated regularly on our official social media accounts.",Every Monday & Friday / 6:30 PM / Student Union Building Conference Room,None,machine_translated,not_reviewed,
C0291,3345,c2ae64ad93ed94da,Waseda University Anime Voice Actor Club,Media & Publishing,Event Planning,"In the past, we have organized events for titles such as *Mahou Sensei Negima!*, *Sayonara Zetsubou-sensei*, and *Invasion! Ika Musume*, as well as the ""Ayana Taketatsu & Yuiko Tatsumi Talk Event in Waseda,"" attracting around 600 attendees annually.Furthermore, since the 2007 academic year, we have organized unique events that set us apart from other anime-related clubs, such as hosting free lectures featuring industry professionals involved in anime and anime song production, including Shinichi Watanabe, Junichi Sato, Aki Hata, and Hikaru Kondo.These activities are not just about hosting events related to the anime you all love; they also allow us to leverage our status as a university club to experience new worlds, savor the sense of accomplishment and camaraderie that comes from achieving something together with friends, and create fulfilling memories. Planning and managing an event involves handling a wide range of tasks, from negotiating with companies and public relations to managing finances, as well as organizing guest entry and reception on the day of the event. Such valuable experiences are rare, and they will undoubtedly serve as a valuable asset for you all.If you love anime, voice actors, or are simply “interested in organizing events,” why not try your hand at being on the organizing side? We sincerely look forward to welcoming enthusiastic individuals.",Every Wednesday (including Fridays in October) / 5:00 PM / Student Union Building,None,machine_translated,not_reviewed,
C0292,3274,f288147db12d9bd8,Waseda Festival Staff (Matsuri Staff),Media & Publishing,Planning,"The Waseda Festival Organizing Staff (Matsuri Staff) is the organization that hosts and operates the Waseda Festival, one of Japan’s largest university festivals. Prior to the COVID-19 pandemic, the Waseda Festival was an annual celebration of Waseda culture, boasting approximately 200,000 visitors and over 400 events. Even during the pandemic, we have continued to create a space where Waseda culture can flourish through online and hybrid events.Each year, we set a theme that defines the “essence of Waseda,” which serves as the guiding spirit for that year’s festival.
/
/
/
/We are a very large organization consisting of approximately 600 members.Our diverse activities span various specialties, including venue setup on the days of the Waseda Festival, support for participating groups and individuals, liaison activities with external organizations, public relations and design work for the festival, planning and execution of staff-led events, exploration of new areas, and management of internal resources and funds. Guided by the motto of student-led self-management, all members work together as one toward the annual two-day festival.",Every Monday and Thursday / 6:30 PM / Student Union Building,None,machine_translated,not_reviewed,
C0293,3278,a9ee1d4a1fd75db1,Waseda Illumination Project Executive Committee,Media & Publishing,Planning,"The Waseda Illumination Project Executive Committee (WIP) was established in 2005. Originally an official university project aimed at fostering exchange with international students, it is now run primarily by students. We engage in creative activities using illuminations in preparation for the Waseda Festival, and we decorate the area around the university with illuminations while interacting and collaborating with local residents.To date, we have created the “Glowing Waseda Bear” and collaborated with the J1 soccer team Kawasaki Frontale. The connections formed as students and local residents share ideas and work together are what this project values most. Moving forward, WIP will continue to create smiles among people connected by light at Waseda.","Every Wednesday & Friday / 6:15 PM / Main Campus, Student Union Building",None,machine_translated,not_reviewed,
C0294,3280,842903478769a903,WasePro,Media & Publishing,Planning,"We, Wase Pro, are an officially recognized Waseda University club that plans and operates Waseda Collection (commonly known as Wase-Kore), the largest fashion event at Waseda. With the goal of dispelling the image that Waseda women are plain and unstylish, and to showcase the stylish, glamorous, and unique charm of Waseda women, we discover and feature Waseda student designers and models, holding professional fashion shows several times a year.This year marks the 10th anniversary of Waseda Collection, and over the years, the event has launched the careers of many individuals who have gone on to succeed in a wide range of fields, including modeling and broadcasting.",Every Monday / 6th & 7th periods / Student Union Building,None,machine_translated,not_reviewed,
C0295,3282,1a5c3acdf17cc3b0,Walkin,Media & Publishing,Planning,"We are a Waseda University-recognized, intercollegiate (students from other universities welcome) “internal event planning club.”While there are many other planning clubs at Waseda University, what sets us apart is that we are “internal.” In other words, we are a planning club where “we create events for ourselves, and we enjoy them ourselves.” Guided by the slogan “Let’s do something silly we can brag about tomorrow,” we seriously plan ridiculous activities that we can boast about to our friends the next day.Walkin’ is a “dream-fulfilling” club where you can do anything you want—even things you’ve always wanted to do but couldn’t. What you couldn’t do as an “I” might be possible as a “We.” That’s the idea. Examples: Tuna dissection show, real-life escape games, “On the Run,” airsoft using mackerel, can-kicking championship, hands-free travel, and more.",Every Wednesday / 6:30 PM / Student Union Building,None,machine_translated,not_reviewed,
C0296,3771,dfb2d954a54c46f6,TEDxWasedaU,Media and Publishing,Planning,"At TEDxWasedaU, we strive to contribute to TED’s vision of having “Ideas worth spreading.” TEDxWasedaU provides a platform for students from different backgrounds, nationalities, and faculties to come together and share innovative and valuable ideas. The four teams, the finance team, speaker team, design team, and marketing team, work together to make our bilingual events come to life. We mainly work towards our Student Speaker Competition and Main Event. We prep our guest speakers to go through our Student Speaker Competition and eventually to our Main Event, where they can present their speeches on a larger platform. The Main Event brings together people from various professions, backgrounds, and interests to discuss what they are passionate about and spread the word about various social issues. Past events have included participants speaking on topics such as solutions to reducing CO2 emissions, the art of Kintsugi in Japan, and the importance of preserving aging towns.","リーダーチーム：Every Tuesday日/19:00/Wspace 3号館
/ファイナンスチーム：Every Friday日/17:00/3号館
/マーケティングチーム：Every Monday日/19:30/3号館
/スピーカーチーム：Every Thursday日/19:00/11号館
/デザインチーム：Every Thursday日/19:30/11号館",None,existing_english,needs_review,Prefilled from English text already present in the official description.
C0297,3740,a4a41da37bf5c17e,ロータリーの会,Media and Publishing,Planning,"We are a circle working to solve the problem of litter in the rotary square in front of Takadanobaba Station! Our main activities include cleaning up the area on weekday mornings and night, collaborating with businesses and the shopping district to plan projects, displaying posters and holding exhibitions to spread awareness of the problem, and making policy proposals to Shinjuku City regarding the rotary.

In recent years, the issue of drinking on the street at the Corona Disaster has been raised and the Takadanobaba Station roundabout has been reported in news programs, bringing our Rotary club into the public eye. We are one of the most growing clubs in Waseda University, and have been featured not only on TV but also in newspaper articles and other media! Many of those who have seen the above news reports have taken it as a sign that it is Waseda University students who are polluting the rotary. Waseda University students have a close relationship with Rotary. We, the students of Waseda University, are the ones who can eliminate the garbage problem.

You don't have to be a member to participate in the cleanup, so if you want to get up early in the morning, if you have something to do nearby, or if you feel like starting something new, please feel free to visit us!",weekdays/朝8:00（Fridayのみ夜10:00)/高田馬場駅前ロータリー広場,None,existing_english,needs_review,Prefilled from English text already present in the official description.
C0298,3155,265cc6fc62cda192,Magic Club,Media & Publishing,Recreation,"This club prepares for stage magic performances held three times a year. The performances are: the ""Family Party"" in June by second-year students, the ""Magical Network"" in September by first-year students, and the ""Annual Performance"" in November by third-year students, with all students from each grade participating. Other club members also support these events as staff, and everyone works together to create the performances.While there are rehearsals and other activities as the performance dates approach, our schedule is generally flexible. This makes it easy to balance club activities with part-time jobs or other clubs—a key feature of our group. Since most members had no prior magic experience when they joined, anyone can enjoy fulfilling and fun club activities here.",Irregular / Student Union Building E637,None,machine_translated,not_reviewed,
C0299,3289,df61ab9fb67538a3,Computer Research Society · WINC,Media & Publishing,Recreation,"We are the IT club with the longest history at Waseda University! Even if you’ve never programmed before, our senior members with specialized knowledge will teach you patiently, allowing you to improve step by step. In addition to programming, we engage in network and server setup, and recently, as part of our computer-based activities, we’ve been working on IoT, CG rendering, and DTM. Since we decide our activities every six months based on what each member wants to do, you’ll have the opportunity to learn what you’re interested in in a specialized way. Our regular activities take place in our club room located in the Student Union Building. Since computers are available there, even those without laptops can participate in programming and other activities. The room also serves as a gathering place for members to socialize during breaks between classes.",Anytime / Student Union Building E-731,None,machine_translated,not_reviewed,
C0300,3069,9d2f1fc8700df593,Management Information Systems Society (MISW),Media & Publishing,Recreation,"The Management Information Systems Society (MISW) is Waseda’s largest comprehensive creative club, handling a wide range of digital content including programming, CG illustration, and computer music composition. Members belong to one of three groups within the club: the Programming Research Group, which serves as the core of game development; the CG Research Group, which focuses on illustration production; or the MIDI Research Group, which handles computer music composition.After joining, members typically form game production teams called “projects” to develop various games and application software for distribution events such as the Waseda Festival and Comic Market. Beyond game production, the club engages in a wide range of activities, including distributing art books and music CDs created in-house, as well as posting music videos featuring VOCALOID tracks on external platforms like Niconico Video and YouTube.In recent years, our activities have expanded beyond the three fields mentioned earlier. New initiatives—such as 3D CG modeling, Unity development, scenario writing, and video production—are being pursued in line with members’ interests and goals. Another strength of our group is our system where experienced members provide careful guidance to beginners. Come join MISW to realize new forms of creativity!","Every Wednesday and Friday / 6:15 PM – 7:45 PM / Nishi-Waseda Campus, Room 52-101",None,machine_translated,not_reviewed,
C0301,3260,f1a4effc41f71d12,Waseda University Banzai Alliance,Media & Publishing,Recreation,"A highly prestigious Banzai-style club founded in 1971. With a mission to ""rush to celebratory events across the country, make them even more festive, and have a blast ourselves in the midst of it all,"" the club devotes itself day and night to mastering 768 different types of Banzai (as of 2016).We have a track record of performing nationwide, primarily as entertainment at welcome/farewell parties, award ceremonies, and weddings, with the total number of annual requests easily exceeding 50. We also have extensive experience appearing in various media outlets, including television and newspapers, and are known for our surprisingly high profile despite our shrouded, mysterious nature.Their primary activities involve researching and developing ""banzai"" techniques in their clubroom (currently Student Union Building E709). Through annual training camps and performances at various events, members gain practical experience and develop exceptional ""banzai"" skills.",Celebratory venues nationwide / Student Union Building E709,None,machine_translated,not_reviewed,
C0302,3351,2679a728ac2934ad,Quiz Research Society (W.Q.S.S),Media & Publishing,Recreation,"Quizzes for beginners on Mondays and for experienced players on Tuesdays. On other days, various sub-groups within the club—such as Intro Quiz—are active! Our unique members are waiting for you!",Every Monday–Friday & every other Saturday / 3:05 PM–9:35 PM / Student Union Building,None,machine_translated,not_reviewed,
C0303,3757,f5c19b233b29e33a,Hide-and-Seek Alumni Association,Media & Publishing,Recreation,"Let's play hide and seek.
/
/
/
/Found!
/
/
/
/We play hide and seek around the world.",Irregular / Worldwide,None,machine_translated,not_reviewed,
C0304,3354,504b62d4dfbcea70,Simulation Game Research Group,Media & Publishing,Recreation,"We meet every Saturday to play games. For board games and card games, we play MTG, WS, and others.",No information,None,machine_translated,not_reviewed,
C0305,3356,b47183bbd1619002,Comedy Workshop LUDO,Culture & Arts,Performing Arts,"We, the Comedy Workshop LUDO, are a comedy club that uses our monthly live shows—held primarily at Waseda—as an opportunity to showcase our material. Through weekly meetings held twice a week, we practice and perform our routines. In addition to performers, we have many staff members who support the live shows in areas such as video, lighting, and sound. All club members work together to create these live shows, which are enjoyed by many audience members.We have won the National College Comedy Championship multiple times, and some members are actively pursuing professional careers. We deliver high-quality live shows in both content and scale, so please come and see us perform. Additionally, we accept applications year-round via email for both performers and staff, so please feel free to contact us. We welcome applicants regardless of experience, university, gender, age, or nationality.",Every Wednesday at 6:00 PM and Saturday at 4:30 PM / Classrooms at Waseda University,None,machine_translated,not_reviewed,
C0306,3139,00b6a3795698825c,Drama Club,Culture & Arts,Theater,"The Waseda University Drama Club (commonly known as Waseda Drama Club) is an officially recognized drama club at Waseda University, based in its own dedicated studio behind Okuma Auditorium. Its origins date back to before World War II, and it is known as the oldest drama club at Waseda.Because members not only act but also build the stages and seating areas themselves, the club has an abundance of materials and is equipped with sound and lighting systems, boasting the largest scale and most impressive track record on campus. In this privileged environment, the club has produced many notable figures in film and theater, including the currently popular Masato Sakai, playwright and director Naofumi Kogami—a leading figure in the theater world—and, in the past, film director Shohei Imai.Furthermore, unlike other theater clubs, it employs an “ensemble system” that allows members to form their own theater companies within the club. Under this system, it has produced numerous influential and popular troupes, including Daisan Butai, Yamanote Jijo-sha, Soshū Shimai, and Brazil. Most recently, at the end of last year, Tokyo Junk Z—renowned for its entertainment value—graduated from the club.Consequently, efforts to establish the next ensemble have intensified since last year. From May to June 2016, they organized a project titled “Mitsuba Planning Performance Collection,” in which three young directors staged three distinct productions in a single month. Since then, they have continued to actively organize performances and are engaged in enthusiastic activities.",Irregular,None,machine_translated,not_reviewed,
C0307,3143,661f16b02ac54731,Stage Design Research Group,Culture & Arts,Theater,"We accept commissions from both within Waseda University and external organizations to handle stage design and lighting for plays, musicals, and dance performances. We also hold performances organized by the Stage Design Research Society twice a year. Most members join as beginners, but under the guidance of senior members, they can acquire specialized skills.
/
/We hold a general meeting once a month, but other activities are irregular, so you can participate according to your own schedule.We accept new members at any time, regardless of age, year in school, or university.
/
/If you want to try something different, love theater, enjoy creative activities, or want to join a highly specialized club…
/
/If that sounds like you, please come visit our studio behind the Okuma Memorial Hall!
/
/Let’s have fun working together!
/
/Please view the Stage Design Research Society website in desktop layout. We ask that you submit requests via the website.",Irregular schedule / Studio behind Okuma Memorial Hall,None,machine_translated,not_reviewed,
C0308,3140,96f9666ff9785363,Kabuki Research Society,Culture & Arts,Theater,"We are a traditional Kabuki appreciation club with a history spanning over 70 years. Our ""club creed"" states: ""Students must appreciate and study Kabuki strictly from the audience’s perspective, and use that perspective to voice opinions and make suggestions."" True to these words, we have remained dedicated to ""exclusively watching performances"" since our founding, and our activities center around group viewings at venues such as the Kabukiza Theater.In recent years, we have actively engaged in exchanges with kabuki study groups at other universities. One of our attractions is our diverse membership, ranging from kabuki beginners to die-hard fans. Additionally, our clubroom houses a wide collection of valuable materials on kabuki, which individual members are free to browse, allowing them to truly “research” kabuki as our name suggests.Why not join us in watching and fully experiencing Kabuki—a performing art that Japan proudly presents to the world, embodying the appeal of both tradition and innovation? New members are welcome at any time.",Irregular schedule / Primarily at theaters such as the Kabuki-za,None,machine_translated,not_reviewed,
C0309,3141,7e08030715057034,"Theater Company ""Kodama""",Culture & Arts,Theater,"This is a historic theater troupe with its own dedicated studio located behind Waseda University’s Okuma Auditorium. At Waseda University, only the “Kodama” Theater Troupe and the Drama Research Society have their own dedicated studios.Since it’s an atelier exclusive to “Kodama,” we can devote ourselves to theater 365 days a year! Our alumni include many prominent figures across various fields, and in recent years, we’ve been actively organizing workshops with actors from other troupes and professional actors, as well as two-city tour performances!
/
/Students from other universities and working professionals are also very welcome!",Irregular / After school / Kodama Theater Group Studio (behind Waseda University’s Okuma Auditorium),None,machine_translated,not_reviewed,
C0310,3324,50d6e58141ecefa3,(Theater Group) Mori,Culture & Arts,Theater,"Established around 1960. The character ""森"" is read as ""Shin,"" but none of the troupe members know the origin of the name.
/
/It is one of the six major theater clubs at Waseda University and has the largest membership.
/
/The troupe holds three main performances a year (a spring welcome performance, a summer newcomer performance, and one additional show) as well as several special projects (held irregularly). Since the playwright and director change with each performance, the troupe does not have a unified artistic direction; however, it stages a wide variety of productions ranging from underground theater to contemporary spoken-word theater, and this diversity is a hallmark of its performances.
/
/Members can gain experience across a wide range of roles—from acting to crew work (lighting, sound, set design, stage management, and production), as well as playwriting and directing—allowing you to tailor your theater activities to your interests. Another key feature is the group’s open atmosphere, which encourages members to freely participate in external productions, propose their own projects, and get involved whenever they wish.
/
/We welcome anyone, regardless of year, university, age, or profession. If you’ve ever thought about trying theater, please come check us out!",Irregular schedule / Student Union Building,None,machine_translated,not_reviewed,
C0311,3322,cab9929f5ca11363,(Theater Company) Concerto,Culture & Arts,Theater,"In 1971, the Concerto Theater Company was founded by Professor Tatiana Nomura, who taught Russian at the University of Tokyo and Waseda University, along with her students. It began as a ""cultural festival = Concerto"" aimed at fostering exchange through Russian language activities such as skits, poetry recitations, and choral singing, and gradually began to take on full-scale plays.Currently based at Waseda University, the troupe brings together students studying Russian from other universities as well, and continues to hold two regular performances a year (a debut performance and a main performance).
/
/
/
/Since 1999, the group has received professional instruction in pronunciation and acting from Belarusian director Natalia Barshai. In recent years, they have staged productions such as *The Living Corpse* (Tolstoy), *Stars of the Dawn* (Garin), and *The Gift of the Wise Bee* (Sologup).
/
/
/
/Complete beginners are welcome! All of our senior members started learning both Russian and theater only after entering university. If you’re interested in Russia, the Russian language, or foreign-language theater, you’re more than welcome to join—regardless of which university you attend!
/
/
/
/You can join at any time. Feel free to start by observing a rehearsal! Please don’t hesitate to contact us!",Every Monday & Thursday / 6:00 PM / Waseda University Toyama Campus Student Union Building & Tokyo University of Foreign Studies Tama Campus,None,machine_translated,not_reviewed,
C0312,3146,9bbc0f5fdc579f42,(Theater Company) Teatro 50',Culture & Arts,Theater,"This theater club has produced members who went on to join groups such as ""Theater Group Caramel Box"" and ""Theater Company Rappaya."" In addition to the main performance in May, the newcomer showcase in September, and the newcomer project performance in March, members can organize their own project performances at any time. A major feature of the club is that all members, not just actors, have the opportunity to gain experience as staff.",Irregular; varies by performance. Club Room: E537,None,machine_translated,not_reviewed,
C0313,3319,67467b56d6dec6dd,Omnibus,Culture & Arts,Theater,"We are a Waseda University-recognized musical theater club that stages existing musicals several times a year! Omnibus is an intercollegiate club, so while Waseda students are naturally part of the group, we also have members from various other universities. We usually practice musicals together in a friendly and relaxed atmosphere.Don’t worry if you have no experience with singing or dancing! Everyone starts as a beginner. Seeing the results of our practice come to life on stage is nothing short of moving! It would be a shame to miss out on the joy of performing on stage! But of course, that’s not all. As an entertainment-focused musical theater club, Omnibus offers a packed schedule of events!! From fireworks festivals and summer training camps to Halloween parties, we have plenty of diverse events throughout the year.If you want to enjoy college life but feel like just partying isn’t enough—Omnibus is the place for you! Here, you can experience both the sense of accomplishment from creating a show together and the fun of hanging out and having a blast with everyone! Every day with Omnibus is like “a cultural festival every day”! Why not spend four dream-like years with us?","Every Tuesday, Friday, and Saturday / Tuesdays & Fridays from 6:30 PM, Saturdays from 4:30 PM / Student Union Building and other locations near Waseda",None,machine_translated,not_reviewed,
C0314,3144,b56ed2976f082568,演劇倶楽部,Culture and Arts,Theater,"Fresh men practice and learn about theater performing in summer for three months, and act in the stage of fresh men. After finishing the stage, the members can continue to serch for the form of theater performances that they want.",Every /18:30/Student Center,None,existing_english,needs_review,Prefilled from English text already present in the official description.
C0315,3158,54f14db8fd2c537c,Mime Mai☆Yume☆To (Maimuto),Culture & Arts,Theater,"Mime Mai☆Yume☆To is a performance group founded in 1985 by professional street performer Happy Yoshizawa.
Going beyond the scope of a typical college club, the group welcomes students from other universities and working professionals to participate in acting and performances centered around mime.
Under the unique guidance of Happy Yoshizawa, members learn the charm of pantomime—expressing stories using only their bodies—and a steady stream of distinctive performers is emerging.
Our main activities include performances at the Waseda Festival in November and our solo show, “Mime Tou Live,” in March. We also perform at various venues, such as “Nextou Live” (which features alumni) and off-campus events.
We warmly welcome anyone interested in theater or performance, those looking to try something new in college, and anyone who loves fun and creative activities!
Most of our members started mime during their time at university.
Please feel free to come try out a rehearsal. We look forward to hearing from you!","Every Tuesday, Friday, and Sunday / 5:00 PM (You may join or leave at any time) / Student Union Building",None,machine_translated,not_reviewed,
C0316,3321,6dd598ef90eda020,(Theater Company) Kurumeru Theater,Culture & Arts,Theater,"Kurumeru Theater is one of the six major theater clubs at Waseda University. We cover a wide range of genres and styles, and by leveraging our large membership, we stage three main performances a year, as well as numerous special productions. There is no strict training regimen; instead, a diverse group of individuals comes together to enjoy theater in a friendly and relaxed atmosphere. Some members are active in external groups or have even started their own theater companies. There are also many active alumni theater groups.Beyond theater, we gather in our clubroom for casual chats, attend fireworks festivals, and go on retreats—allowing you to fully enjoy university life alongside your peers. Of course, it’s easy to balance these activities with your classes, and everyone participates at their own pace. It’s a club where you can enjoy yourself freely. We warmly welcome you to Kurumeru!","Irregular schedule / Student Union Building / Waseda Small Theater ""Dorama-kan""",None,machine_translated,not_reviewed,
C0317,3338,0743ae680e39c499,Iimura R,Culture & Arts,Theater,"We assist other organizations and clubs with loading and unloading items for events. By helping out when staff shortages prevent smooth loading and unloading or when large quantities of items need to be moved, we help alleviate staffing shortages for other groups and clubs.Many of our members have experience handling items frequently used at other groups’ and clubs’ events—such as lumber, wood products, and various types of equipment—which allows us to provide smooth and safe assistance. Furthermore, since we typically have a sufficient number of active members each year, we are able to deepen our connections with other clubs and organizations while engaging in our activities.",Irregular,None,machine_translated,not_reviewed,
C0318,3331,ecced63c14994b3c,(Theater Company) SWANDIVE,Culture & Arts,Theater,"We hold performances about 1 to 3 times a year. We use the Student Union Building and the Waseda Small Theater ""Dorama-kan"" as performance venues. Rehearsals are also held at the Student Union Building. The timing of performances is not fixed annually; we book venues and set rehearsal schedules based on when members are available to put on a show. As mentioned in the introduction, we frequently hold joint performances with other clubs.We collaborate with various groups and individuals, including staff and actors, to create the best possible performances. Specifically, we rehearse 4–6 days a week starting 2–3 months before a performance. Although we are a theater club, members are welcome to join other clubs as well, and we have a very relaxed atmosphere where each person can choose which productions they want to be involved in. Since our membership isn’t particularly large, we have a friendly and welcoming atmosphere.",4–6 times a week (during performance periods) / 6th and 7th periods / Student Union Building,None,machine_translated,not_reviewed,
C0319,3328,81b65c64fd1aef91,(Theater Troupe) Hechima,Culture & Arts,Theater,"We are a theater club that rehearses at the Student Union Building. About once a year, we collaborate with other theater groups to put on a performance at the Student Union Building. We start preparing about two months before the performance, rehearsing 5–6 times a week to create the production together. Many of our members are new to theater, so we learn and improve through trial and error as we perform. Additionally, many members belong to other clubs as well, and since they have a long period of flexibility in their schedules, each member engages in a variety of activities. For last March’s performance, we welcomed actors from other groups and staged a completely original 90-minute full-length play featuring a diverse cast, free of charge. We also took on new challenges, such as placing musical instruments on stage and holding pre-show performances. We put a lot of effort into publicity, and all five performances sold out, making it a huge success.",Irregular schedule / Weekdays: 6th–7th periods; Saturdays & Sundays: 3rd–7th periods / Student Union Building,None,machine_translated,not_reviewed,
C0320,3337,aa60d3a2e4e727ae,SEIREN,Culture and Arts,Theater,"The largest musical club in the country creating the best student musicals.

Our slogan is ?Your chance to be a part of it. To achieve this, our activity guidelines are (1) The best musical students can do, (2) A place where everyone can be serious, and (3) Creating a musical culture at Waseda University. In order to achieve these goals, in addition to the main performance three times a year (August, December, and March), we also put on intra-company performances, extra-company performances, and welcome performances for new students. In addition to stage performances, we perform on the Waseda Festival stage and other venues. For the main performance, we invite professional instructors and technical staff to provide a high level of instruction. Members of the troupe are not only cast members but also staff members. In addition to the staff work for each performance, there are also departmental tasks that the troupe members perform throughout the year: props, production, public relations, administration, and costume department. The company also offers dance training, voice training, and other workshops to help beginners develop their skills.","稽古期間は週4~6/weekdays18:00~22:00weekends/holidays13:00~22:00/Student Center, around Waseda Universityの生涯学習館など",None,existing_english,needs_review,Prefilled from English text already present in the official description.
C0321,3341,0126371d0ac5a053,Theater Group 24-ku,Culture & Arts,Theater,"Theater Group 24-ku focuses on putting on three performances a year (summer performances in June–July, fall performances in November, and spring performances in February–March). Anyone is welcome to join, including theater beginners, upperclassmen, working adults, students from other universities, international students, and those busy balancing classes or part-time jobs. We especially recommend this group to those thinking of starting theater in college. There are no restrictions on joining other clubs, training schools, or agencies at the same time.You can also join solely as a staff member or volunteer. However, since we are a small troupe, members are expected to serve in both casting and staff roles. There are no annual fees, and you can participate in as few as one performance. Rehearsal days are determined for each individual performance. The script and direction change with every production, so the genre varies each time. We also hold various other events every year (such as training camps and graduation parties).","Days vary (twice on weekdays, once on weekends) / Student Union Building",None,machine_translated,not_reviewed,
C0322,3340,5ed25351fba18b79,Akashi,Culture & Arts,Theater,"We are one of the newer theater clubs at Waseda. This year marks our 10th anniversary. While we still have a relatively low standing among theater clubs, we are not bound by tradition, and all members enjoy a relaxed and free atmosphere. Our motto is to hold regular practices that are neither too lax nor too strict, but always fun. We welcome members who belong to other clubs as well, and many of our members are active in various other groups.We aim to be a theater club where people who want to do as much as possible during their short college years—and for whom theater is one of those things—can join without hesitation, so we do not impose excessive restrictions. In return, we ask that members take responsibility and work seriously whenever they are involved in a project. Every December, we hold a joint performance with the theater troupe Teatro 50’.",Irregular / Around 6:00 PM / Student Union Building,None,machine_translated,not_reviewed,
C0323,3334,5f370805c9624d90,POP3,Culture & Arts,Theater,"We are the newest comedy club at Waseda University. In addition to holding regular live shows at least six times a year, we also perform at Waseda Festival and various other events. Furthermore, by participating in live show competitions against other universities and tournaments hosted by external organizations, you’ll greatly expand your social circle. We recommend this club to anyone who wants to “express themselves fully in front of an audience,” “learn to speak confidently in front of large crowds,” or “simply make friends who love comedy.”Why not join us in imitating the manzai and sketch comedians you see on TV? Of course, you can also join the staff to handle sound and lighting or create flyers. Many of our staff members are people who love comedy but are a bit shy. Furthermore, POP3 warmly welcomes students from other universities! We don’t discriminate based on year level! Our group is made up of members from diverse years and academic backgrounds!! Let’s have fun doing comedy together!!",Every Wednesday / 6:30 PM / Student Union Building,None,machine_translated,not_reviewed,
C0324,3592,dc7d23017ed2905a,Theater Group Tokorode,Culture & Arts,Theater,"This theater club was newly established on the Tokorozawa Campus in 2011 by two members who previously belonged to the ""Gekidan Mori"" theater group on the Waseda Campus. We aim to hold performances about five times a year. Recently, we have been actively expanding our activities by holding performances at the Waseda Campus and local public facilities. Experience is not required at all, and the club’s greatest appeal is the opportunity to enjoy theater in a fun and welcoming environment.",Activities are irregular; meetings are held as needed whenever there is a performance,None,machine_translated,not_reviewed,
C0325,3320,ccb46b82f4e741d1,Happy Déjà Vu,Culture & Arts,Theater,No information available,No information,None,machine_translated,not_reviewed,
C0326,3330,1032e265ab39d17d,(Theater Company) Kyokakashi,Culture & Arts,Theater,"A theater club that stages several performances a year.
/
/We consistently present works that emphasize creative concepts.",No information,None,machine_translated,not_reviewed,
C0327,3332,df244519a8c8adf6,Tsuru no Isshō,Culture & Arts,Theater,We hold theater performances several times a year.,No information,None,machine_translated,not_reviewed,
C0328,3333,7fd643496b233ab2,Seisui Kobo,Culture & Arts,Theater,We stage student theater performances about two or three times a year. We also actively collaborate with other theater groups.,No information available,None,machine_translated,not_reviewed,
C0329,3335,f8dff7f4471a237e,Systema Angelica,Culture & Arts,Theater,"We primarily stage theatrical performances in the rehearsal room on the second basement level of the Student Union Building.
/
/We also hold regular rehearsals and perform for external groups.",No information,None,machine_translated,not_reviewed,
C0330,3138,efde69bf0ba16a9f,映画研究会,Culture and Arts,Film,"Waseda's largest and oldest film club. We can challenge feature films, international productions and more!

?A century of filmmaking.? The Film Society of Waseda, which has the longest history among the many film clubs at Waseda, has over 100 members. As the first film club in the Kanto region, it attracts highly motivated and skilled filmmakers from many universities. With a wealth of filming equipment, external connections, and talented people, nothing is impossible for the Film Society, and in FY2022, we realized an international production with Inha University in South Korea. We need many support members as well as aspiring directors, producers, actors, and screenwriters. Video shooting/lighting/sound/music/editing/hair/make-up/costume/still photography/poster design/vehicle department driver, etc. All are just to mention a few. It is a miracle to see how the individuality of each role is fused together and sublimated into a single work of art. Please lend us your passion. No matter what grade you are in. No university required. Membership is open all year round. We welcome people who are not familiar with film and amateurs. Let's shoot miracles together. Please start by adding us on our official line: https://lin.ee/79eOYCA",irregular,None,existing_english,needs_review,Prefilled from English text already present in the official description.
C0331,3142,57fce03999b15577,Inamon Screenplay Research Society,Culture & Arts,Film,"The Inamon Screenplay Research Society (hereinafter referred to as ""Shinaken"") is a club that produces independent films. Despite its formal-sounding name, Shinaken’s defining characteristic is, above all, its freedom. Club members shoot films across a wide range of genres and are free to express whatever they find interesting. We have a full range of equipment, including cameras, microphones, and lighting, so you can start making films as soon as you join.Some members have been active since their freshman year. The club includes many students from other universities and international students, and many join partway through the academic year. We accept new members year-round. Feel free to contact us via Twitter or visit our clubroom (Student Union Building, Room E619) in person. We warmly welcome anyone interested in trying their hand at directing, screenwriting, acting, or cinematography.","Irregular / Student Union Building, Room E619",None,machine_translated,not_reviewed,
C0332,3346,91e5b8830f6a8d94,CineCycle: Rebellious Minds,Culture & Arts,Film,"We are the film production club ""CineCycle Hantouno."" Our activities include shooting several films a year and organizing trips to movie theaters. A distinctive feature of our club is that ""the members get along very well."" Not only during shoots, but even on days when we aren’t filming, we always hang out and relax together in our private clubroom, E525.While the films we produce tend to have a comedic tone, some directors also create more serious, professional-quality works. Since we’re a relatively small film club, we have access to equipment whenever we want, providing an environment where members can shoot freely whenever they feel like it. We also hold summer and winter retreats, where the filming team shoots while the rest of the members go sightseeing. We work hard when we shoot, and relax the rest of the time. That’s the kind of club we are.",Every day / Student Union Building E525,None,machine_translated,not_reviewed,
C0333,3343,b74479b1824b558a,CINEMAX SIDEVARG,Culture & Arts,Film,"We pursue our interests at our own pace and with our own passion. We make movies, watch movies, and have lively yet relaxed discussions about them. Whether you want to make movies or just watch them, everyone is welcome! We’re a club that respects each member’s comfort level. Broadly speaking, our activities fall into three categories: “Screenings,” “Filming,” and “Events.”Screenings are our flagship event, held twice a week. Members choose the movies they want to watch, and we all enjoy them together using a projector and speakers! We also do film production, of course. Many of us are beginners, so we create our works together through trial and error! For our events, we plan outings to watch movies or go out and have fun together! We have a club room, so please come visit us sometime. We’re active on X, Instagram, and YouTube (where you can find our past works), so please search for our club name!","Student Union Club Room (Room E730, Mondays, Wednesdays, and Fridays, starting at 5:00 PM)",None,machine_translated,not_reviewed,
C0334,3147,5a063d391f6b1fca,Animation Research Club,Culture & Arts,Film,"The Waseda University Animation Research Society (WAFL) is an officially recognized intercollegiate club at Waseda University and the only independent production club on campus where students can “create” animations. /
///
//We are divided into various departments—including animation, coloring, art, sound, filming, editing, and 3D—to produce our works. /
///
///
///
//You might be thinking, “I’ve never made an anime before—will I be okay?” But of course you will! Almost all of our members started from scratch, so beginners are more than welcome./
///
///
///
//Our main activity is producing animations for joint screenings held in the summer and winter with independent production clubs from other universities. We also participate in events like the Waseda Festival. Additionally, we’re very active, going on summer and winter retreats and going to the movies together as a club. /
///
///
///
//If you have even the slightest interest in animation production, you’re more than welcome—even as a beginner! We’re also happy to have members from other universities join us, and we welcome new members at any time, so please feel free to stop by!/
///
///
///
//Check out our works, behind-the-scenes videos, and recruitment information on Twitter and YouTube!","Every Tuesday, Thursday, and Friday / 4:30 PM – 8:00 PM / Student Union Building E510",None,machine_translated,not_reviewed,
C0335,3347,46e4e470b32fe7f8,Cinema Production (Cinepro),Culture & Arts,Film,"Cinema Production is an officially recognized film club at Waseda University. We boast the largest membership among the many film clubs on campus and are well-equipped with filming gear. We have strong connections with upperclassmen, and members sometimes get the opportunity to work on shoots directed by professional filmmakers. Whether you want to try your hand at directing, acting, or cinematography, this is a club where you can pursue your interests freely.We frequently collaborate with other film clubs on shoots, and every winter we participate in the “Waseda Film Festival,” an open competition organized by Waseda’s film clubs. In addition to the “Waseda Film Festival,” we consistently achieve outstanding results at many renowned film festivals each year. Our regular activities include weekly meetings, and during weekends and long breaks, we engage in film production activities such as shooting and editing.",Every Thursday / 6:30 PM / Student Union Building,None,machine_translated,not_reviewed,
C0336,3344,f6f3c1341ac7f489,Film Production Group: Ronin-gai,Culture & Arts,Film,"We are the Video Production Group ""Ronin-gai."" We are a club dedicated to making films. Membership is not limited to students preparing for entrance exams. Our main activities consist of regular meetings held about three times a month (on days ending in 9) and ad-hoc filming sessions. You might be curious about these ""ad-hoc filming sessions."" They generally take place on days off when we have free time or during long vacations.During summer and spring breaks, we might head out to shoot somewhere far away, or we might stay here and work intensively. We have everything you need to shoot a movie. I guarantee it. We have high-quality equipment. You can count on our solid technical skills. And there are probably some wonderful people here who’ll help you out. Once the script is ready, the cast and crew are assembled, and the shooting location and equipment are secured, we start shooting. And you could say the movie is basically complete once we get through the editing and screening.After that, depending on individual preferences, we submit the film to film festivals or similar competitions. Whether you want to shoot, direct, act, edit, collaborate with others to create something, leave a lasting legacy, or are just curious—everyone is welcome. It’s a great feeling to see something you’ve been a part of take shape, no matter the form. I personally recommend it. Ronin-gai.","Every day of the month ending in 9 (e.g., 4/9, 4/19, 4/29) / 6:30 PM / Student Union Building; filming takes place as needed",None,machine_translated,not_reviewed,
C0337,3148,de7fa32e2793377f,Kaiju Alliance,Culture & Arts,Film,"We don’t just watch tokusatsu works; we also engage in activities that give tangible form to our “passion” for tokusatsu, such as shooting independent films, creating costumes, and performing hero shows. Our videos are available on our official YouTube channel.Our hero shows are centered around the Waseda Festival, but we also perform at local festivals, various events, and even visit kindergartens. We also occasionally make guest appearances in TV commercials and music videos. We welcome everyone—whether you love kaiju, heroes, or are simply a tokusatsu fan, as well as those interested in acting, crafting, entertaining others, or working with children! This is a club where you can do whatever you want!","Every Monday, Wednesday, and Saturday / 5th and 6th periods / Student Union Building E609",Club website closed,machine_translated,not_reviewed,
C0338,3742,489dd6c8c69d5504,DA Waseda University Harry Potter Research Society,Culture & Arts,Film,"Calling all Harry Potter-loving college students!
/
/
/
/DA is an intercollegiate club for students who love the ""Harry Potter"" and ""Fantastic Beasts"" series. We passionately and cheerfully discuss our love for these works.In 2019, we sold Butterbeer at the Waseda Festival and held retreats at Universal Studios Japan and in the UK. In 2020, we created and played original games and produced the research journal ""Wizarding World in WASEDA."" The gender ratio is roughly 1:1, and about half of our members are from other universities, so students from other schools are sure to make friends quickly! Participation in activities is generally optional.It’s perfectly fine to participate only in weekend events or retreats. Even if you’re busy with classes, part-time jobs, or other clubs, you can easily join. As long as you’re interested in the Harry Potter series, you don’t need to be an expert! Of course, die-hard fans are also more than welcome.
/
/
/
/Whether you’ve only read the books, only seen the movies, or haven’t experienced either but want to dive into the wizarding world, be sure to check out our Twitter and Instagram first!",Every Wednesday / 3:00 PM – 7:00 PM / Building 3 / Student Union Building,None,machine_translated,not_reviewed,
C0339,3573,e78affb9d2c67da3,Waseda University Symphony Orchestra (Wase-Oke) Tokorozawa Branch,Culture & Arts,Music,"The Waseda University Symphony Orchestra, affectionately known as ""Wase-Oke,"" is Waseda University’s official orchestra. It is the only officially recognized orchestra composed exclusively of undergraduate students from the university, with a total membership of approximately 250.Founded in 1913 and celebrating its 100th anniversary in 2013, the orchestra held the “Waseda University Symphony Orchestra 100th Anniversary Concert Series” (five concerts in total) from April 2012 to March 2013.Its main activities include hosting 4 to 5 concerts per year and performing at Waseda University’s official events and cultural programs, such as entrance and graduation ceremonies. In addition, the orchestra performs at 20 to 30 commissioned events annually. Since winning the 5th International Youth Orchestra Competition (commonly known as the Karajan Competition) in 1978, the orchestra has performed overseas 14 times.During the “Europe Tour 2015” held from February to March 2015, the orchestra toured 13 cities in Germany, Austria, and France, receiving enthusiastic acclaim in each location. In particular, the March 8 performance in Berlin was broadcast live worldwide via the Berlin Philharmonic Orchestra’s “Digital Concert Hall” internet service, following previous broadcasts in 2009 and 2012.","Every Monday, Wednesday, and Saturday / 6:15 PM / Various rehearsal venues",None,machine_translated,not_reviewed,
C0340,3101,7884a9a0e7b9f822,Symphony Orchestra,Culture & Arts,Music,"The Waseda University Symphony Orchestra, affectionately known as ""Wase-Oke,"" is the university’s officially recognized orchestra. It is the only on-campus orchestra composed exclusively of undergraduate students, with a membership of approximately 250.In 2023, the orchestra celebrated its 110th anniversary, marking the occasion with the “Waseda University Symphony Orchestra 110th Anniversary Special Concert in Osaka” held in March of that year. Additionally, from late February 2024, the orchestra embarked on the “Europe Tour 2024,” visiting nine cities across Germany and Austria, where it was met with great acclaim.The orchestra performs four to five times a year in its own concerts, as well as at official university events, cultural programs, and external commissions.
/
/Since winning the 5th International Youth Orchestra Competition in 1978—an event that served as the catalyst for the orchestra’s overseas performance activities—the late Herbert von Karajan supported the orchestra in various ways.When Waseda University awarded him an honorary doctorate in 1979, he conducted an open rehearsal of R. Strauss’s symphonic poem “Till Eulenspiegel’s Merry Pranks” at Okuma Auditorium.
/
/In addition, we have welcomed the late Giuseppe Sinopoli, Simon Rattle, Seiji Ozawa, the late Zdeněk Košler, Leonard Slatkin, the late Hiroyuki Iwaki, Naoto Otomo, Ken Takaseki, Kazufumi Yamashita,Daisuke Soga, and Kiyotaka Teraoka. As instructors and fellow performers, we have welcomed many individuals, primarily members of the Berlin Philharmonic Orchestra and the NHK Symphony Orchestra.","Every Monday, Wednesday, and Saturday / 6:00 PM – 9:00 PM / Near Waseda",None,machine_translated,not_reviewed,
C0341,3104,6abd987c9e11c41e,Mandolin Club,Culture & Arts,Music,"The Mandolin Club is a traditional music club with a proud 103-year history. The mandolin is an Italian string instrument characterized by its tremolo technique; it is a charming instrument both in appearance and tone. The orchestra consists of mandolins, mandolas, mandoloncelli, classical guitars, double basses, flutes, and clarinets.We hold three major concerts a year, one of which is a joint concert with Keio University’s Mandolin Club, fostering active exchange between our groups. We also host internal recitals where members freely perform their favorite pieces, as well as outreach performances (in 2016, we held a reconstruction support concert in Ofunato and Rikuzentakata). Both experienced players and beginners are welcome (we are only recruiting experienced players for the wind sections). More than half of our members are beginners. We also have a history of producing many professional musicians. Below are some of the highlights of our club: Free instrument rental. The club room is available anytime with a Waseda student ID, and it’s spacious. Members can join other clubs or participate in intercollegiate competitions. Members get along well with seniors, juniors, and peers, and often hang out together outside of club activities.Compared to other music clubs, our fees are on the lower side. You can receive instruction from professional instructors for each section. Upperclassmen provide one-on-one lessons for beginners, so even if you can’t read sheet music, you’ll be fine. Since there are many female members, the atmosphere is relatively calm; perhaps because there are few male members, the bond among them is strong. …The list goes on and on, but we always have fun during our activities. If you’re interested, please stop by Student Union Building B117 anytime!",Every Tuesday and Friday / 4:30 PM – 8:30 PM / Student Union Building,None,machine_translated,not_reviewed,
C0342,3103,6525d8eea74c8626,Harmonica Society,Culture & Arts,Music,"We are a club that performs in a big band format centered around the harmonica. Our sections are as follows: Harmonica (single, horn), Flute, Clarinet, Guitar, Bass, Keyboard, Drums & Percussion. We cover a wide range of genres, including J-Pop, Western music, and wind ensemble pieces, allowing us to play whatever songs we want. We hold concerts about twice a year (in June and December).For our June concert, we hold a joint concert with Chuo University, Meiji University, and Rikkyo University. Our December concert is a regular concert held exclusively by Waseda University. In addition to concerts, we sometimes perform at the Waseda Festival. We also hold training camps in the spring and summer, where we practice and bond through activities like fireworks, BBQs, and arrangement contests.",Every Tuesday and Wednesday (starting at 4:30 PM) and Saturday (starting at 1:00 PM) / Student Union Building B125,Club website closed,machine_translated,not_reviewed,
C0343,3102,2a2f9883618dc74c,The Naleo,Culture & Arts,Music,"Among the many band clubs, this club specializes in performing so-called ""black music,"" such as soul, funk, and R&B. Centered around summer and winter recitals, we organize about 10 live performances a year and practice diligently every day in preparation. The Naleo owns a variety of equipment, and when we hold live performances in the Student Union Building, we handle everything from setup to operation ourselves. As a result, our members have a deep understanding of sound engineering and event planning.//
///
///We operate on a fixed band system, where members stay in the same band for three years to refine and pursue their own musical style. Additionally, as an intercollegiate club, we transcend university boundaries, allowing members to meet friends purely through music.//
///
///In addition to band practice, we hold jam sessions in the club room whenever people gather. We welcome non-members, so you can make music and connect with people from other universities and the general public.//
///
///In 2016, we held a party at Blue Note Tokyo to commemorate our 70th anniversary, where current members performed live. Because of our long history, we have close ties with alumni, allowing you to experience things up close that ordinary students wouldn’t normally get to experience.","Every Tuesday, Thursday, and Saturday; 2nd and 4th Sundays / At your convenience / Student Union Building B124",None,machine_translated,not_reviewed,
C0344,3111,c1f143c13454d591,Latin American Association,Culture & Arts,Music,"We, the Latin American Association—commonly known as “Lateame”—study the cultures of Latin American countries, particularly Brazil.In our activities, we place particular emphasis on the study of musical culture. We enjoy playing and dancing to a wide range of genres—from samba batucada performed at the Rio Carnival and bossa nova often played in cafes, to Brazilian music and even folklore, the mountain music of the regions surrounding the Andes—even though we’re all beginners, we play and dance to whatever we find appealing.Of course, it’s not all about music—we also enjoy Brazilian-style barbecue (churrasco) and other aspects of food culture! If you’re even slightly interested, please come visit our club room! We’re waiting for you!",Every Monday and Thursday / 7:00 PM / Student Union Building,None,machine_translated,not_reviewed,
C0345,3105,eecc73fbf334627a,Orquesta de Tango Waseda,Culture & Arts,Music,"We, the Orquesta de Tango Waseda, are the only student-run Argentine tango ensemble in Japan—and the only one at Waseda University—currently performing Argentine tango with a lineup that includes violin, piano, double bass, viola, cello, flute, and bandoneon, as well as occasional guitar and vocals.We are an officially recognized club with a history spanning over 60 years, and we have produced many alumni. We are also an intercollegiate club that welcomes students from various universities, not just Waseda, and we operate regardless of university or year of study. Almost all of us are “tango beginners” who discovered Argentine tango after entering university, and we work together every day to improve our tango skills.We hold various performances, including our annual year-end recital, as well as appearances at the Waseda Festival and our own summer live shows. We’d love for you to come visit our clubroom or attend one of our live performances!","Every Monday, Wednesday, and Saturday / 6:00 PM – 9:00 PM / Student Union Building, B1F, Room B116",None,machine_translated,not_reviewed,
C0346,3293,7d1f95ee39d3d59b,UBC,Culture & Arts,Music,"UBC is a Waseda University-recognized club dedicated to planning live music events, founded in 1953. ""UBC"" stands for ""University Broadcasting Company,"" embodying the vision to ""serve as a hub for disseminating information through various broadcasting media."" Having pioneered initiatives such as ""UBC-FM,"" the first student-run mini-FM station, and ""UBC-TV,"" the first student-run campus mini-TV station, the club now primarily focuses on planning and organizing music events.
/
/In addition to ""UBC-jam,"" a free live concert for 5,000 people held during the Waseda Festival, we have been expanding our scope of activities by launching new music events since 2007.
/
/We are committed to music that we, as listeners, truly believe is excellent, and we actively plan events that everyone can enjoy from the bottom of their hearts.",Every Friday / 6:30 PM / Student Union Building,None,machine_translated,not_reviewed,
C0347,3643,c6c5308009b6710a,High Society Orchestra,Culture & Arts,Music,"The High Society Orchestra was founded in 1955 as Waseda University’s only big band jazz club. Affectionately known as “High So,” we are widely recognized as a leading figure in the student big band jazz scene, boasting a rich tradition and a proven track record. Over our long history, we have produced numerous professional musicians.Our main activities include three weekly rehearsals, as well as our own live performances, joint concerts with bands from other universities, collaborative performances with professional musicians from Japan and abroad, and performances at parties and other events. Every March, all members come together to hold a recital, and in August, we compete in a national contest featuring student big bands from across the country. In addition, we have plenty of activities typical of college life, such as summer and winter training camps.On the other hand, performing alongside professional musicians is a unique feature of the High Society Orchestra, thanks to its long tradition and proven track record. We also frequently perform at private corporate parties, which is a great advantage for job hunting! You can gain a wealth of experiences that you wouldn’t get in a typical college life. Why not spend a one-of-a-kind college life with the High Society Orchestra—a life that’s about more than just making music?","Every Monday, Thursday, and Friday / 4:30 PM / Basement 1, Student Union Building",None,machine_translated,not_reviewed,
C0348,3107,fb9ac934f07142aa,Waseda University New Orleans Jazz Club,Culture & Arts,Music,"The Waseda University New Orleans Jazz Club, commonly known as ""New Oli,"" is the only club in Japan that performs ""New Orleans Jazz,"" a very old form of jazz that originated in New Orleans, Louisiana—often referred to as the birthplace of jazz. We typically form a band of about seven members to perform.Our main activities include bi-monthly club recitals, an annual recital held every December, and participation in annual events such as the Waseda Festival and the Inmon Festival. We also hold summer training camps and organize winter trips to New Orleans for interested members. Additionally, New Oli accepts performance requests from outside the university and performs at various venues upon request.Examples include performances in shopping districts and at party venues, as well as appearances at jazz festivals. As such, we are characterized by our wide range of performance opportunities both on and off campus, as well as our flexibility to perform anywhere.","Daily / As needed / Student Union Building, Room B116",None,machine_translated,not_reviewed,
C0349,3303,2b0f45abe30e1108,Music Fan Club (MFC),Culture & Arts,Music,"We, the Music Fan Club (MFC), are a traditional ""12 Major Free Band System"" band club established in 1959 that performs a wide range of music, from Western genres like soul, funk, blues, and rock to Japanese music.One of our major features is that many of our bands include a horn section with instruments like trumpets, saxophones, and trombones—sometimes growing to a total of nearly 15 members! We warmly welcome anyone who was in a school band in middle or high school, or anyone looking to start playing a new instrument. Our main activities include band practice, 7–8 major live performances per year, spring and summer training camps, and weekly club meetings. There are so many other fun events that we could go on forever! Rehearsals are held mainly at a music studio in Takadanobaba, with each band organizing its own schedule based on upcoming gigs. Don’t worry if you’re a beginner—we plan to offer lessons for each section as needed! We also have a large collection of records and a record player in our clubroom, so feel free to drop by whenever you have some free time! MFC is always looking for new members. Let’s immerse ourselves in music together and become “dancing fools”!",Varies by band. Club meetings are every Friday from 8:00 PM at Takadanobaba. There’s usually someone in the club room.,None,machine_translated,not_reviewed,
C0350,3304,1b2b7f41e18e82c9,Modern Music Troop （MMT）,Culture and Arts,Music,"Enjoy making songs! You can perform either in a band or solo!

Modern Music Troop (MMT) is a band music club, and we create original songs :)

We perform not only in campus, but also in concert venues. Some members are active as professional musicians.

We welcome people don't have any experience playing the instrument!

We also play not original songs. You can perform either in a band, or solo.

We have many not-Waseda members, including other university students and working people. In MMT, you can be relaxed and play music freely.

We have regular gigs and Waseda festival gig. Also, we have many activities like summer and winter camp, BBQ, and hiking.

And, annually we make our album in April and November.

If you want to play original music, please come to MMT!!",irregular/Student CenterE1117,None,existing_english,needs_review,Prefilled from English text already present in the official description.
C0351,3108,fb1928357831a680,Modern Jazz Society,Culture & Arts,Music,"We are a Waseda University-recognized club with over 60 years of history. We have produced many professional musicians. While many members are experienced, beginners are also welcome. The clubroom is equipped with a grand piano, a drum set, three double basses, and a keyboard, which members can use for practice and jam sessions.Every other Monday and Wednesday in Room B124 of the Student Union Building, we enjoy jam sessions focused on standard tunes while working to improve our skills. In addition to our regular sessions, we schedule live performances and retreats several times a year. At these live events, members can form bands with various other members and deepen their connections. We also accept performance requests from cafes, the university, and other venues. Please check our social media accounts for more detailed information about our activities.","Club Room Availability (Mondays, Wednesdays, Fridays, and Sundays on odd-numbered weeks) 8:00 AM – 10:00 PM
/
/
/
/Regular Session Dates & Times: 1st, 3rd, and 5th Mondays, and 2nd, 4th, and 6th Wednesdays 6:00 PM – 10:00 PM (Regular sessions will be held every Monday and Wednesday in April)
/
/
/
/Location: Student Union Building B124 (During April, sessions will be held in B124 on Mondays and in a different room on Wednesdays)",None,machine_translated,not_reviewed,
C0352,3058,761c24bf0900dfa6,Latin American Studies Society,Culture & Arts,Music,"The Latin American Studies Club is a band club that plays Jamaican music like reggae, ska, and rocksteady, as well as calypso, Latin, and Afrobeat!
/
/We have our own fully equipped clubroom where we mainly practice. As for events, we hold about six live performances a year, plus a summer camp and a winter training camp. Usually, we just hang out and chat in the clubroom.We know many of you may not be familiar with Latin American music, but that was the case for most of our members at first too. Most people joined simply because it looked fun, cool, or interesting, so if you’re curious, please feel free to drop by our clubroom!
/
/We’re looking for members across a wide range of instruments, from vocals, backing vocals, guitar, bass, keyboard, and drums to trumpet, saxophone, trombone, flute, and percussion.We especially want as many people as possible to join the horn section. This is perfect for those with experience in the wind ensemble or light music clubs who want to “try something new at university,” those who just want to play rhythm guitar, or those who want to master the one-drop rhythm. Of course, beginners and those returning after a break are also very welcome! We’re truly the happiest and most fun band club at Waseda, so please feel free to come check us out!",Irregular days / Mainly after classes / Student Union Building,None,machine_translated,not_reviewed,
C0353,3100,f203869663d1c768,ギタークラブ,Culture and Arts,Music,"We are a student-led classical guitar club, which gives an opportunity to experience the joy of performing with others in an ensemble.

We are a classical guitar ensemble circle which started in 1962. We perform a wide range of works like classical music, pop songs, jazz, movie soundtracks, and so on. Since we give step-by- step lessons for beginners, you do not have to worry if you have never played any musical instruments. Not only concerts, but we have many fun events so you will enjoy your university life as well. Although performing in front of audience is challenging, but it's absolutely a fulfilling experience. If you are looking for a circle which gives you experiences of playing musical instruments, performing in front of audience, and making Japanese friends, please feel free to contact us. We look forward to hearing from you!","Every Wednesday日（5, 6period）, Saturday日（4, 5period）/Student Center",None,existing_english,needs_review,Prefilled from English text already present in the official description.
C0354,3309,2e2ac6f159101260,Waseda Folksong Society (WFS),Culture & Arts,Music,"The Waseda Folksong Society is a Waseda University-recognized band club founded in 1963. We primarily perform cover songs, playing music from genres such as alternative, indie, post-punk, and emo—regardless of whether the songs are Japanese or Western. However, we are basically open to any genre or style! We hold live performances about once a month, operating in a freestyle format where we form bands and gather members for each show.This means you don’t have to play with the same members every time; you can play the music you love, however you want, whenever you want. We warmly welcome anyone who wants to start playing an instrument after entering university. Waseda students are, of course, welcome, and students from other universities are also welcome to join! You can join at any time, and we welcome new members mid-semester, whether it’s during the first or second semester. We have a friendly, welcoming atmosphere and enjoy our club activities. Please come check us out!",Every Monday / 6:00 PM / Student Union Building,None,machine_translated,not_reviewed,
C0355,3526,f89d79e218a39a34,Swing & Jazz Club,Culture & Arts,Music,"We are an officially recognized club of the Waseda University School of Science and Engineering that performs jazz in small ensembles of about 3 to 6 members. Our repertoire covers a wide range of genres, centered on modern jazz but also including Latin, bossa nova, and more.
/
/We hold live performances several times a year, and any member who wishes to participate can perform. Additionally, our dedicated club room in Room B121 of the Student Union Building is equipped with an upright piano, two double basses, and a drum set. We also own several wind instruments, such as saxophones and trumpets. Many of our members are beginners; most started playing jazz or even began learning an instrument for the first time in college.We warmly welcome both experienced musicians and those with no prior musical experience. In fact, there was even a term when the club president was someone who had started playing an instrument for the first time in college.
/
/We hold jam sessions at the Student Union Building several times a month. A jam session is where members present improvise and play songs of their choice together. Non-members are welcome to participate or simply observe. Details regarding the dates, times, and locations of these sessions are posted on our blog and other platforms.","Weekdays: Student Union Building B121 (Club Room); Weekends: Student Union Building B123, etc.",None,machine_translated,not_reviewed,
C0356,3527,c271aed62f9c351d,Waseda University Ensemble Guitar,Culture & Arts,Music,"We are a club officially recognized by the School of Science and Engineering that performs classical guitar in an ensemble format. The appeal of our club lies in our wide range of repertoire, from classical pieces performed by the entire club to popular songs accompanied by percussion instruments such as drums and bass. Since most new students joining the club are beginners, beginners are very welcome. Experienced guitarists can also utilize their skills while challenging themselves with other instruments.We hold joint concerts with clubs from other universities three times a year.In December, we hold our annual concert in a rented hall as the culmination of the year’s efforts. We practice in the Student Union Building, where our club room is located. Since we use the guitars provided in the club room for practice, there’s no need to buy your own. The club room also has acoustic guitars and drums, so many members enjoy trying their hand at singing while playing or forming bands. Since we’re officially recognized by the Faculty of Science and Engineering, most of our members are from that faculty, but we also have many students from the humanities, so please feel free to join us! We’re also looking forward to welcoming students in their second year and above!!","Every Tuesday, 5th–6th periods; Saturday, 4th–5th periods / Student Union Building",None,machine_translated,not_reviewed,
C0357,3127,2cf41367bd7669fa,Chanson Research Club (Chan-Ken),Culture & Arts,Music,"The Chanson Research Club operates under the motto, “You can do whatever you want!” We are not a club that focuses solely on chanson. As times have changed, we have incorporated a variety of musical tastes, and we have grown into a club that prides itself on being the most all-encompassing at Waseda. We welcome members who play guitar, bass, vocals, drums, and keyboard, as well as wind instruments, so we have many members who previously belonged to the wind ensemble.Everyone loves practicing and working with equipment, and we take our music seriously! The genres we play range from pop, rock, and progressive metal to jazz fusion, anime songs, post-rock, math rock, Russian folk songs, and even Indian progressive rock—you can play whatever music you want! If you’ve never been able to find members who share your interests, the Chanson Research Society welcomes any kind of music!We also partner with the Chanson Research Clubs at Keio University, Japan Women’s University, and Shirayuri Women’s University, holding joint practices and live performances. With nearly 200 members across all clubs, we’re a massive music club—you’re sure to find someone who shares your interests! Come join the Chanson Research Club and fill your college life with music!!!",Every Tuesday and Saturday / Periods 3–7 / Student Union Building,None,machine_translated,not_reviewed,
C0358,3533,6e41caa90c5f5497,KONA HAWAIIANS,Culture & Arts,Music,"Hey there, are you looking for a light music club at Waseda? Hello! With so many clubs to choose from, thank you for checking us out. KONA HAWAIIANS is just your average band club. We don’t play Hawaiian music!! Here are four key points about us!
/
/
/
/First, our “fixed band system.” This means you’ll be in the same band from the moment you join until you graduate, performing at live shows about once a month!! However, you’ll quickly become friends with everyone across all bands as the circle expands beyond your own group! This is a major strength that band clubs with a “free band system” don’t have.
/
/
/
/Second, it’s so cozy it feels like home. We don’t have the kind of wild drinking parties typical of other band clubs, and we don’t pressure anyone to drink. It’s a great atmosphere where you can hang out with the people you get along with.
/
/
/
/Third, our clubroom is “fully equipped” with gear, so you can practice solo or with your band there. Saving on studio fees is a huge plus!
/
/
/
/Finally, we’re open to all genres! From fans of Japanese rock to punk to Vocaloid… we have all kinds of people. Sometimes there are even people rapping (?)
/
/
/
/By the way, we hold about four live events a year where you can play your favorite artists’ songs—using the same “open band” system as our event-based live shows! You’re welcome to join as a member of another club too. Maybe KONA is the place for you to play your instrument…?","Anytime / Student Union Building B118 (Clubroom, equipment available)",None,machine_translated,not_reviewed,
C0359,3128,db74a11b5cd98837,Music Club Starry Sky,Culture & Arts,Music,"We are a traditional club that celebrated our 50th anniversary in 2016! We hold acoustic concerts featuring singer-songwriters once or twice a week, as well as monthly band-style live performances! In recent years, our membership has grown, making us the largest club on campus!Musical skill levels range from beginners to experts. While many members love Japanese rock, we have a diverse group of people who enjoy various genres, including Western music and Vocaloid! Even those picking up an instrument for the first time or wanting to try a new one are growing rapidly through their participation and thriving both within and outside the club! Want to do singer-songwriter performances but also try playing in a band? We’re waiting for ambitious people just like you! Please feel free to come check us out!",1–2 times a week (irregular schedule) / 4:30 PM– / Student Union Building,None,machine_translated,not_reviewed,
C0360,3106,987eadefc6399bee,Guitar Society,Culture & Arts,Music,"Celebrating its 50th anniversary this year, this is Waseda University’s only classical guitar ensemble. Whether you’re a beginner or an experienced player, we practice guitar in a friendly and relaxed atmosphere. Our clubroom is located in Room E1115 of the Student Union Building, where members gather during free periods to play guitar and enjoy each other’s company. We pride ourselves on our extensive collection of sheet music, allowing us to perform not only classical pieces but also pop songs, Western music, Disney songs, and Ghibli songs.We warmly welcome Waseda students, students from other universities, and international students alike.We hold three retreats a year—the New Member Welcome Retreat, Summer Retreat, and Fall Intensive Retreat—where you can practice guitar and build friendships across grade levels! The Summer Retreat features an ensemble competition, which is always a lot of fun. We hold concerts twice a year, in June and November, renting a hall for the events. The June concert marks the first stage performance for new members, while the November regular concert serves as the culmination of the year’s efforts. Please feel free to stop by our clubroom sometime!",Every Tuesday and Friday / 4:30 PM – 7:30 PM / Student Union Building,None,machine_translated,not_reviewed,
C0361,3110,0cfb7126760ebcc3,Ensemble Ridol,Culture & Arts,Music,"Ensemble Ridol is a university-recognized club that performs in Waseda University’s only “pop orchestra” format. We operate with a unique lineup that combines a big band with violins, flutes, and clarinets. At our concerts, we perform a wide range of genres, from pop, jazz, and fusion to classical music, as well as video game and anime soundtracks.
[Key Features of Ridol]
""No Regular Membership System""... All members can participate in concerts from the very beginning. There are no auditions.
""Arrangements""... Because of our unique lineup, we create our own sheet music for the songs we want to play. Participation is voluntary—it’s not mandatory—and we hold arrangement workshops, so even beginners can give it a try!
""Beginners and Intercollegiate Students Welcome""… About 30% of our members are beginners. We’re a truly diverse group—from those who started music in college, to those picking up a new instrument, to experienced musicians who just want to keep things casual in college. With support from upperclassmen and a focus on simply enjoying music, you can practice at your own pace. Plus, many intercollegiate students from Keio University, Japan Women’s University, Tokyo Women’s University, and other schools participate!
""Plenty of Events""... In addition to three annual retreats and two concerts a year, we have plenty of other events, including private live shows just for members, watching the Waseda-Keio rivalry game, and fireworks festivals!
There’s only one requirement: a love of music. Why not enjoy a college life filled with music alongside wonderful friends?","3 times a week (Mon, Thu, Sat) / Mon & Thu 7:00 PM – 9:30 PM, Sat 5:00 PM – 8:30 PM / Music Practice Room, B1F, Student Union Building",None,machine_translated,not_reviewed,
C0362,3543,06bc8d378656d7d5,Waseda Singing Club,Culture & Arts,Music,"We are the Waseda Utaou-kai, a band club officially recognized by the School of Science and Engineering!! We cover a wide variety of genres, including rock, punk, jazz, metal, idol music, anime songs, and Vocaloid—and we’re a club where even beginners can feel free to join!In fact, many of our upperclassmen didn’t even start playing an instrument until they entered university! Our annual activities include three “concerts” held at live houses in Tokyo, three “classroom live” performances held in the Student Union building, and three training camps. We hold both large and small live performances frequently, so even beginners can easily participate at their own pace! We use a “free band” system where we rearrange band members for each performance, so you can quickly become friends with various upperclassmen in a friendly and relaxed atmosphere!Plus, even if you’re busy or involved in other clubs, you can participate at your own pace!! Utarou-kai is an intercollegiate club; almost all of the male members are from Waseda University’s School of Science and Engineering, while the female members come from Waseda University’s School of Science and Engineering, Gakushuin Women’s College, Tokyo Kasei University, Japan Women’s University, and other schools. Since we have seniors from various departments, you can rest assured that we’ve got your back if you ever struggle with your studies (lol). You can continue participating even after graduating, so you can stay active for a long time! We’re a close-knit group, so please definitely consider joining us!","Irregular schedule / Student Union Building, live music venues in Tokyo",None,machine_translated,not_reviewed,
C0363,3122,3dc914d8c19301c7,Glee Club,Culture & Arts,Vocal Music,"The Waseda University Glee Club is a men’s chorus club with a 117-year history.
/
/At our regular concerts, we get to sing in front of an audience of 2,000 people!
/
/After every practice, we all go out to eat together. Freshmen get free meals!
/
/
/
/What sets us apart from other choirs is that we have many performance opportunities beyond our regular concerts.
/
/WaseGuri has plenty of opportunities to shine, such as at the Waseda-Keio rivalry game, entrance ceremonies, and graduation ceremonies.
/
/We also go on concert tours throughout Japan and abroad, and even have the chance to appear on TV shows like the Kohaku Uta Gassen!
/
/With professional instruction from opera singers, you’re sure to improve your singing!
/
/Of course, beginners are welcome too!
/
/We actively engage in exchanges with other universities and are planning joint concerts with other choirs.
/
/Our alumni are active in all kinds of industries, and we’ve produced many announcers and singers.
/
/
/
/For those who want to lead a fulfilling life every day!
/
/For those who want to experience things you can’t do in a typical student life!
/
/And, if you love to eat a lot, you’re more than welcome!","Every Monday, Wednesday, and Friday / 5:00 PM / Student Union Building, Waseda Hoshien, etc.",None,machine_translated,not_reviewed,
C0364,3124,0dc691dc4c0448f1,混声合唱団,Culture and Arts,Vocal Music,"All the members of WMC consists of Waseda University students.

You can experience various musical activities such as singing with accompaniment of orchestra, chorus lessons by a professional conductor,and practice from the basic of chorus with voice-trainers.

Whether you are a beginner or an experienced, we welcome anyone who loves to sing!","Activity times
/
/1yearの7monthまで month, 水：5-6period、土：3、4period
/
/8month以降 火：18:50-21:00、木, 土：5-6period
/
/※Student Centerにてpractice",YouTube link unavailable,existing_english,needs_review,Prefilled from English text already present in the official description.
C0365,3123,d38afd6f7465b06b,Cole Flügel,Culture & Arts,Vocal Music,"Waseda University Call Flügel is a men’s chorus founded in 1949 by Shin Sekiya and others. The name “Flügel” means “wings” in German.
Our main activities center around four major events: the Welcome Concert in April, the Ikarashi Concert in August, the Tokyo Choral Competition in September, and our solo concert in December.We welcome three conductors, all of whom are alumni of our group, and we practice diligently every day in preparation for each performance.
At the Ibaraki Concert and our solo concert, we perform a diverse repertoire of music from throughout history and around the world, and we actively undertake commissioned premieres, opening up new possibilities for men’s choral music.
We have won numerous Gold Prizes at competitions sponsored by The Asahi Shimbun.Most recently, in 2025, we won the Gold Prize and the NHK Award at the 78th All-Japan Choral Competition.
In addition, our activities are wide-ranging, including appearances at the Tokyo Choral Festival, on NHK’s “Let’s Sing the Set Pieces,” and performances with orchestras as members of the Shinyukai Choir.
We are currently accepting new members.
We will hold a welcome concert on Thursday, April 2!
If you are interested, please contact us via social media or email.
Principal Conductor: Keiichi Shimizu
Conductors: Akira Shimizu, Yosuke Mashimo
Pianist: Hiroyuki Oda
Rehearsal Pianist: Hiroki Igawa
Voice Coach: Hiroyuki Yoshida
Email Inquiries: [email protected]
Last Updated: February 23, 2026
(Featured Photo © Atsushi Yamaguchi)","Every Monday, Wednesday, and Friday, 6:30 PM – 9:00 PM
Rehearsals are held primarily at the Student Union Building and other venues in Tokyo",None,machine_translated,not_reviewed,
C0366,3121,96807e8cbe1de6ae,Choir,Culture & Arts,Vocal Music,"＼Welcome to Sōai, where we play hard, laugh a lot, and sing our hearts out!／
/
/
/
/Sōai is Waseda’s largest and finest mixed-voice intercollegiate choir, celebrating its 71st anniversary.
/
/We enjoy our daily activities with a diverse group of 50 members.
/
/One of Sōai’s biggest features is that we hold over 20 events a year!
/
/The highlights among these are the Summer Concert in August and the Annual Concert in December!
/
/This year’s Summer Concert is scheduled to take place in Mishima City, Shizuoka Prefecture. We’ll be performing on a collaborative stage with local high school students, and the spectacle created by such a large group is truly breathtaking! It’s sure to be a wonderful summer memory.
/
/For our annual concert, we invite an external instructor to provide professional guidance during rehearsals. A fantastic performance awaits—one that can only be achieved with the friends you’ve worked hard with all year long!!
/
/
/
/About 60% of Hayai’s members started singing in a choir in college. We perform a variety of repertoire, including choral pieces and pop songs, so both beginners and experienced singers can enjoy singing together.
/
/And… the appeal of Hayai isn’t just about the singing.
/
/We host plenty of events to deepen the bonds between members, such as the Two-Voice Social, Summer Concert Retreat, and post-practice dinners!
/
/
/
/Whether you love choral singing or just want a free meal!
/
/We’re recruiting members 365 days a year! ◎ Check our official social media for the latest updates!
/
/
/
/Why not join us and experience the best of Hayo-gaku life?","Every Tuesday & Thursday / 6:55 PM – 8:35 PM / Student Union Building
/
/
/
/Every Saturday / 5:00 PM – 8:35 PM / Student Union Building",None,machine_translated,not_reviewed,
C0367,3126,5e73d5cd64e4e18e,Street Corner Symphony,Culture & Arts,Vocal Music,"Street Corner Symphony is one of Japan’s oldest a cappella groups, with a history spanning over 30 years. We have produced numerous alumni who have gone on to professional careers, including members of TRY-TONE, Smooth Ace, AJI, and The Gospellers.
/
/We perform a wide variety of genres—from J-pop to jazz, Latin, and world music—using only the human voice.
/
/Among the many music clubs at Waseda, we believe we are the only one that covers such a broad range of genres. You’re sure to find music that suits your taste.
/
/
/
/The club hosts a variety of events throughout the year.
/
/Among them, our club concert—entirely created from scratch by our members—is truly spectacular.
/
/From the performers themselves to the lighting and sound equipment that enhances their performances, stage decorations, and even the program booklets, everything is planned and managed by our members.
/
/With over 300 attendees at every show, it has become our club’s flagship event.
/
/
/
/Our members also actively participate in national competitions held throughout Japan, including in the Kanto and Kansai regions.
/
/Why not join us in singing a cappella at a level that can compete on a national stage?
/
/All of us in the club are looking forward to meeting you!","Anytime / Student Union Building B1, 1st, 9th, 10th, and 11th floors",None,machine_translated,not_reviewed,
C0368,3129,6354c0103a7c9541,Choco Crunch,Culture & Arts,Vocal Music,"We are the a cappella club Choco Crunch!/
//
/Choco Crunch is an intercollegiate club founded in 2000, with members from various universities. We also have many members from science and engineering fields and students in their second year or higher, so you can interact with a diverse group of people. Many members join with no prior musical experience, and the appeal is that anyone can enjoy it. /
//
/Our motto is “Let’s have fun and improve together”!/
//
/In addition to general rehearsals held about twice a month, we also hold activities for each a cappella band. In these band activities, we perform a wide variety of songs across all genres. Members can enjoy a cappella in ways that suit their individual goals, whether it’s aiming to perform at our biannual club concerts, enjoying internal performances, or competing in external competitions. Choco Crunch bands have a track record of success, including winning division championships at national competitions./
//
/We also have a rich lineup of non-a cappella events, including two annual training camps, Halloween and Christmas parties, field trips, and bowling outings. Through these events, you’re sure to make friends with everyone, regardless of year, class, age, or gender!",First Tuesday of the month / Periods 5 & 6 / Student Union Building; Third Saturday of the month / Period 2 / Student Union Building,None,machine_translated,not_reviewed,
C0369,3315,1484961f3f99efdd,"Whistling Club ""Koto Lip""",Culture & Arts,Vocal Music,"We are the Whistling Club ""Koto Lip,"" a group that focuses primarily on ensemble performances! We meet twice a week at the Student Union Building on the Toyama Campus to practice whistling and enjoy chatting, creating a warm and welcoming atmosphere. Even if you have no musical experience or aren’t very good at whistling, if you’re looking for a place to belong, please come check us out! We welcome not only students from other universities but also international students depending on the year, so you can make friends with a diverse group of whistle enthusiasts! ♪ No qualifications are required to join, and there are no membership fees—we only collect a small fee each time we perform on stage, so even those on a tight budget can join with peace of mind!We’re expanding our activities beyond Waseda Festival to include local festivals like the Waseda Earth Thanksgiving Festival, concerts where whistlers from all over Japan gather, and, in recent years, even competing in world championships.Until recently, Waseda was the only university with a student whistle club, but in the past year or two, whistle clubs have sprung up all over the country, and we’ve started interacting with them! Of course, we don’t just whistle—we also hang out and have fun together, and when it comes to a welcoming atmosphere, we’re second to none. Please feel free to contact us and come check us out!",Every Monday and Thursday / 5:00 PM – 8:30 PM / Student Union Building,None,machine_translated,not_reviewed,
C0370,3734,786abe1935603ce7,早稲田大学女声合唱団,Culture and Arts,Vocal Music,"We are Waseda-Daigaku-Josei-Gassyodan (a.k.a “Wasejo”)! We are regularly getting coached from a conductor and a vocal coach. Having dinner after practice is one of the best part of our activities! Moreover, mobility is our strength. There are many events throughout the year, such as our own concert, a joint concert with other universities, an open-air concert, contests, training camps, and a year-end party (“Bonenkai”). Everyone who wants to sing in a female chorus is welcome: from any universities, in any grades, and any genders!","Every Monday日, Thursday日/18:55~21:10/on Waseda campus",None,existing_english,needs_review,Prefilled from English text already present in the official description.
C0371,3556,2e207a4c75f4580c,早稲田大学混声合唱団　所沢支部,Culture and Arts,Vocal Music,"We are the Tokorozawa branch of Waseda University Mixed Chorus. In Tokorozawa, we also have a clubroom where you can practice singing anytime. We welcome international students. We are looking forward to singing together!

We are the Tokorozawa branch of Waseda Mixed Chorus(WMC)♪ All the members of WMC consists of Waseda University students, and many of us are studying at Tokorozawa campus. We usually practice at Toyama campus, but we have a clubroom in Tokorozawa where you can practice singing anytime.

You can have various valuable experiences such as singing with an orchestra, chorus lessons by a professional conductor, and practicing one-on-one with voice-trainers.

You can go to training camps, talk with your friends in the clubroom, go out to eat after practice, hang out with club members on holidays... Each member of the group is enjoying their college life in our club!

Whether you are a beginner or an experienced, we welcome anyone who loves to sing!",Activity times 1yearの7monthまで month、水：5-6period 土：3、4period 8month以降 火：18:00-21:00 木、土：5-6period,YouTube link unavailable,existing_english,needs_review,Prefilled from English text already present in the official description.
C0372,3090,f16a23d4e4f4aa63,Photography Club,Culture & Arts,Fine Arts,"The Photography Club’s main activities consist of eight annual photo exhibitions and workshops (club activities) held on weekdays from April to July and October to December, typically starting at 7:00 PM (taking into account the end of the fifth period).During these group activities, we conduct sessions ranging from instruction on how to use cameras, computers, and printers to darkroom workshops. We also organize photo shoots and spend time in the clubroom thoroughly reading photography books—activities designed so that everyone, from beginners to experienced members, can enjoy themselves and improve their skills. Some of these activities are unique to the Photography Club, made possible precisely because we have the necessary equipment and knowledgeable members. Additionally, we hold training camps twice a year in spring and summer to foster camaraderie within the club.Furthermore, the Photography Club interacts with photography clubs from other universities, such as at the Waseda-Keio Exhibition and the Six Universities Photography Exhibition, making it an attractive club for those who want to be exposed to diverse perspectives. At these exhibitions, we create, display, and critique photographic works based on the skills honed during our group activities. The clubroom is fully equipped with various supplies, including a display for retouching, Mac computers, a color printer capable of printing up to A3+ size, and film scanners.You also have unlimited access to the black-and-white darkroom. Participation in all activities is completely voluntary; you can just drop by whenever you feel like it. We warmly welcome everyone from beginners who haven’t bought a camera yet but love taking and viewing photos on their smartphones, to experienced photographers who already own a camera or were in a photography club in high school. Since we’re an intercollegiate club, we’re not limited to current students—anyone interested in “photography” is welcome!","April–July, October–December / (Weekdays) 7:00 PM– Student Union Building, etc. / (Weekends) Photo shoots",None,machine_translated,not_reviewed,
C0373,3092,be8955949d905288,Art Research and Creation Society,Culture & Arts,Fine Arts,"The Art Research and Creation Society (commonly known as ""Biken"") is an officially recognized club at Waseda University, and as the name suggests, it is an art-focused club! In addition to individual projects for our regularly held exhibitions, we undertake all kinds of projects under the banner of ""art,"" including designing the interiors and exteriors of retail stores, participating in Design Festa, and live painting at the Waseda Festival!From oil and watercolor painting to CG illustrations, paper cutouts, and collages—two-dimensional works—as well as clay modeling, knitting, and other three-dimensional pieces, and even video art at times. Members create works however they please!! It’s an open-participation club with a generally laid-back atmosphere. Members engage in creative activities at their own pace.We’re a group of people interested in art and creativity—whether you “enjoy making things,” “want to create with art supplies you’ve never used before,” or “simply want to enjoy the creative process”!",Every Monday and Thursday / Around 3:00 PM – 7:30 PM / Student Union Building (W402),None,machine_translated,not_reviewed,
C0374,3082,bf1fd94e5adacb16,Textile Research Club,Culture & Arts,Fine Arts,"The Waseda University Textile Research Society is a fashion club centered around Waseda University, founded in 1949. Guided by the philosophy of “What kind of ideas can students from a comprehensive university convey and influence through fashion?”, the society organizes fashion shows and installations. Currently, there are approximately 80 members, and many alumni have gone on to become designers.",Every Wednesday / Student Union Building,None,machine_translated,not_reviewed,
C0375,3091,e70f022746d42753,Waseda University Calligraphy Club,Culture & Arts,Fine Arts,"The Waseda University Calligraphy Club is the only officially recognized calligraphy club at Waseda University, boasting a tradition of over 60 years. Our main activities consist of practice sessions held every Wednesday and Saturday at the Student Union Building in preparation for the Spring Exhibition in May and the Inashoten Exhibition in winter, which is the largest student exhibition on campus.In addition, we offer a rich variety of “other activities” (shodo), including a camp during orientation week, a summer training camp lasting just under a week, and a ski camp where calligraphy is not practiced at all. We are also a member of the Tokyo Student Calligraphy Federation, an organization comprising calligraphy clubs from nine universities in Tokyo (Atomi Gakuen Women’s, Keio, Kokugakuin, Tokyo Women’s, Japan Women’s, Hosei, Meiji, Rikkyo, and Waseda), and we engage in exchanges with students from other universities.Furthermore, we maintain strong ties with our alumni. We visit exhibitions organized by them and invite them to our practice sessions to provide guidance, which greatly contributes to improving our calligraphy skills. Members can generally participate in activities according to their own schedules—such as classes or part-time jobs—and are free to come and go as they please during practice hours, so it is not uncommon for members to belong to multiple clubs. The club has a very relaxed atmosphere.",Every Wednesday and Saturday / 1:00 PM – 6:00 PM / Student Union Building W402,None,machine_translated,not_reviewed,
C0376,3531,23b6ad732a2dd100,Waseda University Ricochet Photography Club,Culture & Arts,Fine Arts,"Our activities center around holding 4–5 photo exhibitions per year and two annual retreats in the spring and summer. In addition, once or twice a month, we all go out together to various photo spots to take pictures. On regular days, members who have time drop by the clubroom to chat, play games, print photos, and engage in other casual activities. There’s also a darkroom in front of the clubroom, where some niche members develop photos taken with film cameras…?For our photo exhibitions, we hold two or three of them at cafes around Waseda University. The rest are held in rooms on campus. We also occasionally receive requests to provide photography support for various university events. Members participate at their own pace on a daily basis, and through events like photo exhibitions and regular photo shoots, we help each other improve our photography skills.Finally, since our club name is “Riko-sha,” we often hear people say, “I thought only students from the School of Science and Engineering could join,” but that is absolutely not the case. Compared to other photography clubs, we simply have a slightly higher proportion of students from the School of Science and Engineering; there is no overall bias regarding university or faculty among our members. We warmly welcome beginners! Many of our members started photography in college! If you have even the slightest interest in photography, please feel free to contact us!",Irregular weekends / Student Union Building Room E217 & various photo spots,Club website closed,machine_translated,not_reviewed,
C0377,3094,0dfd70bf255a956d,Antique Art Research Society,Culture & Arts,Fine Arts,"The Waseda University Ancient Art Research Society is an art club with a 60-year tradition. Our main activity is visiting art museums in Tokyo once a month. Although our name includes “Ancient Art,” the exhibitions we visit are mostly not what is typically considered “ancient art,” such as Impressionist works. Please check our club blog for details. After museum visits, we hold a dinner gathering (optional) to foster interaction among members.What sets the Ancient Art Research Society apart from other art clubs is that we specialize exclusively in art appreciation. We warmly welcome everyone, whether you can’t draw or aren’t familiar with art. Since we focus solely on visits, we allocate our budget efficiently. By joining, you’ll be able to visit museums at a great value. In other words! We confidently recommend this club to anyone with even a passing interest in art. While our monthly visits form the core of our activities, we also respond to requests like, “Since we’re all here with similar interests, I want to socialize more!”We’re a flexible group that can quickly organize events like picnics in Shinjuku Gyoen or trips to fireworks festivals. We also have a club room where members can gather to get to know each other better. With many students from other universities in our group, the atmosphere is laid-back and relaxed. It’s hard to put this vibe into words, so we encourage you to join us for a trial visit—including a museum tour—to get a better sense of who we are. We’re always accepting trial visits, so please feel free to contact us anytime.",Once a month (usually on Sundays) at art museums in Tokyo. The club room is available for use at any time.,None,machine_translated,not_reviewed,
C0378,3098,a7122ab2bcce6a73,Ceramics Club: Inaho Kiln,Culture & Arts,Fine Arts,"The Inaho Kiln Pottery Club is the only pottery club at Waseda University, where members can create their own works from scratch. We perform every step of the pottery process in our clubroom: shaping clay using electric and foot-powered pottery wheels, applying glazes we mix ourselves, and firing the pieces in a kiln.Although kerosene kilns are more difficult to handle than electric kilns, they allow for a variety of firing methods and tend to produce works with unique character. Students join for various reasons—such as “I love making things,” “I want to create tableware for my own use,” or “I want to try something different from others at university”—and many members are beginners when they join. Under the philosophy of learning basic techniques from seniors while allowing each individual to create whatever they wish, members engage in their activities freely every day.The range of works members aim to create is extremely broad, spanning from traditional tea ceremony ware to everyday tableware and art objects. Three times a year, the club holds exhibitions both on and off campus to showcase their work. During the Waseda Festival, they host a “Pottery Market” to sell the ceramics made by club members. Additionally, in September, they hold a summer training camp at a facility in Mashiko City, Tochigi Prefecture, a renowned pottery-producing region.In addition to exhibitions and retreats, the club occasionally visits galleries and museums to view and study historical masterpieces and works by leading artists. In an ideal setting just a few minutes’ walk from campus, members use their free periods, after-school hours, and holidays to leisurely devote themselves to pottery making.","Monday–Sunday / 8:00 AM–10:00 PM / Building 29-3, Waseda Campus",None,machine_translated,not_reviewed,
C0379,3096,250c11c2ded4e7fd,Painting Club,Culture & Arts,Fine Arts,"During our weekly group sessions—held every Tuesday from 1:00 PM to 8:00 PM and every Friday from 1:00 PM to 8:00 PM—members freely engage in various activities, ranging from creating art using a variety of media such as plaster casting, oil painting, watercolor, and digital art, to casual conversation and working on lecture assignments. After the sessions, we often have dinner together, hold small get-togethers over drinks, or just relax in the club room. /
///
///
///
//We also have plenty of opportunities to showcase our work. We hold exhibitions about once a month, organizing solo shows or participating in joint exhibitions with other universities. This year, we held an exhibition at a university-run gallery and also collaborated on numerous projects and exhibitions with other Waseda University clubs and art clubs from other universities. On days off and during long breaks, we go on museum tours, attend events, and hold retreats to strengthen the bonds among members./
///
//We highly recommend this club to anyone looking for a well-balanced group that enriches both your artistic and campus life!","Every Tuesday 1:00 PM – 8:00 PM, Every Friday 1:00 PM – 6:00 PM / Student Union Building W402",None,machine_translated,not_reviewed,
C0380,3355,079cbfe56d0dff5a,Sharedan Charade,Culture & Arts,Fine Arts,"Our activities center around four annual photography exhibitions: the “June Exhibition” in June, the “Newcomers Exhibition” in October, the “Waseda Festival Exhibition” in November, and the “Graduation Project Exhibition” in February. Members work on their own or collaborate to take photographs and provide critiques, dedicating themselves to creating their works.While most exhibitions are held on campus, the February Graduation Project Exhibition is held at an external gallery. In addition, we hold workshops to learn about photography, as well as many other events such as visiting photo exhibitions together and having barbecues. We hold two retreats—one during summer break and one during winter break—and members choose the destinations they wish to visit. Furthermore, since our clubroom is located inside the Student Union Building, members often drop by during free periods to engage in casual conversation.",Irregular days/As needed/Student Union Building E224,None,machine_translated,not_reviewed,
C0381,3571,1cd1f5af36beeaf2,Zuru Zuru Rakuda,Culture & Arts,Fine Arts,"We are a comprehensive arts and video production club officially recognized by the Faculty of Human Sciences. Founded in 2000, we engage in a wide range of creative activities as part of our comprehensive arts practice, including video production, illustration, music composition, and game development. Our members are primarily students from the Faculty of Human Sciences, and we typically hold our activities on the Tokorozawa Campus. Our current main activities include the irregular publication of collaborative zines, CDs, and cassettes, as well as ""Movie-Sons""—events where we write scripts, shoot footage, and edit videos all within a 24-hour period.We distribute our zines, CDs, and other publications at events such as Wase-ket, Sun-Cri, and Comiket. The club members get along very well, and it has a very welcoming, family-like atmosphere. Many members are knowledgeable about anime, manga, and games. As a sister club to ""lomotion,"" a toy camera club, we hold several joint events, such as hot spring retreats.",Every day,None,machine_translated,not_reviewed,
C0382,3575,d494f12ff51e7a8d,Creative Circle GIFT,Culture & Arts,Fine Arts,"GIFT is a creative club that engages in creative activities covering virtually anything that can be expressed in print media, including novels, illustrations, poetry, manga, photography, and reviews.
/
/
/
/Twice a year, we publish our club magazine, *Sky Walk*. We also collaborate on themed projects proposed by members to create special ""project books,"" and organize club-wide special events.We distribute and sell these publications at events such as the Tokorozawa Festival, Waseda Festival, and others. We also participate in events like Comiket and Suncre.
/
/
/
/In addition, we organize various social events, including retreats, Christmas parties, baking parties, and dinner gatherings.
/
/
/
/Beginners who have never tried creative activities before are also very welcome! Why not join us and create whatever you like, whenever you like?",Irregular schedule / Tokorozawa Campus,None,machine_translated,not_reviewed,
C0383,3153,ebd401cd6b348626,Shogi Club,Culture & Arts,Other Culture,"The Shogi Club is a group where shogi enthusiasts gather to enjoy the game. Our goal for tournaments is to win the Oza Championship, held in the winter. We most recently won the championship in 2013. To achieve this goal, we gather in the club room regularly to play matches and study strategies, aiming to improve our skills. However, not all members are strong players. We also have many members who hold kyu ranks and beginners who started playing shogi in college.Because there are many strong players in the Shogi Club, quite a few members have significantly improved their skills by actively participating in club activities and learning extensively from the more experienced players. As for our specific activities, they vary by day. On weekdays, we gather in the clubroom between classes to play games with whoever is there.On Saturdays, we hold study sessions where we play two games under the rules commonly used in university tournaments: 30 minutes per player, with 60 seconds per move after time runs out. On Sundays, there are often university tournaments, and the entire club participates. Although we are active almost every day, participation is optional, so members are free to participate as they wish.We also hold a one-week training camp during long school breaks. During this period, members play an average of about 30 games each. The camp aims to foster camaraderie among members and improve their playing skills. We also occasionally hold exchange matches with shogi clubs from other universities. Since the Shogi Club is a club dedicated to enjoying shogi, it brings together people interested in the game regardless of their skill level. If you’re interested in shogi, please feel free to stop by the clubroom sometime.",Daily / Anytime / Student Union Building Club Room,None,machine_translated,not_reviewed,
C0384,3151,f24e50961c9eff16,Tea Ceremony Club,Culture & Arts,Other Culture,"Does the tea ceremony—a symbol of Japanese culture—feel a bit out of reach to you? The Tea Ceremony Club (commonly known as “Chaken”!) is made up mostly of beginners, and since we start by learning how to handle the utensils one step at a time, newcomers can feel at ease! During weekday practice sessions, students teach each other, while on Saturdays, we receive direct instruction from instructors of the Omotesenke and Urasenke schools.In addition to our regular practice sessions, our activities include a summer camp packed with both practice and events, tea ceremonies where we showcase our skills to guests, research projects where we handcraft traditional Japanese sweets and tea bowls, and outreach activities where we are invited to tea ceremonies at other universities. Our weekday practice sessions are always open to the public, so if you’re even slightly interested in what we do, please feel free to drop by the tea room in the Student Union Building!","Twice a week on weekdays (days vary) and once on Saturdays / 12:10 PM–6:00 PM (times vary) / Student Union Building, Kiyose and Kagurazaka",None,machine_translated,not_reviewed,
C0385,3150,1e7d61d728a6d196,Go Club,Culture & Arts,Other Culture,"The Waseda Go Club holds practice sessions every Wednesday and Friday from 6:00 PM to 9:00 PM at the Shinjuku Go Center. These sessions are very lively, attracting not only current Waseda students but also students from other universities, alumni, and graduate students. Additionally, you can enjoy playing games in the club room at the Student Union Building even on days when there are no scheduled practice sessions.The Waseda Go Club is not just a club where members gather at a go center to play! We offer a wide variety of events that everyone can enjoy, regardless of skill level! We field a representative team in the General Division 1 of the Kanto League, held twice a year, and also participate in the concurrently held B League (exchange matches) with multiple teams. We also organize numerous other events, including biannual training camps and welcome events for new members.One of the club’s main attractions is the opportunity to build relationships not only with members from your own university but also with Go club members from other universities through tournaments and events. Experienced players are welcome, of course, but beginners are also very welcome! Our upperclassmen will be happy to teach you, so please come check out our activities! We look forward to seeing you!",Every Wednesday and Friday / 6:00 PM – 9:00 PM / Shinjuku Go Center,None,machine_translated,not_reviewed,
C0386,3152,615802b325e858fe,Karuta Club,Culture & Arts,Other Culture,"This is a club dedicated to ""competitive karuta,"" which has surged in popularity thanks to the manga, anime, and live-action film adaptation of ""Chihayafuru"" released last year! We typically hold practice sessions four times a week in the Japanese-style room at the Waseda Student Union Building or at external community centers, focusing on match-style drills. We also host fun events during long breaks, such as training camps and social gatherings. Experienced players are welcome, of course, but we also warmly welcome anyone who knows the Hyakunin Isshu—or even those who don’t!Our upperclassmen will kindly teach you everything from how to memorize the Hyakunin Isshu to the rules of karuta. Many of our current members started as beginners at university, but by practicing daily alongside experienced players, they’ve grown strong enough to produce numerous tournament winners! While the number of people playing karuta is still small, it’s a deeply engaging and enjoyable sport that anyone can get hooked on! If you’re even slightly interested, please feel free to come observe a practice session!","Every Tuesday, Thursday–Saturday / 1:00 PM–6:00 PM or 5:30 PM–9:30 PM / Student Union Building or Community Activity Center",None,machine_translated,not_reviewed,
C0387,3046,4f7853a5919b62d2,Waseda Spirit Uplifting Society,Culture & Arts,Other Culture,"A modern-day group of ""banka"" (rough-and-tumble) men who stride across Japan clad in school uniforms, square caps, and high geta sandals, with hand towels slung around their waists. This is a dojo for men.
/
/
/
/The Waseda Spirit Uplift Society is an officially recognized club at Waseda University that promotes personal growth through a variety of activities. The Society’s activities can be broadly divided into three categories.
/
/
/
/First, ""Organizing the Honjo-Waseda 100-Kilometer Hike""; second, ""Striding across the nation through summer training camps""; and third, ""Planning and participating in various events."" Commonly known as the ""100-Hike,"" the Honjo-Waseda 100-Kilometer Hike celebrated its 60th anniversary in 2023.Currently attracting several hundred participants, the event features everyone in their own unique costumes as they walk at full speed for two days from Honjo Waseda in Saitama toward the Okuma Auditorium. The Koyo-kai summer training camp is an 11-day, 10-night trek across Japan for men only (commonly known as “Waseda Warriors”), where members deepen their bonds with one another and interact with local residents.Each member carries 30 go of rice on their back and walks relentlessly under the scorching summer sun, with a daily food budget limited to 100 yen per person. Among our various events is the “Fuji Jukai Party,” held at Christmas exclusively for our poor, single members. We also actively participate in the Waseda Festival and the Sports Festival.
/
/
/
/We welcome all who come and let go of those who leave. Come, all, to the Waseda Shrine!
/
/
/
/Gather now, Waseda Spirit Uplift Society!",Student Union Building E719 / Okuma Auditorium,None,machine_translated,not_reviewed,
C0388,3538,7cf12931965bf4a0,Waseda University School of Science and Engineering Go Club,Culture & Arts,Other Culture,"The Go and Shogi Club offers not only Go, Shogi, Mahjong, and playing cards, but also a wide variety of board games. You’ll naturally pick up the rules in a friendly and relaxed atmosphere. The Go and Shogi Club is where you can play whatever game you want. We are an officially recognized club of the School of Science and Engineering, with a clubroom on the 9th floor of the Student Union Building. We are also a traditional club celebrating our 50th anniversary. If you enjoy intellectual games, please come visit us!","Every day, anytime / Student Union Building E936",None,machine_translated,not_reviewed,
C0389,3359,e55d28a429c6c68a,Coffee Research Society,Culture & Arts,Other Culture,"The Coffee Research Club boasts a history of over 50 years. We warmly welcome anyone who loves coffee and cafes, or even those with just a passing interest! Don’t worry if you can’t drink coffee or aren’t an expert—you’re still welcome.
/
/
/
/During our weekly Saturday afternoon sessions, we plan various activities in advance and engage in “research.” Specifically, we might compare coffee beans from different regions, hold hand-drip workshops, or even practice making café lattes with an espresso machine.On Monday and Wednesday afternoons, we enjoy coffee while working on assignments or just chatting.
/
/
/
/Plus, we have plenty of fun events lined up, including café tours, latte art workshops, retreats, and event booths!! You’re sure to make new café friends on our café tours! In preparation for the Waseda Festival in November, we plan to create our own original blend, practice hand-drip brewing, and develop original drinks.
/
/
/
/Whether you love coffee or not, please join the Coffee Research Club! Our unique and colorful “Coffee Club members” are waiting for you!
/
/
/
/For coffee lovers! Enjoy coffee with us.","Every Monday, Wednesday, and Saturday / 3:00 PM – 6:00 PM / Student Union Building",None,machine_translated,not_reviewed,
C0390,3047,40078ee74664240d,Waseda-Keio Rivalry Support Group,Culture & Arts,Other Culture,"We, the Waseda-Keio Game Support Club, are a club dedicated to supporting the prestigious Waseda-Keio Game. On the day of the game, we guide spectators and clean the area around Jingu Stadium. While we work hard before and after the game, the rest of the time we relax and hang out in our clubroom. On game day, after finishing our duties, we get to watch the game. Singing our school song, “Konpeki no Sora,” at Jingu Stadium is sure to be a memory you’ll cherish for a lifetime!Our members join for all sorts of reasons—not just because they love watching baseball, but also because they love Waseda, or because their upperclassmen were so kind. So even if you’re not interested in sports, that’s totally fine! We also interact with other clubs and help each other out with our respective activities. We get along really well with other clubs, and some of our members even belong to multiple clubs. In the spring and fall, we hold exchange events with Keio, so you can connect with people across university boundaries! We look forward to welcoming you!","Jingu Stadium / Student Union Building, 7th Floor, Room E704",None,machine_translated,not_reviewed,
C0391,3352,3f29864eccfe10f8,Tabletop RPG Club: Kankondo,Culture & Arts,Other Culture,"Table-top RPGs are analog games in which multiple players gather around a table, take on the roles of characters in a story, and advance the narrative through conversation (the Cthulhu Mythos TRPG, famous on video-sharing sites, is one such example).Based on a rulebook that outlines the story’s setting and game mechanics, one person—the “Game Master (GM)”—and 3 to 5 “players” who portray the characters work together to advance the game toward a final goal (such as solving a mystery or defeating an enemy). Since it is a game, there is some element of luck involved, such as the GM guiding the scenario and rolling dice, but what actions to take and what lines to say are entirely up to the players.Whether it’s moving others with cool lines, making them laugh with funny performances, or crafting detailed descriptions of the situation, each player showcases their strengths while collaborating with others to bring the story to life. In other words, players are simultaneously actors in an improvised play, screenwriters, and the audience—and experiencing this diverse range of fun is part of the appeal of TRPGs.We usually meet once a month on Sundays to enjoy TRPGs. Whether we win a hard-fought battle in a combat-based game or reach a moving conclusion in a mystery game by stumbling upon an unexpected solution, we’re all filled with a sense of accomplishment for having “created a great story” together. Beginners are more than welcome, so please come join us!",Once a month / Sundays / 10:30 AM – 6:00 PM / Discord,None,machine_translated,not_reviewed,
C0392,3370,8dc31cd647e9137b,Waseda University Disney Research Society,Culture & Arts,Other Culture,"We usually hold recreational activities at cultural centers in Tokyo! We have plenty of fun events, including quizzes that both beginners and Disney enthusiasts can enjoy, Lightning Talk (LT) sessions where you can share what you love, and seasonal special events!
Once a month, we organize park visits on weekends!
We form groups based on your favorite genres, so you can watch parades, enjoy the food, or have fun with character meet-and-greets and attractions!
We also hold research presentations twice a year! These are co-hosted with Disney clubs and seminars from other universities, and we invite professors to attend.
Since we analyze Disney from all kinds of perspectives, this is highly recommended for those who want to seriously study Disney!
The number one unique event at D-Ken is the Maihama Walk! We actually walk all the way from Waseda University to Maihama! Let’s deepen our bonds with friends while sightseeing in Tokyo!
You’re free to choose which events to join, so you can participate at your own pace!
You only get one shot at college life—why not spend it with the wonderful friends you’ll meet through Disney?
Whether you’re a Disney newbie, a show parade fan, a character meet-and-greet fan, an attraction fan, a foodie, a BGS fan, a movie fan, a Pixar fan, a Marvel fan, a Star Wars fan, or a gaming fan—we’re waiting for you at the Waseda University Disney Research Club!","Once a week (day varies) / 6:30 PM / Cultural centers in Tokyo, Toyama Campus Cafeteria, Maihama",None,machine_translated,not_reviewed,
C0393,3290,7eb8ec5399b1020e,Abacus Club,Culture & Arts,Other Culture,"The Abacus Club primarily focuses on participating in approximately 10 competitions per year and practicing for them. The club was established in 2009. Although our history is short, many of our alumni have excelled in numerous national competitions, including the All-Japan Abacus Championship, the country’s premier event. We practice during free periods between classes and hold practice sessions about twice a month on weekends.We put a lot of thought into our practice routines, brainstorming ideas together and offering each other advice to make our sessions as effective as possible. Moving forward, we aim not only to continue competing in tournaments but also to actively promote abacus skills both on and off campus, hoping to help increase the number of people who use the abacus, even if only slightly. Finally, the Abacus Club is currently recruiting new members. We warmly welcome current competitive players, those who want to take up the abacus again after entering university, and anyone who simply loves the abacus. Let’s have a blast together with the spirit of “One Bead, One Soul”!",Irregular days / Free periods between classes / Student Union Building,None,machine_translated,not_reviewed,
C0394,3760,699887afa8a790db,Waseda University Retro Research Society,Culture & Arts,Other Culture,"We are a group of people who love 20th-century retro culture (music, manga, traditional coffee shops, idols, architecture, anime, vintage clothing, etc.), with a focus on the Showa and early Heisei eras. Our main activity is a weekly meeting, and on holidays and other days off, we visit retro-themed spots such as traditional coffee shops, record stores, and shopping districts.At past Waseda Festivals, we have staged recreations of Showa-era music variety shows and held photo sessions where participants could experience having their own ""promai"" (idol-style) photos taken. We also interact with people outside the university, so you’re sure to gain valuable experiences!",About once a week / 5th–6th periods / Student Union Building,None,machine_translated,not_reviewed,
C0395,3769,7c3b0a8a578bda0d,早稲田大学韓国人学生会,International Exchange and Volunteering,International Exchange,"Hello, this is Waseda University Korean Student Association.

There are about 800 Koreans in Waseda University, and it is our role of Waseda University Korean Student Association (WUKSA) to support students' school life and represent their voices.

Waseda University Korean Student Association started in 1947 and has steadily continued its diverse activities. Through cooperation with the student association's affiliated club and Waseda University Korea Alumni Association, we will try to support the lives of many Korean students and move on to the career path that students want in the future.

I will do my best to become Waseda University Korean Student Association, which always strives for about four years of college life. Thank you.",varies/various locations（早稲田大学off campus、新大久保area等）,None,existing_english,needs_review,Prefilled from English text already present in the official description.
C0396,3044,ff2b4ba38edde946,国際学生友好会(WIC),International Exchange and Volunteering,International Exchange,"WIC is the most historic international exchange circle in Waseda. Our circle has fun interacting with international students through various events, trips and tours held more than once a month.Also, at the ?Japanese Class? held every Wednesday, you can learn about Japanese culture and the cultures of foreign students.In addition, they support international students through such means as volunteering classes and accompanying ward offices requested by universities.WIC's characteristic is that it not only spends time with foreign students , but also deepens relationships with foreign students through close exchanges in various ways! Members always gather in the semi-underground lounge of building 15 for two to five periods on weekdays, so if you are interested in WIC, please come! For more information, please visit Twitter and Instagram!","Every Wednesday, 「日本classrooms」/Monday-Friday2-5period, 15号館ラウンジ/at least once a monthイベント開催",None,existing_english,needs_review,Prefilled from English text already present in the official description.
C0397,3724,ed8ad6ef87990354,アイセック早稲田大学委員会,International Exchange and Volunteering,International Exchange,"AIESEC is a not-for-profit and youth-run organization that engages and develops youth leadership with members in 100+ countries and territories worldwide.

AIESEC is a not-for-profit and youth-run organization with 30,000+ members in 100 countries and territories worldwide. We strive to achieve Peace & Fulfillment of Humankind's Potential by developing youth leadership potential through practical experiences. Collaborating with oversea branches and our alumni, we deliver and participate in international internships, volunteering opportunities, and online cross-cultural event.","Every Friday日18:15~19:45(subject to change)， 曜日variesas needed/Student Center, 7号館",None,existing_english,needs_review,Prefilled from English text already present in the official description.
C0398,3048,d189146340af039a,International Exchange Rainbow Club,International Exchange & Volunteering,International Exchange,"The Rainbow Club is a long-standing international exchange club founded in 1965 and is one of the largest clubs among the many at Waseda University. As the name “International Exchange” suggests, the Rainbow Club is a group where international students and Japanese students interact through various activities. We have students from the United States, the United Kingdom, and Australia, as well as from Luxembourg, a country with a population of about 500,000.Additionally, as an inter-university club, Japanese members come not only from Waseda but from various other universities as well. The club’s main activities range from academic events—such as “Japan Study,” “World Study,” and “English Study,” where members teach each other about their respective cultures and slang—to social events like Halloween and Christmas parties. We also host sports events like soccer and basketball!",Irregular (about twice a week)/Various locations,None,machine_translated,not_reviewed,
C0399,3766,3544ea624b40f7a4,早稲田台湾留学生会,International Exchange and Volunteering,International Exchange,"We are the Waseda Taiwanese Student Association (WTSA), an officially recognized circle within Waseda University. Our circle consists of Waseda students from Taiwan. Whether you are an undergraduate, graduate, or CJL student, we aim to foster friendship and provide a platform for communication among Taiwanese students studying at Waseda. We are dedicated to assisting everyone with any issues related to daily life or school in Japan.

Currently, we organize activities approximately once a month. Our events include welcoming gatherings, picnics, overnight trips, and other activities that are beneficial to career planning, such as alumni career sharing sessions. We also collaborate with other clubs, Taiwanese student associations in other universities, and external organizations to facilitate various exchanges and experiences.

We warmly welcome all Taiwanese students studying abroad to join us. By becoming a part of Waseda Taiwan Student Association, you will have the opportunity to meet fellow Taiwanese students and engage in a vibrant and supportive community during your time in Waseda, whether you are a new student or have been in Tokyo for some time.

If you have any questions or are interested in WTSA, please feel free to contact us. We look forward to creating wonderful memories together at Waseda.",at least once a month / At least once every month,None,existing_english,needs_review,Prefilled from English text already present in the official description.
C0400,3590,c4d54e31570a1dc7,Waseda University Central Asia Study Group,International Exchange & Volunteering,International Exchange,"We travel to Kazakhstan during winter break to participate in student exchanges and homestays. Trips to Kazakhstan can be arranged based on individual interests.You can witness global welfare conditions firsthand at social welfare facilities and senior care centers. It’s not just about learning—you can challenge yourself in various ways. You can also fully enjoy winter sports like skiing and skating. Additionally, international students from Kazakhstan will welcome you there, allowing you to reunite with friends you made in Japan and foster wonderful Japan-Kazakhstan exchanges. You can expect to gain valuable learning experiences that go beyond a typical trip or study abroad program.",Every Monday / 4:00 PM / Building 101,None,machine_translated,not_reviewed,
C0401,3211,61c326fc5ae02a65,Children’s Culture Research Society,International Exchange & Volunteering,Volunteer,"The Children’s Culture Research Society is a long-standing, Waseda University-recognized children’s volunteer club founded in 1945. Our main activities are “Children’s Volunteering” and “Puppet Theater.” For “Children’s Volunteering,” we assist as support staff at events held at children’s centers near Waseda. We prepare crafts and games ourselves and play with the children. For “Puppet Theater,” we primarily hold performances during long school breaks.After performances, we let the children play with the puppets and even share a meal with them. Furthermore, everything—from the puppets and scripts to the stage—is handmade. While most members are beginners in both theater and puppet-making at first, our kind upperclassmen provide gentle guidance, so please feel at ease. Both programs are aimed at children from preschool age through the early elementary grades, and interacting with them feels like receiving a boost of energy! We hold meetings once a week in a cozy, welcoming atmosphere.With a small group and a relaxed atmosphere, you’ll easily get to know the other members. Everyone is welcome, regardless of university or year! Let’s enjoy interacting with the children together!",Every other Monday and Thursday / 5:00 PM / Student Union Building,None,machine_translated,not_reviewed,
C0402,3045,848846f441593b08,The Forest of Thought Society,International Exchange & Volunteering,Volunteer,"We have been conducting afforestation activities and community outreach in Tanohata Village, Iwate Prefecture, for over 50 years. Tanohata Village has a population of approximately 3,500. During our training camps, we live communally in Waseda University dormitories. We use firewood we’ve chopped ourselves, cook rice in a traditional pot, and light the fire for the bath using that same wood.For our afforestation activities, we perform thinning and pruning on the two mountains we own. For community engagement, we assist with primary industries such as agriculture, forestry, and ranching, and participate in local festivals. When in Tokyo, we hold weekly meetings to prepare for the next retreat and discuss various events. We also participate in the Waseda Festival, the Inmon Festival, and environmental contests. Whether in Tokyo or Iwate, this is a club where we can do what we want to do through our own efforts.",Once a week / 6:00 PM / Student Union Building,None,machine_translated,not_reviewed,
C0403,3266,66c916591183fe06,Himawari Children’s Club,International Exchange & Volunteering,Volunteer,"The Himawari Children’s Club partners with four elementary schools in Meguro Ward and is a club that interacts with children attending special needs classes at each school.The program is open to students in grades 1 through 6. Every Saturday, two to three student volunteers are assigned to each child to play with them at a park. Additionally, the club organizes Sunday field trips in May, July, October, November, December, and March, taking the children to places like Kasai Rinkai Park or other parks that offer a change of scenery.In the summer, there is also a 2-night, 3-day camp. For each excursion, a student-led “Excursion Planning Committee” is formed, and preparations begin approximately two months before the event. Through activities such as making souvenirs and planning recreational games, the students also get to know each other better. The Himawari Children’s Club is a group that offers a rare and valuable opportunity to interact with many children.",Every Saturday / 1:00 PM – 6:00 PM / Parks in Meguro Ward,None,machine_translated,not_reviewed,
C0404,3269,b27406154431958d,Ikebukuro Children’s Club,International Exchange & Volunteering,Volunteer,"Every Sunday, the Ikebukuro Children’s Club borrows a primary school in Ikebukuro to play and have fun with the children who belong to the club. We play a variety of games, such as soccer and tag. We also plan many events, including seasonal hikes and camping trips.Every Thursday, we discuss what games to play on Sundays, where to go hiking, and what activities to hold during camping trips. Since these discussions shape the club’s activities, everyone works very hard. Furthermore, we hold training camps in the spring and summer. During these camps, we brainstorm ideas on how to improve the club, borrow a gymnasium for recreational activities, and have social gatherings in the evenings—all while having a great time.",Every Sunday 9:00 AM–1:00 PM / Every Thursday 6:00 PM–9:00 PM,None,machine_translated,not_reviewed,
C0405,3079,4c160b02573e8cd5,Aozora Children’s Club,International Exchange & Volunteering,Volunteer,"Hello! The Aozora Children’s Club is a children’s volunteer group that meets at local parks. We primarily work with elementary school students living in the area surrounding the university. Our main activity is our regular Saturday meeting. During these sessions, we have fun playing games like “Tail Tag,” dodgeball, and our club’s original games at the park! In addition to our regular meetings, we hold seasonal events with the children, including field trips in spring and fall, a summer camp, and a sports day in winter!We also hold numerous events just for students, where we enjoy a friendly and lively atmosphere! Students plan and organize every event from scratch. There is nothing more rewarding than seeing the children have fun and express their joy through the events we’ve created together. Not only are we uplifted by the children’s cuteness and energy, but being able to witness their growth up close is a unique feature of our club!",Every Saturday / 1:30 PM – 4:30 PM / A park near the university,None,machine_translated,not_reviewed,
C0406,3075,e539837498a95369,Shinjuku Children’s Club KIDS,International Exchange & Volunteering,Volunteering,"Shinjuku Children’s Club KIDS is a volunteer group established in 1982. Every Saturday afternoon, we play with children from special education classes at a meeting room or park near Waseda University. Two student leaders plan the day’s theme and activities. There’s plenty of free time, and we’re always uplifted by these energetic and adorable kids! We also host a wide variety of events where you can play with the children, including spring field trips, summer camps (two days and one night), fall field trips, Christmas parties, and graduation ceremonies. We also have plenty of events just for students, such as orientation retreats, fireworks festivals, BBQs, and summer camps. Our biggest selling point is the club’s atmosphere. Everyone is welcome, regardless of university or year! Please come and try it out!",Every Saturday / 12:00 PM – 7:00 PM / Toyama Park,None,machine_translated,not_reviewed,
C0407,3768,636af007b060174d,Volunteer Club man-vo.,International Exchange & Volunteering,Volunteering,"Short for Human-Volunteer, we’re man-vo.! We conduct welfare-related volunteer work in the Tokorozawa area with the goal of “interacting with people”! Through our volunteer work, we deepen our daily connections by cooking and playing sports with people with intellectual disabilities, as well as studying and playing with children and the elderly. We also collaborate with the Tokorozawa City Board of Education and local volunteer groups to support the operation of community events.Volunteering is never mandatory. You can participate at your own pace whenever you have time. In addition to volunteering, we hold events like class reunions and training camps, so you’ll quickly become friends with upperclassmen and students from other universities. Even if you’re unsure how to interact with people with disabilities or have never volunteered before, don’t worry! Experienced upperclassmen will kindly support you. Why not take this opportunity to get involved in the world of social welfare? Please feel free to contact us!",Varies by activity (mainly Saturdays and Sundays),None,machine_translated,not_reviewed,
C0408,3268,095d89c6c2c0fec7,Kankyo Rodriguez,International Exchange & Volunteering,Volunteering,"Kankyo Rodriguez is Waseda University’s largest officially recognized environmental volunteer club, founded in 1997. Hearing the name might make you think, “Do I need to be an environmental expert to join?” but that’s not the case at all. Our members are diverse, ranging from those with a strong interest in the environment to those who first became interested after entering university. What we value most is “finding what you can do while having fun.” Our activities are divided into six projects: “Satoyama,” “Ocean,”“Community Revitalization,” “Education,” “Product Development,” and “Plastic.” We organize nature experiences, workshops, and the creation of recycled products. Each project group meets about once a week, and all groups have a warm, welcoming atmosphere. One of the group’s attractions is the opportunity to make friends across different departments and grades. Even if you aren’t an expert on the environment, you’re more than welcome if you think it sounds interesting! Whether you want to try something new or find like-minded friends, you’re sure to find a comfortable place here.","Project Meetings: Once a week (Mon, Wed, Thu, Fri) / 6:00 PM – 8:30 PM / Student Union Building E817
Field Activities & Event Exhibitions: As needed for each project (usually every Saturday and Sunday)",None,machine_translated,not_reviewed,
C0409,3078,ea0db16d16f74f05,Waseda University Interdisciplinary BBS Club,International Exchange & Volunteering,Volunteer,"BBS is one of the organizations cooperating with the Probation and Parole Service (Ministry of Justice), engaged in activities related to rehabilitation and juvenile delinquency prevention. Our club is the largest BBS group in the Kanto region and, unusually for a regional chapter, is an inter-university club consisting solely of students! We volunteer at child guidance centers and child welfare facilities, acting as older siblings to children facing various challenges—listening to their stories and helping them with their studies.Currently, we have students from various universities, primarily Waseda University and Toyo University! While students majoring in law, psychology, and education are prominent, we also have students in STEM fields as well as those majoring in politics and economics. Our members range from freshmen to graduate students! Having overcome the challenges of the COVID-19 pandemic, we have recently expanded our activities to include support for students who are not attending school. We are always looking for motivated students interested in rehabilitation and child welfare! Why not join us?",Varies depending on the type of activity and individual cases,None,machine_translated,not_reviewed,
C0410,3272,166264a303c37409,Community Cat Association (Wase Neko),International Exchange & Volunteering,Volunteer,"Wase Neko is a club engaged in volunteer activities focused on community cat care. Our goal is to reduce the inconvenience caused to local residents by stray cats—such as feces, urine, and mating season vocalizations—and we carry out our activities with the understanding and cooperation of university staff, Shinjuku Ward Public Health Center staff, and local residents.Our daily activities primarily involve feeding the cats. Every day during the fifth class period, we feed the community cats that appear along a designated route on the main campus.We also keep daily records of our activities in a notebook and hold monthly meetings to exchange information and review our progress. Additionally, although on an irregular basis, we strive to raise awareness of our community cat activities by cooperating with interviews from newspapers and TV stations, and we participate in discussions aimed at improving our activities through presentations at symposiums. We welcome inquiries about our activities or requests to observe our work.","Daily / 4:30 PM – 6:00 PM / Student Union Building, Main Campus",None,machine_translated,not_reviewed,
C0411,3270,98d4a47d24718da9,Match Work Group Waseda,International Exchange & Volunteering,Volunteer,"We engage in “Waseda community development” by interacting with local shop owners and children through the planning and operation of events!
We participate in many events every month, such as local festivals and events at elementary schools.
We also take part in Waseda’s three major festivals: “Waseda Festival,” “Earth Appreciation Festival,” and “Inmon Festival.”
In addition, we publish “Waseda Town Magazine,” a print media outlet that showcases the charm of Waseda, and distribute it in racks at Waseda Station on the Tozai Line and at various shops throughout Waseda.
Our regular meeting every Wednesday during 5th period has a cozy, welcoming atmosphere, so you’ll make friends right away! We also have plenty of social activities among members.
Anyone is welcome—whether you’re even slightly interested in volunteering, love working with children, want to help others, or simply want to learn more about the Waseda neighborhood!",Every Wednesday / 5:00 PM / Student Union Building,None,machine_translated,not_reviewed,
C0412,3627,2894fc3c874fd560,Educational Support for Charter Schools ~Hawaii Edition~,International Exchange & Volunteering,Volunteering,"ALOHA!! We are the Charter School Educational Support ~Hawaii Edition~ (Hawaii PJ), an officially recognized educational support volunteer club at Waseda University that originated from the Waseda University Ikuo Hirayama Memorial Volunteer Center (WAVOC).Guided by our philosophy of “Learning by Teaching,” we visit a charter school in Volcano Village on the Big Island of Hawaii, USA, every summer and spring break. During a two-week homestay, we teach local children Japanese language and culture classes and engage in activities to deepen our bonds with them.
/
/
/
/* Love education and children!!
/
/* Want to experience American and Hawaiian culture
/
/* Want to step into an overseas educational setting
/
/* Love Japanese culture and want to share the best of Japan with the world
/
/* Interested in international exchange
/
/* I want to actively speak English!
/
/If this sounds like you, why not join us as an educational support volunteer at elementary and middle schools in Hawaii and spend a summer vacation unlike any other? We, too, learn a great deal from the honest and hardworking children there. Additionally, as part of our club’s OHANA (family), we hold pre-trip meetings and study sessions on Hawaiian and Japanese culture before departure, and we also participate in events such as the WAVOC-sponsored presentation contest.","Participation in local online classes twice a week, monthly team meetings, and other occasional activities / 8:25 AM – 9:15 AM (online classes), other activity times TBD / WAVOC meeting space, Wspace, online",None,machine_translated,not_reviewed,
C0413,3645,38dce66d333fd400,Nora Juku,International Exchange & Volunteering,Volunteer,"“Why is there no rice paddy at Waseda, even though the name includes ‘Wase’ (rice)?” This simple question led to the founding of our Nōraku Juku, and we have been actively engaged in a wide range of activities centered around “Waseden” in Okuma Garden. Nearly 20 years have passed since our founding, and today, in addition to rice cultivation at Waseden, we engage in various other activities.Our main activity is managing the rice paddies and vegetable fields in Okuma Garden. We do this during our weekday lunch breaks, and after we finish, members who have no classes in the third period often go out for “Waseda-meshi” (Waseda-style meals) together. We also have exchanges with Waseda Kindergarten and the Step Class in Sumida Ward, where we volunteer to provide children with opportunities to experience nature. We sometimes plant and harvest rice together, or go crayfish fishing.On weekends, we regularly interact with local farmers. When we visit farms in Tokorozawa City or Kasumigaura City, we not only get to experience farming firsthand but also enjoy delicious meals. We also organize a variety of events—ranging from those with little agricultural focus to more intensive ones—so you can enjoy our activities all year round! We will continue our activities under the motto: “Enjoy farming and reflect on farming.”","Weekdays at noon / Irregular holidays / Okuma Garden, etc.",Club website closed,machine_translated,not_reviewed,
C0414,3714,d8eb74b7ef74644f,DOORS - Japan-Vietnam Exchange Project -,International Exchange / Volunteering,Volunteer,"Hello. We are the DOORS Japan-Vietnam Exchange Project. Our activities are centered on two main pillars: providing scholarship support for children in Vietnam and organizing exchange events. We travel to Vietnam twice a year, for two weeks each time, during the spring and summer long vacations.In Japan, to raise funds for scholarships, we participate in events like the Waseda Festival to sell Vietnamese goods. We also hold monthly events for foreign residents, primarily Vietnamese people. We’re a close-knit club where not only peers but also seniors and juniors get along very well! Many members join in their second or third year, so we welcome anyone interested in overseas volunteering, Southeast Asia, cross-cultural exchange, or event planning! Please come to one of our meetings.",Every Monday / 6:15 PM / Waseda University Building 3,Club website closed,machine_translated,not_reviewed,
C0415,3788,cd136837c2331d6a,Student NGO EST,International Exchange & Volunteering,Volunteer,"Student NGO EST is a hands-on volunteer group that provides educational support and cultural exchange to children in the Philippines, guided by the motto, “Providing the maximum support that only students can offer.” Every year during the summer break, we travel to the Philippines to engage directly with children through homestays, local games, and simple lessons, fostering hope and possibilities for their future.In our classes, we provide a space for children to think and learn together on themes such as hygiene, history, and local traditional culture, creating opportunities for them to realize their dreams. Furthermore, by taking the lead in everything from planning to implementation, students cultivate an international perspective, leadership skills, and problem-solving abilities, making this an excellent opportunity to gain experience that will be useful in the real world. In addition, we offer a variety of events throughout the year, including training camps, ensuring that our activities are not only meaningful but also fun.To all motivated students: Why not join EST and support the Philippines as we work together to shape the future?",Every Tuesday / 7:00 PM / Student Union Building,None,machine_translated,not_reviewed,
C0416,3630,c1165e4df3bea778,"Atom Currency Executive Committee, Waseda/Takadanobaba Branch",International Exchange & Volunteering,Volunteer,"We manage and operate ""Atom Currency,"" a local currency usable in the Waseda and Takadanobaba areas, and participate as volunteers in local events.
/
/
/
/Since we have many opportunities to interact with local shopping district merchants and restaurant owners, you can get to know the shop owners personally and become an expert on Waseda dining!
/
/
/
/While handling a local currency requires a certain level of responsibility, you’ll also have the chance to plan events from scratch. If you’re interested, please come visit our clubroom!",Every Tuesday / 6:15 PM / Student Union Building E532,None,machine_translated,not_reviewed,
C0417,3725,d918438eccd5b17f,Waseda University Disaster Prevention Education Support Association WASEND,International Exchange & Volunteering,Volunteer,"The Waseda University Disaster Prevention Education Support Group (WASEND) was established in response to the 2004 earthquake off the coast of Sumatra, Indonesia.Currently, approximately 80 members conduct disaster prevention education activities not only within Japan but also for children in Indonesia and the Philippines. Based on thorough on-site surveys conducted with local university students and experts, we implement lessons tailored to each region. By incorporating hands-on activities using experimental equipment, we aim to raise children’s awareness of disaster prevention.In addition, we actively participate in local disaster prevention festivals. WASEND also produces disaster prevention picture books; to date, we have published two titles: “The Story of Yoshihama’s Dislike” and “I Am Not Alone: Wahyu and the Great Tsunami That Struck Aceh.” We offer both Japanese/English and Indonesian versions and distribute them to elementary school students in Japan and abroad.","Wednesdays and Fridays, plus summer and spring breaks / 6:15 PM / Social Work Seminar Room",Instagram link broken,machine_translated,not_reviewed,
C0418,3644,a12e249f29758094,Matsudai Waseda Jonobi Club,International Exchange & Volunteering,Volunteer,"The Matsudai region of Tokamachi City, Niigata Prefecture, is surrounded by abundant nature and is one of Japan’s heaviest snowfall areas, sometimes recording 3–4 meters of snow in winter. In recent years, population decline has led to serious issues of depopulation and an aging population, and there are many “marginal villages” in this region. We conduct our activities primarily in the Gamo settlement within the Matsudai region.Our main activities include weekly meetings, monthly on-site activities, the Matsudai Juku Jr. educational support program, and the Snow Country Experience Program. Through on-site activities such as participating in local events and maintaining the environment, we interact with local residents while striving to preserve the region’s rich natural environment, beautiful terraced rice fields, and local cultural traditions like village festivals.Matsushiro Juku Jr. is a project that provides educational support during summer vacation for elementary and junior high school students living in the Matsushiro region, alongside general participants. The Snow Country Experience Project is a program that recruits general participants to experience life in a snowy region through activities such as snow shoveling and homestays. Both projects aim to introduce general participants to the charms of Matsushiro, and we actively participate in university events and other occasions to promote Matsushiro’s appeal to a wider audience.We engage in various activities with the goal of sharing joy through interaction with local residents and contributing to regional revitalization by leveraging our status as university students.",Every Friday / 6:30 PM / WAVOC,None,machine_translated,not_reviewed,
C0419,3715,7ae3f379117ed5e8,日本コリア未来プロジェクト,International Exchange and Volunteering,Volunteering,"Japan & Korea Future Project?, also known as ?Nikkori?, is a student club whose aim is to contribute to a brighter future for Japanese-Korean relationships. Our motto is: ?Realize an individual’s abilities, think deep, and make actions?. We mainly organize four types of activities.

Through presentations and group discussions on topics regarding Korea (e.g. territorial disputes, comfort women issues, and nuclear issues), we try to deepen our understandings on the Korean Peninsula.

We regularly visit Korea University, located in the city of Kodaira, where we join their meetings and events. Also, we organize various kinds of activities and with the involvement of Korea University's students. Through this, we can acquire a better insight of North Korea.

We frequently hold fun events including collaborations with other organizations such as the Waseda Korean Students Association, where you are able to meet new people and have memorable experiences.

During the summer, we make a short trip to a village in the DMZ (Demilitarized Zone) Area, and we volunteer to help local farmers.//////

?NIkkori? believes that having better and deep communication and understanding between Japanese and Korean people in our generation is the key to overcome existing negative images that we have on each other’s countries.

Nikkori is the future for better relations between Japan and the two Koreas. We offer great opportunities for you to find your strengths and meet awesome people.","Every Tuesday日, Friday日（活動によって異なる）/18:30/Waseda Campus, 早稲田大学ボラティアセンター",None,existing_english,needs_review,Prefilled from English text already present in the official description.
C0420,3493,c76b0098d8472ac1,WHABITAT,International Exchange and Volunteering,Volunteering,"Doing residential construction volunteering activity overseas! Largest volunteer circle in Waseda University with a variety of experiences!

We are the Waseda University student branch of the international NGO Habitat for Humanity. Our main activity is volunteer work for building houses in developing countries during long vacations. In addition to overseas activities, we also organize teams to volunteer in various areas in Japan during long vacations, and regularly support agriculture and pick up trash in the suburbs of Tokyo. We also hold weekly meetings to discuss social issues and provide opportunities to raise volunteer awareness through presentations by hosts and discussions among participating members. We are also able to interact with other universities that share the same parent organization as our circle listed above, and we are able to exchange ideas and opinions with many people. Not limited to volunteer activities, we also regularly hold events such as a Christmas party, BBQ, and other recreational activities, and camps, so you can enjoy the fun that only university students can have! The atmosphere of the circle as a whole is very friendly and fun, regardless of grade or gender. The main feature of the circle is that everyone is kind and cozy, welcoming everyone with a smile no matter who and when they come. Because we can give our all in both learning and playing, we are able to meet the needs of those who want to try something new! Join WHABITAT and let's make your college life more fulfilling!","Every Wednesday日/19:00/classrooms, near Wasedaのmeeting rooms　土日as neededirregularボランティア",None,existing_english,needs_review,Prefilled from English text already present in the official description.
C0421,3628,8bb62b5c6549ed1f,Laos School Construction and Educational Support Project ~Soon~,International Exchange & Volunteering,Volunteer,"Guided by our philosophy of “thinking and feeling together,” we conduct educational support activities for two weeks during winter break in the villages of Non Vien and Non Sa in Champasak District, southern Laos.Due to the impact of the coronavirus, we were unable to travel for two years, but last year we traveled to the site for the first time in three years to carry out our activities. The Activities Group planned a sports day centered on the theme of “teamwork,” while the Lower Grade Group addressed environmental issues. Additionally, the Upper Grade Group conducted education on World Heritage sites. In addition to classes, we engaged in teacher exchanges and home visits, allowing us to experience Laotian culture firsthand.Within Japan, we host exchange events with international students from Laos, teach classes at junior high and high schools, and participate in the Waseda Festival. With no barriers between upperclassmen and underclassmen and a warm, welcoming atmosphere, this is a club where new members’ ideas are welcomed and where you can become deeply involved from your very first year. We look forward to welcoming you! ♪","Every Monday, Tuesday, Wednesday, or Friday / Student Union Building",None,machine_translated,not_reviewed,
C0422,3636,4094757a61e215e6,Waseda University Kesennuma Team,International Exchange & Volunteering,Volunteer,"We were founded based on the connection between Waseda University and Kesennuma City, Miyagi Prefecture, immediately following the Great East Japan Earthquake, and have been continuously engaged in reconstruction support activities ever since. Currently, we visit the area once every two months to conduct study tours, provide academic support, and assist with events. The “Kesennuma Minato Festival” held in August is a major event where we help with operations while also participating as dancers to liven up the festival.Thirteen years after the disaster, local conditions and needs have changed, and our activities—which began with debris removal—continue to evolve. We are actively working in Tokyo to help Kesennuma become a more vibrant and energetic city by sharing not only what Kesennuma was like at the time of the disaster but also its current charms. Additionally, since 2020, we have been disseminating information about Kesennuma through blogs and the distribution of free newspapers, creating opportunities for more people than ever to learn about the city.As time has passed since the disaster and memories begin to fade, the number of volunteers working on the ground has also decreased. This may be inevitable. However, there are still many people in the area who need us and who find joy in our activities. We will continue to respond to the voices of these people. Anyone who is even slightly interested in volunteering, wants to visit Tohoku, or would like to learn more about the disaster is more than welcome to join us.
/
/
/
/Would you like to join us in revitalizing Kesennuma?","Once a week (day varies) / Building 99, WAVOC Meeting Space / 6:00 PM – 8:00 PM",Note link broken,machine_translated,not_reviewed,
C0423,3287,ec75f764774e8982,Waseda University POST,International Exchange & Volunteering,Volunteering,"""I'm interested in volunteering, but I don't know exactly what I want to do..."" ""I want to try out all kinds of volunteer work!"" If you're thinking along these lines, we highly recommend Waseda University POST! POST is an officially recognized volunteer club characterized by its all-encompassing approach—you can do any kind of volunteer work here. Our main activities include social gatherings with the elderly, support activities at after-school programs, litter cleanup, agricultural experience camps during long school breaks, and various one-time volunteer events such as event management.Through volunteering, you can interact with people of all ages, from children to the elderly. Our members get along very well, making this a very welcoming club!
Now, more than ever, as the global pandemic has weakened human connections, we have come to realize the importance of these bonds and ways of connecting that were previously unseen. Waseda University POST offers the opportunity to experience this firsthand through volunteering—not only by cherishing the connections in our daily lives, but also by reaching out to others and truly feeling the warmth of human connection.
Volunteering is never a one-way street; it is a two-way connection with others. Through this, we can accept others and find joy in simply being together in the same space. We value the connections that arise specifically from working as a group, and that is why we volunteer.","Meetings: Once a week / 12:30–1:00 PM, 5:00–6:40 PM, 9:00–9:40 PM / Student Union Building 2nd Floor, Building 3 W Space, Zoom
Social Gatherings with Seniors (Salon): Second Sunday of every month / 9:00 AM–12:00 PM / Nishi-Waseda Community Center
Activities at After-School Day Services: As desired / Takadanobaba or Kita-Shinjuku
Litter Cleanup: Once a month / 11:00 AM – 12:00 PM / Around Waseda
Agricultural Experience Retreat: Twice a year during spring and summer breaks / Aizuwakamatsu City, Fukushima Prefecture
We offer various other volunteer activities as well!",None,machine_translated,not_reviewed,
C0424,3773,d1eb3aa419c6db59,早稲田大学いちご大福研究会,International Exchange and Volunteering,Volunteering,"We are the first circle in Japan that specializes in strawberry Daifuku. Founded in 2016, it was launched with the aim of spreading the charm of strawberry Daifuku to the world. People have different reasons for joining the club, such as liking strawberry Daifuku, liking strawberries, liking sweets, liking cooking, wanting to develop products, and the circle name is interesting. One of our members said, “I don't like strawberries, but I joined the club because it sounded interesting”. Since it is an intercollegiate circle, there are many students from other universities, and everyone is engaged in activities in a friendly atmosphere. The main activities are trial production of Daifuku for the sale of the circle's original products and comparison of Daifuku, especially strawberry Daifuku. We also have summer camps, stalls at the Waseda Festival, and day trips.

Since 2022, our activities have focused on product development. After many prototypes, in April 2023, we finally decided to sell a product in collaboration with “Chacha Kobo” located in Nishi-waseda. The “Unwrapped Strawberry Daifuku” was developed to match the tea of Chacha Kobo, and pink and white mochi (rice cake) was made into the shape of cherry blossoms in time for the spring selling season. The mochi is topped with fresh cream, anko (red bean paste) cream, and strawberries to make it look pretty. It was so well received that we sold take-out at our Asakusa store in May.

If you are interested in product development, like strawberry Daifuku, or want to learn more about Daifuku, any reason is welcome.",about three times a month（曜日varies）/weekdays19:00、weekends/holidaysvaries/Student Center、地域センター調理室,None,existing_english,needs_review,Prefilled from English text already present in the official description.
C0425,3764,7dad20b49b6da46b,Wakayama Student Inamonkai,Other,Student Inmonkai,"The Wakayama Student Inmonkai is a regional student group where students from Wakayama gather to socialize with each other and with Inmonkai alumni to promote Wakayama. We mainly focus our activities on the Inmon Festival held in late October. We also host various events for our members.While it may be difficult to meet students born and raised in Wakayama at Waseda, this is the perfect club for students who “don’t want to forget their hometown” or “want to feel a connection to Wakayama.” We strongly encourage students from Wakayama to join us. Please feel free to contact us anytime via social media.",When events are held,None,machine_translated,not_reviewed,
C0426,3219,c08545b47a16560d,National Waseda Student Association Federation,Other,Student Inmonkai,"Any Waseda student from outside Tokyo can join our events anytime! The Regional Student Clubs (○○ Student Inmonkai) are officially recognized clubs established to bring together Waseda students with ties to specific prefectures (hometowns, high schools, etc.) and foster camaraderie. There are no rules other than strengthening the bonds of our shared hometowns!Each Student Inmonkai conducts unique activities, such as going out for drinks together, participating in local festivals, or holding training camps. With nearly 30 Student Inmonkai chapters nationwide—from Hokkaido to Okinawa—many Waseda students from regions outside Tokyo, Kanagawa, and Saitama belong to these groups.The National Federation of Waseda Student Associations (Zensoren), as the umbrella organization for the Student Inmon-kai, engages in a wide range of activities. These include planning and organizing joint social gatherings and events for the Student Inmon-kai, as well as managing official Waseda University Sports Festival events like the “Tokyo Hike,” the spring “New Student Welcome Party,” and the fall “Inmon Hometown Party.”This is a club where you can meet many friends from different faculties and grades! Furthermore, even with people you’re meeting for the first time, you already share the irreplaceable bond of being from the same hometown. Please feel free to join us for a Student Inmonkai or Zensoren activity sometime. *Please note that not all Student Inmonkai are listed in this club introduction. If you’re wondering, “Is there a Student Inmonkai for my hometown?” please contact Zensoren.",Irregular schedule / Student Union Building E210,None,machine_translated,not_reviewed,
C0427,3225,19ffcbe9f8fed638,Yamanashi Student Inamonkai,Other,Student Inamonkai,"The Yamanashi Student Inmonkai works daily to create a welcoming space for Waseda students from Yamanashi Prefecture. We usually gather at ""Printan,"" a café near the Waseda campus, to enjoy lunch together, occasionally hold drinking parties, organize retreats during long breaks, or meet up in Kofu... all while keeping things laid-back.
/
/We also have strong ties with student Inmonkai chapters from other prefectures and alumni, and with our long-standing traditions, there are plenty of opportunities to expand your network and social circle. We participate in the Waseda University Regional Exchange Forum, held annually in Yamanashi Prefecture, as well as the Alumni Association branch general meetings.
/
/I’m sure you’ve all left Yamanashi behind and made many new friends at Waseda. But why not get together and have a lively chat about Yamanashi Prefecture, the home of your hearts?Just being from the same hometown creates a sense of closeness and solidarity, regardless of your major, year, or hobbies—it’s a really warm and welcoming club. Many members are also active in other clubs.
/
/We’re always looking for new members, no matter your year! First-years are a given, but we also welcome fourth- and fifth-years, as well as graduate students! So, please come check us out—even just once! Let’s hang out. We’re always waiting for you.",We’re in Yamanashi on weekends. (Takadanobaba),None,machine_translated,not_reviewed,
C0428,3234,b91482f0357f5fa2,Yamaguchi Student Inamonkai,Other,Student Inmonkai,"We, the Yamaguchi Student Inmonkai, began our full-scale activities this academic year and are a vibrant club that participates in events such as setting up a booth at the Inmon Festival. We are also deepening our bonds within the club to fully showcase the charm of Yamaguchi Prefecture. Even if you are not from Yamaguchi Prefecture, you are more than welcome to join if you love Yamaguchi or have the surname ""Yamaguchi."" We plan events about once a month.We also actively participate in events organized by the National Waseda Student Federation, which oversees Inmon-kai chapters nationwide. If you’re a Waseda student from Yamaguchi Prefecture or have even a passing interest in the prefecture, please feel free to contact us anytime! Students of all years are welcome. Our goals include setting up a booth at Waseda Festival and collaborating with the Yamaguchi Prefectural Government to promote Yamaguchi right here in Tokyo. We look forward to your continued support of the Yamaguchi Student Inmon-kai!","1-2 times a month, Main Campus, Building 8",None,machine_translated,not_reviewed,
C0429,3710,4c7cca046952067f,Okayama Student Inmonkai,Other,Student Inmonkai,"We resumed full-scale activities in the 2017 academic year. Every fall, we set up a booth at the Inmon Festival to sell Okayama specialties such as kibi dango, and we participate in regional forums organized by the Academic Affairs Department to provide information about the university. Through these activities, we aim to foster camaraderie among current students from Okayama and strengthen bonds between current students and alumni.Our activities are diverse, including being invited to parties hosted by Okayama Prefecture every year. If you’re from Okayama, why not join us?",Irregular,None,machine_translated,not_reviewed,
C0430,3719,5ccb93c192f44bc0,Saga Student Inamonkai,Other,Student Inamonkai,"This is a student Inamonkai for students from Saga Prefecture or those with ties to Saga. Our activities range from job-hunting consultations and support for new students to regional revitalization initiatives. If you’re interested, why not just join us?",Irregular,None,machine_translated,not_reviewed,
C0431,3720,ba9cfa030f0e4bac,Kagoshima Student Inamonkai,Other,Student Inamon Club,"The Kagoshima Student Inmonkai was established in the 2018 academic year. We’ve started setting up booths at the Inmon Festival and enjoy interacting with alumni. Everyone is very kind, and the atmosphere is warm and welcoming. We look forward to hearing from students from Kagoshima Prefecture. Let’s chat a lot in the Kagoshima dialect!",Irregular,None,machine_translated,not_reviewed,
C0432,3730,5689fb3e7b9a040f,Hokkaido Student Inmonkai,Other,Student Inmon Club,"Hello! The Hokkaido Student Inmon Club is a student group dedicated to fostering connections among current students from Hokkaido, alumni, and current students themselves. Our activities include regular dinners, occasional events (such as skiing and hot pot parties!), selling Hokkaido specialty products at the Inmon Festival, hosting community exchange forums, and organizing various other initiatives to create opportunities for interaction.Through our booths at events like the Inmon Festival, we aim to promote the charm of Hokkaido and contribute to the region’s development. As we are currently in a period of recovery from the COVID-19 pandemic, we have a culture of being open to trying out new events and initiatives. We invite you to join us as a club where you can deepen your connections with fellow Waseda students from all over Hokkaido!","As needed / Student Union Building E210, etc.",None,machine_translated,not_reviewed,
C0433,3763,54b637e917b6e5bc,Fukuoka Student Inmonkai,Other,Student Inmonkai,"The Student Inamonkai is a club where students who share a common regional background gather to exchange information and plan various events.
/
/
/
/The Fukuoka Student Inamonkai temporarily suspended activities during the COVID-19 pandemic but has resumed operations this academic year. We hope to engage in a variety of activities, such as participating in the Inamon Festival alongside alumni, organizing job-hunting events, and interacting with other Student Inamonkai groups.
/
/
/
/If you’ve moved here from outside the area and feel a bit anxious, or if you’d like to connect with alumni, why not join us?
/
/
/
/This year, in particular, marks the club’s relaunch, so there are plenty of opportunities to take the initiative and plan new projects! Let’s work together to make your goals a reality, using our shared identity as Fukuoka natives as our foundation!",Irregular,None,machine_translated,not_reviewed,
C0434,3237,b0be76f9fca2101e,Nagasaki Student Inamonkai,Other,Student Inmonkai,This is a regional association for students from Nagasaki. We hold drinking parties and organize sports festivals in collaboration with other Inmonkai groups.,No information,None,machine_translated,not_reviewed,
C0435,3238,91aee5e294b21198,Kumamoto Student Inmonkai,Other,Student Inmonkai,Waseda University students from Kumamoto Prefecture gather to participate in the annual Inmon Festival and hold social gatherings.,Irregular,None,machine_translated,not_reviewed,
