circle_id,waseda_id,source_hash,名前,メインカテゴリ,サブカテゴリ,活動内容,活動日時・場所,サイトメモ,translation_status,review_status,review_note
C0001,3162,d56931f91fa0069f,연식 야구부,스포츠(구기),야구,"저희 연식야구부는 도쿄 6대학 연식야구 연맹에 소속되어 있으며, 춘계 및 추계 리그전에서 상위 대회 출전을 목표로 싸우고 있습니다. 최근에는 6대학 추계 리그전 우승, 동일본 대회 8강이라는 좋은 성적을 거두며 대학 연식야구계를 이끄는 선두 주자라는 자각을 가지고 매일 연습에 임하고 있습니다.부원들은 고시엔 출전 경험이 있는 사람부터 고교 야구 경험이 없는 사람까지 다양하여 구성원이 다채롭지만, 무엇보다 진지하게 조금이라도 더 실력을 키우려고 전원이 노력하고 있다는 점은 공통점입니다. 대학에서 전국 대회를 목표로 하고 싶은 분, 진지하게 야구를 하고 싶지만 동아리 활동만으로는 부족하다고 느끼는 분들에게 추천합니다!",월~금요일/9시~11시 또는 13시/이시가이 공원·우키마 공원 등,없음,machine_translated,not_reviewed,
C0002,3530,c96737fb38ffff71,이공 경식 야구부,스포츠(구기),야구,"이공계 6개 대학 리그에 소속된 와세다 대학 유일의 경식 야구 동아리입니다. 활동은 주 1~3회입니다. 6개 대학 리그 우승을 목표로 매일 활동하고 있습니다. 매니저는 와세다 대학은 물론 일본여자대학, 도쿄여자대학, 세이센여자대학, 가쿠슈인여자대학, 도쿄가정대학, 쇼와여자대학, 교리츠여자대학 등 다양한 대학의 학생들이 소속되어 있습니다.활동 장소는 다양하며, 코마자와 공원 야구장, 에도가와 구장, 진구 실내 연습장, 아사카 시민 구장, 오노지 구장, 카미유즈키 구장, 타치카와 공원 구장 등 도쿄 도내 또는 도쿄 근교의 구장에서 주로 연습과 경기를 하고 있습니다.3월의 미야자키 합숙, 5월의 신입생 환영 합숙, 9월의 여름 합숙이나 도쿄돔에서의 경기, 해외 원정 등 외에도 체육관 레크리에이션 등 야구 이외의 이벤트도 알차게 마련되어 있습니다. ‘이공’이라는 이름이 붙어 있지만, 문과 학생들도 다수 재적하고 있습니다!
/
/
/
/인스타그램 등을 보고 흥미를 느끼신 분은 꼭 직접 연습에 와 주세요! 신입생 환영 기간 외에도 모집하고 있으니, 부담 없이 SNS DM으로 연락해 주세요!","평일(수업 후)·토·일
/
/
/
/도쿄 시내 또는 도쿄 근교의 야구장
/
/
/
/예) 고마자와 공원 야구장, 에도가와구 구장, 진구 실내 구기장, 아사카 중앙공원 야구장",없음,machine_translated,not_reviewed,
C0003,3396,6b522506d2247e8b,에도의 모임 (연식 야구 동호회),스포츠(구기),야구,"올해로 50주년을 맞이하는 연식 야구 동호회 에도의 모임입니다! 매주 화요일과 금요일, 주 2회 경험자와 비경험자가 함께 섞여 연습하고 있습니다. 동호회 행사로는 4월에 신입생 환영 합숙이 있고, 6월과 11월에는 1박 2일 대회 합숙이 있습니다. 그곳에서는 다양한 학년의 사람들과 팀을 이루어 경기를 치르며 단결력이 매우 높아집니다.또한, 9월 여름 합숙에서는 야구 연습은 물론, 강가에서 물놀이, 용기 시험, 불꽃놀이 등의 레크리에이션도 진행합니다. 그리고 3월에는 봄 합숙도 진행합니다. 또한, 연간 대회에도 적극적으로 참가하고 있으며, 프로스타나 관동 대회를 목표로 매일 연습에 힘쓰고 있습니다. 또한 야구뿐만 아니라, 납량선(여름 유람선)이나 스노보드 합숙, 학년별 디즈니 여행 등 매니저 분들도 즐길 수 있는 이벤트도 진행하고 있습니다.",매주 화·금요일 / 15시부터 19시 사이 / 카미이구사·우키마·테츠가쿠도 등,없음,machine_translated,not_reviewed,
C0004,3198,74043b20f10b14fd,프로야구 팬 서클 셀렉트,스포츠(구기),야구,"무엇보다 다들 야구를 정말 좋아해요! 12개 구단 팬은 물론 MLB나 6개 대학 리그 팬까지 폭넓게 소속되어 있으며, 다 같이 관전하러 가는 것은 물론, 하마스타에서의 아마추어 야구 경기나 와세다 축제 노점 운영 등 즐거운 이벤트도 가득! 그리고 주 2회, 도립 공원 야구장에서 연식야구를 하고 있습니다! 실력은 그리 뛰어나지 않지만, 초보자나 여성 회원도 함께 즐겁게 플레이하는 것이 특징이니, 느긋하게 아마추어 야구를 즐기고 싶은 분, 같은 구단 팬 친구를 사귀고 싶은 분은 꼭 셀렉트에서 최고의 대학 생활을 보내세요! 타 대학 학생이나 다른 동아리 활동과 병행하는 분도 대환영입니다!","매주 화·금요일/17시~21시/도립공원 야구장(아마추어 야구), 비정기/관동 지역 주요 야구장(야구 관전)",없음,machine_translated,not_reviewed,
C0005,3399,bb3c5377bd7ae9ab,와세다 대학 여자 연식 야구부 WASEBI,스포츠(구기),야구,"안녕하세요! 저희는 와세다에서 유일한 여자 연식 야구 동아리입니다! 주 3~4회 정도, 도쿄 도내 구장에서 활동하고 있습니다! WASEBI의 장점은 진지하게 야구에 임할 수 있다는 점입니다! 대학에 들어와서도 많이 몸을 움직이고 싶은 분은 물론, 새로운 것에 도전하고 싶은 분도 대환영입니다!우리 팀은 대학에서 야구를 시작한 선수들이 대부분을 차지하고 있으며, 그중에는 스포츠 경험이 없는 선수도 있습니다! 그래도 감독님과 선배들이 친절하고 꼼꼼하게 지도해 주시기 때문에, 경험이 없더라도 주전 선수가 될 수 있습니다! 또한, 유학생도 적극적으로 받아들이고 있어서, 야구를 하면서 국제 교류도 할 수 있습니다!!
/
/
/
/하지만 역시 대학생이 되면 아르바이트도 하고 싶고! 학업에도 힘쓰고 싶고(？)! 걱정 마세요!! 연습과 병행하고 있는 선수가 다수 재적 중이며, 부양 한도까지 일하는 것도 풀타임으로 수강하는 것도 가능합니다! 연습만 하는 답답한 야구 집단이라고 생각했던 당신! WASEBI는 단순한 야구 팀이 아닙니다! 쉬는 날에는 모 테마파크에 가거나, 맛있는 디저트를 먹으러 가거나, 그러다 보니 어쩌다 보니 야구를 하게 되기도 하고요. 선배 후배 관계없이 사이좋게 즐겁게 지내고 있습니다!!
/
/
/
/야구를 시작하는 데 계기 따위는 필요 없습니다! 이 페이지를 보고 나면 여자 야구에 더 관심이 생길 거예요!! 체험하러 오시면 분명 ""들어가고 싶다!""라고 생각하게 될 겁니다!! 초절정 격렬한 청춘을 보장합니다!! 기다리고 있겠습니다!","평일 1~2회(동아리원들의 시간표에 맞춰 결정), (토), 일/
/
/방학 기간: 화, 목, 토, 일
/
/도쿄 내 구장",없음,machine_translated,not_reviewed,
C0006,3525,de84498f49518bd6,와세다 이공학부 연식 야구부,스포츠(구기),야구,"통칭 '리코난'이라는 이름으로 활동하고 있습니다. 선수는 전원이 이공학부 학생으로 구성되어 있으며, 평일 주 2회 도쿄 내 구장에서 활동하고 있습니다. 최근에는 와세다 리그 등에서도 좋은 성적을 거두고 있으며, 매일 진구 구장 출전을 목표로 연습하고 있습니다. 합숙도 연 6회 실시하고 있으며, 이벤트를 병행하여 1년 내내 즐겁고 화기애애하게 활동하고 있습니다.행사 예시로는 신입생 환영 바비큐, 나료센(여름 유람선), 크리스마스 파티 등 다양합니다.그 외에도 학년별로 여행을 가거나 합숙에 참여하는 등 수많은 행사를 자유롭게 진행하고 있습니다. 연중 내내 선수와 매니저를 모집하고 있으니 부담 없이 연락해 주세요!! 야구를 하고 싶어지는 분, 스포츠를 즐기고 싶은 분, 많은 사람들과 함께 시끌벅적하게 응원하고 싶은 분, 대학 생활을 함께 즐길 친구를 리코난에서 찾아보지 않으시겠습니까? 리코난에서 최고의 대학 생활을 보내 봅시다!!",평일 비정기 주 2회/19시~(17시~)21시/조호쿠 공원·철학당·카미타카다,없음,machine_translated,not_reviewed,
C0007,3411,c0878cd81c5859a0,이나호 키커스,스포츠(구기 종목),축구,와세다 대학 전체를 아우르는 와세다 최대·최강의 축구 동아리. 월·수·금요일 연습을 통해 선수와 매니저 모두가 성장하고 우승을 목표로 활동한다.,매주 월·수·금요일 / 코이시카와·아카바네·신스나,없음,machine_translated,not_reviewed,
C0008,3521,90af0d9677d16139,와세다 대학 이공학부 축구부,스포츠(구기),축구,"통칭 “리코사”나 “와세다리”라고 불리는 축구 동아리. 연습은 기본적으로 월·목 주 2회 진행하며, 주말에는 시합이나 합숙, 원정을 떠난다. 50년 이상의 역사를 지니고 있어 와세다 내에서 가장 유서 깊은 축구 동아리 중 하나이다. 2013년도에는 와세다 대학 내 최강 축구 동아리를 가리는 학내 통합전에서 우승, 동아리계에서 가장 큰 규모인 매거진배에서 3위를 기록하는 성과를 남겼다.또한, 2015년도에는 관동 지역의 강호 팀들이 모이는 신관동 리그 2부에서 우승, 매거진배에서는 6위를 차지했다. 더불어 2016년도에는 관동 예선을 뚫고 진출한 전국 대회에서 준우승을 달성했다.이전에는 이공계 학생들이 중심이었으나, 최근에는 상경, 정경, 체육, 인문 등 문과 학부 및 타 학부 출신의 입부생도 많다. 매니저는 와세다대 학생과 타 대학 학생이 함께 활동하는 인카레 동아리이다. 입회비는 없으며, 부비는 불규칙적으로 납부한다.",매주 월·목·토요일 / 오치아이·코이시카와·마이하마·타나시 등,없음,machine_translated,not_reviewed,
C0009,3554,010dcac88dee17dc,인간과학부 축구부 휴먼 F.C.,스포츠(구기),축구,"동아리 축구 최고봉인 '신간토 풋볼 리그'에 소속되어 있습니다. 총 120명으로 구성된 축구 동아리입니다. '리그 제패', '일본 제1위' 타이틀 획득을 목표로 주 3~4회 캠퍼스 주변에서 연습 및 연습 경기를 하고 있습니다. 전국 대회 출전 경험자부터 초보자까지 폭넓은 인재가 많이 있습니다. 정성이 담긴 열정적인 플레이와 놀라울 정도의 밝은 분위기가 특징입니다.과거에는 와세다 대학 내 대회 연패와 일본 제일을 차지한 바 있습니다. 축구를 하고 싶은 분은 물론, 열정이 넘치는 환경을 원하는 분, 무엇보다 즐거운 캠퍼스 생활을 보내고 싶은 분은 꼭 참여해 주세요. 도코로자와 캠퍼스 최대 규모의 동아리에서 즐거운 학생 생활을 보내 봅시다. 신입생 환영 활동도 적극적으로 진행하며, 중간에 합류하셔도 대환영입니다. 꼭 연락해 주세요.",매주 월·수·금요일 / 도코로자와 주변,없음,machine_translated,not_reviewed,
C0010,3412,858c2f65eac2c42b,리베르데데,스포츠(구기 종목),축구,"안녕하세요! 와세다 대학 공인 풋살 동아리 Liberdade입니다!
/
/
/
/매주 일요일 키치조지에서 활동하고 있으며, 남자 55명, 여자 35명입니다!
/
/남자는 중학교 때까지 경험이 있는 사람이 많아서, 느긋하게 풋살을 즐기고 있습니다!
/
/여자 멤버들도 선수라서, 여자끼리만 풋살을 하거나 남자들과 섞여서 하기도 해요! 물론 초보자인 친구들이 대부분이에요! 상냥하고 시끌벅적한 사람들로 가득해서 정말 재미있어서, 어느새 매주 오게 돼요!
/
/
/
/또한 풋살 이외의 활동으로도 여름 합숙이나 가을 합숙, 스노보드 합숙 등을 가기도 하고, 다양한 이벤트도 기획하고 있어서, 풋살 이외의 활동도 알차게 보낼 수 있을 거예요!!
/
/동아리 내에서도 엄청 친해서, 활동 전에 밥이나 노래방 등에 가기도 하고, 학년별로 나뉘어 여행도 가는 등, 어쨌든 정말 사이가 좋아요!!/
/
/
/
/Liberdade는 정말 좋은 의미로 느긋한 분위기라서, 고등학생의 쉬는 시간처럼, 절도를 지키는 범위 내에서 즐길 수 있는 한계까지 마음껏 즐기는!! 그런 느낌이에요!
/
/
/
/풋살도 하고 싶지만, 합숙이나 이벤트 등도 할 수 있는 동아리에 들어가고 싶다고 생각하는 분!! 꼭 분별력이 있고, 절도를 지키는 범위 내에서 최고로 즐기고 싶은 분!! 절대적으로 Liberdade가 최고입니다!!
/
/
/
/조금이라도 재미있겠다, 나에게 맞을 것 같다 싶으시면 부담 없이 연락 주세요!
/
/
/
/다정한 동아리 멤버들과 함께 여러분의 참여를 기다리고 있습니다!","매주 일요일, 16:00~18:00, 풋살 파크 키치조지",없음,machine_translated,not_reviewed,
C0011,3410,41dfe0b6ad65affe,축구 관전회,스포츠(구기),축구,"저희 축구 관전회는 전국 각지의 경기장에서 좋아하는 축구 팀을 열정적으로 응원하는 동아리입니다. 기본적으로는 동아리원 전원이 함께하는 활동이라기보다는, 같은 팀을 응원하는 사람들끼리 원할 때 경기장에 가서 경기를 관람하고 있습니다. 다만, 동아리원 전원이 함께하는 활동으로서 정기적인 회식이나 풋살 등도 진행하고 있습니다. 또한 연 1회 이벤트로 가을 무렵에 축구계 유명 인사를 초청하여 강연회를 개최하고 있습니다.최근에는 전 일본 국가대표 사토 히토시 씨나 아나운서 시모다 츠네유키 씨를 초청했습니다. 경기 관람이나 이벤트 참여도 강제적인 것이 아니므로, 자신의 페이스에 맞춰 참여할 수 있는 동아리입니다. J리그, 해외 축구, 고교 축구까지 축구를 좋아하는 분이라면 누구나 대환영입니다. 함께 경기장에서 응원합시다.","기본적으로 주말, 전국 각지의 경기장",없음,machine_translated,not_reviewed,
C0012,3775,dcf48610f6c9d552,FC GUSTA,스포츠(구기),축구,"대학 동아리 축구 최정상인 '신간토 리그' 1부 소속. 총 150명이 넘는 인원을 보유한 대학 축구 동아리입니다. 2009년 설립되어 비교적 역사가 짧음에도 불구하고 과거에는 일본 챔피언 타이틀을 획득했으며, 최근에도 반드시 상위권에 진입할 정도로 안정적인 성적을 거두고 있습니다.
/
/
/
/선수들은 와세다대 학생들로 구성되어 있으며, 전국 대회 출전 경험자나 유스 팀 출신 선수부터 초보자까지 다양한 배경을 가진 선수들이 다수 소속되어 있습니다.
/
/
/
/‘일본 최고의 축구 동아리’를 목표로 삼고 있으며, 축구 실력은 물론 즐거움 또한 양립하는 데 중점을 두고 있습니다.
/
/
/
/역사가 짧아 얽매임 없이 자유로운 분위기의 동아리입니다. 축구도 학생 생활도 전력으로 즐기고 싶은 신입생을 기다리고 있습니다. 관심 있으신 분은 꼭 SNS를 통해 연락 주시기 바랍니다.","주 3회, 주로 월·수·목 / 시간은 불규칙(주로 13시~15시) / 코이시카와, 오치아이, 니시토야마, 요요기",없음,machine_translated,not_reviewed,
C0013,3553,33392a9a89353fb3,@앳마크,스포츠(구기),축구,"앳마크의 장점은 누구나 즐겁게 축구를 할 수 있다는 점입니다! 대학에서 축구를 시작한 사람도 어릴 때부터 축구를 해온 사람도 함께 연습하고 있습니다. 출석 제도는 없으며 연습에 오고 싶은 사람만 올 수 있는 자유로운 분위기의 동아리입니다. 동아리원들끼리도 사이가 좋아 연습 후에 밥을 먹거나 놀기도 합니다. 연 4회의 합숙이나 여름 캠프 등의 이벤트도 풍성합니다. 또한 앳마크는 학년 간 사이가 좋아 3학년 때 은퇴하는 일은 없습니다.4년 동안 즐길 수 있는 동아리입니다. 졸업생이 참여하는 행사도 있어 OB, OG와도 사이가 좋습니다.
/
/
/
/꼭 다 같이 축구를 합시다!!","매주 수요일, 토요일 / 15~17시 / 키타노 운동장, 스포츠 홀, 항공공원",없음,machine_translated,not_reviewed,
C0014,3409,a4ab7a58e9b7693f,축구 동호회,스포츠(구기),풋살,"축구 동호회의 매력은 최근 실적을 쌓아가면서도 비정규 멤버제로 사이좋게 지내는 점! 여학생들은 매니저든 선수든, 왁자지껄하게 분위기를 띄워줍니다(웃음).주 1~2회의 연습과 대회, 이벤트, 회식도 알차게 진행됩니다. 디즈니, 할로윈, 크리스마스 파티, 스노보드 합숙 등등... 대학생이기에 누릴 수 있는 즐거움을 추구하며 활동하고 있습니다! 많은 선배들이 기다리고 있습니다! 축구 동호회에서 대학 생활 최고의 추억을 만들어 보세요!",매주 수요일/17시/토시마엔,없음,machine_translated,not_reviewed,
C0015,3413,f01ef784ceb33c69,메인 스트리트 F.C,스포츠(구기),풋살,"남자는 와세다, 여자는 각 여자 대학의 학생들이 모여 있습니다. 목요일은 다카다노바바의 니시토야마 공원, 일요일은 도쿄 도내의 풋살 코트에서 연습하고 있습니다. 풋살을 즐기는 데 중점을 두는 엔조이 지향의 팀입니다. 경기에서 이기는 것이 최우선인 경기 지향의 팀이 아니기 때문에 분위기도 차분하며, 초보자나 여성도 부담 없이 즐겁게 풋살을 하고 있습니다.대회가 되면 모두 전력을 다하지만, 연습이나 동아리 내 대회는 무엇보다 즐겁게 활동하고 있습니다. 동아리 내 대회나 와세다 대학의 다른 동아리와의 교류전도 진행하고 있습니다. 평소 목요일과 일요일 연습 외에도 연 3회 합숙(5월: 신입생 환영 합숙, 여름방학: 여름 합숙, 봄방학: 봄 합숙)뿐만 아니라 운동회, 걷기 대회, 드라이브, 스노보드 등 다양한 레크리에이션 행사도 기획하고 있습니다.","매주 목요일·일요일/15시 30분/니시토야마 공원, 오지, 긴시초",웹사이트(동아리) 접속 제한,machine_translated,not_reviewed,
C0016,3586,fa3e343de31562c6,PETIT ROYAL FC (프티 로얄 FC),스포츠(구기 종목),풋살,"도코로자와 캠퍼스 최대 규모의 풋살 동아리 PETIT ROYAL FC(쁘띠 로얄 FC)입니다. 원칙은 1. 초보자 한정(여성은 경험자 가능), 2. 동아리 활동 중 금연, 3. 동아리 활동 중 원샷 강요 금지입니다.매주 2일, 도코로자와 캠퍼스 스포츠 홀에서 남녀 학년 관계없이 전원이 선수로 풋살을 하고 있습니다. 초보자 전용이므로 새로운 스포츠를 해보고 싶은 분, 부담 없이 스포츠를 즐기고 싶은 분을 환영합니다. 또한 금연 및 원샷 강요 금지이므로 담배나 술을 잘 못 드시는 분도 환영합니다. 매주 풋살 활동 외에도 연 3회 합숙, 여름·겨울 대회 주최, 동문회 등의 이벤트도 진행하고 있습니다. 남녀 학년 관계없이 외부 대회에도 참가하고 있습니다.",매주 수요일/18~20시/일요일 13~17시/스포츠 홀,없음,machine_translated,not_reviewed,
C0017,3414,52e32c4af79c2a31,KatZwei,스포츠(구기),풋살,"캣츠바이(Catsby)는 매주 2회, 공원에서 풋살을 하며 땀을 흘리고 있습니다. 와세다 대학 전체의 동아리로, 여학생들도 모두 매니저가 아닌 선수로서 참여합니다. 많은 멤버가 초보자이며, 딱딱하게 풋살을 하거나 주전 자리를 차지하기 위해 필사적으로 연습하기보다는, 땀을 흘리고 싶을 때나 모두를 만나고 싶을 때 얼굴을 내밀어 즐겁게 풋살을 하는 동아리입니다! 한 학년당 20명 정도이며, 같은 학년 간의 관계도, 선배와 후배 간의 관계도 매우 좋습니다. 대회에는 한 달에 한 번 정도 일반 시민 대회에 참가하고 있습니다. 직장인이나 때로는 아이들도 멤버인 팀과 경기를 하기 때문에, 대회라 해도 시종일관 화기애애하게 경기를 합니다! 모두가 사이가 좋고, 모두가 서로를 생각하며 활동하는 점이 캣츠바이의 매력입니다!!",매주 수요일·토요일 / 13시~18시 / 니시토야마 공원,없음,machine_translated,not_reviewed,
C0018,3415,01e46ff4e5e16ab9,Espiga,스포츠(구기),풋살,"남자 약 35명, 여자 약 35명이 주 1회, 매주 금요일 키치조지에서 풋살을 하고 있습니다. 연습 전반부는 남녀가 섞여 즐겁게 몸을 풀고, 후반부는 남자끼리, 여자끼리 본격적으로 풋살을 즐깁니다.또한, 일 년에 몇 번 대회에 참가하기도 하며, 올봄에는 여자팀이 와세다 대학 내 대회에서 준우승을 차지했습니다. 물론 풋살 이외의 이벤트도 알차게 마련되어 있어, 디즈니, 캠핑, 연 4회의 합숙, 여름 유람선, 크리스마스 파티 등이 있습니다. 멤버들 간의 친밀함이 이 동아리의 자랑이며, 캠퍼스 생활을 풍요롭게 만들어 줄 것임에 틀림없습니다. 금요일은 Espiga 외에는 생각할 수 없습니다.",매주 금요일/19시/키치조지,없음,machine_translated,not_reviewed,
C0019,3416,8b33465edf0e3dae,디엔테 와세다,스포츠(구기),풋살,"디엔테는 초보자부터 고등학교 때까지 축구를 했던 사람, 남학생도 여학생도 유학생도 누구나 함께 즐길 수 있는 풋살 동아리입니다. 특히 디엔테는 유학생이 다수 소속되어 있는 풋살 동아리입니다. 유학생과 교류하고 싶거나, 놀고 싶거나, 외국어를 배우고 싶거나, 해외여행에 대해 듣고 싶은 분들을 대환영합니다. 또한 디엔테는 매년 상급자부터 초보자까지 있지만, 모두 함께 즐겁고 진지하게 연습하고 있습니다. 강팀은 아닐지 몰라도, 대회에서는 매번 드라마를 만들어냅니다.분위기도 술자리도 정말 느긋하고 여유롭게 즐기는 동아리입니다. 일 년에 몇 번 있는 합숙이나 그 밖에도 다양한 이벤트가 알차게 준비되어 있습니다! 디엔테의 아늑한 분위기는 와세다 1등입니다! 꼭 한 번 연습하러 와보세요!",매주 화요일·목요일·기타/18시/타바타 신마치 커뮤니티 아레나,없음,machine_translated,not_reviewed,
C0020,3721,6216bee5553b8e26,FC． TEMPESTA,스포츠(구기),풋살,"FC.TEMPESTA는 도코로자와 캠퍼스를 중심으로 활동하는 풋살 동아리입니다. 연습은 남녀 혼합으로 진행되며 매니저는 없습니다! 와세다 대학 학생, 타 대학 학생, 초보자, 경험자, 남녀를 불문하고 다양한 사람들이 풋살을 마음껏 즐기고 있습니다.대회에도 연중 몇 차례 참가하여 다양한 곳에서 좋은 성적을 거두어 왔습니다! 풋살이 주된 활동이지만, 이벤트도 알차게 준비되어 있습니다! 여름 합숙이나 크리스마스 파티, 스노보드 합숙 등등... 부담 없이 참여해 보세요! 개성 넘치는 멤버들과 함께 여러분을 기다리고 있습니다!",화요일과 금요일,동아리 사이트 폐쇄,machine_translated,not_reviewed,
C0021,3417,c87ec4899228e578,Tonsoku,스포츠(구기),풋살,"Tonsoku는 2013년에 창설된 와세다 대학 공인 올-와세다 풋살 동아리이다. 신생 동아리임에도 불구하고, 전통 있는 동아리 못지않은 연습 환경과 합숙, 각종 행사 등도 매우 알차게 구성되어 있다.창설 1년 차에 와세다 대학 공인을 받았고, 2년 차에는 와세다 대학 내 대회에서 우승을 차지하는 등 눈부신 성장을 이어가고 있다. 또한 이 동아리는 수평적인 유대뿐만 아니라 수직적인 유대도 강하다. 선배로부터의 일방적인 관계가 아니라, 후배가 선배에게 적극적으로 다가가는 관계가 매우 많은 것도 특징 중 하나이다. 하지만 이 동아리의 가장 주목할 만한 특징은 바로 ‘외모’이다.우리는 『외모부터 시작하라.』를 콘셉트로 내걸고 있다. 유니폼의 세세한 부분까지 디자인에 대한 고집, 다른 풋살 동아리에는 없는 팀 저지나 트레이닝복 도입 등은 『외모부터 시작하라.』를 구현한 것이라고 할 수 있다. 여기서 말할 수 있는 것은 외모가 좋아도 결과가 따르지 않으면 의미가 없다는 점이다. 하지만 Tonsoku는 달랐다.창단 1년 차에 각 대회에서 상위권에 진입했으며, 2014년도 와세다 풋살 리그에서는 우승, 2015년도에는 3위를 차지했다. 더욱 놀라운 점은 비레귤러제를 채택하고 있다는 것이다. 전원이 진지하게 풋살에 임하고 훈련에 매진하고 있기에 팀으로서 결과를 낼 수 있는 것이다. ‘명실상부하게 와세다 1위가 되자’는 목표를 함께 추구하는 동료를 우리는 기다리고 있다.",매주 화·목요일/16시~18시/킨시초·토시마엔·메지로다이,없음,machine_translated,not_reviewed,
C0022,3739,b18948bf37da43db,와세다 대학 풋살부,스포츠(구기),풋살,"『Take The Initiative From WASEDA』라는 미션을 내걸고, 와세다가 앞장서서 체육회, 대학생, 풋살의 상식을 바꾸고 미래를 창조합니다.
/
/
/
/《경기 면》
/
/와세다 대학에서 유일하게 공식전 출전이 인정되고 있습니다. 고등학교 시절 진심으로 축구에 매진해 온 많은 축구 선수들에게 대학의 이름을 정식으로 걸고 싸울 수 있는 환경이 마련되어 있으며, 선발 전형이나 체육 특기생 제도 등도 없어 폭넓게 문호를 개방하고 있습니다.
/
/지도 면에서도 F리그(페스카도라 마치다)에서의 지도 경험이 있는 감독과 코치를 필두로 우수한 지도진이 갖춰져 있습니다.
/
/
/
/소속: 도쿄도 대학 풋살 리그
/
/대회: 전일본 대학 풋살 선수권 대회/전일본 풋살 선수권 대회
/
/
/
/《사업 면》
/
/입부 후에는 5개의 섹션으로 나뉘어, 사업 면에서도 활약의 장을 넓혀 나갑니다.창단 첫 해에 확보한 협찬금은 약 300만 엔에 달하며, 감독을 비롯한 지도진 초빙과 스폰서 확보, 전국 대회 주최까지 모든 것을 학생들이 주도적으로 진행합니다. 체육회에서는 경험할 수 없는 활동을 할 수 있습니다.
/
/
/
/경기 면뿐만 아니라, 사업 면에서도 타 단체가 따라올 수 없는 의미 있는 활동을 펼칠 수 있습니다.","【연습】월·수·금 21:00-23:00
/
/【연습 경기·공식전】토·일
/
/【연습 장소】아즈키자와 체육관·아카츠카 체육관·와세다 아레나 등
/
/【경기 장소】코마자와 체육관·코마자와 실내 구기장 등",없음,machine_translated,not_reviewed,
C0023,3580,ecb1adc98b8c7519,tokopan,스포츠(구기),풋살,"남녀가 함께 풋살을 즐길 수 있습니다. 대회나 스노보드, 할로윈 파티 등 이벤트도 풍성합니다!",정보 없음,없음,machine_translated,not_reviewed,
C0024,3163,2e926b6b8389f904,G.W. 럭비 클럽,스포츠(구기 종목),럭비,"1930년에 창단된 전통 있는 럭비 클럽입니다. 역사가 길어 동문도 매우 많고 조직이 탄탄하기 때문에, 다양한 면에서 지원을 받고 있습니다. 또한, 2014년도와 2015년도에 2년 연속으로 학생 클럽 일본 1위를 달성했습니다!올해는 3연패를 목표로 매일 연습에 매진하고 있습니다. 진지하게 럭비를 하고 싶은 경험자도, 처음 럭비를 해보고 싶은 초보자도 대환영입니다! 매니저로서 팀을 지원하고 싶은 분에게도 선배들이 친절하게 가르쳐 드리기 때문에 전혀 문제없습니다! ‘지-더블’ 멤버 전원이 한마음이 되어 팀을 활기차게 만들고 있어, 럭비뿐만 아니라 그 외 활동도 알차게 채워져 매우 즐거운 학생 생활을 보내고 있습니다. 관심 있는 분은 꼭 연락해 주세요!!",매주 수·토·일요일,없음,machine_translated,not_reviewed,
C0025,3407,eaaba735341b989a,콤플렉스 럭비 팀,스포츠(구기),럭비,"관동 학생 클럽 선수권 대회 1부에 소속된 콤플렉스 럭비 팀은 와세다 대학의 공인 인카레 럭비 동아리입니다. 타 대학의 선수, 매니저도 많이 소속되어 있습니다. 부담 없이 연습 참관을 오세요.2011년 관동 학생 클럽 선수권 대회에서 ‘우승 및 학생 클럽 일본 1위’, 2016년 동일본 학생 클럽 세븐스 대회에서 ‘우승’을 차지한 실력을 자랑합니다. 또한 바비큐, 여름 합숙, 봄 여행 등 다양한 이벤트도 마련되어 있습니다. 학생 생활을 즐기고 싶다면 컴플렉스로 오세요!","매주 수요일/16시~18시/키치조지, 매주 토·일요일/14시~16시/에도가와 (구장 상황에 따라 변경될 수 있음)",없음,machine_translated,not_reviewed,
C0026,3518,2248a185a331eaaf,와세다 대학 이공학부 럭비부,스포츠(구기),럭비,"저희는 덴츠 대학 럭비부와 함께 활동하고 있습니다. 경험자는 물론 초보자도 많아, 모두 함께 즐겁게 럭비를 하고 있습니다. 작년에는 지구 대항 관동 1구 2부에서 전승으로 우승했습니다.",매주 토요일 13:00~(@덴츠 대학 타마가와 그라운드),없음,machine_translated,not_reviewed,
C0027,3515,9e1f6b6323540604,이공 아메리칸 풋볼부 바커스,스포츠(구기),미식축구,"와세다 바카스는 관동 지역 대학의 체육회/준체육회/동호회로 구성된 관동 학생 풋볼 클럽 연맹에 소속된 미식축구 팀입니다.와세다 대학에는 3,000개 이상의 동아리가 있지만, 와세다 바커스는 몇 안 되는 이공학술원 승인 동아리 중 하나로, 토야마 캠퍼스 학생회관(30호관)에 부실을 두고 있으며, 이공학술원뿐만 아니라 와세다 대학 전 학부생(매니저는 타 대학 포함)이 참여하여 활동하고 있습니다.졸업 후에도 OB/OG로서 바커스와의 교류는 계속됩니다. 학생과 500명 이상의 OB/OG는 ‘All Bacchus’로서, [매년 취업 활동을 전면적으로 지원]하는 것도 바커스의 특징입니다.
/
/
/
/【최근 전적】
/
/2018　1부 프론티어 디비전　4승 1패 동률 1위(득실점 차로 3위가 되어 관동 선수권 출전 실패)
/
/2019　1부 리버티 디비전　　　4승 1패 2위 관동 선수권 출전(3위)
/
/2020　특별 리그전　　　　　2승 0패 1위　결승 토너먼트 진출(2위)
/
/2021　특별 토너먼트전　4위
/
/2022　특별 토너먼트전　5-6위 (순위 미정)
/
/2023　1부 리버티 디비전　　　3승 1패 2위　관동 선수권 대회 출전 (3위)
/
/
/
/이메일 문의: [email protected]","매주 토요일, 일요일/9:00~12:00/고쿠분지, American School in Japan(타마), 무사시노 공원",없음,machine_translated,not_reviewed,
C0028,3172,7e45d945ba657c21,미식축구 동호회 레벨스,스포츠(구기),미식축구,"안녕하세요! 저희 와세다 레벨스는 와세다 대학 전체의 공인 미식축구 동아리입니다! 주 4회(화·목·토·일요일) 연습하고 있으며, 평일은 자유 참가, 토·일요일은 다마강 강변에서 모두 함께 활동하고 있습니다. 팀은 관동 학생 미식축구 클럽 연맹에 소속되어 있으며, 12월 말에 열리는 관동 선수권 대회 우승을 목표로 매일 훈련에 매진하고 있습니다.레블스는 1978년 창단 이후 리그 우승 12회, 관동 제패 10회를 자랑하는 실적이 강점입니다. 물론 실력을 중시하고 승리에 집착하는 팀이지만, 완전 초보자도 다수 소속되어 있습니다. (실제로 선수의 70% 이상이 초보자입니다.) 그런 저희의 시즌은 2월에 시작됩니다. 4월 하순경에는 게이오 바이슨이라는 팀과 전통의 와세다-게이오전이 있어, 이를 위해 봄 훈련을 시작합니다.6월에는 시범경기가, 8월에는 여름 합숙이 있습니다. 그리고 9월부터 대회가 시작됩니다. 그때부터 11월까지가 정규 시즌이며, 12월에는 저희의 목표인 관동 선수권이 있습니다. 이런 저희의 활동 외에도 오프 시즌도 있어서, 연습이 없는 날에는 다 같이 놀러 가기도 합니다! 저희의 활동이 궁금하신 분들은 꼭 인스타그램(@waseda_revels)을 방문해 주세요! 선수·매니저·스태프를 대대적으로 모집 중입니다!!","매주 화·목요일 도쿄 내 구장
/
/
/
/매주 토·일요일 타마가와 마루코바시 구장",없음,machine_translated,not_reviewed,
C0029,3594,3ddbb134d6da7335,RayBack,스포츠(구기),농구,"와세다 대학 도코로자와 캠퍼스의 농구 동아리입니다!! 2013년에 설립된 신선한 동아리로, 농구를 진지하게 즐기는 가족 같은 분위기의 동아리입니다. 대회에도 연중 몇 차례 출전하며, 초보자부터 경험자까지 폭넓은 수준의 선수들이 함께 활동하고 있습니다. ""초보자인데 괜찮을까?"" 하고 불안해하는 분도 계실지 모르겠지만, 안심하세요. 친절하게 가르쳐 주는 멤버들이 매우 많아서, 결국에는 시합에도 많이 출전할 수 있게 됩니다! 또한, 농구뿐만 아니라 이벤트도 알차게 준비되어 있습니다! 연습은 물론, 함께 놀러 다니며 멤버들과 친해져서 평생의 친구를 만들 수 있을 것입니다!!!!","매주 화·금요일/17시~/도코로자와 시민 체육관, 매주 목요일/16시 30분~/스포츠 홀",없음,machine_translated,not_reviewed,
C0030,3552,1405a9508cff66db,농구 동아리 JAWS,스포츠(구기),농구,"매년 3월과 8월 와세다 리그 우승을 목표로, 도코로자와에서 활동하며 농구를 즐기는 동아리입니다!",정보 없음,없음,machine_translated,not_reviewed,
C0031,3395,730f0ba15848fcf6,와세다 테니스 클럽,스포츠(구기),테니스,"저희 와세다 대학 테니스 클럽(통칭: wtc, 와테이)은 최대, 최강, 그리고 최고의 동아리입니다!
/
/
/
/그 매력은 크게 3가지!
/
/
/
/우선 회원들은 모두 개성이 풍부합니다! 와세다 대학 전체에서, 모든 학부의 회원들이 모여 있습니다!그리고 연중 입회를 받고 있으므로, 물론 유학생이나 9월 입학 학생도 환영합니다! 누구나 마음껏 즐길 수 있는, 유일무이한 동아리입니다!
/
/
/
/다음은 테니스! 초보자부터 전국 대회 출전 경험이 있는 베테랑까지, 다양한 수준의 회원이 있습니다! 작년에는 컵 준우승, 관동 클럽 대항 여자 단체 준우승 등의 성과를 거두었습니다!그리고 무엇보다 주 5~6일, 평일에는 9:00~16:30이라는 압도적으로 좋은 연습 환경! 경험자 분들은 테니스를 마음껏 즐길 수 있고, 초보자 분들은 천천히 꼼꼼하게 테니스를 배울 수 있습니다!
/
/
/
/또한 즐거운 이벤트도 가득! 그리고 와세다 테니스 동아리에서는 무려 프로 경기의 볼 퍼슨을 할 수 있습니다! 이벤트나 소중한 경험을 통해 많은 동료들과 친해질 수 있을 것임이 틀림없습니다!
/
/
/
/조금이라도 관심이 있으신 분은 꼭 연습하러 오세요! 가입을 기다리고 있습니다!
/
/
/
/
/
/
/
/
/
/
/
/
/
/
/
/
/
/
/
/
/
/","월요일~금요일/연습 9시~16시 반/항공공원, 토요일/연습 17시~21시/키바공원이나 조호쿠 중앙공원",없음,machine_translated,not_reviewed,
C0032,3532,5d9b03f97e77c1e1,이공 경식 테니스부,스포츠(구기),테니스,"저희 이공 경식 테니스부(통칭 리코테)는 동아리원 대부분이 이공대생이라서 사이가 아주 좋습니다! 연습은 평일 매일이며, 이공대생들에게는 반가운 야간 연습도 있습니다! 2019 와세다 컵에서는 3위를 차지했으며, 상급자도 초보자도 대환영입니다! 테니스도 물론 전력을 다하지만, 놀 때도 전력을 다하는 것이 리코테입니다! 이벤트나 기획(스노보드, 불꽃놀이, 바다 등)도 많이 있습니다!",평일: 주간/야간: 주 1회,없음,machine_translated,not_reviewed,
C0033,3384,b94d43b039a83682,영 테니스 동호회 (경식부),스포츠(구기),테니스,"와세다 영은 와세다 대학 공인 12대 동아리 중 하나입니다! 공인 동아리이므로 운영도 탄탄해서 안심할 수 있습니다. 동아리원은 남자는 와세다, 여자는 와세다·일본여자·가쿠슈인여자대학 출신으로 구성되어 있습니다. 하지만 남녀·대학·학년과 관계없이 모두 사이가 좋습니다♪ 동아리원은 초보자와 경험자가 반반입니다.초보자 회원들을 위한 연습도 마련되어 있어, 테니스 초보자도 안심하고 즐길 수 있습니다. 또한 관동 8강에 진출한 실적이 있어, 경험자로서 본격적으로 테니스를 즐기고 싶은 분들도 대환영입니다. 연습은 평일 주 5일 진행되므로 수업이 없는 시간에 참여할 수 있고, 다 함께 열정적인 연습을 즐길 수 있습니다! 또한 와세다 영은 매년 CUP, 관동, 아세(Assé)라는 단체전에 출전하고 있으며, 이를 위해 모두 매일 열심히 노력하고 있습니다!모두가 단결하여 하나가 되는 단체전은 감동할 것임이 틀림없습니다. 또한 테니스 외에도 바다나 강에 가서, 변장을 하고 믹스 더블스를 한 뒤 세련된 스카이 라운지에서 파티를 하는 크리스마스 파티 등, 매달 계절에 맞는 행사를 진행하고 있어 테니스 이외의 면에서도 모두와 친해질 수 있습니다. 또한 다 같이 떠들썩하게 술을 마시는 회식도 놓치지 마세요.한 번에 다 마시는 건 없고, 강제 참여도 없으며, 물만 마시는 테이블도 마련되어 있어 누구나 안심하고 안전하게 즐길 수 있습니다! 여러분도 영(Young)과 함께 최고의 대학 생활을 보내세요!! 가입하시면 절대 후회하지 않으실 겁니다!!",평일/다카다노바바 인근 코트,없음,machine_translated,not_reviewed,
C0034,3385,8b1c07efbb97beaa,영 테니스 동호회 (연식부),스포츠(구기),테니스,"안녕하세요! 영입니다!
/
//영은 와세다 대학의 소프트 테니스 동아리입니다! 연습은 주 2~3회 정도, 조호쿠 중앙공원과 우키마 공원을 중심으로, 와세다 대학 본교 캠퍼스에서 30분 정도 거리에 있는 곳에서 하고 있습니다.연습은 항상 가족 같은 분위기에서 진행되며, 모든 회원이 고루 연습과 경기를 할 수 있도록 구성되어 있습니다. 덕분에 다양한 사람들과 연습하거나 짝을 이루어 친해지기도 하고, 서로에게 자극을 받기도 합니다. 평일 17시~21시에 연습하기 때문에 수업 후에도 문제없이 참여할 수 있습니다!
/
/
/
/영(Young)은 학동련(学同連)이라는 연맹에 소속되어 있으며, 봄과 가을에 타 대학과의 대항전(춘계 학동련·추계 학동련)에 출전하고 있습니다. 그 대회에서 승리한 사람이 출전할 수 있는 관동 오픈이나 관동 인도어, 8월에는 연간 최대 규모의 이벤트인 전일본 학생 오픈(통칭 전일)에 출전합니다. 작년에는 학동련 남녀 단체 및 개인 부문에서 모두 우승했고, 전일에서는 남자 단체 준우승·개인 우승 등의 성과를 거두었습니다!대회는 각각 남녀 단체전과 개인전으로 구성되어 있으며, 기술 수준과 관계없이 누구나 참가할 수 있습니다!
/
/
/
/또한, 한 달에 한 번 정도 열리는 즐거운 이벤트도 풍성합니다! 바비큐나 소풍, 스포츠 대회, 합숙 등 다양한 이벤트를 개최하고 있습니다. 영에서만 만날 수 있는 최고의 동료들과 함께 알찬 와세다 생활을 보낼 수 있을 것입니다! 영은 여러분의 ‘쉼터’가 되어 줄 동아리입니다! 조금이라도 관심이 있으신 분은 SNS 등을 통해 부담 없이 연락해 주세요!","주 2~3회, 조호쿠 중앙공원·우키마 공원",없음,machine_translated,not_reviewed,
C0035,3391,e110261dfcb0edf1,와세다대학 연식 테니스 동호회,스포츠(구기),테니스,"소프트 테니스 동호회는 1962년에 창설된, 와세다에서 가장 역사가 깊은 소프트 테니스 동아리입니다.
/
/
/
/봄·가을에는 6개 대학(와세다·도쿄대·메이지·게이오·호세이·리쿄) 간의 대항전(통칭 '6연'), 봄 6연에서 승리한 선수와 경력 3년 이하의 선수가 출전할 수 있는 '간토 오픈',
/
/
/
/여름에는 6개 대학과 간사이 4개 대학(간사이·간세이가쿠인·도시샤·릿메이칸) 간의 대항전인 ‘동서 대항전’, 전국의 동아리와 5부 이하 체육회가 참가하는 ‘전일본 학생 오픈’,
/
/
/
/그리고 연말에는 간세이가쿠인 대학과의 대항전 ‘와세다-간세이전’ 등, 1년 내내 많은 대회에 출전합니다.
/
/
/
/오프 시즌인 겨울에도, 가을 6연전에서 승격하면 출전할 수 있는 실내 대회도 있습니다.
/
/
/
/개인전·단체전 모두, 기술 수준과 관계없이 시합에 출전할 수 있는 기회는 많습니다!
/
/
/
/연습도 주 4~6회 진행되므로, 수업이 없는 날에 참여할 수 있고, 공을 많이 칠 수 있습니다. 연 2회 합숙이 있으며, 여름에는 야마나시현 야마나카코, 봄에는 지바현 시라코에서 진행합니다.
/
/
/
/실력은 초보자부터 전국 고교 선수권 대회 경험자까지 다양하며, 기술에 자신이 없는 분이라도 반드시 실력이 향상됩니다.
/
/
/
/테니스 이외의 활동으로는 오프 시즌의 온천 여행·스키 여행을 비롯해, 동호회 멤버들과 함께 놀러 가는 일도 많습니다.",주 4~6일 (항공공원/조호쿠 중앙공원),없음,machine_translated,not_reviewed,
C0036,3386,e80409542143aad5,그린 테니스 클럽,스포츠(구기),테니스,"올해로 창립 61주년을 맞이하는 와세다 대학 공인 동아리로, 12대 연맹에 소속되어 있습니다! 남녀 모두 와세다 대학 전 캠퍼스 학생이 재적 중입니다! 연습은 월~토 주 6일 및 주 1회 야간 연습! 전일본 중학생 대회나 인터하이 경험자도 다수 재적 중이라 수준 높은 연습이 가능합니다!또한, 동아리원의 약 절반은 대학에서 테니스를 시작한 초보자들로, 테니스 코치 경험이 있는 선배들에게서 기초부터 배울 수도 있습니다! 입회 제한 및 기한 없음! 연 3회 단체전에 출전하며, 다수의 전적을 보유하고 있습니다! 2016~2019, 2023년도 와세다 컵 4위! 2023년도 ASSE 단체전 3위! 테니스 외에도 해변 행사나 나료선, 신년 행사 등 연중 다양한 이벤트를 준비하고 있어 일 년 내내 알찬 대학 생활을 보낼 수 있습니다! 테니스를 진지하게 하고 싶은 분, 테니스를 좋아하게 되고 싶은 분, 무언가에 전력을 다해 도전해 보고 싶은 분, 대환영입니다! 우리와 함께 그린 코트에서 최고의 대학 생활을 보내요!!",매주 월요일부터 토요일/13시/도영 테니스 코트,동아리 사이트 폐쇄,machine_translated,not_reviewed,
C0037,3758,f70acf180c58318c,조호쿠 테니스 클럽,스포츠(구기),테니스,"안녕하세요! 조호쿠 테니스 클럽입니다!
/
/
/
/저희는 평일 매일 4시간씩 연습을 하고 있습니다. 자신의 수업이나 일정에 맞춰 가고 싶을 때 참여하고 언제든지 중간에 빠져도 괜찮은 자유 참가형입니다.
/
/
/
/테니스 실력은 인터하이 출전자, 선발 대회 출전자, 현 4강 등 상급자도 있지만, 대학에서 시작한 초보자 분들이 훨씬 더 많습니다!
/
/
/
/연 3회 단체전이 있으며, 와세다 컵 상위 4강 진출을 목표로 열심히 노력하고 있습니다^ ^
/
/
/
/남녀 비율은 1:1이며, 각 학년 30명 정도의 중규모 동아리입니다!
/
/
/
/테니스뿐만 아니라 매달 열리는 이벤트도 알차게 준비되어 있습니다! 크리스마스 파티, 디즈니, 오다이바, 나료센(여름 유람선) 등...
/
/
/
/어쨌든 조호쿠 동아리에 들어오면 후회하지 않을 거예요!
/
/
/
/Twitter, Instagram DM으로 궁금한 점이 있으면 무엇이든 물어보세요!",월화수목금 13:00-17:00,없음,machine_translated,not_reviewed,
C0038,3380,c472a66dee6cc715,이나토모 테니스 클럽,스포츠(구기),테니스,"저희 이나토모 테니스 클럽은 경험자, 초보자 모두 대환영하는 아늑한 동아리입니다!! 연습은 주 5일 진행되며, 자유롭게 참가할 수 있어 자신의 시간표에 맞춰 비는 시간이나 한가할 때 운동하고 싶을 때 자유롭게 테니스를 즐길 수 있습니다! 초보자분들은 처음에 '초보자 연습'이라고 해서 실력 있는 경험자 분들이 코트 한 면을 사용해 친절하게 가르쳐 드립니다! 그 결과, 초보자 전용 대회에서 우승자도 배출하고 있습니다!! 그리고 경험자 분들도 전일본 중학생 챔피언이나 사이타마현 4강 등 수준이 높은 분들뿐입니다! 그래서 경험자라도 충분히 테니스를 즐길 수 있는 환경이 갖춰져 있습니다! 게다가 테니스뿐만 아니라 이나토모에서는 일 년 내내 즐길 수 있는 이벤트가 알차게 마련되어 있습니다! 테니스도 즐기고, 이벤트도 즐길 수 있어서 동아리 멤버들끼리 사이가 좋고 아늑한 분위기가 이나토모의 최대 매력입니다!!",매주 월~금/9시~17시/와세다 인근 테니스 코트,없음,machine_translated,not_reviewed,
C0039,3642,aa51ce0709dbe996,오렌지 테니스 클럽,스포츠(구기),테니스,"오렌지 테니스 클럽은 테니스라는 스포츠를 중심으로 다양한 활동을 펼치고 있습니다. 또한 대학 생활을 더욱 의미 있게 만들고, 그 과정에서 자신을 크게 성장시킬 수 있는 동아리입니다. 오렌지는 와세다 대학 공인 연맹이자 12대 동아리 중 하나로, 45년이나 이어지는 긴 역사를 자랑합니다. 그리고 테니스, 이벤트, 놀이 등 어떤 때라도 전력을 다해 즐기는 것이 모토입니다. 동아리를 대충 계속해서는 진정한 즐거움을 맛볼 수 없습니다.항상 뜨거운 마음으로 모든 일에 임하고 있습니다. 12대 동아리 간 순위를 다투는 단체전인 와세다 컵이 테니스의 메인 이벤트입니다. 선수도 응원자도 전원이 승리를 향해 한마음이 됩니다. 또한, 매일의 정기 연습은 즐겁고 알차게 진행됩니다. 또한, 오렌지의 매력 중 하나는 테니스 초보자에게 힘을 쏟고 있다는 점입니다. 초보자는 올바르게 배우기만 한다면, 테니스 실력이 급격히 향상되는 즐거움을 맛볼 수 있습니다.초보자를 지도하는 전담 코치 직책이 있어, 기초부터 꼼꼼하게 가르쳐 줍니다. 게다가 오렌지에는 테니스 상급자와도 차별 없이 함께 연습하는 분위기가 있어, 실력에 관계없이 끈끈한 유대감이 형성되어 있습니다. 물론 경험자들의 의욕도 높아, 올 와세다(All Waseda)나 단체전 우승과 같은 높은 목표를 향해 나아가고 있습니다.행사로는 합숙을 비롯해 해변 행사, 불꽃놀이 행사, 크리스마스 파티 등 일 년 내내 즐거운 행사가 알차게 마련되어 있습니다. 행사 하나하나에도 정성을 기울여 모두가 매우 즐겁게 참여하고 있습니다. 오렌지라면 분명 즐겁기만 한 것이 아니라 알찬 대학 생활을 보낼 수 있을 것입니다.","매주 월요일·금요일/9-11시/도영 테니스 코트, 화요일·수요일/13-17시/도영 테니스 코트",없음,machine_translated,not_reviewed,
C0040,3372,34f1efc7b472e9ad,오스트레일리안 테니스 클럽,스포츠(구기),테니스,"오스트레일리안 테니스 클럽은 40년 이상의 역사를 자랑하는 와세다 대학 공인 동아리입니다. 매년 5월에 열리는 와세다 컵에 주력하며, 매일 열심히 연습하고 있습니다. 경험자는 물론, 대학에서 테니스를 시작한 초보자도 많지만, 코치가 친절하게 지도해 주기 때문에 금방 실력이 향상됩니다.연습은 주 2회이며 요일이 정해져 있지 않아 동아리원 전원이 참여하기 쉽습니다. 일반 연습에서는 경험자와 초보자가 섞여 기초 연습을 하고, 정규 연습에서는 대회에 출전하는 멤버들이 수준 높은 연습을 진행합니다. 바비큐나 스노보드 등 테니스 이외의 이벤트도 풍성합니다! 중규모 동아리라서 선배, 후배를 가리지 않고 사이가 좋은 아늑한 분위기의 동아리입니다!!",요일 불규칙 주 2회,없음,machine_translated,not_reviewed,
C0041,3717,9962c9cd270eadc3,F.S.S. 테니스 클럽,스포츠(구기),테니스,"저희 F.S.S. 테니스 클럽은 창립 47년째를 맞이한 유서 깊은 와세다 대학 공인 테니스 동아리입니다. 일본여자대학 테니스 코트와 우키마후나토의 도영 코트를 이용하여 화요일과 목요일 주 2회 연습을 중심으로, 동아리 전체의 테니스 실력 향상을 목표로 하고 있습니다.F.S.S.는 초보자를 대환영하는 동아리입니다! 대학에서 테니스를 시작한 사람이 많이 재적하고 있으며, 경험자의 지도 아래 실전에서 싸울 수 있을 정도로 성장할 수 있습니다. 교내 리그에는 소속되어 있지 않기 때문에, 힘든 훈련은 전혀 없고 즐겁고 여유롭게 테니스를 즐길 수 있는 것이 매력입니다. 매일의 연습 성과는 최대 연 5회 열리는 합숙 토너먼트전을 통해 발휘할 수 있습니다.또한, F.S.S.는 동아리원 간의 유대감을 다질 수 있는 이벤트도 풍부합니다! 월 1회 빈도로 열리는 불꽃놀이 대회나 할로윈 파티, 크리스마스 파티 등 사계절의 다양한 이벤트를 통해 대학 생활을 만끽할 수 있습니다! 무엇보다 동아리원들 간의 사이가 좋고, 가족 같은 분위기가 특징인 테니스 동아리입니다! 테니스 초보자분들도, 물론 경험자분들도 꼭 한 번 F.S.S.에 놀러 오세요!",매주 화요일·목요일/17시/일본여자대 테니스 코트·우키마후나토 도영 코트,없음,machine_translated,not_reviewed,
C0042,3790,a3b696089da61a22,와세다 대학 크레스트 테니스 클럽,스포츠(구기),테니스,"1975년에 설립된 유서 깊은 와세다 공인 테니스 동아리입니다! 남녀 비율은 1:1이며, 경험자와 초보자의 비율도 반반이라 누구나 테니스를 즐길 수 있는 동아리입니다! 동아리 전체 인원은 40명으로 소규모라 모두 금방 친해질 수 있는 친근한 동아리입니다! 또한, '12대'라는 유서 깊은 조직에도 소속되어 있어 안심하고 최고의 동아리 생활을 보낼 수 있습니다!
평소 연습은 주 2회, 도쿄 도내 테니스 코트에서 진행합니다! 요일이 정해져 있지 않아 자신이 가고 싶은 요일에 연습에 참여할 수 있습니다! 연습에는 초보자용 코트도 마련되어 있어 대학에서 테니스를 시작하는 사람도 금방 실력이 늘 수 있습니다! 물론 경험자들도 서로 실력을 겨루며 제대로 연습할 수 있습니다!
그 외에도 월 1회 열리는 이벤트와 연 4회 열리는 합숙을 통해 테니스 이외의 활동도 즐길 수 있습니다! 소규모 동아리만의 아늑한 분위기와 알찬 이벤트로 남녀, 선배 후배 관계없이 친해질 수 있습니다! 크레스트에서 최고의 대학 생활을 보내세요!!","요일 불규칙/17시부터 19시/우키마 공원, 키바 공원, 사루에 온시 공원 등 도쿄 도내 테니스 코트",없음,machine_translated,not_reviewed,
C0043,3381,4b27ba2ff362ce5d,와세다 포티러브,스포츠(구기),테니스,"올해로 45주년을 맞이하는 대학 공인 테니스 동아리입니다! 남녀 비율이 1:1, 학년당 25명 정도로 전체 100명 규모의 동아리입니다! 동기들과의 사이가 좋은 것은 물론, 선배·후배 간의 관계도 좋아 세대를 아우르는 유대감이 강한 아늑한 분위기가 Forty-Love의 가장 큰 특징입니다(^^)
/
/
/
/남자 멤버는 전원 와세다 대학, 여자는 와세다·일본여자·도쿄여자 대학 출신이라 같은 대학은 물론, 다른 대학 사람들과도 인연을 맺을 수 있는 점도 장점! 연습은 월·목 주 2회, 오전과 오후에 진행되므로 수업 빈 시간을 이용해 테니스를 칠 수 있습니다! 야간 연습이나 초보자 연습도 진행하고 있어서, 연습일이 수업으로 꽉 차 있어도 연습할 수 있어요!또한, 시간이 맞는 요일이 같은 사람들끼리 자주 테니스를 치기 때문에 테니스를 칠 기회가 적다는 일은 절대 없습니다! 경험자와 초보자의 비율이 1:1이라서, 대학에서 테니스를 시작하는 사람도 안심! 테니스 코치 경험자도 있어서, 테니스 경험자라도 서로 경쟁하며 실력을 갈고닦을 수 있어요! 초보자도 점점 실력이 늘 수 있어요(^-^)
/
/
/
/사루에·조호쿠·아카츠카·시노자키·토네·후추·키바·오미야 등 다양한 코트를 이용하고 있어서 참여하기 쉬워요! 역사가 길고 조직도 탄탄한 '12대'라는 연맹에 소속되어 있어서 안심하고 동아리 생활을 할 수 있어요(^O^)
/
/
/
/작년에는 와세다 컵 5위!!",매주 월요일·목요일/9시~17시(자유 참가)/사루에·조호쿠·아카츠카·시노자키·토네·후추·키바·오미야 등/와세다대학 15호관 라운지,웹사이트(동아리) 접속 제한,machine_translated,not_reviewed,
C0044,3388,1a4a258869dfac1f,갤럭시 테니스 클럽,스포츠(구기),테니스,"갤럭시 테니스 클럽은 1학년당 25명 정도이며, 남녀 비율 1:1인 중규모 테니스 동아리입니다. 멤버는 모두 와세다대 학생으로, 다양한 학과의 친구들을 많이 사귈 수 있습니다. 절반 이상이 테니스 초보자이지만, 선배들이 친절하게 가르쳐 주기 때문에 초보자도 안심! 물론 경험자도 대환영입니다.함께 즐기면서 실력을 키워 나갑시다! 선배와 후배 사이도 좋아서, 다 같이 놀러 가기도 하고, 점심시간이나 수업이 없는 시간에는 라운지에 모여 시간을 보내고 있습니다. 갤럭시에서는 스포츠 행사나 불꽃놀이, 와세다 축제 등 매달 다양한 이벤트를 진행하고 있으니, 모두와 함께할 추억을 많이 만들 수 있어요! 우리에게 갤럭시란, 편안한 공간이자 대학 생활에 없어서는 안 될 존재입니다. 여러분도 갤럭시에서 최고의 동료들과 함께 최고의 대학 생활을 보내보지 않으시겠어요??",매주 월요일·수요일·금요일 / 13~17시 / 키바 공원 코트,없음,machine_translated,not_reviewed,
C0045,3390,00231a15c6a130f7,와세다 대학 홈 테니스 클럽,스포츠(구기),테니스,"대학에 입학해서 뭔가 새로운 것을 시작하고 싶은 분, 테니스를 하고 싶은 분, 함께 즐거운 일을 하고 싶은 분, 최고의 동료를 만나고 싶은 분, 홈 테니스 클럽에서 그런 꿈을 이루어 보지 않으시겠습니까? 우리 홈 테니스 클럽은 수많은 테니스 동아리 중에서도 드문 와세다 대학 전용 소수 정예 동아리입니다! 그렇기에 가능한 장점이 있습니다. 인원이 적기 때문에 테니스를 할 때도 코트에 오래 머물 수 있고, 공을 많이 칠 수 있습니다.그리고 신와세다 대학 테니스 동호회 연맹 3부에 소속된 홈은, 타 동아리와의 교류전이나 단체전에도 참가할 수 있어 선수들의 동기 부여가 되고 있습니다. 테니스를 새로 시작하는 분들도 처음부터 배울 수 있고, 레벨별로 코트가 배정되니 안심하세요! 테니스를 중시하는 동아리이지만, 이벤트도 풍성합니다! 도쿄의 명소를 거닐며 주제를 해결해 나가는 워크 랠리, 큰 공원으로 나가 축구나 '다루마상이 넘어졌다'를 하거나, 와세다-게이오전을 관전하는 등 1년 내내 다양한 이벤트를 즐길 수 있습니다! 그리고 테니스 동아리에서 가장 궁금해하는 술자리에 대해 말씀드리자면, 홈은 느긋하게 즐기는 것을 모토로 하고 있습니다. 원샷 강요 등은 물론 없으며, 다 함께 담소를 나누며 차분한 분위기의 술자리를 갖습니다! 마지막으로, 1학년에 15명 정도라는 소규모 운영 덕분에 동기뿐만 아니라 선배, 후배와의 유대감도 깊어집니다. 홈에서 평생의 친구와 함께 최고의 4년을 보내보지 않으시겠습니까!",매주 월·화·수·목요일 중 2일/17~19시/철학당 공원,없음,machine_translated,not_reviewed,
C0046,3567,099d7fbd77be825e,t:M(팀),스포츠(구기),테니스,"저희 t;M은 도코로자와 캠퍼스에서 활동하는 테니스 동아리입니다. 도코로자와 캠퍼스의 테니스 코트를 이용해 주 3회 느긋하고 여유롭게 테니스를 즐기고 있습니다. 가입비가 1,000엔으로 다른 테니스 동아리에서는 상상도 할 수 없을 만큼 저렴합니다! 또한, 초보자 환영 동아리로 매년 많은 초보자들이 가입해 줍니다. 테니스는 선배들이 친절하게 가르쳐 주기 때문에 금방 실력이 늘어요. 그리고 이벤트도 많아서, 연 3회의 합숙, 크리스마스 파티 등 즐거운 행사가 가득합니다. 꼭 t;M에 가입해서 최고의 대학 생활을 보내요!",매주 월요일·목요일·금요일 / 13:00~19:30 / 도코로자와 캠퍼스 테니스 코트,없음,machine_translated,not_reviewed,
C0047,3378,ac068037dc9c86c2,Truth 테니스 클럽,스포츠(구기),테니스,"안녕하세요! 저희 Truth 테니스 클럽은 와세다 대학 공인·올 와세다의 아늑한 테니스 동아리입니다! 각 학년 약 20명, 남녀 비율은 1:1인 중규모 동아리입니다! 테니스를 하고 싶지만, 와세다의 테니스 동아리는 좀 무섭다…라고 생각하는 분들에게 딱 맞는 동아리입니다!테니스 초보자도 경험자도 대환영! 연습은 주 3회, 대학에서 15분 정도 거리에 있는 테니스 코트에서 하고 있습니다! 초보자라도 선배들이 친절하게 가르쳐 주니 안심하세요! 3개월에 한 번 정도 큰 테니스 코트를 빌려 동아리 내 대회를 열기도 합니다! Truth에서는 테니스 외에도 일 년 내내 연 3회의 합숙, 와세다-게이오전 관전, 와세다 축제, 크리스마스 파티 등 즐거운 이벤트가 가득합니다!그리고 무엇보다도 Truth의 가장 큰 장점은 최고의 동료들을 만날 수 있다는 점입니다! Truth의 동료들은 평생의 친구가 될 것이 틀림없습니다! 그런 최고의 동료들과 함께 최고의 대학 생활을 보내 봅시다!",매주 월·목·금요일 / 16시~18시 / 이케부쿠로·아카바네,없음,machine_translated,not_reviewed,
C0048,3632,d4db1b16d37dace0,Laissez-Faire T．C．,스포츠(구기 종목),테니스,"이공계 학생 한정! 테니스도 학업도 열심히 할 수 있는 신하야연 소속 테니스 동아리입니다! 「No Drink, Money is important, We Love Tennis」를 모토로 성실하고 즐겁게 활동하고 있습니다! 연습은 주 2~3회, 수업과 겹치지 않는 야간 시간에 진행합니다. 또한 시험 전에는 준비 기간을 마련하고 있어, 테니스 동아리이면서도 공부에도 힘을 쏟을 수 있습니다!물론, 도주중이나 크리스마스 파티 등의 이벤트, 정기적으로 열리는 교류전, 열기가 뜨거운 여름 합숙 등 즐길 거리가 가득합니다! 남녀 비율은 약 1:1이며, 초보자부터 경험자까지 폭넓게 소속되어 있습니다. 대학에서 테니스를 하고 싶지만 동아리에 잘 적응할 수 있을지 걱정되는 당신! 꼭 한번 레세페르에 방문해 주세요!! 최고의 대학 생활을 우리와 함께 보내요! 동아리원 일동이 기다리고 있습니다!","주 2~3회(금요일 고정), 주 2~3회·성북공원 등",없음,machine_translated,not_reviewed,
C0049,3389,022e62a6ec7c0a15,와세다 대학 판타스틱 테니스 클럽,스포츠(구기),테니스,"처음 뵙겠습니다! 저희는 와세다 대학 공인 동아리인 판타스틱 테니스 클럽입니다. 연습은 월~금요일 오전, 오후로 주 10회 진행되며, 학업이나 아르바이트 등 자신의 일정에 맞춰 테니스를 즐길 수 있습니다!! 또한 경험자와 초보자가 1:1로 함께하며, 누구나 환영하는 아늑한 분위기가 특징입니다!/
///
//테니스는 레벨별로 연습을 진행하고 있어 초보자부터 경험자까지 각자에게 맞는 연습을 할 수 있습니다!! 경험자뿐만 아니라 초보자 지도에도 힘을 쏟고 있어, 비기너스 컵 우승 경험도 있습니다!/
///
//또한 테니스뿐만 아니라 여름 합숙, 스키 투어, 크리스마스 파티 등 일 년 내내 이벤트를 진행하고 있어 즐거움은 보장됩니다!! 테니스에 관심이 없는 분도, 테니스를 진지하게 하고 싶은 분도 판타에서 최고의 동료들과 함께 최고의 대학 생활을 보내보지 않으시겠습니까?","매주 월요일~금요일/8시~10시, 13시~17시/와세다 인근 테니스 코트",없음,machine_translated,not_reviewed,
C0050,3522,0656ecb2384684b0,와세다 대학 이공학부 배구부,스포츠(구기),배구,"이공 배구부는 '리코바레'라는 애칭으로 오랫동안 사랑받고 있습니다. 이공학술원 공인 동아리로 주로 이공학부 학생들로 구성되어 있어, 수업과 최대한 겹치지 않도록 평일 저녁과 토요일 낮에 연습을 합니다. 멤버는 선수(남자만)와 매니저(여자만)로 구성됩니다. 이공계 위주이지만 문과생도 재적하고 있어 화기애애한 분위기입니다.연 2회 열리는 동호회 리그(5월, 11월)와 이공학 리그(6월, 12월)를 중심으로 많은 대회에 참가하며, 합숙은 3회(8월, 11월, 3월) 있습니다.배구를 제대로 하고 싶지만 학업에 지장을 주고 싶지 않고, 합숙이나 회식, 이벤트도 즐기고 싶은 분들에게는 안성맞춤인 동아리라고 생각합니다(＾◇＾) 어느 동아리에 들어갈지 고민 중인 분, 새로 배구를 시작하고 싶은 분, 공부가 바쁘지만 배구도 하고 싶은 분은 꼭 한번 구경하러 오세요!! 신규 부원 모집은 원칙적으로 신입생 환영 기간(4월, 5월)에만 진행됩니다!","매주 월요일·목요일(오쿠보 초등학교: 18시~21시), 토요일(오쿠보 초등학교: 9시~12시)",없음,machine_translated,not_reviewed,
C0051,3166,c09e9583adb9e1db,배구 동호회,스포츠(구기),배구,"배구 동호회는 와세다 대학 공인 배구 동아리입니다. 매주 화요일과 격주로 목요일, 토요일 주 2회, 세타가야구, 이타바시구, 기요세시 등 도쿄 도내 체육관을 중심으로 연습하고 있습니다.활동은 3학년들이 간부로서 운영하고 있으며, 목소리가 크고 명랑한 간사장, 무슨 말을 하는지 잘 알 수 없는 부간사장, 즉석 개그를 잘하는 회계, 툭툭 대는 매니저 등 다양한 개성을 가진 3학년들이 매일 활기찬 연습 분위기를 만들어가고 있습니다. 연 2회 열리는 동호회 리그를 목표로, 초보자도 경험자도 즐겁고 진지하게 배구에 임하고 있습니다.남녀 간, 선배와 후배 간의 관계가 매우 좋아서 주말에는 자주 드라이브나 놀이공원, 비치발리볼 등 다양한 곳으로 놀러 갑니다. 매일의 연습 외에도 합숙이나 스노보드 여행, 와세다-게이오전, 와세다-칸세이전 등 행사가 풍성합니다.합숙이나 스노보드 여행은 숙박 행사이기 때문에 동아리 회원 모두가 매우 친해질 수 있습니다! ""대학에서 배구를 시작하고 싶다!"", ""대학에서도 배구를 계속하고 싶다!"", 또 ""대학에서 최고의 친구를 만들고 싶다!""는 신입생 여러분은 꼭 연습이나 신입생 환영 합숙에 참여해 주세요!",매주 화요일/18시 30분~21시/세타가야구립 코마자와 중학교/격주 목요일·토요일/18시~21시 30분/키요세 시민 체육관·우에무라 카가 기념 스포츠 센터·와코시 종합 체육관 등,없음,machine_translated,not_reviewed,
C0052,3418,2ecc39dd2991d607,앵커 배구 클럽,스포츠(구기),배구,"저희 앵커 배구 클럽은 ‘배구도 놀이도 전력으로!’를 모토로 활동하고 있으며, 배구 면에서는 니시오기쿠보에서 화·목, 주 2회 연습을 중심으로 세타가야에서 열리는 대회 등 다양한 대회에 적극적으로 참가하고 있습니다. 초보자부터 현 선발팀 출신 경험자까지 폭넓게 소속되어 있으며, 남녀 별도의 코트에서 경기를 하고 있습니다.놀이 활동으로는 바비큐, 비치발리볼, 크리스마스 파티, 디즈니랜드 방문 등 다양한 이벤트를 기획하고 있습니다. 연 5회 열리는 합숙에서는 대회를 위한 배구 강화 훈련 외에도, 여름에는 해수욕, 겨울에는 스키·스노보드 등 계절에 맞춘 활동을 하며, 밤에는 동아리원 간의 친목을 다지기 위해 레크리에이션도 진행합니다. 대학 생활을 즐기고 싶다면 꼭 앵커로 오세요!",매주 화요일·목요일 / 18시 30분~21시 / 오기쿠보 중학교,없음,machine_translated,not_reviewed,
C0053,3583,a747e4d2f6e50791,와세다 M+,스포츠(구기 종목),배구,"여러분 안녕하세요, 배구 동아리 와세다 M+입니다. 저희는 도코로자와 캠퍼스를 중심으로 매주 화·목요일에 배구 연습을 하고 있습니다. 학년 구분 없이 전원이 즐겁게 동아리에 참여할 수 있다는 점이 매력이라, 경험자뿐만 아니라 초보자 중에서도 최근 배구에 관심이 생긴 분들은 부담 없이 동아리에 들러 보세요. 배구를 하는 한편 벚꽃놀이, 바비큐, 겨울 스포츠 등 사계절 내내 다양한 이벤트를 많이 개최하고 있습니다.또한 저희 동아리는 외국인 유학생을 적극적으로 받아들이고 있으므로, 외국 언어나 문화를 접해보고 싶은 분들도 몸을 움직이면서 동시에 그런 경험을 할 수 있을 것입니다. 대학 생활의 시작, 무언가 새로운 것을 시작해 보고 싶어도 좀처럼 실행에 옮기지 못하는 경우가 많을 것입니다. 그런 분들은 꼭 저희 동아리에 들어와 다양한 취미를 가진 선배들과 어울려 보세요. 분명 지금까지 경험하지 못한 생활이 여러분을 기다리고 있을 것입니다. 회원 일동은 신입생들의 가입을 기다리고 있습니다!",매주 화요일/16시 30분~20시/토코로자와 캠퍼스 스포츠 홀·매주 목요일/17시 30분~19시 30분/토코로자와 시내 체육관,없음,machine_translated,not_reviewed,
C0054,3402,0ad16fdbe0211b39,패디 골프 클럽,스포츠(구기),골프,"니시오기쿠보역 연습장에서 매주 월요일과 목요일에 활동하고 있습니다! 시간은 17:00~19:00와 19:00~21:00의 2부제로, 원하는 시간에 올 수 있습니다! 참가도 자유입니다.
/
/
/
/또한 한 달에 한 번, 월례 모임을 열어 골프장에 가서 골프를 치고 있습니다. 결과에 따라 호화로운 경품도 받을 수 있습니다!
/
/
/
/연수회는 연 3회 개최합니다. 여름방학과 겨울방학에 한 번씩 진행하며, 2월에는 스키·스노보드를 타러 숙박을 겸해 다녀옵니다!!
/
/
/
/또한, 본 동아리는 동일본 학생 골프 동호회 연맹(HGA)에 소속되어 있어, 타 대학의 골프 동아리와 교류할 수도 있습니다. HGA에서는 봄과 가을에 리그전이 개최되는데, 패디는 작년에 우승했습니다!!
/
/
/
/그 밖에도 HGA를 통해 프로 대회 보조 아르바이트(숙박을 동반한 단기 아르바이트)에 참여할 수 있습니다.
/
/
/
/가까이서 프로들의 박력 넘치는 플레이를 볼 수 있어, 매우 귀중한 경험을 할 수 있습니다. 패디에 들어오시면 꼭 참여해 주세요!!
/
/
/
/골프 외에도 나료선(여름 유람선)이나 크리스마스 파티, 송년회, 신년회 등의 이벤트를 진행하고 있습니다.
/
/
/
/초보자도 경험자도 대환영입니다! 절반 이상이 초보자이니, 부담 없이 연습하러 오세요!
/
/
/
/패디에 가입해서 인생 최고의 추억을 만들어 봅시다!!","매주 월요일·목요일/17:00~19:00, 19:00~21:00/니시오기 골프 센터",동아리 사이트 폐쇄,machine_translated,not_reviewed,
C0055,3403,70962f4aee80bcd1,보기 골프 클럽,스포츠(구기),골프,"본 동아리는 대부분 대학에서 골프를 시작한 사람들로 구성되어 있습니다! 평소에는 수요일 16시부터 신주쿠 이세탄 남성관에서, 금요일은 17시부터 메트로 그린 도요초에서 활동하고 있습니다!
/
/
/
/보기의 장점은 비교적 소규모인 덕분에 학년을 초월하여 동아리원 전원과 친해질 수 있다는 점입니다! 주 2회 연습과 월 1회 라운드에 더해 다양한 이벤트도 마련되어 있습니다!합숙은 신입생 환영 기간인 5월과 8월, 9월, 연 3회 개최합니다! 모든 활동은 자유 참가이므로 부담 없이 계속할 수 있습니다! 또한, 동아리원끼리 개인적으로 라운딩을 가기도 하여 알찬 대학 생활을 보낼 수 있습니다!
/
/
/
/입회도 학년에 관계없이 수시로 가능합니다!
/
/
/
/꼭 한번 방문해 보시고, 입회를 고려해 보세요!",매주 수요일 16시 신주쿠 이세탄 남성관 / 매주 금요일 17시 메트로 그린 도요초,없음,machine_translated,not_reviewed,
C0056,3167,1af12321f7e08d6f,볼링 클럽,스포츠(구기),기타 구기 종목,"와세다 볼링 클럽(WBC)은 60년 이상의 역사를 자랑하는 대학 공인 볼링 동아리입니다.
/
/전국 대학 대항전에도 참가하며, 타 대학 학생들과도 활발히 교류하고 있습니다!
/
/우리는 학생 스스로가 운영하는 관동 학생 볼링 연맹에 와세다 대학으로 가입해 있으며,
/
/동아리원들은 팀전이나 개인전 등 다양한 대회에 참가하고 있습니다.
/
/2016년도, 우리는 제6기 황금기를 맞이하여, 여름 간토 학생 볼링 선수권 5인 팀전에서 우승, 가을 정규 리그 5인 팀전에서 우승, 전일본 대학 5인 팀전에서 준우승이라는 빛나는 성적을 거둘 수 있었습니다.
/
/그렇다고는 해도, 동아리 가입에 필요한 자격이나 경험은 특별히 없습니다!
/
/대학에서 볼링을 시작하는 초보자가 대부분이므로, 경험이 없어도 전혀 문제없으며, 오히려 대환영입니다!!
/
/주 2회 정도 연습을 하는 것 외에도, 게이오·도쿄대·코마자와·센슈·도쿄독쿄대학 등의 학생들과 합동으로 연습을 하거나,
/
/함께 팀을 이루어 대회에 출전하는 등 타 대학과도 적극적으로 교류하고 있습니다.
/
/처음에는 아무리 서툴러도, 운동 신경이 없어도 실력이 늘 수 있는 것이 바로 볼링입니다.
/
/볼링 용품이나 개인 볼 등, 모르는 점은 선배들이 도와드립니다!
/
/볼을 휘어 200점 이상의 점수를 내보지 않으시겠습니까?
/
/저희 와세다 볼링 클럽은 신입생 환영 기간뿐만 아니라, 연중 언제든지 여러분의 연락을 기다리고 있습니다!","기본적으로 매주 월요일·목요일 19:00~21:00　　장소: (~2023년 3월) 나카노 선플라자 볼, (2023년 4월~) 다카다노바바 그랜드 볼",없음,machine_translated,not_reviewed,
C0057,3168,4970d680e3439198,폴라 베어스 아이스하키 클럽,스포츠 (구기 종목),기타 구기 종목,"와세다 폴라 베어스는 봄·가을 연 2회 리그전과 결승 토너먼트 우승을 목표로 매일 연습하고 있습니다.
/
/
/
/경험자는 물론, 초보자도 대환영입니다! (처음에는 경험자 선수가 일대일로 지도해 드립니다!) 주 2회 연습은 진지하게 임하고 있지만, 연습이 끝나면 가족 같은 분위기가 됩니다. 선수는 물론, 매니저도 모집하고 있습니다. 인스타그램이나 트위터 등의 SNS도 경기 결과 보고뿐만 아니라 일상적인 게시물도 수시로 업데이트하고 있으니 꼭 방문해 주세요!
/
/
/
/저희와 함께 대학 생활 최고의 추억을 만들어 봅시다!",매주 목요일/21:00-23:30/미쓰이 부동산 아이스파크 후나바시,없음,machine_translated,not_reviewed,
C0058,3164,177ac34ee0e54c67,탁구 동호회(WTTS),스포츠(구기),기타 구기 종목,"WTTS는 창립 58년 차로 와세다 대학 유일의 공인 탁구 동아리입니다! 탁구 초보자부터 전국 고교 선수권 대회 경험자까지 다양한 수준의 회원들이 있으니 누구나 대환영입니다! 주 2~3회 정도 연습이 있으며, 색다른 기획을 통해 즐겁게 연습하거나, 느긋하게, 때로는 진지하게 탁구에 매진하고 있습니다!또한, 초보자분들을 위한 전담 담당자가 있으니 안심하세요! 또한 각 지역에서 열리는 오픈전 참가나 수도권 대학 동아리들이 모여 경기를 하는 ‘수도대전’, 동아리 내 최강자를 가리는 ‘동아리 내 대회’ 등 경기를 할 기회도 많이 있습니다! 그리고 WTTS는 일본여자대학과도 공인 제휴를 맺고 있어, 여성분이나 타 대학 학생들도 안심하고 가입할 수 있으며, 대환영입니다! 또한, 와세다 학생들도 타 대학 학생들과 친구가 될 수 있는 기회입니다!다양한 분들을 만날 수 있습니다! 또한 이벤트에도 진지하게 임하고 있어, 4월 신입생 모집 기간에는 벚꽃 구경이나 바비큐, 미나토미라이를 둘러보는 요코하마 투어 등 즐거운 이벤트가 있는 것은 물론, 스키 여행이나 봄·여름에 열리는 일주일 정도의 합숙 등 탁구 이외에도 즐거운 추억을 많이 만들 수 있을 것입니다! WTTS에 오시면 대학 생활이 알차게 채워질 것입니다! 입회는 언제든지 받고 있습니다. 부담 없이 방문해 주세요!","매주 목, 화 또는 금요일 / 15시 또는 18시경부터 / 학생회관 E408호 / 신주쿠 코스믹 스포츠 센터 등",동아리 사이트 폐쇄,machine_translated,not_reviewed,
C0059,3422,15a682006fffcdf9,스포츠 러버스,스포츠(구기 종목),기타 구기 종목,"스포츠 러버즈는 1972년에 창설되어, 현재 간사 대수로 42대를数える 전통 있는 동아리입니다.
/
/매주 화요일·금요일에 와세다 대학 근처에 있는 체육관에서 농구와 배구를 하고 있습니다.
/
/시간은 변동될 수도 있지만, 대략 17시부터 19시까지 2시간 동안, 농구 1시간·배구 1시간의 형태로 활동하고 있습니다.
/
/물론 경험자도 있지만, 미경험자도 많기 때문에 ‘즐기는 것이 최우선’이라는 스포라바 규칙 아래 고등학교 체육 수업처럼 부담 없이 즐기며 활동하고 있습니다. 활동 중에는 웃음이 끊이지 않을 정도로 모두 함께 즐기고 있어요!
/
/남녀 비율은 대략 반반이며, 대학 간 교류 동아리이므로 당연히 타대생도 대환영입니다.
/
/스포츠 러버즈에서 함께 농구·배구 해보지 않으시겠어요? 기다리고 있겠습니다!",매주 화요일·금요일/17시/토야마 선라이즈,없음,machine_translated,needs_review,Japanese kana remains (2 chars)
C0060,3419,92a81deacb8a4235,뮌헨 핸드볼 동호회,스포츠(구기),기타 구기 종목,"뮌헨은 핸드볼을 좋아하는 사람들이 모이는 즐거운 동아리입니다! 남녀, 선배·후배 구분 없이! 타 대학, 전문학교 출신의 참가도 받고 있으며, 누구나 즐길 수 있는 아늑한 분위기가 자랑입니다. 봄과 가을 리그전에서는 타 대학과의 시합을 뚫고 매번 좋은 성적을 거두고 있습니다. 레귤러 제도를 두지 않고 전원이 출전하며, 전원이 핸드볼로 승리를 거두고 있는 것이 뮌헨의 자랑입니다!초보자도, 한동안 안 하셨던 분도 대환영! 대학 방학 기간에는 여름 합숙, 2·3학년이 주도하는 여름 여행, 스노보드 합숙, 봄 합숙 등 이벤트도 진심으로 즐기고 있습니다! 연습은 주 1회로 적당하며, 그 외 날에도 자진해서 밥을 먹으러 가거나 놀러 가는 등 사이가 매우 좋습니다! 신입생 환영 기간뿐만 아니라 1년 내내 언제든지 신규 부원을 모집하고 있습니다. 핸드볼을 해보고 싶다면 히가시후시미로 와보세요!",매주 월요일/18시~21시/히가시후시미 스포츠 홀,없음,machine_translated,not_reviewed,
C0061,3423,6ffab430d5c48755,구애회,스포츠(구기),기타 구기 종목,"야구, 농구, 축구, 테니스, 배구의 5개 종목을 각 경기당 월 1회씩 진행합니다. 와세다 대학 내 최대 규모의 다종목 동아리입니다. 분위기는 아늑하고 화기애애한 분위기에서 활동하고 있습니다. 또한, 연 7회의 합숙이 있는 등 이벤트도 풍성합니다. 대규모 동아리답게 성대하게 치러지는 합숙은 매우 활기차게 진행됩니다.또한, 야구에서는 와세다 리그나 통합전에도 매년 출전하고, 배구와 농구에서는 매년 다른 2개 동아리와 합동으로 '와세다 구기 대회'를 열어 일상 활동의 성과를 발휘하고 있습니다. 활동 자체는 화기애애하므로 가볍게 운동하고 싶은 분이나 운동을 잘하지 못하는 분도 즐길 수 있습니다. 게다가 37대째 이어져 온 장수 동아리이기도 하여, 매년 동문회도 열리며 사회인 선배들에게 취업 상담도 할 수 있습니다.",불규칙,없음,machine_translated,not_reviewed,
C0062,3421,cc16b44a6dddac33,스쿼시 클럽,스포츠(구기),기타 구기 종목,"와세다 대학 스쿼시 클럽, 통칭 '와스카'는 와세다 대학 유일의 스쿼시 동아리입니다. 스쿼시라는 스포츠는 대학에서 시작하는 사람이 대부분이라 초보자가 대다수입니다. 그리고 동아리 회원은 모두 와세다 대학생이며, 물론 다른 동아리와 병행하는 것도 가능합니다! 연습도 자신의 페이스에 맞춰 오고 싶을 때 참여하는 방식이니, 부담 없이 꼭 와주세요!또한 와세다 스카는 평소 연습뿐만 아니라 바비큐나 크리스마스 파티 등 다양한 이벤트도 진행합니다. 무엇보다도 하이라이트는 9월에 열리는 여름 합숙입니다. 숙소 바로 앞이 바다라서, 스쿼시 연습도 하면서 다 함께 여름을 만끽합니다! 게다가 와세다 스카에는 전국 대회 출전자도 다수 있으며, 실적이 있습니다. 스쿼시에 진심으로 몰두해도 좋고, 다 함께 이벤트를 즐겨도 좋습니다! 그것이 바로 와세다 대학 스쿼시 클럽입니다!",매주 월·수·목·금요일 / 15시~18시 / 아카바네·시로카네다이·아사가야,없음,machine_translated,not_reviewed,
C0063,3169,31fead7830fd38a7,와이번스 크리켓 클럽,스포츠(구기),기타 구기 종목,"Wyverns Cricket Club(와이번스 크리켓 클럽)은 와세다 대학 유일의 크리켓 동아리입니다! 남녀 모두 전일본 학생 선수권 대회에서 우승한 경험이 있으며, 경기에 진지하게 임하면서도 '매일을 즐기자'를 모토로 활동하고 있습니다. 현재 71명이 소속되어 있으며, 경험자는 물론 대학에서 새로운 스포츠를 시작하고 싶은 초보자도 대환영입니다.
연습은 주 3회(수·금·일) 진행되지만, 강제 참여는 아닙니다. 자신의 페이스에 맞춰 참여할 수 있어 학업이나 아르바이트와 병행하기도 쉽습니다. 저희의 자랑은 학년이나 성별을 가리지 않는 ‘화기애애한 분위기’입니다. 연습이 없는 날에도 함께 점심을 먹거나, 합숙, 디즈니, 다트 여행 등 크리켓 이외의 이벤트도 풍성합니다.
또한, 유학생도 소속되어 있어 자연스럽게 국제 교류를 할 수 있는 것도 크리켓만의 매력입니다. 타 대학이나 사회인 팀과의 교류 기회도 풍부합니다. 관심 있는 분들은 꼭 한 번 연습이나 행사에 놀러 오세요! SNS(인스타그램 등)를 통해 최신 정보를 공유하고 있습니다. 선수 및 매니저 일동, 새로운 동료를 기다리고 있습니다!",수요일/13시 30분/다카다노바바 금요일/수시/와세다 일요일/13시/키타센주,없음,machine_translated,not_reviewed,
C0064,3165,443e94ef46073a83,배드민턴 동호회,스포츠(구기 종목 제외),배드민턴,"대학 공인 동아리! 와세다 대학 전체에서 초보자부터 경험자까지 즐겁게 연습하고 있습니다.봄에는 신입생 환영회, 여름에는 바비큐 등 배드민턴 이외의 행사도 알차게 진행됩니다! 연 2회 합숙도 있습니다! 매년 합숙에는 100명이 넘는 인원이 참가하여 알찬 1주일을 보냅니다. 놀랍게도! 학생회관에는 전용 부실도 있습니다! 주요 활동 장소는 고토구 스포츠 회관, 아카바네 체육관, 도다시 스포츠 센터, 와코시 종합 체육관입니다. 주요 연간 행사는 4월: 신입생 환영회 후 파티, 5월:신입회원 환영 레크리에이션, 와세다-게이오전 야구 관전, 6월: 싱글스 대회, 8월: 믹스 대회, 여름 합숙, 9월: 단체전, 10월: 간사 대행 최종 회식, 11월: 더블스 대회, 12월: 믹스 대회, 2월: 봄 합숙, 졸업생 송별 경기, 3월: 최종 담당 등(1월, 7월은 시험 기간이라 활동 없음).여기에 다 적지 못한 일들이 산더미처럼 많습니다! 물론 다른 동아리와의 대외 경기도 있습니다! 대규모 동아리이기에 많은 만남이 있습니다. 꼭 한 번 연습에 오세요!","주 1~2회 / 고토구 스포츠 회관, 아카바네 체육관, 도다시 스포츠 센터, 와코시 종합 체육관 등",동아리 사이트 폐쇄,machine_translated,not_reviewed,
C0065,3551,2122e49afb2516a1,배드민턴 동호회 J-Birds,스포츠(구기 종목 제외),배드민턴,"배드민턴 동호회 J-Birds는 와세다 대학 도코로자와 캠퍼스에 있는 유일한 배드민턴 동아리입니다! 초보자부터 숙련자까지 다양한 수준의 사람들이 소속되어 있지만, 수준에 관계없이 연습을 진행하고 있습니다! 1년에 2회 개최되는 와세다 대학 내 대회, 통칭 '다컵'이나, 관동 배드민턴 동아리 연맹(UBF) 주최 대회, 그 외 지역 대회를 위해 매일 연습을 거듭하고 있습니다.또한 연습뿐만 아니라, J-Birds 내 교류전 ‘J-Cup’이나 연 3회 열리는 합숙, 그 외 회원들이 직접 기획하는 이벤트 등 다양한 행사도 개최하고 있습니다. 진지한 분위기도, 편안한 분위기도 공존하는 자유롭고 가족 같은 동아리이므로 누구나 즐길 수 있을 것입니다!",매주 화·목·토요일 / 16시~ / 도코로자와 캠퍼스 스포츠 홀,없음,machine_translated,not_reviewed,
C0066,3171,a200bddca3f1691c,초코 Let's,스포츠(구기 종목 제외),배드민턴,"초코 Let's는 술자리 없이, 남녀 비율, 초보자·경험자 비율 모두 1:1인 와세다 대학 전체의 배드민턴 동아리입니다. 초보자가 많고, 경험자분들도 친절하게 가르쳐 주시기 때문에, 해본 적은 없더라도 조금이라도 배드민턴에 관심이 있는 분은 꼭 신입생 환영 연습에 참가해 보세요! 평소 연습은 복식 경기를 하고 있으며, 동아리처럼 달리기를 하거나 연습 참여를 강요하는 일은 일절 없습니다!오고 싶을 때 와서 배드민턴을 치는 방식이라, 학업이나 다른 동아리 활동 등으로 바쁜 분들도 병행할 수 있습니다! 또한 평소 연습도 대학 근처(주로 이공학 캠퍼스 근처)에서 진행되므로, 연습 장소까지 가는 데 교통비나 시간이 많이 드는 일은 없습니다! 배드민턴 외에도 크리스마스 파티나 운동회 같은 이벤트도 개최하고 있으니, 관심 있는 분들은 꼭 한번 홈페이지를 방문해 보세요!!","화, 수, 금, 일 중 주 2일 정도 / 저녁부터 밤 사이 / 다카다노바바 인근 체육관",없음,machine_translated,not_reviewed,
C0067,3420,51797a23f2999b20,영 배드민턴 동호회,스포츠(구기 종목 제외),배드민턴,"주 1~2회 정도 연습을 하고 있습니다. 계절에 맞는 이벤트도 풍성하며, 멤버들은 모두 사이가 좋습니다!!",정보 없음,없음,machine_translated,not_reviewed,
C0068,3196,5f562a686f4efb15,경기댄스부(WBDC),스포츠(구기 종목 제외),댄스,"사교댄스 + 스포츠 = 경기댄스????
/
/
/
/남녀가 커플을 이루어 춤추는 모습은 마치 영화의 한 장면 같죠? 한 번 보면 매료될 게 틀림없습니다!
/
/‘경기’인 만큼 대회도 많이 열리고 있으며, 와세다대학 경기댄스부는 관동 대회, 전국 대회에서도 우수한 성적을 거두고 있습니다.
/
/전국 대회가 되면 일본 전역의 대학이 모여 열띤 경쟁을 펼칩니다!!
/
/졸업하신 선배님들에 따르면, 취업 활동에 도움이 된다거나 뭐라거나...
/
/
/
/타 대학에도 댄스 친구가 많이 생깁니다!
/
/댄스 경험이 없어도 괜찮습니다! 부원의 99%는 대학에서 경쟁 댄스를 시작했습니다
/
/경험이 없어도 우승을 진심으로 노릴 수 있는 곳이 바로 경쟁 댄스부입니다!
/
/
/
/대회에서 입는 아름다운 드레스와 턱시도도 경기댄스부의 매력 중 하나입니다!
/
/평소 생활에서는 입을 수 없는 드레스나 턱시도를 입을 수 있습니다.
/
/부원들이 DSLR 카메라를 들고 대회에 와 주기 때문에, 멋진 사진도 많이 찍을 수 있어요??
/
/
/
/우아하고 마치 무도회처럼 춤추는 스탠다드 댄스. 격렬한 사랑과 열정을 표현하는 라틴 댄스.
/
/경기댄스부에 들어오면 자세가 아름다워지고, 남성은 당당하게, 여성은 탄탄하고 아름다운 몸매를 가질 수 있습니다!
/
/
/
/와세다대학 경기댄스부는 80년 역사를 자랑하는 유서 깊은 동아리입니다! 와세다대학에서의 학생 생활을 경기댄스부 동료들과 함께 열정적으로 춤추며 보내보지 않으시겠습니까?
/
/꼭 한번 부담 없이 견학하러 오세요!","연습회 : 매주 화요일 @교리츠 여자대학
/
/
/
/
/
/
/
/자율 연습 :
/
/
/
/목, 토요일 @교리츠 여자대학
/
/
/
/언제든지 @학생회관",없음,machine_translated,not_reviewed,
C0069,3755,20c9afdb03cc95a5,와세다대학 아와오도리 동아리 와세다렌 [Team A.W.A],스포츠(구기 종목 제외),댄스,"저희 와세다렌은 간토 학생 합동 연의 일원으로서 게이오대학, 소피아대학, 주오대학, 도쿄이과대학, 메이지대학, 도요대학, 요코하마국립대학과 함께 도쿠시마나 코엔지 등에서 개최되는 아와오도리에 참가하고 있습니다.도쿠시마 출신 학생뿐만 아니라 다양한 지역 출신의 학생들이 소속되어 있으며, 경험자는 물론 지금까지 아와오도리를 몰랐던 분, 타 대학이나 고향 친구를 사귀고 싶은 분, 누구든지 대환영입니다! 부디 본오도리의 대표격인 아와오도리에 함께 참여해 보시지 않겠습니까?",불규칙적/학생회관,없음,machine_translated,not_reviewed,
C0070,3450,adbcaea20f5561c0,Waseda University Breakerz (W.U.B),스포츠(구기 종목 제외),댄스,"W.U.B.는 올해로 창립 41주년을 맞이하는 와세다에서 가장 역사가 깊은 스트리트 댄스 동아리입니다. 평소에는 장르별로 스튜디오나 학생회관에서 연습을 하고 있습니다. 다른 동아리와 달리 여러 장르를 병행하지 않기 때문에, 자신이 좋아하는 장르를 깊이 있게 익힐 수 있습니다. 또한, 프로 댄서의 레슨을 받을 수도 있어 초보자도 경험자도 실력을 향상시킬 수 있습니다.W.U.B.에서는 이벤트 전뿐만 아니라 정기적으로 연습일을 정해, 기초 연습 등 평소의 연습도 동료들과 함께 할 수 있습니다. 배틀과 쇼케이스 양쪽 모두에 힘을 쏟고 있어 폭넓게 활약할 수 있는 것도 강점입니다.
와세다 축제에 더해 단독 공연이나 클럽에서의 쇼케이스 이벤트를 개최하고, 외부 행사에도 참가하고 있어 마음껏 춤을 출 수 있습니다. 또한, 6개 대학 스트리트 댄스 연맹에 소속되어 있어 와세다-게이오전이나 올 재팬 등의 대회에도 출전합니다.
이 동아리에서는 자신이 좋아하는 춤을 자유롭게 깊이 파고들 수 있습니다. 느긋함 속에 금욕적인 면모가 공존하는 W.U.B.만의 독특한 분위기를 꼭 직접 느껴보러 오세요!
4월 ︎︎신입생 환영 RIDE
5월　신입생 환영 합숙
6월　와세다-게이오전
7월　신입생 발표회
8월　여름 나이트
9월　여름 합숙, 6개 대학 리그
11월 와세다 축제
12월 은퇴 공연
2월　겨울 나이트
3월　올 재팬
비정기: 동아리 내 배틀 이벤트 (3~4개월에 한 번)","매주 월요일·수요일·금요일/19:00~21:00/학생회관, 스튜디오",없음,machine_translated,not_reviewed,
C0071,3449,74eb5b5fa35dc01c,플라멩코 그룹 iVAMOS!,스포츠(구기 종목 제외),댄스,"매주 화요일 5~7교시에 학생회관에서, 프로 플라멩코 댄서이기도 한 안무가에게 안무를 배우며 본격적으로 플라멩코를 추고 있습니다. 레슨에서는 기초부터 배우고 안무도 배울 수 있어 초보자든 경험자든 즐겁게 활동할 수 있습니다.와세다 축제, 겨울 라이브 등 다양한 이벤트에서 즐겁게 춤을 추고 있습니다! 공연 때 입는 의상은 화려하고 선명하며 귀여워서, 한 번 보면 입고 싶어질 게 틀림없습니다!! 또한, 플라멩코 학생 연맹을 통해 타 대학과 교류하기 때문에 다양한 대학의 친구들을 사귈 수 있습니다! 무용수뿐만 아니라, 백업 가수나 기타 연주자도 모집 중입니다!
/
/
/
/관심 있으신 분은 부담 없이 레슨 체험이나 견학을 오세요! 각 SNS DM으로 신청받고 있습니다. 꼭 저희와 함께 플라멩코를 추어 보세요♪",매주 화요일/5~7교시/학생회관,없음,machine_translated,not_reviewed,
C0072,3452,bb5ed1e5c9e767c7,Dance Team Brilliant Pinks,스포츠(구기 종목 제외),댄스,"Brilliant Pinks, 통칭 브리핀은 와세다 대학에서 유일하게 여학생만으로 구성된 댄스 동아리입니다!
/
/
/
/6월, 12월의 단독 공연이나 와세다 축제를 위해 매일 활동하고 있습니다. 주로 girls, hip, lock, punking의 4가지 중에서 무대마다 장르를 선택할 수 있습니다. 의욕이 넘치고 댄스에 푹 빠질 수 있는 신입생을 기다리고 있습니다! 초보자도 대환영입니다! 우리와 함께 대학 생활을 알차게 보내요!","매주 월·수·금, 5·6·7교시, 학생회관 및 도쿄 시내 스튜디오",없음,machine_translated,not_reviewed,
C0073,3451,51c0e636749c0834,와세다 대학 재즈 댄스 동아리 Oasis,스포츠(구기 종목 제외),댄스,"Oasis는 와세다 대학 공인 재즈 댄스 동아리로, 타 대학 학생도 참여할 수 있는 인카레 동아리입니다. 재즈 댄스란 현대에 들어 다양한 춤과 음악이 어우러져 자유로운 감성으로 추는 춤으로 정의됩니다. 따라서 Oasis에서는 장르에 구애받지 않고 다양한 춤을 접할 수 있습니다.코치의 지도 아래 기초 연습 방법부터 꼼꼼하게 배울 수 있으므로, 초보자는 물론 댄스 경험자도 실력을 향상시킬 수 있습니다! 또한 인원이 많지만 남녀·학년을 불문하고 사이가 좋으며, 따뜻하고 가족 같은 분위기도 자랑거리입니다! 주요 활동으로는 신입생 환영 라이브 개최(4월), 문화·예술제 출연(6월), 자체 공연 개최(8월), 와세다 축제 출연, 자매 동아리 대항 콘테스트 참가(11월)가 있습니다.여름 정기 공연에는 매년 1,200명 이상의 관객이 찾아주십니다. 무대 위에서 바라보는 풍경과 공연이 끝난 후 느끼는 성취감은 그 무엇과도 바꿀 수 없는, 멤버들의 소중한 보물입니다.또한 도쿄 내 9개 대학 10개 동아리가 모여 댄스 프로젝트 ‘α’를 구성하여 합동 공연이나 콘테스트를 진행하고 있습니다. Oasis에서는 많은 선배 및 동문, 타 동아리 친구들과 인연을 맺을 수 있어 알찬 대학 생활을 보낼 수 있습니다! 더 자세한 정보와 댄스 영상은 Oasis의 공식 SNS 계정(트위터, 인스타그램, 유튜브)에서 공개하고 있으니 꼭 확인해 주세요!
/
/
/",매주 화요일·금요일 / 18:00-21:00 또는 19:00-21:45 / 와세다·타카다노바바 주변 시설,없음,machine_translated,not_reviewed,
C0074,3360,d850c38df4a128e4,춤추는 사무라이,스포츠(구기 종목 제외),댄스,"와세다! 와세다! 행복해!! 시계를 2002년으로 돌려보자. 요사코이가 학생들 사이에서 아직 보급되지 않았던 시절, 한 남자가 일어섰다. 바로 창립자 요시다 씨다. 그는 요사코이를 처음 봤을 때 큰 충격을 받았다. 그 마음에서 자신의 팀을 창설하게 되었다. 그것이 바로 오도리 사무라이다. 올해로 15대째. 전통은 계속 이어지고 있다.우리는 북쪽은 홋카이도에서 남쪽은 고치까지 전국 각지를 누비며, 미친 듯이 춤추는 학생 요사코이 팀이다. 지켜봐 주시는 관객 여러분께 활력, 감동, 그리고 충격을 주는 것을 목표로 매일 활동하고 있다.또한, 올해의 공연 주제는 'ROCK YOU'다. 오도리 사무라이가 만들어내는 공간에 관객을 끌어들이고, 관객의 마음과 세상을 뒤흔들기 위해, 자신만의 빛을 찾아가는 모습을 안무와 음악, 의상은 물론, 무용수들의 목소리와 열기 등 가진 모든 것을 쏟아부어 표현한다.",매주 수요일·토요일/18시~20시/주로 세타가야구의 체육관,없음,machine_translated,not_reviewed,
C0075,3454,1af4035121869c18,와세다 대학 하와이 민속 무용 연구회,스포츠(구기 종목 제외),댄스,"Aloha~!
/
/
/
/와세다 대학 유일의 공인 훌라 댄스 동아리, 와세다 대학 하와이 민속 무용 연구회, 통칭 와세훌라(Wasehula)입니다!
/
/
/
/올해로 창립 20주년을 맞이하여, 와세다대 여학생 약 80명이 화요일과 금요일 4, 5교시에 학생회관에서 연습하고 있습니다.
/
/
/
/와세후라는 여름 공연, 와세다 축제, 단독 공연 외에도 대학 주최 행사나 스파 리조트 하와이안즈, 하와이에서의 무대에도 참가하고 있습니다!
/
/
/
/훌라 댄스를 해보고 싶은 분은 물론, 하와이를 좋아하거나, 춤을 좋아하거나, 몸을 움직이는 것을 좋아하거나, 뭔가 새로운 것을 해보고 싶은 분이라면 누구든지 대환영입니다!
/
/
/
/멤버 대부분이 초보자라서, 모두가 같은 출발선에서 시작할 수 있는 것도 와세후라만의 특징입니다!
/
/
/
/신입생 여러분! 우리와 함께 와세다에 하와이의 바람을 불어넣어 봅시다~!!","매주 화요일·금요일/4, 5교시/학생회관",없음,machine_translated,not_reviewed,
C0076,3363,371c788707475886,와세다 대학 요사코이 팀 도쿄 불꽃,스포츠(구기 종목 제외),댄스,"저희는 학생 팀으로는 드문, 고치 계열의 요사코이 팀입니다!
/
/
/
/고치 계열 요사코이는 나루코를 들고 퍼레이드 형식으로 춤추는 것이 특징입니다. 힘찬 남성 춤과 부채를 활용한 우아한 여성 춤, 그리고 마키가 어우러진 우아한 연무가 자랑입니다.
/
/
/
/1년에 한 번, 의상·곡·안무·MC까지 모두 직접 기획한 연무를 제작하여, 고치 요사코이를 비롯한 전국 각지의 요사코이 축제에 참가해 선보이고 있습니다.
/
/
/
/학년 불문하고 사이가 매우 좋아, 화기애애하고 따뜻한 분위기 속에서 춤에 진지하게 임하며 매일 연습에 매진하고 있습니다!
/
/
/
/새로운 것에 도전하고 싶은 분, 무언가에 진지하게 임해보고 싶은 분, 멋진 동료들을 만나고 싶은 분, 춤추는 것을 좋아하는 분… 물론, 댄스 경험이 없어도 괜찮습니다! 동아리원 대부분이 무경험자로 시작했습니다!
/
/
/
/전국 각지의 무대에서 ‘하노비코’로서 관객 여러분께 미소를 전해보지 않으시겠습니까!! 학생 생활의 마지막 청춘을 우리와 함께 즐겨봅시다!!","매주 화·토요일/19시~/학생회관, 대학 주변 시설",없음,machine_translated,not_reviewed,
C0077,3456,a91028b9ca8a83c5,ＳｅｓＳｉｏｎ,스포츠(구기 종목 제외),댄스,"신입생 환영 공연, 와세다 축제, 와세다-게이오 대항전, JDC(Japan Dancer’s Championship) 등 연중 다양한 행사에 출연하고 있으며, 매년 9월에는 대규모 단독 공연도 개최하고 있습니다.
/
/
/
/SesSion의 큰 매력 중 하나는 완성도 높은 쇼케이스입니다. 행사마다 안무, 구성, 의상, 음악을 처음부터 구상하며, 매일 서로를 격려하고 발전시키며 연습하고 있습니다.
/
/
/
/올해 JDC에서는 관동 예선을 1위로 통과했고, ALL JAPAN(전일본 스트리트 댄스 선수권)에서는 대학 대항 쇼케이스 콘테스트에서 전국 3위를 차지했습니다.
/
/
/
/최근에는 댄스 배틀에 도전하는 동아리원들도 늘고 있습니다. 쇼케이스에서 모두와 함께 즐겁게 춤추고 싶다! 나 자신과 마주하며 실력을 키우고 싶다! 등, 각자의 방식으로 춤과 어울릴 수 있는 것이 SesSion의 장점입니다.
/
/
/
/또한, 춤에 대한 진지한 자세를 유지하면서도 주변 동료들과의 유대를 소중히 여기는 아늑한 환경이 있는 점도 매력 중 하나입니다! 전국 대학 동아리이므로 와세다대 학생은 물론 타대생까지 개성 넘치는 멤버들이 모여 즐겁게 활동하고 있습니다!
/
/
/
/진심으로 춤을 추고 싶다면 SesSion!
/
/진심으로 대학 생활을 즐기고 싶다면 SesSion!
/
/다 함께 춤추자!!!","요일 불규칙, 주 2~3회 / 19시~22시 등, 심야 연습도 있음 / 도쿄 시내 스튜디오",YouTube 링크 끊김,machine_translated,not_reviewed,
C0078,3458,d4cb308993fd8bf2,TAP-LOVERS (탭 러버스),스포츠 (구기 종목 제외),댄스,"TAP-LOVERS는 와세다 대학 공인 탭댄스 동아리입니다. 정기 공연이나 와세다 축제 무대를 중심으로 활동하고 있습니다. TAP-LOVERS에 관한 정보는 X, Instagram을 확인해 주세요. 탭댄스에 조금이라도 관심이 있는 분은 꼭 놀러 오세요!! 체험하러 오시는 분께는 신발을 대여해 드립니다. 움직이기 편한 복장만 준비하시고 오세요! 연습하러 오실 때는 이메일 등으로 연락해 주시기 바랍니다.연습 예정일은 스케줄을 확인해 주세요! TAP-LOVERS에서는 2, 3학년의 참여도 환영합니다. 실제로 2, 3학년부터 시작하는 분들도 적지 않습니다. 지금부터라도 새로운 특기를 익히고 싶은 분, 대학 생활을 알차게 보내고 싶은 분, 언제든지 방문해 주세요!",매주 화요일·금요일 17:00~20:35 / 매주 일요일 13:10~16:45 / 학생회관,없음,machine_translated,not_reviewed,
C0079,3460,3f742b7c07a3c22c,와세다 대학 발레 동아리 Ciel,스포츠(구기 종목 제외),댄스,"와세다 대학 유일의 발레 동아리 Ciel은 초보자부터 공백기가 있는 분, 상급자까지 다양한 멤버로 구성되어 있습니다. 연 1회 본 공연, 신입생 환영 공연, 와세다 축제 및 기타 이벤트를 위해 주로 월·수·금 주 3회, 도쿄 도내의 스튜디오나 문화 센터에서 연습하고 있습니다. 남성 및 타 대학 학생도 모집 중!“어릴 때부터 배워보고 싶었다”, “수험 때문에 그만두었다”, “같은 학년 멤버들과 춤추고 싶다”, “새로운 것에 도전하고 싶다”는 분들, 바로 지금이 발레를 시작할 기회입니다! 발레를 정말 좋아하는 분, 그저 춤추고 싶은 분도 꼭 함께 춤추러 오세요! 학생들만의 힘으로 만들어가는 무대는 잊지 못할 추억이 될 것입니다! 여러분도 모두가 함께 만드는 무대의 감동을 느껴보지 않으시겠습니까?",월·수·금요일(공연 연습 기간에는 토·일요일에도 연습을 진행할 수 있습니다.)/17시 30분/도쿄 내 문화센터,없음,machine_translated,not_reviewed,
C0080,3459,8b62e3244891b6b2,와세다 대학 게타파즈,스포츠(구기 종목 제외),댄스,"안녕하세요! 저희는 와세다의 춤추는 게타 집단 ‘게타파즈’입니다!
/
/
/
/세계에서도 유일무이한 ‘게타를 신은 댄스 팀’으로서, 대학 내 행사는 물론 니가타나 교토 등 전국 각지의 큰 축제에도 다수 출연하고 있습니다. 또한 매년 오쿠마 강당에서 세계관이 넘치는 단독 공연을 주최하며, 매일 많은 분들께 미소를 전하고 있습니다!
/
/
/
/화려한 일본풍 의상을 입고 있어 ‘요사코이’라는 장르로 보일 수도 있는 ‘게타파즈’지만, 나루코 대신 ‘게타’를 신고, 구호를 외치지 않는다는 점에서 차별화됩니다.
/
/
/
/또한, 멤버 대부분이 초보자일 뿐만 아니라 전문적으로 하는 댄스 장르도 따로 없기 때문에, 일반적인 ‘댄스 동아리’와는 큰 차이가 있을지도 모릅니다.
/
/
/
/하지만, 바로 그 점이 ‘게타파즈’의 매력입니다!
/
/
/
/게타 퍼포먼스는 ‘경험’이나 ‘장르’에 얽매이는 것이 아니라, 우리 자신이 즐기는 모습으로 관객들에게 즐거움을 주는 것을 중요하게 생각합니다. ‘게타파즈’는 와세다의 ‘퍼포서’다운 매력을 유감없이 발휘합니다.
/
/
/
/게타를 신고 춤춰 본 적이 있는 분 계신가요? 맞습니다, 말 그대로 전원이 초보자에서 시작합니다. 이곳에서는 ‘무대에 서고 싶은 당신’에게 반드시 기회가 있습니다.
/
/
/
/게타 덕분에 만난 동료, 게타 덕분에 볼 수 있었던 풍경, 게타 덕분에 얻은 청춘이 이곳에는 가득합니다. 단 한 번뿐인 대학 생활. 함께 게타를 신어 보지 않으시겠습니까?",매주 월·수·금요일 / 19시 / 학생회관·도내 시설,없음,machine_translated,not_reviewed,
C0081,3588,28db2d59e4c8eb0c,aka Wa.Se.Da.,스포츠(구기 종목 제외),댄스,"〇활동 내용
/
/스트리트 댄스 동아리 aka Wa.Se.Da.입니다!
/
/new school hiphop, middle school hiphop, lock, waack, girls, pop, break, jazz, style, house 등 10가지 장르 중에서 춤추고 싶은 것을 자유롭게 선택할 수 있으며, 여러 가지를 병행(겸장)하는 것도 가능합니다!
/
/
/
/〇추천 포인트
/
/아늑하고 편안한 분위기!!
/
/누구나 환영받는, 그런 안심감과 따뜻함이 있습니다. 다들 aka를 정말 좋아해요.
/
/
/
/〇이벤트 (일부 발췌)
/
/연 2회의 자체 공연 외에도, 토코마츠리나 와세다마츠리 등 와세다의 행사나 외부 댄스 이벤트에도 여러 번 출연하고 있습니다! 매년 2회의 합숙이나 바비큐 등 즐거운 이벤트도 가득합니다. 모든 이벤트는 참가가 자유로우니 자신의 일정에 맞춰 활동할 수 있습니다!
/
/신입생은 물론, 2학년 신입 회원 가입도 가능합니다! (2학년 분들도 같은 학년 그룹에 들어갈 수 있습니다!) 여러분과 함께 춤출 수 있기를 기대하며 기다리고 있겠습니다!","장르마다 요일이나 시간, 장소가 다릅니다. 공연 연습은 각 장르별로 주 1~2회 정도입니다!",없음,machine_translated,not_reviewed,
C0082,3463,5e01e7a49418f958,WASEDA BALLERS,스포츠(구기 종목 제외),댄스,"와세다 대학의 프리스타일 농구 동아리, WASEDA BALLERS입니다! 학원제나 지역 행사 출연, 대회 참가 등 와세다 대학 내외에서 활발히 활동하고 있습니다. 능숙한 핸들링 기술을 익히면 인기인이 될 수 있는 건 틀림없습니다! 손가락 위에서 공을 돌리는 것도 가능할지 몰라요!? 농구 경험이 없어도 대환영입니다! 선배들이 처음부터 친절하게 가르쳐 드립니다. 꼭 한번 연습하러 놀러 오세요.",매주 화·금요일 / 6~7교시 / 학생회관,없음,machine_translated,not_reviewed,
C0083,3462,3a7e44e504e473ae,와세다 대학 벨리댄스 동아리 SARAH belly,스포츠(구기 종목 제외),댄스,"와세다 대학 최초이자 유일한 벨리댄스 동아리 SARAH belly입니다. ‘청순하고, 올바르고, 아름답고, 관능적으로’를 모토로, 여자들끼리 사이좋게 즐겁게 활동하고 있습니다!
/
/
/
/수요일 전체 연습 외에도, 토요일에는 전문 벨리댄스 강사님께 레슨을 받고 있습니다. 와세다 축제 등 교내 행사와 디너 쇼 등 교외에서 의뢰받은 행사에서 화려한 의상을 입고 춤을 선보이며, 교내외를 활기차게 만들고 있습니다. 멤버 대부분이 벨리댄스 초보자이므로, 춤 경험이 없는 분도 대환영입니다!
/
/
/
/있는 그대로의 자신을 사랑하고 싶은 분, 새로운 것에 도전하고 싶은 분, 푹 빠질 수 있는 것을 찾고 싶은 분, 자신을 갈고닦고 싶은 분, 함께 무대 위에서 빛날 수 있기를 기대하고 있습니다!",매주 수요일 6교시·토요일 10:40~15:00 중 1시간 / 학생회관,없음,machine_translated,not_reviewed,
C0084,3464,6445a418afe80e7b,와세다 대학 치어댄스 팀 MYNX,스포츠(구기 종목 제외),댄스,"안녕하세요.
/
/
/
/저희는 올해로 창단 12주년을 맞이하는 와세다 대학 유일의 치어댄스 동아리 MYNX입니다! 멤버는 모두 와세다 대학 학생(올 와세조)으로 구성되어 있습니다.
/
/
/
/「치어댄스계의 정상에 오르는 것」
/
/「사랑하는 와세다에서 서로를 아끼는 치어댄스를 하는 것」
/
/을 두 가지 주요 목표로 삼아 매일 활동하고 있습니다.
/
/
/
/JCDA 대회, USA 대회 등의 대회에 연 2~3회 정도 출전하여 진심으로 전국 제패를 노리는 한편, 단독 공연 및 와세다 내외의 이벤트에도 출연합니다!
/
/
/
/반짝이는 치어걸, 땀과 눈물의 치어걸. 두 가지 모두 될 수 있는 곳이 바로 MYNX입니다!
/
/경험 없는 분 대대대환영!
/
/
/
/치어댄스를 통해 함께 알찬 대학 생활을 보내요!
/
/
/
/조금이라도 관심이 생기신 분은 이 페이지에 게재된 공식 SNS를 확인해 보세요.",주 5일 (월·화·수·금·토) / 18:00~21:00 / 대학 인근 체육 시설,없음,machine_translated,not_reviewed,
C0085,3466,220e1e0ae5fc95e6,와세다 대학 플래시모부,스포츠(구기 종목 제외),댄스,"와세다 대학 유일의 플래시몹 동아리입니다. 플래시몹이란 일반인으로 위장한 출연자가 갑자기 거리에서 춤을 추기 시작해, 주변에 있던 사람들에게 '놀라움'과 '감동'을 주는 퍼포먼스로, 프로포즈나 생일, 결혼식을 축하할 때 깜짝 이벤트로 많이 활용됩니다! 댄스 경험 유무는 상관없습니다! 댄스 외에도 악기나 노래, 그 밖의 무엇이든 각자의 '개성'을 살릴 수 있습니다!누군가의 미소를 위해 열심히 노력할 수 있는 열정적인 분, 대학에서 새로운 것을 시작하고 싶은 분, 처음부터 작품을 만들어가는 데 흥미가 있는 창작 의욕이 넘치는 분을 환영합니다! 꼭 YouTube에서 ‘와세다대학 플래시몹부’를 검색해 보세요. 한 번 보면 여러분도 플래시몹의 매력에 푹 빠지게 될 거예요! 여러분도 누군가를 놀라움과 감동의 소용돌이로 끌어들이지 않으시겠어요?",기획이 있을 때는 월·수·금요일 중 주 2일 / 5교시 후 / 와세다 주변 시설 (기획에 따라 수시로 변경될 수 있음),YouTube 링크 끊김,machine_translated,not_reviewed,
C0086,3793,a467f8b728d54bdd,와세다 마이클 잭슨 연구회,스포츠(구기 종목 제외),댄스,"와세다 마이클 잭슨 연구회는 와세다 대학 공인 마이클 잭슨 커버 댄스 동아리입니다. 평소에는 와세다 축제나 단독 공연 등의 무대를 위한 연습이나, 마이클 잭슨과 관련된 이벤트를 진행하고 있습니다. 댄스 초보자도 경험자도, 마이클 잭슨 팬도 서양 음악 팬도 그렇지 않은 분도 대환영! 멤버 대부분이 대학에서 댄스를 시작했습니다.또한, M연구회는 학년에 관계없이 연중 신입 회원을 모집하고 있습니다. M연구회에 들어오면 모두의 주목을 받는 특기를 익힐 수 있을 것입니다! 그 유명한 문워크도 할 수 있게 됩니다. 조금이라도 관심이 있으신 분은 M연구회 공식 SNS(YouTube, Instagram, X 등)를 확인해 보세요. 저희의 퍼포먼스를 보실 수 있습니다. 대학 생활을 알차게 보내고 싶은 분, 지금부터 특기를 익히고 싶은 분, 누구든지 놀러 오세요! DM으로 메시지를 기다리고 있습니다.","주 2회 이상(평일 1회, 주말 1회)/17:00~18:40/학생회관",없음,machine_translated,not_reviewed,
C0087,3723,b84af5c354ac02da,모모큐☆,스포츠(구기 종목 제외),댄스,"UNIDOL이라는 아이돌 커버 댄스 대회에서 우승을 목표로 매일 매진하고 있습니다.
/
/
/
/헬로! 프로젝트를 중심으로, Cheeky Parade나 스타더스트, 48그룹, 히로인즈 등 폭넓은 아이돌의 커버 댄스를 하고 있습니다.
/
/
/
/또한, 대회 외에도 와세다 축제나 단독 공연, 이벤트에 출연하고 있습니다.
/
/
/
/활동일은 기본적으로 주 3회(평일 2일, 휴일 1일)입니다.
/
/
/
/선배, 후배 관계없이 모두 가족 같은 분위기입니다.
/
/
/
/춤추고 싶다는 마음이 있는 분이라면 누구나 대환영입니다. 하나의 목표에 집중할 수 있고, 함께 진지하게 임할 수 있는 분께 추천합니다.
/
/
/
/공인 동아리이므로 학생회관에서 연습할 수 있어 스튜디오 등 비용을 절약할 수 있습니다.
/
/
/
/또한, 대학 간 교류 동아리이므로 다양한 대학에서 사람들이 모여 교우 관계도 넓어집니다.
/
/
/
/의상·배경 영상 등 창의적인 활동도 가능합니다.
/
/
/
/멤버뿐만 아니라 스태프도 모집하고 있습니다.",원칙적으로 매주 화요일·금요일·토요일/19시/학생회관,없음,machine_translated,not_reviewed,
C0088,3741,5d8b6469712c83bf,Twinkle,스포츠(구기 종목 제외),댄스,"Twinkle은 ‘완벽한 커버’에 집중하는 K-POP 커버 댄스 동아리입니다. K-POP 아이돌의 안무를 커버하는 것뿐만 아니라, 의상이나 표정, 춤추는 방식까지 본인을 의식하며 활동하고 있습니다! 4월 신입생 환영 공연, 5월 동아리 내 발표회, 8월 단독 공연, 11월 와세다 축제·졸업 공연, 2월 단독 공연이 주요 발표의 장이며, TikTok이나 YouTube에서도 영상을 공개하고 있습니다! 관객이 있는 공연 공지나 출연 정보는 Twitter나 Instagram을 통해 알리고 있으니, 꼭 팔로우해 주세요 :) 자체 공연 외에도 외부 주최 이벤트나 대회에도 참가하고 있으며, 2022년 8월 K-POP 커버 댄스 유닛 일본 제1위 결정전에서는 걸즈 팀과 보이즈 팀 모두 1위를 차지했습니다. K-POP 오타쿠는 물론, 아이돌은 잘 모르지만 노래는 좋아한다거나, 대학에서 춤을 시작하고 싶은 분들까지, ‘K-POP을 추고 싶다’는 공통점을 가진 다양한 사람들이 모이는 동아리입니다. ‘완벽한 커버’를 하고 싶은 분들은 신입생 환영 기간에, ‘완벽한 커버’를 보고 즐기고 싶은 분들은 지금 바로! 유튜브나 트위터, 인스타그램 등 각종 SNS를 통해 만나요!!
/
/
/
/“Perfectly” copied K-POP 커버 댄스 동아리
/
/
/",매주 수요일·토요일 / 19시부터 22시 / 학생회관·도내 스튜디오,없음,machine_translated,not_reviewed,
C0089,3593,1c26103f1b8defec,와세다 대학 치어댄스 팀 MYNX 도코로자와 지부,스포츠(구기 종목 제외),댄스,"안녕하세요! 와세다 대학 치어댄스 팀 MYNX입니다! 저희는 와세다 여대생들의 아이돌이 되는 것, 치어댄스계의 정상에 오르는 것, 이 두 가지를 중심으로 활동하는 전원이 와세다 여대생으로 구성된 치어댄스 팀입니다! 치어댄스란, 퐁퐁을 사용해 추는 퐁댄스, 힙합, 재즈댄스, 라인댄스, 이 네 가지 춤을 조합한 경기입니다! 연습은 주 4회, 다카다노바바 주변에서 진행하고 있습니다. 교내 행사 참가 외에도 오쿠마 기념 강당에서의 단독 무대나 와세다 축제 출연도 하고 있습니다. 연 2회 열리는 대회에는 전국 우승을 목표로 출전하고 있습니다. 팀에는 초보자, 경험자 불문하고 20명의 와세다 여대생이 소속되어 있습니다. 지금, 와세다에서 뜨거워지고 싶다면 바로 여기! 여러분도 사랑하는 와세다에서 서로 마음이 통하는 치어댄스를 시작해 보지 않으시겠어요?",주 4회/18시~/다카다노바바 주변,없음,machine_translated,not_reviewed,
C0090,3722,c9c8889a0507c2a5,반카라이즘-만색주의-,스포츠(구기 종목 제외),댄스,"반카라이즘-만색주의-는 ‘모든 사람의 야망에 불을 지핀다’를 이념으로 활동하는 와세다의 교복 곡예단입니다. 자신의 현 상황에 만족하지 못하는 사람이나 마음속에 답답함을 안고 있는 사람, 무언가 위화감을 느끼며 생활하는 사람.그런 답답해하는 사람들에게 등을 밀어주어 새로운 한 걸음을 내딛게 하는 ‘계기’를 줄 수 있는 존재가 되고 싶습니다. 그런 마음과 함께, 곡예와 춤을 어우러진 틀에 얽매이지 않는 퍼포먼스를 펼치고 있습니다. 곡예란, 한 사람 한 사람이 가진 개성과 색깔로 이루어진 퍼포먼스를 말합니다. 예를 들어, 반카라이즘에서는 쌍절곤이나 배턴, 아크로바틱 같은 것뿐만 아니라 영상 편집, 서예 등도 곡예로 총칭하고 있습니다.저희는 그런 한 사람 한 사람의 전문 분야와 개성을 존중하며, 누구나 빛날 수 있음을 증명하기 위해 와세다 대학 내외를 가리지 않고 다양한 무대에 출연하고 있습니다. 신입생 환영 행사는 와세다 축제 이후인 가을에만 진행하고 있습니다. 공식 인스타그램을 통해 수시로 소식을 전하고 있으니 확인해 주시기 바랍니다. 꼭 한 번 저희 무대에 발걸음 해 주세요!",매주 월·목 19:00-21:30 / 토 10:40-13:30,없음,machine_translated,not_reviewed,
C0091,3805,e013b2676c016918,와세다 대학 춤 따라해 보기 동아리,스포츠(구기 종목 제외),댄스,"'와세오도'라고 불리는 와세다 대학 춤추기 동아리는, 작년에 공인되어 올해로 12년째를 맞이하는 대학 간 댄스 동아리입니다!
활동은 주 2회이며, 와세다 축제에서의 무대 발표와 연 2회의 동아리 내 라이브가 주요 행사입니다.
평소에는 서로 춤 기술을 가르쳐 주며 화기애애하게 연습하고 있습니다!
와세오도의 매력은 J-POP, K-POP, 보카로, 애니송 등 장르나 곡을 자유롭게 선택해 춤출 수 있다는 점입니다!
기존 안무를 춰보고 싶은 분도, 직접 안무를 만들어 보고 싶은 분도, 무엇을 출지는 여러분에게 달려 있습니다.
또한, 본 동아리는 댄스 초보자나 타 대학 학생, 2학년 이상부터 가입하는 멤버도 많아 누구든지 대환영입니다!
대학에서 댄스를 시작해 보고 싶은 분, ‘춤춰보기’를 좋아하는 분, 취향이 맞는 친구를 찾고 싶은 분 등등, 여러분도 와세오도에서 함께 최고의 무대를 만들어 보지 않으시겠습니까?",매주 목요일·토요일/18시/도쿄 내 댄스 스튜디오,없음,machine_translated,not_reviewed,
C0092,3187,a6e32887b17e1102,합기도회,스포츠(구기 종목 제외),무술,"안녕하세요, 합기도회입니다! 본회는 와세다 대학 유일의 합기도회 소속 단체(합기도 창시자 우에시바 모리헤이 선생의 직계 단체)이며, 와세다 대학에서 가장 오래되고 최대 규모의 합기도 동아리입니다. 무도라고 하면 격렬한 시합을 상상하시는 분들도 많겠지만, 합기도는 시합으로 우열을 가리지 않습니다! 서로의 숙련도에 맞춰 기술을 반복해서 연습하기 때문에, 힘에 자신이 없는 여성분들도 부담 없이 시작할 수 있습니다. (참고로 본회의 남녀 비율은 6:4입니다.) 본회 회원의 90%는 대학에서 합기도를 시작했습니다. 고단위 사범의 지도 아래, 기본 낙법부터 탄탄하게 연습하기 때문에 초보자도 안심하고 안전하게 활동할 수 있습니다. 주 6일 연습 중 주 1일부터 참여 가능하며, 활동 장소는 모두 대학에서 도보로 이동 가능한 거리입니다.수업이나 공부, 아르바이트와 병행하기 쉽고 일정 조율도 용이하여, 문과·이과를 불문하고 다양한 학부의 학생들이 소속되어 있습니다. 여러분도 합기도회에서 저희와 함께 수련해 보시지 않겠습니까? 입회는 언제든지 가능하니, 부담 없이 문의해 주세요!","월·수·목요일/16:45-18:15/합기도 본부 도장, 화요일/18:30-21:30/에도가와바시 체육관, 금요일/15:20-16:50/합기도 본부 도장, 토요일/12:20-15:20/신주쿠 코즈믹 센터",없음,machine_translated,not_reviewed,
C0093,3439,f733d33cb809b206,와세다 대학 궁도 동호회,스포츠(구기 종목 제외),무도,"저희 궁도 동호회는 주 1회, 고단위 선생님들의 지도를 받으며 연습하고 있습니다. 와세다 대학에는 궁도 동아리가 두 곳 있지만, 사이가 나쁘다는 일은 없으며 교류도 있습니다. 매일의 연습에서 동호회원들은 모두 열정적으로 임하고 있으며, 단급 심사와 타 대학 궁도 동아리와의 사회에서도 좋은 결과를 내고 있습니다.휴일에는 놀러 가거나 술을 마시러 가고, 대학 수업이 없는 시간에는 모임 장소에서 빈둥거리다가, 그 후 함께 와세메시를 먹기도 하며, 연습 외에도 자주 만납니다. 여러분도 꼭 함께 대학 생활을 보내지 않으시겠습니까?",매주 일요일/하마다야마 궁도장,없음,machine_translated,not_reviewed,
C0094,3189,7dd18e7d8dcea308,검도 동호회,스포츠(구기 종목 제외),무도,"보통 신주쿠 검도 연맹의 선생님들과 함께 수련하고 있습니다. 초보자부터 경험자까지 다양한 수준의 회원이 소속되어 있으며, 수련은 자유 참가이므로 각자의 실력과 사정에 맞는 수련을 할 수 있습니다. 초보자에 대해서는 간부 회원이 친절하게 지도하므로, 대학에서 검도를 시작하는 분들도 안심하셔도 됩니다.대회에는 교류 시합을 포함해 연 10회 정도 참가하고 있으며, 매년 입상 등의 성적을 거두고 있습니다. 본 동아리에 가입함과 동시에 신주쿠구 검도 연맹에도 가입하게 되므로, 본 동아리를 통해 단위를 취득하거나 신주쿠구 대회에 출전할 수도 있습니다. 시합이 없는 봄, 여름 방학 기간에는 검도 합숙을 진행하여, 수련에만 집중하는 알찬 휴식 기간을 보내고 있습니다.검도 외에도 스키 합숙이나 친목회 등 다양한 즐거운 행사를 자주 개최하여 회원 간의 유대감을 높이고 있습니다. 한편 시험 기간 중에는 연습을 하지 않아 학업이나 아르바이트, 다른 동아리 활동과도 병행이 가능합니다. 검도 동호회에서 알찬 학생 생활을 함께 보내요!",매주 화·목·토요일 / 18시 30분 / 신주쿠 스포츠 센터 4층 제2무도장,없음,machine_translated,not_reviewed,
C0095,3188,c7a0bb2b11b3a797,가라테도 세이신카이,스포츠(구기 종목 제외),무도,"저희 가라테도 세이신회는 올해로 창립 54주년을 맞이하는 전통 있는 가라테 동아리입니다.와세다 대학에서는 ‘학생회’로 공인되어 있으며, 2부 운동부로 분류되어 있습니다. 현재 1~3학년 약 30명이 재적 중이며, 그중에는 가라테 경력 10년 이상의 부원이나 인터하이 출전 경험이 있는 부원, 대학에서 가라테를 시작한 부원까지, 유파·경력·성별·대학을 불문하고 화기애애하게 활동하고 있습니다.유파는 전통파(스톱) 가라테의 4대 유파 중 하나인 ‘와도카이’에 소속되어 있습니다. 스톱 규칙을 채택하고 있어 여성이나 초보자도 안심하고 참여할 수 있습니다(부원의 남녀 비율은 약 1:1이며, 약 절반이 초보자입니다). 연습은 주 3회, 도야마 캠퍼스의 학생회관에서 진행되며, 그중 주 1회 이상 참여를 목표로 각자의 페이스에 맞춰 연습에 힘쓰고 있습니다.평소 연습에서는 기본기부터 형(카타), 대련(쿠미테)까지 전원이 함께 연습하며, 1~2개월에 한 번씩 열리는 대회 전에는 각자의 출전 종목에 특화하여 연습을 진행합니다. 또한 희망자는 전일본 가라테도 연맹 가맹 도장인 와도카이 아라카와 도장에 무료로 다닐 수 있어, 초보자분들은 재학 중에 검은 띠 취득을 목표로 할 수 있습니다.주 3회의 정규 연습과 연 3회의 합숙을 중심으로, 가라테 외에도 여름 축제에 가거나 여행, 스노보드 합숙을 기획하는 등 부원들끼리 매우 친밀하며, 가족 같은 분위기 속에서 대학 생활을 즐기고 있습니다.","매주 수요일, 금요일, 토요일 / 5교시 (토요일은 4·5교시) / 학생회관",없음,machine_translated,not_reviewed,
C0096,3429,11544586387881ce,가라테도 이토카이,스포츠(구기 종목 제외),무도,"동아리 선택 중인 여러분, 함께 '가라충'해 보지 않으시겠어요!? 처음 뵙겠습니다, 와세다 공인 가라테 동아리인 와세다 가라테도 이토카이입니다! 가라테라고 하면 상대와 싸우는 ‘쿠미테’, 연무의 아름다움을 겨루는 ‘카타’로 나뉘는 ‘일본 무도의 정수’라는 이미지가 있을지도 모르겠지만, 2016년에는 올림픽 정식 종목으로 인정받아, 지금은 국제적으로 유럽과 중동을 중심으로 1억 명 이상의 인구를 자랑하는 ‘국제 스포츠’로서 전 세계적으로 큰 인기를 끌고 있습니다!! YouTube에서 ‘karate’라고 검색해 보시면, 놀라울 정도의 해외 인기와 멋짐을 느끼실 수 있을 거예요! 또한, 저희는 보호구를 착용하고 닿기 직전에 멈추는 전통파 가라테이기 때문에 매우 안전합니다. 타 유파 경험자, 완전 초보자, 타 대학 학생, 유학생 등 관계없이 가라테 연습을 하거나, 부실에서 느긋하게 시간을 보내거나, 이벤트를 열거나, 놀러 가기도 하며 즐겁게 활동하고 있습니다! 연습은 월~토요일 방과 후 매일 진행되며, 틈나는 시간에 원하는 만큼 연습할 수 있어서 초보자라도 대부분의 부원이 검은 띠를 취득하고, 대회에서 상위 입상할 정도로 실력이 늘 수 있습니다! 타 대학과의 교류나 대회에 나갈 기회도 많아서 경험자도 실력을 키울 수 있는 환경이 잘 갖춰져 있습니다! 또한, 남녀 비율은 1:1이라 여자분들도 안심하고 연습할 수 있습니다! 게다가 연회비 등은 없으며, 이토토카이(糸東会)는 언제든지 부원을 모집하고 있으니, 가입하고 싶으신 분은 1학년뿐만 아니라 부담 없이 연락해 주세요!! 함께 가라테를 합시다!!","매주 월~토요일 / 16시 30분~18시 / 학생회관, 부실",없음,machine_translated,not_reviewed,
C0097,3524,b04de78342095a30,와세다대학 이공학부 유도부,스포츠(구기 종목 제외),무도,"와세다대학 이공학부 유도부 유도회에는 초보자부터 유도 엘리트까지 다양한 사람들이 모여, 각자의 목표를 향해 매일 연습에 매진하고 있습니다. 그 목표는 입시 준비로 인한 운동 부족을 해소하기 위함일 수도 있고, 더 높은 단위를 획득하기 위함일 수도 있어 다양합니다.부 전체의 목표는 1년에 2회 개최되는 ‘9개교 대회’에서 우승하는 것입니다. 초보자도 경험자도, 목표가 있는 분도 막연하게 관심이 있는 분도, 대학에서 유도를 하고 싶은 분이라면 누구나 환영합니다!",매주 화·토요일 / 19시~21시 / 신주쿠 스포츠 센터,없음,machine_translated,not_reviewed,
C0098,3431,15279a0d35876d20,사지테리우스 아처리 클럽,스포츠(구기 종목 제외),무술,"사지테리우스 양궁 클럽은 올해로 45주년을 맞이하는 와세다 대학 및 실전여자대학의 공인 동아리입니다. 주 1~2회 신주쿠 스포츠 센터 등의 양궁장에서 연습을 진행하는 것 외에도, 타 대학과의 교류전, 각종 이벤트 등의 활동을 하고 있습니다. ‘enjoy, archery!’라는 정신으로 여유롭게 양궁을 즐기며 자유로운 동아리 참여를 소중히 여기고 있습니다.사지테리어스에서는 대학에서 아처리를 시작한 사람이 대부분입니다. 선배나 아처리 경험자, 아처리장 지도자 등이 처음부터 친절하게 가르쳐 주므로 처음이라도 괜찮습니다! 물론 아처리 경험자도 대환영입니다! 연습 참여는 강제하지 않습니다. 또한, 술자리 강요도 일절 없습니다. 자신이 원하는 대로 동아리에 참여해 주시면 좋겠다고 생각합니다. 하지만 많이 참여할수록 더 즐겁답니다☆",매주 수요일·일요일/16시 30분/신주쿠 스포츠 센터,없음,machine_translated,not_reviewed,
C0099,3433,251721dba32b7cc3,방구 가라테도회,스포츠(구기 종목 제외),무도,"방구 가라테도회에 오신 것을 환영합니다! 저희는 운동 경험이 없어도 2년 만에 검은 띠를 취득할 수 있는, 초보자도 경험자도 대환영하는 동아리입니다. 방구 가라테가 뭐지?라고 생각하시는 분들도 많을 것 같아서, 아래에서 간단히 설명해 드리겠습니다.
/
/
/
/・역사가 깊은 전통 가라테의 일종입니다.
/
/・방구를 착용하고 쿠미테를 하는 것이 특징으로, 부상을 걱정하지 않고 마음껏 싸울 수 있습니다.
/
/・탄탄한 기초에서 뿜어져 나오는 힘차고 화려한 카타도 꼭 보셔야 합니다!
/
/
/
/방구 가라테도회의 매력
/
/・초보자 대환영! 경험 없이 시작한 부원이 다수 재적하고 있습니다.
/
/・남녀 불문하고 활약할 수 있습니다. 초록 띠(흰 띠 다음)부터 바로 시합에 출전 가능합니다.
/
/・신입 부원 수시 모집 중! 학년에 관계없이 연중 언제든지 환영하니 부담 없이 연락해 주세요.
/
/・창립 50년의 전통을 자랑하는 동아리입니다. 유단자인 선배들로부터 꼼꼼한 지도를 받을 수 있습니다.
/
/・진정한 강함에 중점을 둔 지도를 실시하고 있습니다. 튼튼한 기초가 없으면 진정한 가라테가는 탄생할 수 없습니다.
/
/・International Students Welcome! 유학생이 많이 재적하고 있는 것도 본 동아리의 특징입니다!!
/
/
/
/이런 분들께 추천합니다!
/
/・가라테를 해보고 싶지만, 경험자가 많은 동아리는 부담스럽다고 생각하시는 분.
/
/・화려한 동아리나 바쁜 동아리에 들어가는 것이 불안하다고 생각하시는 분.
/
/・이공계 학생으로, 같은 취미를 가진 사람들을 만나고 싶은 분.
/
/・새로운 동아리에 들어가고 싶지만, 어디에 들어가야 할지 모르시는 분.
/
/・주위와는 다른 것을 해보고 싶다고 생각하시는 분.","화요일: 18:55~20:35 / 목요일: 18:55~20:35 / 토요일: 12:50~14:50
/
//
/
//장소: 학생회관, 토야마 공원
/
//
/
//",없음,machine_translated,not_reviewed,
C0100,3545,82ae1e83aeeebc0d,와세다대학 심신통일 합기도회,스포츠(구기 종목 제외),무도,"와세다대학 이공학술원 승인 대학 간 합기도 동아리. 주 2회를 목표로 이공 캠퍼스 옆 신주쿠 코스믹 센터에서 수련하고 있습니다. 이공계 학생은 물론, 문과 학부생, 대학원생, 타대생도 소속되어 있습니다. 대부분이 합기도 초보자이며, 2년 내에 검은 띠를 따는 것을 목표로 화기애애하게 활동하고 있습니다.본 동아리는 바쁜 이공학부 학생들의 일정에 맞춰 수련 일정을 짜고 있어, 수업 등으로 인해 수련에 참석하지 못하는 경우가 있어도 괜찮습니다. 승급을 위한 수련은 개개인의 속도에 맞춰 진행되므로, 운동 경험이 없어도 걱정할 필요가 없습니다. 봄과 여름에 합숙을 진행하는 것 외에도, 합기도 수련 이외에도 다양한 행사를 기획하여 즐겁게 지내고 있습니다. 할 때는 열심히 하고, 놀 때는 신나게 노는! 이러한 절제된 생활이 본 동아리의 특징입니다!",매주 수요일·금요일 / 16:40-18:40 / 신주쿠 코즈믹 센터,없음,machine_translated,not_reviewed,
C0101,3190,4e95849aea23bcc0,스포츠 합기도 클럽,스포츠(구기 종목 제외),무도,"스포츠 합기도 클럽은 30년 이상의 전통을 가진 공인 동아리로, 와세다 대학 17호관 지하 1층에서 주 3~4회 활동하고 있습니다.
연간 수차례 열리는 대회나 승급 심사를 목표로 연습하고 있습니다. 대회·심사뿐만 아니라 평소 연습도 자유 참가로 부담이 적고, 각자 원하는 페이스로 활동할 수 있다는 점이 장점입니다! 거의 전원이 대학에서 합기도를 시작하기 때문에, 다른 운동 동아리보다 활동하기 시작하기 쉽다고 생각합니다.
성별이나 운동 실력과 관계없이 즐길 수 있으며, 최단 1년 반 만에 검은 띠를 따는 것도 가능합니다.
신입생뿐만 아니라, 상급생 분들도 대환영입니다!
2·3학년부터 시작하는 분들도 많이 있습니다. 또한 스포츠 합기도 클럽은 타 대학 학생도 환영하므로 다른 대학에 다니시는 분들도 꼭 오세요! 합기도에 조금이라도 관심이 생기셨다면 SNS로 연락 주시거나, 꼭 도장(17호관 지하 1층)으로 방문해 주세요! 동아리원 일동이 기다리고 있겠습니다!","평일 활동 일시는 학기마다 변동되며, 토요일 12:30-14:40 / 17호관 지하 1층 합기도장",없음,machine_translated,not_reviewed,
C0102,3637,a4ce3326bbc21a07,와세다대학 궁도 동아리 혼진,스포츠(구기 종목 제외),무도,"혼진은 1984년에 창설된 전국 대학 연합 궁도 동아리로, 와세다 대학 학생은 물론 다양한 대학의 학생들이 소속되어 있습니다. 가족 같은 분위기 속에서 서로 가르쳐 주며 궁도 실력 향상을 목표로 매주 즐겁게 활동하고 있습니다. 대학에서도 궁도를 계속하고 싶다!는 경험자분, 궁도를 시작하고 싶다!는 초보자분 모두 환영합니다.
/
/
/
/　연습은 주 2회(대학 장기 방학 기간 중만 주 3회), 궁도장을 대관하여 진행하고 있습니다.대학 수업 기간 중에는 금요일·일요일, 장기 방학 중에는 수요일·금요일·일요일이 연습일입니다. 금요일 연습 장소는 스미다구 궁도장, 수·일요일은 고토구 스포츠 회관을 사용하고 있습니다. 연습 외에도 ‘관동 궁도 동아리 연합’이 주최하는 사회 참가나 우호 동아리와의 교류전, 동아리 내 연습 시합 등을 정기적으로 진행하고 있습니다.또한, 도쿄도 궁도연맹 제2지구에 소속되어 있어 승단 심사를 보거나 성인 사회에 참가할 수 있습니다. 아울러 5월과 8월, 연 2회 궁도 강화 합숙을 실시하고 있습니다. 게다가 궁도 합숙 외에도 스키·스노보드 합숙이나 바비큐 등 다양한 이벤트를 진행하고 있어, 대학 생활을 함께 즐길 수 있는 친구들도 사귈 수 있는 동아리입니다! 연습·합숙·각종 이벤트는 참가/불참이 자유로우므로, 자신의 페이스에 맞춰 활동할 수 있습니다.","매주 금요일/17시 30분~21시/스미다구 궁도장
/
/매주 일요일/18시~21시/고토구 스포츠 회관
/
/매주 수요일/13시~17시/고토구 스포츠 회관(2·3·8·9월 장기 방학 기간 중만)",없음,machine_translated,not_reviewed,
C0103,3558,88af0ecf0fd1a2ca,와세다 대학 스포츠 합기도 동지회,스포츠(구기 종목 제외),무도,"동지회는 와세다대학의 도코로자와 캠퍼스를 거점으로 하는 토미키류 합기도 동아리입니다. 인간과학부 설립과 같은 해에 탄생하여, 인간과학부와 함께 역사를 걸어왔습니다. 결코 큰 동아리는 아니지만, 그만큼 분위기는 아늑합니다! 합기도는 대학에서 시작하는 사람이 대부분입니다! 시작 후 최단 1년 반 만에 검은 띠를 맬 수 있다는 점도 매력 중 하나입니다.게다가 토미키류는 유도 같은 시합 형식의 난투가 있어, 보다 실전적인 기술을 배울 수 있습니다! 연습은 주 1회부터 참여 가능합니다. 연습뿐만 아니라 각종 이벤트나 정기적인 회식도 있습니다. 원샷이나 구호 외치는 것 등은 일절 없습니다! 연습은 진지하게, 놀 때는 신나게 놉니다. 진심으로 하고 싶은 분도, 합기도를 모르는 분도, 운동을 잘 못 하는 분도, 성별이나 운동 경험에 관계없이 누구나 대환영! 꼭 동지회를 보러 오세요!",매주 월·화·금요일 / 16시 30분~19시 / 도코로자와 캠퍼스 제2 스포츠 홀,없음,machine_translated,not_reviewed,
C0104,3430,1c5489dfa38ef10e,와세다 대학 다이도주쿠,스포츠(구기 종목 제외),무도,"와세다 대학 유일의 종합격투기 동아리입니다. '쿠도'라는 종목을 하고 있으며, 보호구를 착용하고 시합을 하기 때문에 누구나 안전하게 실력을 키울 수 있습니다. 지금까지 전국 대회 우승자를 배출하는 등 실적을 쌓아왔으며, 현재도 시합에서의 승리를 위해 매일 훈련하고 있습니다. 종합격투기는 크게 타격, 던지기, 그라운드 기술로 나눌 수 있으며, 각각을 연습함으로써 실전에서 자신이 의도한 대로 기술을 구사할 수 있도록 연마해 나갑니다.또한, 공도는 극진 가라테에서 파생된 ‘무도’이기 때문에, 신체 강화뿐만 아니라 정신적인 성장도 중요하게 생각합니다. 대학에서 새로운 것을 시작하고 싶은 분, 스포츠는 계속하고 싶은 분 등에게 추천하는 동아리입니다. 더불어, 부원 대부분은 다른 동아리와 병행하고 있어, 여가 활동과 스포츠를 양립할 수 있습니다. 관심 있는 분은 꼭 홈페이지를 방문해 주십시오.","매주 월·수·토요일 / 학생회관, 신주쿠 스포츠 센터 등",없음,machine_translated,not_reviewed,
C0105,3191,993187ac32ef594e,와세다 ITF 태권도 클럽,스포츠(구기 종목 제외),무술,"저희 와세다 ITF 태권도 클럽은 와세다에서 유일한 태권도 공인 동아리입니다. 회원들은 기본적으로 대학생이 될 때까지 무도나 격투기 경험이 없었습니다. 초보자나 격투기 미경험자분들도 괜찮습니다.연습은 수요일과 토요일, 주 2회 진행됩니다. 또한, 한 달에 한 번 정도 검은 띠 지도자분이 오셔서 가르쳐 주십니다. 그때는 평소와는 또 다른 본격적인 지도를 받을 수 있습니다. 동아리 분위기는 적당히 느긋하면서도 연습은 진지하게 하는 느낌입니다. 본격적으로 격투기를 해보고 싶은 분, 가볍게 운동하고 싶은 분, 다이어트를 위해 오시는 분 등 어떤 목적에도 대응할 수 있는 동아리입니다. 우리와 함께 화려한 발기술을 연마해 봅시다.",매주 수요일·토요일 / 17:00~20:35 / 학생회관,없음,machine_translated,not_reviewed,
C0106,3639,6ec4e78efcf0b799,와세다 대학 타이도회,스포츠(구기 종목 제외),무도,"'타이도(躰道)'란 한마디로 말하면, 가라테와 체조가 혼합된 듯한 새로운 무도입니다! 쇼와 40년에 창시된 이래, 일본 전국의 도장과 대학에서 보급되고 있습니다. 이 무도의 특징으로, 형(型) 속에 백덤블링이나 백후리 등 아크로바틱한 동작이 등장합니다.또한, 대련 경기에서는 독특한 자세에서 뿜어져 나오는 변幻자재한 발차기 기술이나, 간격을 자유자재로 조절하는 신비로운 보행법 ‘운족’을 볼 수 있습니다! 대부분의 사람이 대학에서 시작하며, 체도 경력 20년 이상의 지도자가 친절하게 가르쳐 주기 때문에 초보자라도 전혀 문제없습니다! 연중 몇 차례 열리는 대회를 통해 타 대학 체도부와의 교류도 활발하여, 폭넓게 친구를 사귈 수 있습니다.회원들은 수업이나 공부, 다른 동아리, 아르바이트와 병행하며 연습에 매진하고 있으며, 스노보드 합숙을 기획하는 등 부원들끼리 매우 친밀하고, 가족 같은 분위기 속에서 대학 생활을 즐기고 있습니다. 체험 및 입회는 연중 상시 접수하고 있으니, 부담 없이 문의해 주세요!",매주 수·목·토·일 / 수·목 18:30~21:00 인근 중학교 / 토·일 수시 와세다 캠퍼스 주변,없음,machine_translated,not_reviewed,
C0107,3436,bb5199c17cb10bc6,와세다 대학 이아이도부,스포츠(구기 종목 제외),무도,"안녕하세요! 와세다 대학 이아이도부입니다.
/
/
/
/이아이도부는 일본도를 사용한 이아이술을 배우고, 각자 기술을 갈고닦아 나가는 동아리입니다. 일본도라고 해도 칼날이 무딘 모조도이므로 안전하고 안심할 수 있습니다. 입부가 결정되면 우선 자신의 칼을 주문하게 됩니다. 칼집이나 칼등, 칼날 무늬 등 취향에 맞는 칼을 커스터마이징하여 구입할 수 있습니다!
/
/
/
/저희는 이아이도 중에서도 최대의 유파 중 하나인 ‘무소직전 에이신류(無双直伝英信流)’와 ‘전일본검도연맹 이아이’를, 교사 8단 하타나카 아츠미 선생님의 지도 아래 배우고 있습니다. 2010년도부터 동일본학생이아이도연맹에 가입했습니다.동일본 학생 이아이도 연맹에 에이신류로 가입한 학교는 적으며, 동일본에서 에이신류를 수련한 최초의 대학이 되었습니다.
/
/
/
/이아이는 대학에서 시작하는 학생이 많으며, 실제로 본부 소속 학생의 대다수가 대학에서 시작했습니다. 또한 2학년이 되어서 시작하는 학생도 있습니다.
/
/
/
/기본적으로 상대와 접촉하지 않기 때문에 운동 경험이 적은 분이라도 시작할 수 있습니다. 또한 개인 종목이므로 자신의 페이스에 맞춰 수련할 수 있습니다. 모르는 점이나 어려운 점이 있으면 선배나 동료, 선생님이 그때그때 친절하게 가르쳐 드립니다.
/
/
/
/꼭 한 번, 트위터나 인스타그램에서 부의 분위기를 느껴보세요! 견학·체험·입부는 연중, 어떤 학년이든 대환영입니다! 언제든지 연락 기다리고 있습니다♪",매주 월·수·토 또는 일… 요츠야 히로바(요츠야 3초메) / 매주 금… 학생회관,없음,machine_translated,not_reviewed,
C0108,3712,d8f6c13ba4487463,스포츠 찬바라 켄준카이,스포츠(구기 종목 제외),무술,"저희는 와세다 대학 유일의 스포츠 찬바라 동아리입니다. 스포츠 찬바라, 줄여서 스포찬은 약 50년 전 일본에서 탄생한 새로운 무도입니다. 공기를 넣은 부드러운 검을 사용하여 코트 안에서 일대일로 싸우며, 먼저 상대의 몸을 맞추면 승리합니다. 마이너 스포츠인 만큼 누구나 전국 수준의 대회에 출전할 수 있습니다. 또한, 동아리의 틀을 넘어 전국의 찬바라 동료들과도 교류가 있습니다.///
///////
////회원 대부분은 대학에서 스포츠 찬바라를 시작했지만, 남녀 모두 전국 대회 우승 등 매년 다수의 전적을 남기고 있습니다. 한편, 연습은 주 2회, 수업이 끝난 후 시간대에 진행되기 때문에 문과·이과를 불문하고 다수의 회원이 재적하고 있습니다. 대학에서 새로운 것을 시작해 보고 싶은 분, 운동 부족을 해소하고 싶은 분 등 누구든지 대환영이니, 언제든지 부담 없이 문의해 주세요!",매주 월요일·수요일/19시~21시 반/(월) 이케부쿠로 제1초등학교(이타바시역)·(수) 메이호 중학교(센카와역),없음,machine_translated,not_reviewed,
C0109,3474,e0c2f345b56b98a3,승마 클럽,스포츠(구기 종목 제외),승마,"주 1회 일요일에 승마 레슨을 받거나 자연 속에서 말을 타는 활동을 하고 있습니다. 완전 초보자가 많지만, 그 중에는 꽤 경험이 많은 분들도 계십니다. 가고 싶을 때, 여유가 있을 때 자신의 페이스로 참여하는 방식을 취하고 있어 무리하지 않고 계속할 수 있습니다.남녀 비율은 2:8로 여성분이 더 많지만 멤버들 간의 사이가 좋아서, 식사 모임이나 술자리 행사도 자주 기획합니다. 유서 깊은 동아리인 만큼 선배들과의 교류 기회도 소중히 여기고 있습니다. 지금까지 말에 전혀 관심이 없었던 분이라도 선배들의 경험담과 조언을 듣고 승마의 즐거움을 알게 된 멤버도 있을 것입니다. 또한, 연 3회 합숙을 진행하며 승마 실력 향상을 목표로 하거나, 다 함께 레저 활동을 즐기는 등 알찬 내용으로 구성되어 있습니다.동아리 활동 외에도 실력을 더 키우고 싶다거나, 멤버들과 더 친해지고 싶다는 생각으로 스스로 나서서 행사를 기획하는 분들이 최근 늘고 있습니다. 모두가 즐기는 것을 모토로 하는 본 동아리로서 매우 기쁜 일이라고 생각합니다.",매주 일요일/14시~/산요 가든(승마장),없음,machine_translated,not_reviewed,
C0110,3748,c4e392bf0a26ec2c,와세다 마린 요트 클럽,스포츠(구기 종목 제외),요트,"와세다 마린 요트 클럽은 매주 일요일 에노시마에서 요트를 즐기는 동아리입니다!여러분은 요트가 무엇인지 알고 계신가요? 요트란 바람의 힘으로 달리는 배를 말합니다. 바람을 느끼며 달리기 때문에 웅장한 에노시마의 바다와 하나가 되는 기분을 맛볼 수 있어요! 날씨가 좋으면 요트를 타면서 후지산을 볼 수도 있습니다! 게다가 요트는 즐기는 것뿐만 아니라, 속도를 겨루는 스포츠로서의 면모도 있습니다. 요트 조종에 익숙해지면 전국 대회에 출전할 수도 있어요!실제로 동아리 회원 중에는 전일본 대회에서 상위 입상을 한 사람도 있습니다. 여러분 중에는 “요트를 본 적도 없어서 불안하다”거나 “수영을 잘 못해서 바다 스포츠는…”이라고 생각하는 분도 계실지 모릅니다. 하지만 그런 걱정은 전혀 필요 없습니다. 우선, 이 동아리의 회원은 대부분 경험이 없는 사람들로, 대학에서 요트를 시작한 사람들뿐입니다. 선배님들에게 배우며 연습할 수 있으니, 즐겁게 조종을 배울 수 있습니다!또한, 요트 위에서는 구명조끼를 꼭 착용하고, 만일의 사태에 대비해 구조정이 근처에 대기하고 있으니 수영을 잘하지 못하더라도 안심하셔도 됩니다. 요트 외에도 크루저를 타거나, 그 위에서 바비큐를 즐기거나, 에노시마를 만끽하는 등 즐거운 활동이 가득합니다! 한번 요트를 체험해 보시지 않겠습니까? 시승회도 진행하고 있으니 꼭 참가해 주세요! 에노시마 항구에서 여러분을 기다리고 있습니다!",매주 일요일/9시~16시/에노시마 요트 하버,없음,machine_translated,not_reviewed,
C0111,3472,cd9225fcb1210d8d,윈드서핑부,스포츠(구기 종목 제외),요트,"윈드서핑은 바람의 힘으로 해상을 활주하는 마린 스포츠입니다. 서핑보드에 요트 돛을 단 듯한 장비를 타고 합니다.
/
/
/
/우리는 바람 위쪽과 아래쪽에 있는 두 개의 마크를 돌며 순위를 겨룹니다. 전국 대학 단체전 우승을 목표로 토요일·일요일에 유이가하마에서 연습하고 있습니다.
/
/
/
/자주 “초보자라 걱정된다”는 말을 듣지만, 이 스포츠를 시작하는 사람의 거의 100%가 대학에서 시작하는 초보자이므로 걱정하지 않으셔도 됩니다. 또한, 수영을 못해도 구명조끼 착용이 의무화되어 있으므로 괜찮습니다.
/
/
/
/현재, 전국 대학 선수권 대회 개인전 우승 및 단체전 입상 실적이 있습니다. 대학에서 시작하더라도 노력 여하에 따라 일본 최고가 될 수 있습니다!또한, 1학년 선수는 비기너로 분류되어 비기너끼리만 경기를 치르기 때문에 1학년부터 활약할 수 있습니다!!
/
/
/
/동아리 분위기는 매우 좋고, 동기뿐만 아니라 선배들과도 아주 친해질 수 있습니다. 여름방학이나 봄방학 같은 긴 연휴에는 사이코 호수, 모토스 호수, 하마나 호수 등 평소에는 가기 힘든 곳으로 합숙을 갑니다.2학년부터는 오키나와에서 윈드서핑을 할 기회도 있습니다. 또한, 레이스나 연습을 통해 타 대학 선수들과도 친구가 될 수 있어, 관동뿐만 아니라 전국에 친구를 사귈 수 있습니다.
/
/
/
/대학에서 새로운 것에 도전해 보고 싶다! 진심으로 스포츠를 하고 싶다! 그런 마음을 가진 사람에게 딱 맞는 스포츠입니다.
/
/
/
/마지막 학생 생활, 와세다 대학 윈드서핑부에서 일본 1위를 목표로 함께 열정을 불태워 보지 않겠습니까?","매주 토·일 정규 연습·평일 자율 연습 / 9:00-16:00 / 가마쿠라 사카노시타, 유이가하마",없음,machine_translated,not_reviewed,
C0112,3441,dec057c4e967285b,스키 동호회 (W.S.S.),스포츠(구기 종목 제외),스키,"와세다에 현존하는 스키 동아리 중 가장 역사가 깊은 동아리입니다. 멤버 전원이 와세다 대학생으로 구성되어 있으며, 멤버들의 학부도 정치경제학부, 이공학부, 스포츠과학부 등 다양하고, 심지어 대학원생까지 소속되어 있습니다. 겨울방학과 봄방학의 스키 시즌을 중심으로 합숙을 하며 연습에 매진하고, 대회에 참가하고 있습니다.비시즌에는 주 2회 훈련을 통해 시즌을 대비해 체력을 조절하고 있습니다. 바다에 가거나 불꽃놀이를 하거나 다양한 와세다-게이오 대항전을 보러 가는 등 이벤트도 풍성합니다. 학업이나 아르바이트와 균형을 맞추며 활동하는 사람이 많으며, 체육회나 여러 동아리에 소속된 사람도 있습니다. 스키 초보자도 경험자도 즐겁게 스키를 타고 있습니다! 대학에 들어와서 처음 스키를 타는 사람도 실력이 늘 수 있고, 스키를 타본 적이 있는 사람은 더욱 실력이 향상될 수 있습니다.",주 2회/17시~/토야마 공원,없음,machine_translated,not_reviewed,
C0113,3199,69bc1e3addbf48fd,스가 스키 클럽,스포츠(구기 종목 제외),스키,"창단 50년 이상의 역사를 지니고 전국 최상위 규모의 스키 동아리입니다. 전국 대회에서 활약하는 실력자뿐만 아니라 눈을 접해본 적 없는 초보자도 많이 소속되어 있으며, 대회 우승을 목표로 매일 활동하고 있습니다. 현재 올 와세다 대회 남자 종합 5연패 중! 명실상부 와세다를 대표하는 스키 동아리 중 하나입니다.오프 시즌에는 매주 진행되는 자율 훈련이나 행사, 여름 합숙을 통해 몸과 마음을 단련하고, 동료들과의 유대감을 다지고 있습니다. 유령 부원은 없으며, 100명의 부원이 일 년 내내 지루할 틈 없이 활동할 수 있습니다. 겨울에는 주로 오제 이와쿠라, 스가다이라, 하쿠바 이와다케 등의 스키장에서 합숙을 진행하며, 3월의 전국 대회와 올 와세다 대회에 출전합니다. 누구에게도 지지 않는 열정적인 대학 생활을 보내고 싶다면 스가에서 결정하세요!",매주 월~금요일 / 16시 50분 / 토야마 공원,없음,machine_translated,not_reviewed,
C0114,3444,063656b9617c8b17,몽블랑 스키 클럽,스포츠(구기 종목 제외),스키,"비시즌에는 바비큐, 불꽃놀이, 캠핑 등 부원 간의 친목을 다지는 행사가 다수 열립니다. 스키 실력 향상을 위한 합숙으로 인라인 합숙이나 잔디 스키 합숙 등이 있습니다. 시즌 중에는 양반 모두 프로 코치의 지도를 받을 수 있을 뿐만 아니라, 전국 학생 대회나 올 와세다 대회 출전을 통해 실력을 향상시킬 수 있습니다.각지의 스키장에서 기숙하며 일할 기회를 얻어, 스키장 손님이나 강사분들과 교류하는 것은 다른 곳에서는 할 수 없는 귀중한 경험이 될 것입니다. 스키 초보자라도 시즌을 거치며 스키 검정에 도전할 수 있는 수준까지 도달할 수 있습니다.
/
/부실은 학생회관에 위치해 있어 들르면 누군가를 만날 수 있어 항상 활기찹니다. 훈련은 매일 진행되므로 공부나 아르바이트, 다른 동아리 활동과 병행이 가능합니다. 부원 간의 우정과 OB, OG 분들과의 유대도 소중히 여기고 있습니다.
/
/스키 경험 유무와 상관없이 누구나 즐길 수 있는 동아리입니다.",매주 1회/16시 30분~/토야마 공원·부실(학생회관 E301),없음,machine_translated,not_reviewed,
C0115,3442,3a199b1b342d487e,체르마트 스키 클럽,스포츠(구기 종목 제외),스키,"체르마트 부원의 90%는 스키 초보자이지만, 평일 훈련에서 즐겁게 몸을 움직이거나 선배들이 기초 스키 이론을 알기 쉽게 강의해 주며 매일 기술 향상에 힘쓰고 있습니다. 겨울 합숙에서는 코치의 지도를 받으며 전력을 다해 연습에 임하고 있습니다. 그 결과 남녀 모두 전국 학생 이와타케 스키 대회, 올 와세다 스키 대회에서 우승을 차지할 만큼 성장할 수 있었습니다. 물론, 연습만 하는 오프 시즌은 아닙니다.매주 일요일, 바비큐나 볼링 대회 등의 행사를 개최하며, 놀이에도 항상 전력을 다합니다. 행사나 훈련을 통해 모두와 친해질 수 있고, 평생의 친구를 만들 수 있습니다. 오프시즌을 통해 쌓아 올린 유대감이 시즌을 향한 원동력이 되는 것이 체르마트의 강점입니다.전력을 다해 놀고, 전력을 다해 연습하며 달려간 끝에는 첼마트에서만 얻을 수 있는 최고의 추억이 기다리고 있습니다. 단 한 번뿐인 대학 생활을 마음껏 즐기기 위해, 오늘도 첼마트는 전력을 다해 달려갑니다!",매주 월~금요일/5교시/니시토야마 공원,없음,machine_translated,not_reviewed,
C0116,3447,6a12669b7c0024a8,슈프링겐 스키 클럽,스포츠(구기 종목 제외),스키,"비시즌인 여름에는 대학 근처에서 다양한 스포츠를 하며 즐겁게 훈련하고 있습니다. 참여는 자유로우므로 학업과 병행하거나 다른 동아리와 병행하는 것도 가능합니다! 그 외에도 다 같이 바비큐를 하거나 드라이브를 가는 등 즐거운 이벤트가 가득합니다! 겨울이 되면 홋카이도나 나가노현의 노자와 온천에서 열리는 합숙에서 연습에 매진하며 대회에 출전하고 있습니다! 합숙은 원칙적으로 자유 참가이며, 일정을 자유롭게 정할 수 있습니다.경제 사정이나 다른 일정을 고려하여 무리 없이 연습할 수 있습니다! 슈프링겐은 초보자도 대환영입니다. 프로 코치와 경험이 풍부한 선배들이 기초부터 지도해 주므로 금방 실력이 늘 수 있습니다. 장비 대여 가능. 꼭 함께 즐거운 대학 생활을 보내요! 언제든지 연락 기다리고 있습니다.",매주 화·금/18:30~/토야마 공원,없음,machine_translated,not_reviewed,
C0117,3202,27ab967870ca089d,네주 스키 클럽,스포츠(구기 종목 제외),스키,"올 와세다 기초 스키 연맹 가맹. 겨울에는 전력으로 스키, 여름에는 이벤트가 풍성! 와세다 3대 이벤트인 100km 하이킹·와세다-게이오전·와세다 축제에 모두 참가하는 유일한 기초 스키 동아리. 비시즌에는 주 2회 트레이닝으로 체력 단련/스키 육상 트레이닝을 합니다. 한 달에 두 번은 타코야키 파티나 놀이공원 행사 등 이벤트를 개최하고 있습니다.겨울에는 이와타케 학생 대회와 올 와세다 대회를 목표로 기술을 연마합니다! 초보자도 경험자도 대환영입니다. 실제로 알파인 스키 출신 회원도 있습니다. 합숙 중에는 코치의 지도가 있으며, 합숙 외 시간에도 선배들이 친절하게 지도해 줍니다. 대학에서 시작해도 대회 입상을 노릴 수 있습니다! 동아리 내 분위기는 정평이 나 있으니, 꼭 한번 놀러 오세요!",매주 월·금요일(월 1회 토요일)/17시/니시토야마 공원·학생회관 E831 부실,없음,machine_translated,not_reviewed,
C0118,3445,ae9f2548cc393f80,벨 스키 클럽,스포츠(구기 종목 제외),스키,"1978년에 창설된 와세다 대학 공인 스키 동아리입니다! 올 와세다 기초 스키 연맹에 가맹되어 있습니다. “belle”은 프랑스어로 “아름다운”에서 유래한 것인데, 프랑스어 수강생들 사이에서는 이상하다느니 뭐라느니… (웃음).시즌 중에는 12월, 2월, 3월, 총 3회의 합숙이 있습니다. 여러 강습반으로 나뉘어 선배나 코치님에게 스키를 배웁니다. 12월 합숙은 스키 검정(1~3급), 2월 합숙은 부내전, 3월 합숙은 AW 대회가 있습니다.합숙 기간 외에도 이와다케에서 열리는 전국 스키 대회에 출전하거나, 강사로 스쿨에서 일할 수도 있습니다. 그 중에는 스키에 대한 사랑 때문에 2개월 가까이 산에 틀어박혀 지내는 사람도 있다던데…! 비시즌에는 주 3회(화·목·토요일 5교시), 신주쿠 스포츠 센터 앞에서 훈련을 하고 있습니다. 기본적으로 술래잡기나 긴 줄넘기 등 가벼운 활동으로 체력을 기릅니다.또한 한 달에 한 번, 기획반이 이벤트를 기획해 다 같이 놀고 있습니다. 과거에는 바비큐나 드라이브 등, 다 같이 떠들썩하게 즐겼습니다! 골든위크 기간에는 신입생 환영 합숙(시가 고원), 여름방학에는 바다나 산으로 가서 합숙을 합니다. 스키 초보자 대환영입니다! 아늑한 분위기에서 느긋하게 스키를 즐길 수 있습니다! 꼭 한번 놀러 오세요!",매주 화·목·토요일 / 16시 30분~ / 신주쿠 스포츠 센터 앞,없음,machine_translated,not_reviewed,
C0119,3443,1c56176ac7b05dcf,베이직 스키 클럽,스포츠(구기 종목 제외),스키,"오프 시즌에는 인라인 스케이트 훈련과 다양한 이벤트로 분위기를 띄우고, 시즌이 시작되면 본격적으로 스키에 매진합니다! 운동 경험이 없거나 스키 초보자라도 시작해 전국 무대에 도전할 수 있는 곳은 베이직뿐입니다.긴 합숙과 힘든 단체전 연습을 이겨내며 쌓아가는 동료와의 유대감은 대학 생활의 다른 방식으로는 얻을 수 없는, 베이직만의 것입니다. 물론 힘들기만 해서는 못 버티니까, 대학생답게 여름에는 놀아요! 스키에 진심이지만 드라이브도 가고 섬에도 가고 미팅도 있고, 성인식도 축하해 줍니다. 대학 생활을 즐기는 것도 베이직만의 특징입니다. 지금까지 열심히 해온 사람도 그렇지 않은 사람도, 모두 함께 최고의 성취감을 얻을 수 있는 대학 생활이 될 것입니다!",매주 수요·토요일/17시 30분~(토요일은 15시 30분~)/니시와세다 캠퍼스 옆 도야마 공원,없음,machine_translated,not_reviewed,
C0120,3467,d808191b51d78ee7,수중 클럽,스포츠(구기 종목 제외),수영,"다이빙을 평생의 취미로 삼아보지 않으시겠습니까?
/
/
/
/수중 클럽은 다이빙을 중심으로 오키나와, 오가사와라, 이즈 반도 등에서 활동하는 동아리입니다. 연 2회의 장기 합숙과 단기 합숙, 당일치기 다이빙이 주요 행사입니다. 남쪽 섬에서 오랜 시간 동료들과 함께 보내는 경험과 다이빙이라는 취미는 분명 평생의 보물이 될 것입니다! 함께 세계의 나머지 70%를 보러 가요.
/
/
/
/다이빙 외에도 각 멤버의 취향에 맞춰 아웃도어 활동을 하고 있어, 일 년 내내 질리지 않는 동아리입니다!
/
/
/
/★수중 클럽의 이 점이 대단하다★
/
/◎열정
/
/멤버 전원이 다이빙을 정말 좋아합니다. 일상적으로 다이빙을 하는 동아리입니다. 수중 카메라도 많아서 멋진 사진이 많이 남습니다! 강제 행사는 없고 인원은 적지만, 참여율이 높고 불참자도 없는 동아리입니다?
/
/
/
/◎안심
/
/수중 클럽은 창립 55년 차입니다. 수십 년간 이용해 온 샵이나 숙소, 다이빙 서비스가 많이 있습니다. 또한, 동아리에는 다이빙 경험이 풍부한 멤버들이 있어 안정적으로 운영되고 있습니다. 선배들이 든든하게 지원해 주니 초보자도 걱정 없습니다!
/
/
/
/◎알찬 활동
/
/매번 갈 섬을 다 같이 정하는 수중 클럽이라 활동 범위가 넓어 다양한 섬을 경험할 수 있습니다! 또한 가을과 봄에는 합숙도 있고, 당일치기 다이빙도 수시로 기획되고 있습니다. 다이빙 외에도 여행을 가거나 스키를 타는 등 멤버들 각자가 다이빙 동료들과 즐거운 시간을 보내고 있습니다. 부실도 있어서 캠퍼스 생활도 알차게!?",비정기적 / 오키나와·이즈 등 / 부실 있음,없음,machine_translated,not_reviewed,
C0121,3468,65e33af26be9ec0b,수영 동호회 (하야미카이),스포츠(구기 종목 제외),수영,"“하야미즈카이”라고 불리는 50년 이상의 역사를 가진 공인 수영 동아리입니다.
/
/
/
/연습은 주 3회, 도야마 캠퍼스의 타카이시 기념 수영장에서 진행합니다.
/
/
/
/전국 대회 경험자부터 초보자까지 폭넓게 활동하고 있으니 누구나 대환영입니다.
/
/
/
/오랜만에 수영하는 분이나 수영을 배우고 싶은 분도 꼭 하야미즈카이에 놀러 오세요.
/
/
/
/수영 경기뿐만 아니라 수구 활동도 있으니, 이에 관심이 있는 분들도 꼭 오세요.
/
/
/
/바비큐, 합숙, 장거리 수영 대회 등 다양한 이벤트도 예정되어 있으니 기대해 주세요.
/
/
/
/궁금한 점이나 질문이 있으시면 주저하지 말고 연락해 주세요.
/
/
/
/여러분을 만날 날을 고대하고 있습니다.",주 3회(요일 미정) / 2교시 / 타카이시 기념 수영장(토야마 캠퍼스),동아리 사이트 폐쇄,machine_translated,not_reviewed,
C0122,3471,9811b1872364fa64,와세다 대학 핀수영 팀 SIX BEAT,스포츠(구기 종목 제외),수영,"핀수영은 핀(발 지느러미)을 신고 기록을 겨루는 수중 경기입니다. SIX BEAT에는 초보자부터 일본 국가대표까지, 폭넓은 수준의 선수가 소속되어 있습니다. 수영 경력이 있는 분도, 전혀 수영을 해본 적이 없는 분도 대환영입니다. 평소 활동은 월요일~토요일 1교시 시간대에, 토야마 캠퍼스 내 타카이시 기념 수영장에서 연습하고 있습니다. 연습은 자유 참가이므로, 각자의 일정에 맞춰 활동할 수 있습니다.
/
/
/
/핀수영 대회에 출전하는 것 외에도, 여름 합숙이나 크리스마스 파티 등 즐거운 이벤트도 가득합니다!!
/
/
/
/꼭 인스타그램에서 SIXBEAT를 찾아와 주세요. 매니저도 대대적으로 모집 중입니다. 타카이시 기념 수영장에서의 견학은 언제든지 환영합니다!","매주 월요일~토요일 1교시, 타카이시 기념 수영장",없음,machine_translated,not_reviewed,
C0123,3534,48fe0fef83150313,와세다 산악 자전거 클럽 WFR (이공 산악 자전거부),스포츠(구기 종목 제외),사이클링,"활동 내용:
/
/WFR은 마운틴바이크(MTB)나 스노보드 등의 활동을 하는 공인 동아리입니다. 현재는 마운틴바이크 부문과 스노보드 부문, 두 부문이 존재하며, 두 부문 모두에 소속되어도 되고, 한 부문에만 소속되어도 괜찮습니다. 혼자서는 진입 장벽이 높은 MTB나 스노보드도 WFR에 소속되면, 시간이 허락하는 한 마음껏 즐길 수 있을 것입니다!!
/
/
/
/・MTB 부문
/
/MTB는 산길의 비포장 도로를 달리는 데 특화된 자전거를 사용하는 스포츠입니다. 그리고 WFR은 일본 유일의 MTB 동아리입니다. 우리는 관동 근교에 위치한 산길이나, 그린 시즌의 스키장에 설치된 MTB 코스를 자전거로 질주합니다. 오프로드 사이클링으로 목적지를 향하는 것부터, 키커에서 화려한 점프를 성공시키는 것까지, 폭넓은 즐거움을 체험할 수 있습니다!
/
/
/
/・스노보드 부문
/
/WFR의 스노보드 부문인 『WGTA(와세다대학 그라운드 트릭 협회)』는 그라운드 트릭에 특화된 스노보드 동아리입니다. 참고로, 그라운드 트릭이란 평범한 경사면에서 점프나 회전 같은 기술을 즐기는 라이딩 스타일입니다.저희는 ‘집에 틀어박혀’ 지낸다는 식으로 단독 주택을 빌려 연일 스노보드를 타기보다는, 단기간에 타러 가는 것을 주로 합니다. 따라서 바쁘신 분이나 봄방학에 빼놓을 수 없는 일정이 있는 분께는 WGTA를 추천합니다.
/
/관심 있는 분은 아래 URL을 통해 메시지로 그 뜻을 전해 주시기 바랍니다.","스키장(겨울, 그린 시즌 모두) 및 관동 근교의 산/주 1회",없음,machine_translated,not_reviewed,
C0124,3176,c582c695c69b76c3,사이클링 클럽,스포츠(구기 종목 제외),사이클링,"여러분은 '자전거로 여행한다'는 말을 듣고 어떤 이미지를 떠올리시나요? '재미있겠다'고 생각하는 분도 계실 테고, '힘들겠다', '체력적으로 버거울 것 같다'고 생각하는 분도 계실 겁니다. 확실히 며칠 동안 계속 자전거를 타는 것은 결코 쉬운 일이 아닙니다. 그럼에도 우리가 자전거를 타는 이유는, 동료들과 함께 완주했을 때의 기쁨이 그 무엇과도 바꿀 수 없는 것이기 때문입니다.그리고 합숙이나 당일치기 라이딩을 경험할 때마다, 또 새로운 목적지를 향해 페달을 밟고 싶어집니다. 우리와 함께 자전거 여행을 떠나보지 않으시겠습니까? 관심 있는 분은 부담 없이 E327 동아리실 문을 두드려 주세요. 또한, 홈페이지나 블로그, X, 인스타그램에서 우리 활동을 공개하고 있으니 꼭 확인해 주세요. 여러분과 함께 자전거를 타는 것을 부원 일동 기대하고 있습니다.",매주 수요일/16시 30분~/학생회관,없음,machine_translated,not_reviewed,
C0125,3186,a5fb685a801e05f8,원더 사이클링 동호회,스포츠(구기 종목 제외),사이클링,"주요 활동은 합숙으로, 여름과 봄의 장기 방학을 이용해 여름에는 홋카이도, 봄에는 시코쿠·규슈를 자전거로 캠핑 투어합니다. 합숙 기간은 일주일 정도이며, 인원이 많기 때문에 조를 나누어 행동하다가 캠핑장에서 합류합니다. 매일 조 편성을 바꿉니다.평소에는 매주 수요일 6교시 시간에 학생회관이나 교실에서 모임을 갖습니다. 모임에서는 합숙이나 다양한 이벤트에 대해 논의합니다. 이벤트로는 스포츠 행사, 크리스마스 파티, 월례 라이딩, 동문회 등이 있습니다. 또한 2014년도부터는 와세다 축제에 모의 점포를 운영하게 되었습니다. 이처럼 자전거 타기 이외의 활동도 많이 진행하고 있으며, 동아리원들이 항상 즐거워할 수 있도록 다양한 기획을 구상하고 있습니다.",매주 수요일/18시 15분/학생회관,없음,machine_translated,not_reviewed,
C0126,3177,ee39102d68d8ff43,산악 알코우회,스포츠(구기 종목 제외),아웃도어,"산악 알코우회는 와세다 대학 공인 등산 동아리입니다. 여름 장기 종주나 겨울 산 활동, 동아리 소유의 산장에서 열리는 이벤트를 중심으로 일 년 내내 활동하고 있습니다! 동아리의 메인 이벤트인 여름 합숙에서는 북알프스나 남알프스, 홋카이도나 시코쿠의 산을 10일 전후로 걸쳐 등반하러 갑니다.여름 합숙을 완주했을 때의 성취감은 말로 표현할 수 없을 정도입니다! 대학에서 등산을 시작한 사람이 70~80%를 차지하고 있으니, 대학에서 새로운 것을 시작하고 싶은 그대! 고등학교 산악부 출신인 그대! 여러분의 입회를 기다리고 있습니다.","수시, 학생회관 E413",없음,machine_translated,not_reviewed,
C0127,3193,0771684d2aae4cb3,낚시 동호회,스포츠(구기 종목 제외),아웃도어,"본 동아리는 와세다 대학 공인 동아리로, 그중에서도 실적이 인정된 동아리만 지정받는 ‘학생회’에 소속되어 있습니다. 입회비·연회비는 0엔! 학생회관 E306호실에 전용 부실도 완비되어 있습니다. 1954년에 창립되어, 와세다의 수많은 동아리 중에서도 손꼽히는 역사를 자랑합니다.창립 70주년을 맞이하여, 더욱더 ‘낚시’의 즐거움과 깊이를 추구하기 위해 활동하고 있습니다.
/
/
/
/평소에는 한 달에 한 번, 배나 방파제에서의 행사를 진행하는 것 외에도, 와세다 축제 부스 운영이나 동아리 전체가 참여하는 신입생 환영 합숙을 포함한 연수회(이즈·외딴 섬·관리 낚시터 등 다수의 실적 보유)가 있습니다. 자세한 활동 내용은 블로그를 참고해 주세요.또한, 휴일이나 수업이 끝난 후 자발적으로 모여 낚시를 가는 등, 낚시 친구를 사귀게 되면 지금까지보다 낚시의 폭이 넓어질 것이 틀림없습니다!
/
/
/
/초보자로서 아직 낚시를 해본 적이 전혀 없거나, 낚시에 관심은 있지만 시작하기 부담스럽거나 지식이 없어 망설이고 계신 분이라도 선배들이 장보기부터 실제 낚시에 이르기까지 친절히 지도해 드리니, 부담 없이 상담해 주십시오.또한, 외방파제나 외딴 섬, 바위 갯바위 등에서의 낚시 기획도 있어 베테랑이나 경력이 긴 분들도 즐기실 수 있습니다! 또한, 낚시 외에도 회식, 바비큐 등 이벤트도 진행하고 있습니다. 연중 입회를 받고 있으니, 관심 있으신 분이나 상담해 보고 싶으신 분은 X(트위터)로 꼭 연락해 주세요! 기다리고 있겠습니다!",수시/학생회관 E306·물고기가 있는 곳이라면 어디든,없음,machine_translated,not_reviewed,
C0128,3182,f8c0d58c2e6abdf9,산악회,스포츠(구기 종목 제외),아웃도어,"산악회는 와세다 대학 전체의 등산 동아리입니다. 여름에는 일본 알프스 텐트 종주나 계곡 등반, 암벽 등반을, 겨울에는 설산 등반이나 스키를 즐기며, 일 년 내내 다양한 형태의 등산 활동을 하고 있습니다. 각 활동은 강제 참여가 아니므로, 하이킹이나 여름 산 종주만 참여해도 됩니다.위험을 수반하는 활동에서는 경험이 풍부한 선배와 동문들이 지도합니다. 고가의 등산 장비 등은 동문들의 자금 지원으로 마련된 대여용 장비를 학생회관에 있는 부실에 비치해 두고 있습니다. 산에서의 활동 일정은 주말이나 장기 방학에만 진행되므로, 수업이나 아르바이트 등으로 바쁜 사람도 참여할 수 있습니다. 또한 평일에는 산에 관한 강습회나 클라이밍 짐에서의 훈련 등도 진행하고 있습니다. 또한, 회원 중 대학에서 등산을 시작한 사람이 많으므로 초보자도 경험자도 대환영입니다.2학년 이상부터의 참여도 환영합니다. 회식은 자주 하지 않기 때문에 술을 좋아하지 않는 분도 안심하고 참여하실 수 있습니다. 등산에 관심 있는 분들은 꼭 참여해 주세요!",토·일·수시/산·학생회관 3층 E338,없음,machine_translated,not_reviewed,
C0129,3072,b0f20b064ff504c2,로버스,스포츠(구기 종목 제외),아웃도어,"저희 와세다 로버스(보이스카우트 신주쿠 제2단)는 현재 27명의 부원(타 대학 포함)과 함께 활동하고 있습니다. 연중 캠프나 오버나이트 하이킹, 스키 합숙과 같은 아웃도어 활동 외에도, 신주쿠를 중심으로 한 지역 봉사 활동(도쿄 마라톤, 스미다강 불꽃놀이 봉사, 메이지 신궁 모닥불 봉사 등)에 참여하고 있습니다.와세다 유일의 보이 스카우트 동아리로서, 동년배 스카우트들과의 교류도 적극적으로 실시하고 있습니다. 경험 유무는 불문하며, 대학에서 시작하려고 생각하시는 분이나 타 대학 학생도 대환영입니다! 조금이라도 관심이 있으신 분은 Instagram·Twitter 등을 통해 연락해 주세요!",활동에 따라 다름,동아리 사이트 폐쇄,machine_translated,not_reviewed,
C0130,3179,7ec80b49282ecc0a,여행 동아리,스포츠(구기 종목 제외),아웃도어,"여행 동아리는 2023년으로 64주년을 맞이하는 와세다 대학 전체의 여행 동아리입니다. 대학생인 지금만이 할 수 있는 여행을 목표로 일본 전국의 다양한 장소로 여행을 떠납니다. 여러 번 함께 여행을 다니다 보니 생겨나는 특별한 동료들이 있습니다. 한 달에서 두 달에 한 번씩 여행을 떠나지만 기본적으로 참여는 자유입니다! 대학 생활을 후회하고 싶지 않다! 진정한 친구를 만들고 싶다! 그런 여행을 좋아하는, 아웃도어를 좋아하는 여러분을 기다리고 있습니다!!",불규칙. 학생회관 E324에 부실 있음.,없음,machine_translated,not_reviewed,
C0131,3175,ba05f804983264e5,가쿠분카이,스포츠(구기 종목 제외),아웃도어,"악문회는 등산을 중심으로 활동하는 아웃도어 동아리입니다. 체력에 자신이 없는 초보자나 여성도 괜찮습니다! 봄부터 여름을 향해 바비큐나 캠핑 등 간단한 아웃도어 활동으로 시작해, 점차 1000m급 낮은 산 하이킹에서 2000m급 본격적인 여름 산 등산으로 단계적으로 수준을 높여 몸을 적응시켜 나갑니다.주요 행사는 매년 8월 하순에 3,000m 이상의 산들이 이어지는 북알프스를 종주하는 여름 합숙입니다. 또한 그 외에도 오키나와 여행이나 스키 합숙 등, 일 년 내내 다양한 아웃도어 활동을 진행하고 있습니다. 가쿠분회에는 현재 100명 이상이 소속되어 있지만, 매달 진행되는 행사를 통해 친해질 수 있기 때문에 동아리원의 얼굴과 이름을 모르는 일은 거의 없습니다. 학생회관 E303의 동아리실에는 항상 많은 동아리원이 있어, 함께 식사하러 가거나 놀러 다니기도 합니다.또한 매주 금요일 6교시(18:15~)에 학생회관에서 열리는 정례회에서는 동아리 회원들이 한자리에 모이기 때문에, 멤버 전원과 깊이 교류할 수 있다는 점도 빼놓을 수 없는 매력입니다! 인원은 많지만 회원들끼리 사이가 좋고, 가족 같은 분위기의 동아리입니다. 와세다 학생뿐만 아니라 타 대학 학생들도 참여하고 있으니, 부담 없이 들러 보세요! 매주 금요일 6교시(18:15~)",매주 금요일 6교시(18:15~)/학생회관,없음,machine_translated,not_reviewed,
C0132,3173,b79c0f20916759e3,보행회,스포츠(구기 종목 제외),아웃도어,"보행회에서는 등산이나 길 걷기를 비롯해 차이나타운이나 가마쿠라로 가볍게 나들이를 떠나는 거리 산책, 자전거 행사 등 다양한 행사를 진행하고 있습니다. 동아리 회원 대부분은 등산 등의 경험이 없는 초보자입니다. 보행회에서는 전국 각지를 방문하여 그 지역의 맛있는 음식을 맛보고 현지 분들과 친해질 수 있는 등 매우 좋은 경험을 할 수 있는 동아리입니다. 동아리 회원들 간의 유대도 깊어 아웃도어 활동을 할 수 없는 겨울철에는 주에 몇 번씩 술자리를 갖거나 부실에서 놀기도 합니다.",토·일,없음,machine_translated,not_reviewed,
C0133,3095,583d80cc4c5ec7a2,명소·고적 연구회,스포츠(구기 종목 제외),아웃도어,"명소고적연구회(메이코켄)는 설립된 지 반세기 이상의 역사를 가진 공인 여행 동아리입니다. 메이코켄의 활동은 크게 합숙, 정례회, 개인 기획의 세 가지로 나뉩니다.
메이코켄의 주요 행사인 합숙에서는 일본 전국을 여행합니다. 연간 최대 6회의 합숙이 있으며, 참여는 모두 자유입니다.여름방학 합숙에서는 홋카이도·주고쿠·시코쿠·규슈를 순환하며 여행하고, 3년 동안 일본 일주하는 것을 목표로 합니다. 봄방학 합숙에서는 교토를 중심으로 간사이 지역을 둘러봅니다. 이 외에도 1박 2일 같은 단기 합숙이 있어 간토 근교를 방문합니다.
정례회는 수업 기간 중 매주 화요일과 목요일에 개최합니다. 자신이 좋아하는 주제에 대해 이야기하거나 게임을 즐기기도 합니다. 항상 편안하고 여유로운 분위기입니다.화요일이나 목요일 중 한 번씩 주 1회 참여하는 회원이 많으며, 참여 빈도는 자유롭습니다. 참여할수록 서로를 더 잘 알게 되고, 유대감을 깊게 하는 계기가 되기도 합니다.
개인 기획은 회원이 하고 싶은 것을 자유롭게 기획하여 모두 함께 즐기는 활동입니다. 미스터리 풀기나 바비큐, 드라이브와 같은 당일치기 기획이 많으며, 합숙에 이어 메이코켄의 중요한 활동입니다.
메이코켄은 오랜 역사를 가지고 있지만, 그 형태는 계속 변화하고 있으며 자유도가 매우 높은 동아리입니다. 무엇보다도 느긋하고 여유로운 분위기입니다. 다른 동아리와 병행하기도 쉽습니다. 여행을 좋아하는 분은 물론, 앞으로 여행을 많이 하고 싶은 분도 꼭 오세요! 최고의 동료들과 함께 여행을 떠나 봅시다!",매주 화요일·목요일/18:00~20:00/학생회관,없음,machine_translated,not_reviewed,
C0134,3185,b6ca91c470d54723,등보의 모임,스포츠(구기 종목 제외),아웃도어,"등보의 모임에서는 주말과 장기 방학을 중심으로 등산을 하고 있습니다! 당일치기 등산부터 1박 2일 텐트 숙박, 여름 합숙까지 폭넓은 산행을 실시하고 있습니다. 대학에서 등산을 시작한 동아리원도 많으므로 초보자 대환영입니다! 여름 합숙에서 북알프스 등정을 목표로 동료들과 함께 실력을 키워 나갑니다. 등정의 성취감, 최고의 경치, 다 함께 만드는 밥, … 평생의 추억을 등보의 모임 동료들과 함께 만들어 봅시다!대학 간 동아리이기 때문에 타 대학에서도 다양한 동아리원이 모여 있습니다. 등산 동아리치고는 드물게 여성 비율도 높으니 부담 없이 와 보세요. 또한 섬 여행이나 스키 합숙 등, 등산 이외의 기획도 알차게 준비되어 있습니다. 등보에 가입하면 최고의 청춘을 보낼 수 있을 거예요! 활동 모습은 꼭 SNS에서 확인해 주세요. 신입생 환영 행사는 ZOOM 설명회와 환영 하이킹을 예정하고 있습니다. 입회는 환영 행사 참가자 한정이니 여러분의 참여를 기다리고 있습니다!!!","토·일·공휴일 수시, 자유 참가, 관동 근교 및 일본 알프스 산악 지대",없음,machine_translated,not_reviewed,
C0135,3184,13b1932a89bd0f23,산장 연구회,스포츠(구기 종목 제외),아웃도어,"안녕하세요!! 와세다 산장 연구회입니다!! 통칭 '야마켄'이라 불리며, 등산을 중심으로 활동하는 아웃도어 동아리입니다. 와세다 대학 공인 동아리이며, 1969년 창설 이후 올해로 57주년을 맞이합니다. 산연 멤버는 등산 초보자가 대부분!! 고등학교 때까지 전혀 다른 일을 해온 개성 넘치는 동료들과 협력하여 등산을 즐겨봅시다!!봄, 여름, 가을에 합동 합숙이 있어 동아리 멤버들과 함께 등산을 다녀옵니다. 일 년 내내 다양한 이벤트도 알차게 준비되어 있습니다! 또한, 동아리에서 소유하고 있는 산장이 있어 일 년에 몇 번씩 놀러 갑니다. 겨울 산은 위험하므로 등반하지 않습니다. 대신 겨울철에는 스키 합숙 등 레크리에이션 활동이 알차게 준비되어 있습니다!! 대학에 들어와 새로운 것을 해보고 싶은 분들에게 추천합니다! 물론 등산 경험자도 대환영입니다. 적당히 등산하고, 적당히 놀고. 여러분의 제2의 고향이 되기를 바랍니다!",매주 금요일/18:00/플란탄(본교 캠퍼스 근처 카페),없음,machine_translated,not_reviewed,
C0136,3537,f58c27505cf9e4fa,Trial and Error Association (T.E.A.),스포츠(구기 종목 제외),아웃도어,"【기본적인 활동에 대해】
당일치기 등산을 기본으로 하며, 여름 합숙 때는 숙박을 동반한 등산을 가기도 합니다. 그 외에도 바비큐나 스키 합숙 등 다양한 아웃도어 활동을 하고 있습니다! 회원의 제안을 바탕으로 활동 내용을 결정하므로, 당신이 오르고 싶은 산, 가고 싶은 장소, 하고 싶은 활동을 실현해 드립니다!
【활동 빈도】
활동 빈도는 월 3회 등산, 월 1회 이벤트의 비율로 진행합니다.또한, 강제 참가 활동 등은 없으며 매월 활동하고 싶은 날에 투표하는 방식으로 자유롭게 참여할 수 있습니다!
【구성 멤버】
또한, T.E.A.는 와세다대학·호세이대학·일본여자대학을 중심으로 한 학생들로 구성되어 있으므로, 다양한 대학의 사람들과 교류할 수 있습니다.
현역생 중에서도 대학에서 등산을 시작한 사람이 많으며, 자연을 좋아하는 분이라면 경험 유무에 관계없이 대환영입니다!
2학년 이상부터의 가입도 환영합니다.
【활동 실적 (2025년도)】
4월: 타카오산, 진바산
5월: 야마노테선 일주, 타카오산, 도민노모리, 오다케산
6월: 지치부 관광, 니시자와 계곡 하이킹, 총회
7월: 히우가산, 바비큐
8월: 여름 합숙 (알펜 루트), 수박 깨기 대회, 닛코 시라네산, 하노 하이킹
9월: 도민노모리, 케이신산, 운동회
10월: 진마산, 할로윈 파티
11월: 츠쿠바산, 하코네 관광
12월: 크리스마스 파티, 송년회
1월: 새해 첫 참배
2월: 스키 합숙, 스케이트 대회
3월: 유가와라 관광, 벚꽃 구경
【기타】
조금이라도 관심이 있으시다면, 인스타그램이나 공식 LINE으로 연락 주세요!",매주 일요일/간토 근교의 산,없음,machine_translated,not_reviewed,
C0137,3178,0ea09bc1408d7f1d,세계여행연구회,스포츠(구기 종목 제외),아웃도어,혼자 여행 동아리 '세트켄'! 배낭을 메고 전 세계를 혼자 여행! 귀국 후 보고회를 중심으로 활동하고 있습니다.,정보 없음,없음,machine_translated,not_reviewed,
C0138,3180,2fdca2ca5b7342a8,탐험부,스포츠(구기 종목 제외),아웃도어,"전 세계의 미지의 세계를 찾아 탐험하고 있습니다. 학기 중에는 주말에 활동을 하고, 방학 중에는 장기 원정을 떠납니다.",정보 없음,없음,machine_translated,not_reviewed,
C0139,3181,dd82a3ee6088c645,나베의 모임,스포츠(구기 종목 제외),아웃도어,도쿄 근교의 공원에서 야생초 요리 등의 아웃도어 활동을 하는 동아리입니다. 항상 느긋하고 즐겁게 활동하고 있습니다!,정보 없음,없음,machine_translated,not_reviewed,
C0140,3481,960757d26afe05ee,와세다 대학 수상스키부,스포츠(구기 종목 제외),기타 스포츠,"【신입부원 모집 중!】 1954년 창부된 전통을 자랑하는 와세다 대학 수상스키부입니다. 대학에서 무언가를 시작하고 싶은 분, 일본 1위를 목표로 하고 싶은 분, 동아리가 잘 맞지 않는 분, 누구든지 환영합니다. 마지막 청춘을 수상스키에 걸어보지 않으시겠습니까?",매주 토·일요일 / 도네강,없음,machine_translated,not_reviewed,
C0141,3195,68a22e9595ffc725,바벨 클럽,스포츠(구기 종목 제외),기타 스포츠,"바벨 클럽은 와세다 대학 유일의 트레이닝 동아리입니다. 2016년에 창립 54주년을 맞이합니다. 기본적인 활동은 트레이닝 그 자체입니다. 하지만 동아리로서 정해진 트레이닝 날짜는 없습니다.부원들은 모두 수업 사이 등의 여유 시간에 부실에 들러 준비를 마친 뒤 트레이닝 센터로 향합니다. 트레이닝 센터에서는 다른 부원들과 협력하며 스스로 정한 훈련을 수행합니다. 또한 단순히 몸을 단련하는 것뿐만 아니라, 부원들은 보디빌딩이나 파워리프팅 등의 경기를 하나의 목표로 삼고 있습니다. 와세다 축제에서는 ‘미스터 와세다’라는 보디빌딩 대회도 개최하고 있습니다.
/
/부원이 되면 트레이닝 센터의 기구뿐만 아니라 바벨 클럽 전용 트레이닝 머신 등을 사용할 수도 있습니다.
/
/공식 행사로는 5월에 파워리프팅 대회, 6월경에 OB 총회, 8월에 여름 합숙 및 송년회, 10월에 보디빌딩 대회, 11월에 와세다 축제에서의 미스터 와세다, 12월에 송년회, 3월에 졸업생 환송회 등이 있습니다.",지정 없음／학생회관 B2 트레이닝 센터,없음,machine_translated,not_reviewed,
C0142,3514,c94e40a4d0fe4b24,와세다대학 이공학부 조정부,스포츠(구기 종목 제외),기타 스포츠,"저희 이공학부 조정부는 수업과 보트 활동을 병행하는 것을 목표로 활동하고 있습니다. 바쁜 이공학부 학생들도 수업 틈틈이 모여 연습하고 있습니다(인문계 학생도 대환영! 인문계 부원도 10명 정도 활약하고 있습니다). 대학 일본 제일을 목표로 진지하게 도전하는 부원부터 주 1회 정도로 보트를 즐기는 부원까지 폭넓게 소속되어 있습니다. 봄에는 스미다강에서 개최되는 와세다·게이오 레가타에도 출전합니다.큰 환호 속에서 도쿄 스카이트리 옆을 저어 나갑니다. 평생 잊지 못할 추억이 될 것임에 틀림없습니다. 이처럼 큰 대회에도 출전하는 선수 중 90% 이상은 대학에서 보트를 시작했습니다. 감독과 선배들이 꼼꼼하게 지도해 주므로 노를 잡아본 적이 없는 사람도 실력을 키울 수 있습니다.대학에서 시작해 와세다-게이오전에 출전할 수 있는 동아리는 아마도 이공학부 조정부뿐일 것입니다. 새로운 것에 도전하고 싶은 분, 와세다-게이오전에 출전하고 싶은 분, 학업과 병행하며 스포츠를 즐기고 싶은 분은 꼭 이공학부 조정부로 오세요!
/
/
/
/",매주 수요·금요일/18시 15분~/이공 캠퍼스 51호관 지하,없음,machine_translated,not_reviewed,
C0143,3194,cd90ae351d8f14c9,트램펄린 동호회,스포츠(구기 종목 제외),기타 스포츠,"스포츠로서의 이미지는 별로 없을지 모르지만, 트램펄린은 하계 올림픽 정식 종목입니다. 자신의 몸 하나로 더 높이, 더 아름답게 뛰는 것을 목표로 합니다. 부원 대부분은 초보자에서 시작하므로, 진입 장벽이 높을 것 같다고 생각하시는 분들도 안심하셔도 됩니다. 처음에는 똑바로 점프하는 연습부터 시작하지만, 선생님의 지도 아래 1년 정도 연습을 계속하면 공중제비도 꿈이 아닙니다.꾸준히 연습하면 1학년이라도 유서 깊은 전국 대학 선수권 대회나 와세다·게이오 대항전에 출전할 수 있습니다. 들어갈 동아리를 찾지 못한 분, 체육회에는 들어갈 수 없지만 진지하게 스포츠를 하고 싶은 분, 뭔가 새로운 것을 시작하고 싶은 분, 겸부할 곳을 찾는 분, 누구든 대환영입니다! 트램펄린을 타고, 남들과는 조금 다른 대학 생활을 보내보지 않으시겠습니까?","매주 월·수 17~20시, 토 13시~16시 / 도코로자와 스포츠 홀 2",없음,machine_translated,not_reviewed,
C0144,3562,daf93e7a5f11abd2,트램펄린 동호회,스포츠(구기 종목 제외),기타 스포츠,정보 없음,"매주 월·수요일/17:00~20:00, 토요일/13:00~16:00/도코로자와 스포츠 홀 2",없음,machine_translated,not_reviewed,
C0145,3200,f4998247c9a95284,육상경기 동호회,스포츠(구기 종목 제외),기타 스포츠,"육상경기 동호회는 초보자부터 전국 대회 출전자가 소속된 회원 수 150명을 넘는 와세다 대학 유일의 공인 육상경기 동아리입니다. 와세다 대학 학생은 물론, 타 대학 학생도 다수 재적하고 있습니다. 관동 선수권이나 일본 선수권을 목표로 매일 연습에 매진하는 경기 지향적인 사람부터, 자신의 페이스로 조깅을 하는 사람 등 다양한 사람들이 있습니다. 육상, 마라톤 등을 통해 회원끼리 교류하고, 또한 개인의 경기력 향상을 목적으로 한 활동을 하고 있습니다.매주 월요일·수요일·금요일의 연습과 월 1회의 연습회를 중심으로, 개별 대회 출전뿐만 아니라 가을에 열리는 클럽 대항전이나 겨울의 클럽 대항 릴레이 등에도 단체로 출전합니다. 또한 여름에는 와세다 동 기록회, 가을에는 와세다 동 도전회라는 육상 대회를 주최합니다. 봄과 여름에는 ‘중장거리 합숙’이나 ‘스프린트 합숙’ 등 블록별 합숙을 비롯해 총 7회의 합숙이 진행됩니다.",매주 월요일·수요일·화요일/17:30/오다 필드 등,동아리 사이트 폐쇄,machine_translated,not_reviewed,
C0146,3559,6518e012b12d6bff,와세다 대학 육상 경기 동호회,스포츠(구기 종목 제외),기타 스포츠,"와세다 대학 육상 경기 동호회는 초보자부터 경험자까지 소속된 와세다 대학 유일의 공인 동아리입니다. 육상 경기, 마라톤 등을 통해 회원 간의 교류를 도모하고, 개인의 경기력 향상을 목표로 활동하고 있습니다. 와세다 대학 학생은 물론, 타 대학 학생도 많이 재적하고 있습니다. 관동 선수권 대회나 일본 선수권 대회를 비롯한 큰 대회를 목표로 매일 연습에 매진하는 경기 지향적인 사람부터 자신의 페이스로 조깅하는 사람 등 다양한 사람들이 있습니다.매주 연습과 월 1회 연습회를 중심으로, 개별 대회 출전 및 가을에 열리는 대항전에 단체로 출전합니다. 여름에는 ‘와세다 대학 육상 경기 동호회 기록회’, 가을에는 ‘와세다 대학 육상 경기 동호회 도전회’라는 연 2회의 주최 대회도 개최합니다. 연간 블록별로 다양한 합숙이 진행되며 총 7회 실시됩니다.",매주 월요일/16시~/도코로자와 캠퍼스 육상경기장,없음,machine_translated,not_reviewed,
C0147,3470,a418df597d5784da,스쿠버다이빙 팀 안코,스포츠(구기 종목 제외),기타 스포츠,"와세다 대학 공인 스쿠버 다이빙 동아리입니다! 여름방학에는 하치조지마, 오가사와라 제도에서 장기 합숙을 진행합니다! 아름다운 바다 속에서 즐기는 다이빙은 많은 대학생들이 모르는 세계입니다. 일상생활에서는 맛볼 수 없는 경험을 해보고 싶지 않으신가요?또한, 안코우의 즐거움은 다이빙뿐만이 아닙니다! 드라이브도, 수박 깨기도, 용기 시험도, 바비큐도! 여름다운 활동은 전부 다 합니다! 그리고 때로는 아름다운 석양을 바라보거나, 별이 가득한 밤하늘 아래에서 이야기를 나누기도 합니다. 안코우는 인생 마지막 여름방학을 전력으로 즐길 수 있는 동아리입니다!",별도 없음,없음,machine_translated,not_reviewed,
C0148,3174,25a49a14a1f892b7,오리엔티어링 클럽,스포츠(구기 종목 제외),기타 스포츠,"오리엔티어링은 북유럽에서 시작된 ‘지력’ × ‘달리기 실력’의 스포츠입니다. 숲속에서 지도를 읽고, 정보를 선별하여 내비게이션을 수행하며 설정된 코스를 완주하는 데 걸리는 시간을 겨룹니다. 단순히 발이 빠르기만 해서는 정상에 설 수 없으며, 발이 빠르지 않아도 이길 수 있는 깊은 매력이 있습니다.저희 오리엔티어링 클럽, 통칭 OC는 그런 오리엔티어링에 도전하며, 아웃도어를 즐기는 사람부터 일본 대표로 세계에서 싸우는 사람까지 함께 즐겁게 오리엔티어링에 임하고 있습니다. 평소 활동으로는 러닝이나 지도 읽기 강습 같은 활동을 하고, 주말에는 밖으로 나가 오리엔티어링을 합니다.경기 특성상 숲 등에서 진행하는 경우가 많아 여행을 겸해 원정을 가는 일도 많은 것이 특징이며, 아웃도어나 여행을 좋아하는 분들에게는 안성맞춤입니다! 안타깝게도 마이너 스포츠로 분류되어 와세다를 넘어 전국 각지의 대학생들과 활동하는 경우도 많아, 오리엔티어링을 통해 전국 각지에 친구를 사귈 수 있습니다. 대학에서 새로운 스포츠를 시작하고 싶다! 지도, 여행, 아웃도어를 좋아한다! 세계를 목표로 해보고 싶다! 하는 모험심과 호기심, 도전 정신을 가진 여러분을 기다리고 있습니다!","매주 월~금요일/18시 30분/학생회관 주말/전국 각지의 숲, 산, 공원",없음,machine_translated,not_reviewed,
C0149,3776,4c7a8054014bf7a6,잠수회,스포츠(구기 종목 제외),기타 스포츠,"【잠수회의 기본 정보】
/
/・남자는 올 와세다, 여자는 인카레
/
/・매년 신입생 10명까지 모집 (안전상의 관점에서)
/
/・활동은 모두 자유 참가!
/
/
/
/【활동 내용】
/
/4월　신입생 환영 캠프
/
/5월　라이선스 합숙
/
/6월　여름 당일치기
/
/8월 상순　여름 오시마
/
/8월 중·하순　오키나와 합숙 (격년으로 이리오모테섬과 자마미섬으로)
/
/9월　가을 오시마
/
/10월　가을 당일치기
/
/11월　하치조지마 은퇴 합숙
/
/3월　오가사와라 제도
/
/또한, 다이빙 활동이 없는 겨울에도 크리스마스 파티나 동기들과 함께하는 디즈니 여행 등 다이빙 이외의 활동도 알차게 준비되어 있습니다!
/
/
/
/【잠수회의 장점】
/
/◎안심·안전
/
/잠수회에서는 셀프 다이빙과 가이드 다이빙, 두 가지 유형을 진행합니다. 오키나와나 오가사와라에서는 가이드 다이빙을 진행하며, 오랫동안 신세를 지고 있는 샵에 부탁하고 있습니다.
/
/셀프 다이빙에서는 안전성을 확보하기 위해 반드시 간부 대에 프로 라이선스를 소지한 다이버가 있으며, 레스큐 다이버 자격증 소지자도 다수 재적하고 있습니다.
/
/
/
/◎자유
/
/잠수회는 모든 활동이 자유 참가입니다. 그래서 모두 자신의 경제 사정도 고려하면서 “자유롭게” 다이빙 라이프를 즐기고 있습니다!
/
/
/
/◎전통·문화
/
/잠수회에는 대대로 이어져 내려오는 ‘문화’가 많이 있습니다.
/
/섬에서 추천하는 카페, 석양이나 별이 보이는 절경 명소, 잠수 송 등. 자세한 내용은 가입하고 나서의 즐거움!
/
/
/
/잠수회는 대학 생활의 모든 것을 바쳐도 좋을 만큼 최고의 장소입니다. 여러분의 지원을 진심으로 기다리고 있습니다.","다이빙은 비정기적(자세한 내용은 위 참조)
/
/
/
/평소에는 와세다 캠퍼스 15호관 라운지가 모임 장소가 되어 자주 다 같이 수다를 떨고 있습니다.",없음,machine_translated,not_reviewed,
C0150,3479,52c08c69600570e1,행글라이딩·패러글라이딩 클럽,스포츠(구기 종목 제외),기타 스포츠,"도시의 소란을 벗어나, 고요한 하늘에서 새와 함께 날아보는 건 어떨까요? 활동 장소는 이바라키현 이시오카시 아시오산입니다. 주로 주말에 활동하지만, 참여 빈도는 사람마다 다릅니다. 활동 장소인 아시오산에서는 와세다대학뿐만 아니라 도쿄대학, 도쿄공업대학, 게이오대학, 릿쿄대학 등 10개 이상의 대학과도 교류하고 있습니다(이 동아리 자체도 대학 간 교류 동아리입니다). 하늘을 나는 것은 이제 학생들도 부담 없이 즐길 수 있는 스포츠입니다. 처음에는 경사면에서 떠 있는 연습을 하고, 경험을 쌓으면 산 정상에서 날 수 있습니다. 날면 날수록 더 멀리, 더 오랫동안 날 수 있으며, 본 적 없는 풍경을 감상할 수 있습니다. 장기 방학 때는 다른 지역(후쿠오카, 니가타, 시즈오카, 홋카이도 등)으로도 갑니다. 그 외에도 봄·여름 합숙이나 할로윈 파티, 크리스마스 파티도 합니다!!",수시/부실,없음,machine_translated,not_reviewed,
C0151,3476,9f08ed9ba43b7cb7,라이프세이빙 클럽 (W.L.S.C.),스포츠(구기 종목 제외),기타 스포츠,"라이프세이빙이란 주로 물가에서 발생하는 사고를 미연에 방지하는 활동입니다. 여름철에는 주로 해수욕장 감시 활동을 하고 있습니다. 비수기에는 바다에서 훈련을 하거나 서핑을 즐기기도 하며, 매주 대학 수영장이나 주변에서 수영장 연습, 육상 훈련을 하고 있습니다.
/
/
/
/라이프세이빙에는 경기 종목도 있습니다. 대학 대항전이나 전일본 선수권 대회도 물론 있습니다.2023년도에는 대학 대항전에서 2위를 차지했습니다. 또한, 라이프세이빙 보급 활동의 일환으로 초등학생을 대상으로 바다 안전 교실을 진행하기도 합니다. 구명·스포츠·교육·환경·복지, 이 다섯 가지가 어우러진 것이 바로 라이프세이빙입니다. 많은 사람이 대학에서 시작합니다. 대학에 들어와 새로운 것에 도전해 보고 싶은 분, 타인을 돕는 유일한 스포츠인 라이프세이빙을 꼭 시작해 보시지 않겠습니까? 대학생이기에 할 수 있는 일들로 가득 찬 동아리입니다. 여러분을 기다리고 있습니다!","매주 화요일/5~6교시/대학 주변, 학생회관
/
/매주 목요일·금요일/1교시/타카이시 기념 수영장
/
/매주 토·일/낮 시간대/각 해수욕장",없음,machine_translated,not_reviewed,
C0152,3197,58b67a83a6ffc704,트라이애슬론 팀 노스웨스트,스포츠(구기 종목 제외),기타 스포츠,"노스웨스트는 와세다 대학 유일의 트라이애슬론 동아리입니다! 트라이애슬론이란 수영(Swim), 자전거(Bike), 달리기(Run)의 3종목을 연속으로 수행하는 스포츠입니다. 수영부나 육상부뿐만 아니라 축구부나 야구부 등 출신 종목은 다양합니다. 고등학교 시절 귀가부나 문화부 소속이었던 학생들도 트라이애슬론을 완주하고 있습니다! 골인 후의 성취감은 말로 다 표현할 수 없을 정도입니다!
/
/또한 노스는 전국 대학 동아리이므로 와세다 대학 이외의 대학생도 소속되어 있습니다! 매니저 분들도 대환영입니다!
/
/트라이애슬론이라고 하면 힘든 스포츠라고 생각하기 쉽지만, 1시간 정도면 완주할 수 있는 거리도 있습니다. 다양한 지역에서 열리는 레이스에 여행이나 관광을 겸해 즐기는 트라이애슬론도 추천합니다! 또한 수영이나 자전거 로드 레이스, 마라톤 등 트라이애슬론 이외의 대회에 출전하는 학생도 있습니다! 즐기는 방법은 여러분에게 달려 있습니다!
/
/노스의 장점은 자유롭고 밝은 분위기입니다!일본 선수권 대회에 출전하는 사람이나 전국 대학 대회에서 입상하는 사람부터 완주만 목표로 하는 사람까지 다양한 구성원이 있지만, 모두가 ‘지금이 아니면 안 돼!’라는 슬로건 아래, 언제 가도 사이좋게 활동하고 있습니다! 대학 4년 동안 동아리 활동 외에도 공부나 아르바이트, 유학 등 하고 싶은 일과 병행할 수도 있습니다! 동아리이기 때문에 연습도 자유 참가입니다! 모처럼의 대학 4년, 알찬 학생 생활을 위해 노스를 선택해 보시는 건 어떨까요? 여러분의 연락을 기다리고 있습니다!",수영 연습: 매주 화요일·목요일 20시~22시 @올림픽 센터 / 자전거 연습: 매주 일요일(·토요일) 9시~11시 @사이코·타마 / 달리기 연습: 매주 수요일 18시~20시(·토요일 9시~11시) @요요기 공원 육상 경기장·제미산 운동장,없음,machine_translated,not_reviewed,
C0153,3201,b1a33c322531071c,얼티밋부 소닉스,스포츠(구기 종목 제외),기타 스포츠,"창단 1992년 / 학생회 승격 2013년
【종목의 매력】
얼티밋은 개인의 신체 능력과 집단의 전술이 요구되는 경기 스포츠로, 고등학교까지의 운동 경험을 마음껏 발휘할 수 있습니다. 한편, 일본에서는 대부분의 선수가 대학 입학 후에 시작하는 점도 큰 매력입니다. 본부는 남녀 모두 U-24 일본 국가대표 선수를 다수 배출하고 있으며, 대학 졸업 후에도 A대표팀이나 실업단, 미국 프로 리그에서 경기를 계속하는 이들도 드물지 않습니다.
【우리 부의 매력】
남자부는 전일본 대학 선수권 4연패, 여자부는 3위·4위 입상 각 3회를 기록한 강호입니다. 부원들끼리 수차례 논의하며 학생 주도로 전술과 연습 방법을 결정하고 있으며, 이러한 조직 문화가 지금의 ‘강한 와세다’로 이어지고 있습니다.유학을 가는 부원도 많으며, 과거에는 유학 중인 국가에서 국가대표로 선발된 부원도 있는 등 개성과 다양성을 중시하는 것도 특징입니다. 또한, 동문회가 일반사단법인인 만큼 각 세대의 동문들이 제공하는 취업 지도는 체계적이고 친절하며 세심합니다. 매년 종합상사, 개발사, 메가뱅크, 전략 컨설팅 회사, TV 방송국, 광고 대행사 등에 많은 졸업생이 취업하고 있습니다.그 밖에도 관공서·공공기관이나 대학 교수(선진이공학부 후루이 켄지 교수는 본부 동문), 변호사, 공인회계사, 세무사 시험 합격자도 다수 있습니다. 다양한 지원을 받으며 경기에 집중할 수 있는 환경이 본부에 갖춰져 있습니다.
분명히 알찬 4년이 기다리고 있습니다. 함께 일본 제일을 목표로 합시다!","【수업 기간 중】
화·목: 대학 인근 운동장 (8:30~)
토·일: 코이와 에도가와 강변 (9:00~15:00)
【장기 방학 기간 중】
화·수·토·일: 코이와 에도가와 강변 (종일 또는 반일 연습)
【기타】
수시 미팅",없음,machine_translated,not_reviewed,
C0154,3477,d4ffd8c533c6862b,와세다 대학 치어리더즈 FALCONS,스포츠(구기 종목 제외),기타 스포츠,"연 3회의 대회를 중심으로 활동하고 있습니다.
/
/와세다 축제 등의 이벤트나 농구, 축구 응원에도 도전 중!
/
/앞으로 팔콘즈를 이끌어갈 경험자 여러분도, 치어리딩은 해본 적 없는 초보자 여러분도 대환영! 운동 신경이 없어도 몸이 뻣뻣해도 의지와 미소만 있다면 괜찮아요!
/
/팔콘즈에서, 대체할 수 없는 동료들과 최고의 추억을 만들어 보지 않으시겠어요?
/
/
/
/",매주 화·목·토·일요일 / 9시~ 또는 18시~ / 와세다 아레나 또는 수도권 체육관,없음,machine_translated,not_reviewed,
C0155,3564,12b6796f2c3eb981,Waseda Athletic Training Society (WATS),스포츠(구기 종목 제외),기타 스포츠,"WATS는 와세다 대학 유일의 애슬레틱 트레이닝 동아리입니다. 장래에 스포츠 트레이너로 활약하고자 하는 사람, 학생 트레이너로서 팀에 기여하고 싶은 사람, 매니저로서 팀을 지원하고 싶은 사람, 선수로서 자신의 경기력 향상에 힘쓰고 싶은 사람, 스포츠 의학 등 관련 분야에 관심이 있는 사람 등 다양한 사람들이 소속되어 있습니다.활동으로는 세미나 등의 정보 공유, 스터디 모임, 트레이너 파견, 타 대학과의 교류회 등이 있습니다. 학생들이 주체가 되어 교수님, 대학원생, 졸업생, 외부 강사분들의 협력을 받으며 활동하고 있습니다. 트레이너에 관심이 있는 분, 성장하고 싶은 분, 인맥을 넓히고 싶은 분, WATS에서 활동해 보시지 않겠습니까?
/
/
/",비정기·온라인 또는 대면,없음,machine_translated,not_reviewed,
C0156,3549,310fbce73fbe3f91,와세다 대학 라이프세이빙 클럽 (W.L.S.C),스포츠(구기 종목 제외),기타 스포츠,"라이프세이빙은 한마디로 말하면 바다에서 이용객의 안전을 지키는 활동입니다. 하지만 활동 내용은 매우 광범위하고 심오합니다. 구조 활동 외에도 라이프세이빙 대회나 비치 클린을 통한 환경 보전 활동, 어린이를 대상으로 한 수변 안전 교육 활동 등 다양한 활동이 있습니다.라이프세이빙에는 경기도 있습니다. 다양한 종목이 있지만, 장소에 따라 크게 나누면 3가지 종류가 됩니다. 바다에서 하는 오션, 모래사장에서 하는 비치, 수영장에서 하는 인도어, 이 세 가지입니다. 이 심오한 활동 내용이 지금까지의 경험을 살릴 수 있는 기회를 제공합니다. 여러분의 지금까지의 스포츠, 공부, 경험이 반드시 이 활동에",매주 화요일/6교시/학생회관,없음,machine_translated,not_reviewed,
C0157,3364,8c84e29a2eaff703,SHOCKERS,스포츠(구기 종목 제외),기타 스포츠,"안녕하세요, 저희 와세다 대학 남자 치어리딩 팀 SHOCKERS는 남자들만으로 치어리딩을 하는 세계적으로도 드문 팀입니다. 남자들만의 박력 있는 기술, 동료들과 함께 필사적으로 미친 듯이 놀 수 있는 점이 매력입니다. 활동 내용으로는 가을에 4회 연습을 기본으로 이벤트에 출연하거나, 체육 각 부의 응원을 하는 등 다양한 활동을 하고 있습니다.올해는 오키나와 국제 영화제에서 공연을 하고 왔습니다! 스스로 움직인다면 어떤 행사에도 나갈 수 있는 가능성이 있다고 생각합니다. 또한 봄에 열리는 대회, 오쿠마 강당을 이용한 자체 공연인 ‘SHOCKERS STAGE’ 등도 진행하고 있습니다. 애니메이션화도 되어 앞으로 더욱 큰 기대를 모으고 있습니다. 남자 치어리딩을 널리 알리기 위해 매일 노력하고 있습니다☆!!",매주 월요일·수요일·금요일·일요일 / 18시·19시 / 도쿄 도내 체육관,없음,machine_translated,not_reviewed,
C0158,3585,c3d7b7d9adf9eefa,WILD359ers (와일드 쓰리 피프티 나이너스),스포츠(구기 종목 제외),기타 스포츠,"매주 토요일에 초등학생 아이들과 함께 뉴스포츠를 체험하는 fun-토와, 아이들에게 플래그 풋볼을 가르치는 flags를 진행하는 자원봉사 동아리입니다.'Fun-토'에서는 아이들이 더 좋은 환경에서 활동할 수 있도록 지도자와 협력하여 아이들의 활동을 보조하고 있습니다. 'Flags'에서는 봄과 가을에 아이들의 플래그 풋볼 경기가 열리기 때문에 경기를 대비해 우리 대학생들도 연습에 참여하고 있습니다. 그 외에도 크리스마스 행사나 졸업 행사 등 우리 대학생들이 기획한 놀이를 아이들과 함께 하는 행사나, 방학 기간 중에는 합숙을 하거나 외출하는 등 대학생들끼리만 놀러 가기도 합니다!",매주 토요일/12:30~17:00/미카지마 초등학교 체육관,없음,machine_translated,not_reviewed,
C0159,3480,ca597c557b2512bc,와세다 대학 저글링 동아리 ~infinity~,스포츠(구기 종목 제외),기타 스포츠,"학원제, 지역 축제 등 다양한 장소에서 저글링 공연을 선보이는 동아리입니다. 평소에는 토야마 공원이나 학생회관 등에서 저글링 연습을 하고 있습니다! 나만의 기술을 찾는 것도 좋고, 팀으로 최고의 무대에 서는 것도 좋습니다! 이곳에서만 할 수 있는, 사람들을 설레게 하는 저글링에 여러분도 도전해 보시지 않겠습니까? 다양한 도구, 다양한 기술, 다양한 조합. 저글링에는 무한한 가능성이 있습니다. 그 가능성을 믿고 우리와 함께 저글링의 매력을 추구해 봅시다! 의뢰 등은 홈페이지의 의뢰용 양식을 통해 접수하고 있습니다. 부담 없이 의뢰해 주세요! 또한, 연습 참관 및 체험도 대환영입니다. 백 번 듣는 것보다 한 번 보는 것이 낫습니다. 꼭 한 번 방문해 주세요!",매주 목·토요일/15시~/학생회관 등,없음,machine_translated,not_reviewed,
C0160,3483,00572a9c7b1b7c66,와세다 스탠드업 패들,스포츠(구기 종목 제외),기타 스포츠,"와세다 스탠드업 패들은 와세다 대학 공인 동아리입니다. SUP를 유행시키고 싶다!는 마음으로 매일 분투 중입니다. 아침 연습으로 자신을 몰아붙이는 날도 있고, 2인승으로 햇볕을 쬐며 쉬는 등 다양한 방식으로 즐기고 있습니다.
/
/
/
/이벤트나 오프 모임도 있으며 타 대학 동아리와도 친하게 활동 중입니다. 평생의 친구를 얻고 싶다면 바로 여기! 꼭 연락해 주세요.
/
/
/
/【신입생 여러분께】
/
/와세다 대학 입학을 축하합니다! 새로운 것을 해보고 싶다, 동아리는 너무 바쁘지만 스포츠에 몰두하고 싶다, 마린 스포츠에 관심이 있다, 그런 여러분에게 와세다 SUP는 딱입니다. 금방 대표 선수가 될 수도 있어요!
/
/2학년도 대환영입니다! 언제든지 기다리고 있겠습니다.
/
/
/
/【매력 포인트】
/
/저희 와세다 SUP는 전일본 학생 SUP 선수권 여름 대회에서 우승했습니다. 매일의 연습, 월 1회 이벤트, 게이오 대학이나 요코하마 시립 대학과의 교류도 있어 사생활도 알차게 보내고 있습니다!
/
/
/
/【신입생 환영 활동 내용】
/
/체험회에서는 실제로 강 위를 저어보며 SUP의 즐거움과 매력을 느껴보셨으면 합니다.
/
/
/
/【체험회 일정】
/
/4/6, 13, 14, 20 @히라츠카
/
/(5월 이후에도 진행합니다! 자세한 내용은 SNS를 확인해 주세요↓)","팀 연습: 월 3회 (토·일 중 하루) 아침 연습: 원하는 요일에 참가 가능 @사가미강(히라츠카) 요코하마, 도쿄에도 연습 거점 있음",없음,machine_translated,not_reviewed,
C0161,3785,698fdbf19b7fd682,와세다 대학 카바디 동호회,스포츠(구기 종목 제외),기타 스포츠,"와세다 대학 카바디 동호회(WASEDA MONSTERS)는 와세다 대학 유일의 카바디 동아리입니다. '카바디'라는 이름이 생소하신 분들도 문제없습니다! 회원 대부분이 대학에서 카바디를 시작했습니다. 안심하고 체험하러 오세요! 카바디라는 스포츠에 대해 친절하게 설명해 드리겠습니다! 또한, 본 동아리는 전국 대학 대항전(인카레)에 참가하는 동아리이므로 타 대학 학생들도 대환영입니다!
정기 연습은 주 2회, 토야마 공원에서 진행하며, 비정기적으로 와세다 아레나 등의 체육관을 이용하고 있습니다. 대회에는 몇 달에 한 번씩 참가하고 있으며, 여러 팀으로 출전하기 때문에 신입생도 활약할 수 있습니다!
입회비·연회비는 받지 않습니다. 소속 대학·학년에 관계없이 연중 회원을 모집하고 있으니, 부담 없이 연락해 주세요!","매주 토요일/10시/토야마 공원(오쿠보 지구), 매주 일요일/14시/토야마 공원(오쿠보 지구), 비정기/와세다 아레나 다목적 운동장, 후루사토 센카와관",없음,machine_translated,not_reviewed,
C0162,3791,76f0ea1049a0ed59,와세다 대학 얼티밋 서클 아오조라,스포츠(구기 종목 제외),기타 스포츠,"안녕하세요!
와세다 대학 얼티밋 서클 아오조라입니다! 아오조라에서는 프리스비를 사용하는 얼티밋이라는 종목을 하고 있습니다. 얼티밋은 규칙이 매우 간단해서 바로 시작할 수 있는 것이 매력입니다. 거의 모두가 초보 상태에서 시작하기 때문에 동료들과 함께 실력이 늘어나는 것이 즐겁습니다! 대학에 들어가면 새로운 스포츠를 시작해 보고 싶은 분들에게도 추천합니다. 아오조라는 와세다 대학 전체의 서클이기 때문에 대학 내나 같은 학부, 학과 사람들과도 교류하기 쉽습니다!
평소 얼티밋 연습 외에도 매달 1회 이상의 레크리에이션 행사와 방학 기간에는 합숙도 있어 즐거운 추억을 만들 수 있을 거예요! 작년의 레크리에이션 행사로는 강가에서 바비큐를 즐기거나, 폐광을 대관해 다 같이 즐거운 시간을 보냈습니다. 합숙은 연 3회, 신입생 환영 합숙·여름 합숙·겨울 합숙이 있습니다. 신입생 환영 합숙에서는 본격적인 얼티밋 시합이나 운동회를 통해 신입생끼리, 선배와 후배 간의 유대감이 매우 깊어집니다!여름 합숙에서는 얼티밋 외에도 바비큐나 용기 시험 등 즐거운 이벤트로 가득합니다! 겨울 합숙에서는 주로 스노보드를 즐깁니다! 친해진 동아리 멤버들과 함께 가는 스노보드는 각별히 즐겁습니다!
그 외에도 동아리 밖에서의 놀이도 매우 알차게 이루어집니다. 친해진 선배가 어딘가로 놀러 데려가 줄 거예요!
아오조라에 들어와 최고의 대학 생활을 함께 즐겨봅시다!","매주 수요일/15:00~17:00/토야마 공원
토요일/11:00~14:00/토야마 공원 또는 키타센주",없음,machine_translated,not_reviewed,
C0163,3063,d93770ec570af337,유벤카이,학문,정치,"와세다대학 유벤회는 1902년(메이지 35년)에 설립된 정치 동아리입니다. 아직 미디어가 발전 단계에 있던 당시, 아시오 동산 광독 사건의 참상에 가슴 아파하던 학생들과 함께, 와세다대학 건학의 어머니인 오노 아즈사가 결성하고, 오쿠마 시게노부 공이 초대 총재가 되어 본회는 탄생했습니다.그 후 100년 이상에 걸쳐, 유벤카이는 회 결성 취지를 잊지 않고, 항상 ‘사회의 진보에 기여하는 진정한 웅변가’를 목표로 활동해 왔습니다.
/
/
/
/유벤카이 회원의 주요 활동은 회칙에 기반한 ‘연습·연구·실천’입니다. ‘연습’에서는 변론문 작성과 기술 향상을 목표로 합니다.변론 대회에 출전하여 실제로 연단에서 자신의 의견을 전달하기도 합니다. ‘연구’에서는 주로 스터디 모임을 진행하며, 각 회원의 관심 분야를 회내에 공유하기도 합니다. ‘실천’은 사회에 나가 다양한 활동을 펼치는 것으로, 의원 인턴을 하는 회원도 있고, 자원봉사 활동에 참여하는 회원도 있습니다.
/
/
/
/유벤카이는 학생이라는 입장에서 정치나 사회에 관여할 수 있는 일이라면 무엇이든 도전하려는 ‘진취의 정신’을 가진 학생들의 모임이라 할 수 있습니다.수많은 변론 대회에서 우승 및 입상한 실적과, 5명의 총리 경험자를 비롯해 각계에서 활약하고 계신 선배님들의 존재는 본 모임의 특징을 잘 보여주고 있다고 할 수 있습니다.
/
/
/
/입회 시 학년이나 학부, 지금까지의 경험 등은 전혀 불문합니다. 조금이라도 관심이 있으시다면, 주저하지 말고 문의해 주십시오. 다양한 신입생 환영 행사도 진행하고 있으니 기다리고 있겠습니다!",학생회관 E512 및 대여 회의실 등,없음,machine_translated,not_reviewed,
C0164,3062,1144189453329799,정치경제연구회,학문,정치,"정치경제연구회는 1911년에 창설된, 와세다 대학에서도 손꼽히는 전통과 수준을 자랑하는 종합 학술 동아리입니다. 자유롭고 편안한 분위기 속에서 좋아하는 학문에 몰두할 수 있습니다. 창립 이래 100년 이상에 걸쳐, 2명의 와세다 대학 총장을 비롯해 많은 연구자를 배출해 왔습니다.회원들의 졸업 후 진로는 매년 몇 명 정도가 대학원에 진학하는 것 외에도, 일반 기업에 취업하거나 교사를 목표로 하는 등 다양합니다.
/
/
/
/평소 활동으로는 분야별로 독립된 스터디 모임(자주 세미나)을 매주 실시하고 있습니다. 회원이 선정한 문헌을 중심으로 한 독서회를 통해 함께 배우는 장으로 학생들이 운영하고 있으며, 현재는 정치사상·경제학·법철학의 3개 코스가 활동하고 있습니다.각 코스는 초보자를 염두에 둔 것이므로, 사전 지식이 별로 필요하지 않습니다. 주변의 지원을 적절히 받으며, 조금만 노력하면 따라갈 수 있는 내용으로 구성되어 있습니다. 흥미와 관심에 따라 여러 코스를 병행하는 것도 가능합니다. 또한, 그 밖의 활동으로는 회지 『마시라』, 『공구』의 발행이나 졸업생과의 간담회 등의 행사 개최가 있습니다.
/
/
/
/소속 대학·학부·학년·경력은 불문합니다. “학문에 관심이 있다”, “학문을 통해 자신을 갈고닦고 싶다”, “교양을 쌓고 싶다·성실하게 공부하고 싶지만 무엇을 해야 할지 모르겠다” 등 배움에 흥미가 있는 분이라면, 공구회는 언제든지 환영합니다. 초보자분도 대학 수업만으로는 부족함을 느끼시는 분도, 함께 배워보지 않으시겠습니까?","2024년도 일시는 미정(원칙적으로 평일 저녁 또는 주말)/학생회관 E706, 온라인",없음,machine_translated,not_reviewed,
C0165,3064,dc58a155bc7fef86,국책연구회,학문,정치,"매주 화요일에 회원들이 발표를 하는 형식의 스터디 모임을 열고 있습니다. 다루는 주제는 정치 사상부터 역사, 경제, 안보에 이르기까지 폭넓으며, 발표 후 마련되는 질의응답을 통해 자신의 지식을 심화할 수 있습니다. 강연회도 개최하고 있으며, 우리가 꼭 만나보고 싶은 학자나 언론인을 강연자로 초청하고 있습니다. 또한 학외의 보수계 정치 동아리와도 교류가 있어, 그 학생 동아리와 함께 황궁 근로 봉사에 참여하고 있습니다.
/
/마지막으로, 저희는 스스로를 보수 성향의 정치 동아리로 정의하고 있으며, 비당파를 표방하고 있지는 않습니다. 하지만 한국 유학생도 소속되어 있어 결코 배타적인 사상을 가지고 있는 것은 아니며, 인종 차별적인 언동도 항상 불쾌하게 생각합니다. 황실을 존중한다면 기꺼이 받아들일 생각입니다.",매주 화요일/18시 30분/학생회관,없음,machine_translated,not_reviewed,
C0166,3065,2eb077693fd0bb79,정우회,학문,정치,"정우회는 ‘불편불당’, ‘이론과 실천의 균형’, ‘학생과 정치의 가교’라는 이념을 내걸고 활동하는 1960년 창립의 대학 공인 동아리입니다. 기본 활동은 주 2~3회의 스터디 모임으로, 정치뿐만 아니라 경제, 저널리즘, 국제 관계 등 폭넓은 주제를 다루고 있습니다.스터디 모임에서는 회원들이 서로 발표나 토론, 독서회 등을 진행합니다. 회원 각자의 관심사와 주장을 반영한 스터디가 이루어지기 때문에, 지금까지 스스로 생각해 본 적 없는 주제나 자신과는 다른 주장에 접할 수 있어 새로운 배움의 계기가 됩니다. 또한 이론 학습뿐만 아니라, 정치인·전문가 초청 강연회나 회지 『BRIDGE』 제작 등을 통해 외부 세상을 접하고 배울 기회도 소중히 여기고 있습니다.또한 공부뿐만 아니라, 6개 대학 야구 관전회나 연 2회의 합숙 등 교류의 기회도 알차게 마련되어 있어, 회원 간의 친목을 다지고 있습니다.",주 2~3회 불규칙/19시/학생회관 회의실,없음,machine_translated,not_reviewed,
C0167,3074,6c9f344e84092e79,호시카이,학문,정치,"국회의원 인턴십을 중심으로, 정치 현장에 직접 발을 들여 배우는 것을 중시하고 있습니다. 평소 의원이 수행하는 정무 활동 보조나 국정부터 지방 선거 지원, 북방 영토로의 비자 면제 교류, 연 2회 개최하는 저명한 정치인을 초청한 강연회 주최 등, 다른 곳에서는 맛볼 수 없는 귀중한 경험을 쌓을 수 있습니다. 사회의 최전선에서 활약하는 분들과의 만남은 평생의 보물이 될 것입니다.",의원회관이나 지역 사무소에서의 주 1회 정도 인턴십(요일이나 시간은 사람에 따라 다름)·월 1회 총회 등,동아리 사이트 폐쇄,machine_translated,not_reviewed,
C0168,3066,778743409a65f91d,경제학회,학문,경제,"1915년에 창립되어 곧 110주년을 맞이하는 경제학회는, 【공부도 놀이도 전력으로!】를 모토로 매일 활동하고 있습니다.와세다 대학의 공인 동아리로, 와세다 대학 내뿐만 아니라 일본 내에서도 최대 규모의 학술 동아리입니다. 학습 면에서는 기업 분석과 마케팅 기법에 중점을 두고, 과제 해결 및 사업 기획을 위한 그룹 워크를 중심으로 활동하고 있습니다. 연중 수요일마다 정기 활동 강좌를 진행하며, 여기에 더해 연 4회 정도 열리는 선배들과의 교류회, 외부 인사를 초청한 강연 등 매우 알찬 나날을 보내고 있습니다!또한 여름 합숙·겨울 합숙을 비롯해 바비큐나 크리스마스 파티 등 매우 많은 이벤트도 개최하고 있으며, 이러한 활동을 통해 【1학년부터 4학년까지 학년 불문하고 사이가 좋다】는 점도 동아리의 큰 매력입니다! 소중한 대학 생활 4년, 꼭 저희와 함께 즐겁고 알찬 나날을 보내세요!!","정기 강좌: 매주 수요일/17시~19시/와세다 캠퍼스
/
/
/
/이벤트는 주말을 중심으로 개최하고 있습니다!",없음,machine_translated,not_reviewed,
C0169,3068,a4457465222e3f8a,마케팅 연구회,학문,경제,"와세다대학 마케팅 연구회, 통칭 마켄은 올해 창립 68주년을 맞이한 유서 깊은 공인 동아리입니다. “‘배움으로 놀다’가 여기에 있다.”를 캐치프레이즈로 내걸고, 마케팅을 배우고 실천하는 것을 목적으로 활동하고 있습니다. 그 핵심 활동은 월요일과 목요일, 주 2회 개최되는 동아리원 주최의 스터디 모임입니다.이 스터디 모임을 통해 기초부터 전문적인 분야까지 폭넓은 비즈니스 스킬 습득을 목표로 합니다. 여기서 배운 지식은 기업과 협업하여 개최하는 비즈니스 콘테스트나 강연회, 프로젝트 등의 실천의 장을 통해 발휘합니다. 또한, 연 2회의 합숙이나 계절별 기획 등 동아리원 간의 유대감을 다지는 즐거운 이벤트도 풍성합니다. 마켄에서 공부도 놀이도 알찬 대학 생활을 보내세요!",매주 월·목요일/19:00~(5교시 종료)/와세다 캠퍼스·대여 회의실,없음,machine_translated,not_reviewed,
C0170,3751,b8e69b48d412a817,와세다 대학 주식 투자 동아리 Forward,학문,경제,"와세다 대학 주식 투자 동아리 Forward는 주식 투자를 중심으로 폭넓게 금융에 관한 공부와 실습을 할 수 있는 동아리입니다. 주 1회 정기 모임 외에도 외부 강사를 초청하는 강연회를 통해 배움을 깊게 할 뿐만 아니라, 식사 모임이나 시카호 합숙, 송년회 등 놀이 활동도 알차게 진행됩니다!항상 느긋하게 활동하고 있어, 마음이 내킬 때 가볍게 들를 수 있습니다! 학부·학년을 불문하고 대학원생까지 포함된 다양성이 풍부한 동아리이기도 하며, 경제 뉴스에 관한 의견 교환이 매일 활발하게 이루어지고 있습니다. 입회자의 90%는 투자 경험이 없는 분들이므로, 투자나 자산 형성에 조금이라도 관심이 있다면 꼭 활동을 구경하러 오세요! 질문 등이 있으면 트위터 DM을 통해 연락해 주세요. 학기 중 입회는 언제든지 대환영입니다!!",매주 토요일 21:00~ / 온라인,없음,machine_translated,not_reviewed,
C0171,3753,a414f0726fa7a4b9,NEW (Next Entrepreneurs Waseda),학문,경제,"NEW(Next Entrepreneurs Waseda)는 벤처 이나몬카이 직속 동아리입니다.
/
/
/
/■목적
/
/와세다 대학 졸업 경영자나 창업에 관심을 가진 동세대와의 교류를 통해 창업을 친근하게 만들고, 와세다 대학에서 기업가를 배출하는 데 일조하고자 합니다.
/
/
/
/■활동 내용
/
/와세다 출신 경영자를 중심으로 다양한 분들을 초청하여 교류회를 진행하고 있습니다. 또한, 창업가를 지망하는 학생들 간의 교류회도 개최하여 커뮤니티로서의 역할도 수행하고 있습니다.
/
/과거에는 상장 기업 경영자, 와세다 대학 교수, 블록체인 선도 기업의 이사 분들과 함께 기획을 진행해 왔습니다.
/
/앞으로 벤처 이몬회와 연계하여 창업을 다각적으로 지원할 수 있는 체제를 구축해 나갈 예정입니다.
/
/벤처 이몬카이……와세다 출신 벤처 경영자 모임 https://v-tomonkai.org
/
/
/
/■활동 형태
/
/대학의 가이드라인에 따른 방역 조치를 준수하며, 대면 또는 온라인으로 활동을 진행하고 있습니다.
/
/
/
/■비고
/
/와세다 대학 전체를 아우르는 동아리입니다!",비정기적/월 1~2회,없음,machine_translated,not_reviewed,
C0172,3772,164d4f66bdca2119,와세다 커리어 연구회,학문,경제,"와세다 커리어 연구회(통칭: 캐리켄)는 와세다 대학 최초의 취업 및 커리어 전문 동아리입니다. 사회와 단절되기 쉬운 학생들에게 ‘사회와의 접점을 늘려 자신의 커리어 선택지를 넓힌다’는 목표를 내걸고, 비즈니스 스터디 모임이나 이벤트 운영 등 다양한 활동을 펼치고 있습니다.
/
/
/
/주요 활동 내용으로는 취업 활동은 물론, 사회인이 되었을 때도 소양으로 갖춰야 할 지식을 제공하는 ‘정규 강좌’, 단순한 취업 커뮤니티에서는 결코 느낄 수 없는 대학생다운 교류를 제공하는 ‘내부 행사’, 그리고 일반 대학생에게는 얻기 힘든 경영자를 포함한 사회인과 편안한 분위기에서 교류할 기회를 제공하는 ‘외부 행사’의 3가지가 있습니다.
/
/
/
/올해는 정규 강좌에서 페르미 문제 강좌, 재무제표 강좌, 업계 연구 강좌 등 많은 강좌를 개설했습니다. 내부 행사로는 여름 합숙·겨울 합숙을 비롯해 드라이브나 온천 여행 등 다양한 기획이 진행되었습니다. 외부 행사로는 경영자 교류회나 1·2학년을 위한 인턴십 행사 등, 외부 기업과 협력하여 다양한 행사를 실시했습니다.
/
/
/
/학년이나 경험에 관계없이 상시 회원 모집 중입니다! 미래에 대해 조금이라도 불안감을 느끼는 와세다 학생이라면, 꼭 커리어 연구회에 가입해 주세요!
/
/
/
/더 자세한 활동 내용 등은 인스타그램을 중심으로, X(구 트위터)나 홈페이지 등에서도 공유하고 있으니 확인해 주세요!",매주 수요일/17:30-20:00/와세다 캠퍼스,없음,machine_translated,not_reviewed,
C0173,3256,66bcb6edaf3f6c8c,역사문화연구회,학문,역사,"역사문화연구회는 1950년에 설립된 학술 동아리입니다. 역사가 중심이지만, 철학이나 종교 등 다른 인문학 분야에 관심이 있는 부원도 있습니다. 입회는 학년이나 시기에 관계없이 가능합니다. 또한 와세다 대학 학생이 아니어도 환영합니다.
/
/활동 내용
/
/1. 부회
/
/　주요 활동입니다. 주 1~2회 개최합니다. 일정은 담당자에 맞춰 정해지기 때문에 불규칙하지만, 평일은 18시, 휴일은 15시를 목표로 하고 있습니다. 내용은 부원들이 관심 있는 분야에 대해 조사하여 발표하는 형식으로 진행됩니다. 관심 있는 분야나 시간이 날 때만 참여해도 괜찮습니다.
/
/2. 소풍, 합숙
/
/　반기마다 소풍과 합숙을 각각 1회씩 진행합니다. 소풍은 도쿄 근교로의 당일치기 여행입니다. 작년에는 요코스카나 오다와라에 다녀왔습니다. 합숙은 2박 3일 정도의 여행입니다. 최근 몇 년간은 코로나의 영향으로 진행하지 못했지만, 과거에는 히라이즈미나 사도섬에 다녀왔습니다.
/
/3. 와세다 축제
/
/　와세다 축제에는 매년 참가하고 있습니다. 행사로는 ‘역사 검정’이라는 이름으로 퀴즈를 출제해 참가자들이 풀게 하는 활동을 했습니다. 다만, 다음부터는 다른 행사로 바꿀 것을 검토 중입니다.
/
/　관심 있으신 분은 꼭 부실이나 부회 모임에 와 주세요. 또한 트위터나 홈페이지에서 수시로 신입생 환영회나 이벤트 등의 정보를 업데이트하고 있으니 확인해 주시기 바랍니다.",요일 불규칙/평일 18시·휴일 15시/학생회관,없음,machine_translated,not_reviewed,
C0174,3257,9f85e2dce596ea11,지리학 연구회,학문,역사,"와세다대학 지리학연구회는 올해로 74주년을 맞이하는 유서 깊은 대학 간 지리학 동아리입니다. /
///
//지리학이라고 하면 학문적으로 딱딱한 인상을 주기 쉽지만, 동아리 내에서는 도시, 자연, 상업, 교통 등등, 우리 주변과 관련된 모든 현상을 '지리'에 포함하고 있으니 걱정하지 마세요! /
///
//지리를 무척 사랑하는 회원부터, 잠시 엿보러 온 회원까지 개성 넘치는 활동을 펼치고 있어 누구나 즐겁게 참여하실 수 있습니다. /
///
//본 동아리의 활동은 월 1회 이상을 목표로 하는 순견, 연 1~2회의 합숙, 비정기적인 부회 및 이벤트 게임으로 구성됩니다. /
///
//순회는 당일치기로 도쿄 근교의 마을을 산책하며, 내비게이터(순회 주최자)의 안내에 따라 지리학적 관점에서 마을의 매력을 탐구합니다. /
///
//합숙은 전국의 특정 지역에서 며칠에 걸쳐 순회를 진행합니다. 최근에는 산인, 이즈, 아소 등… /
///
//주제를 제한하지 않고 회원들의 연구 결과를 발표하는 자리로서 부회도 가끔 개최하고 있습니다. /
///
//그리고 최근 인기 있는 것은 도쿄 주변을 무대로 팀 대항전으로 여기저기 명소를 돌아다니는 게임(리얼 모모테츠, 지리 퀘스트, 노선 버스 환승 여행, 수수께끼 풀기 등)! 단순히 놀기만 하는 것이 아니라, 지식을 능동적으로 조합하여 공간적 지리 파악 능력을 발휘할 수 있는 기회입니다! /
///
//그 외에도 와세다 축제 참가 및 이를 위한 부지 제작, 특정 ‘취미’를 깊이 파고드는 모임인 서클 내 서클도 활발히 운영되고 있습니다./
///
///
///
//저희와 함께, 일상의 풍경을 조금 더 세련된 시각으로 바라보지 않으시겠습니까?",매주 화요일·목요일·금요일 / 시간 불규칙 / 학생회관 E910호실,없음,machine_translated,not_reviewed,
C0175,3054,c3c956954ed5b812,고고학 연구회,학문,역사,"고고학 연구회는 연중 회원을 모집하고 있습니다! '고고학 연구회'인 만큼 고고학에 관심 있는 분은 물론 대환영이며, 역사나 종교학, 언어학 등에 관심 있는 분도 대환영입니다! 그 분야에 관심 있는 선배들도 많이 있습니다! 또한, 부실이 일반 동아리보다 2배나 넓고 쾌적해서 회원들은 빈 시간 등에 부실에 모여, 회원끼리 금방 친해질 수 있습니다! 게다가!!신입생은 반기 회비가 무료입니다!! 주요 활동은 주 1~2회의 스터디 모임입니다! 그 외에도 신입생 환영 기간에는 당일치기 소풍을 가거나, 봄과 여름에는 숙박을 하며 전국의 사적을 둘러보거나, 지자체에서 주최하는 고고학 행사에 자원봉사자로 참여하기도 합니다! 조금이라도 관심 있는 분은 부담 없이 학생회관 E501로 오세요!회원은 와세다 문학부 학생이 많지만, 다른 학부 학생도 물론 있고, 타 대학 학생 및 유학생도 계시니 대환영입니다! SNS는 X(@waseda_koukoken)와 Instagram(waseda_koukoken) 모두 운영 중이며, Gmail([email protected])로도 연락 가능합니다. 와세다 학생 여러분, 고고학 연구회에서 즐거운 대학 생활을 보내보지 않으시겠습니까? 기다리고 있겠습니다!/
///
///
///
//이메일은 여기로: [email protected]",회원이 희망하는 요일에 주 1~2회 / 18~20시 / 학생회관 E501,없음,machine_translated,not_reviewed,
C0176,3255,d19234d4095a64aa,사학사,학문,역사,"사학사의 주요 활동은 주 3회 열리는 '부회'라고 불리는 발표회입니다. 월요일 부회, 수요일 부회, 금요일 부회로 나뉘어 있습니다. 부회에서는 소속된 사원들이 관심 있는 역사 주제에 대해 발표합니다. 참가자들은 발표자에게 질문하거나 소감을 말하며 주제를 깊이 있게 다룹니다.주 3회 활동하며, 활동 빈도는 자유롭기 때문에 참여 일정을 맞추기 쉽습니다. 사원들은 3개의 부회 중 하나에 소속되어 있으며, 주 1회 참여하는 사람이 많습니다. 부회에 참여할 때 사전 연락은 필요 없으므로, 학생회관 E612호에 18:30까지 오시면 부회에 참여하실 수 있습니다. 사학사의 가장 큰 특징은 단연 ‘다양성’입니다.일본사와 세계사의 경계가 없으며, 인물사, 문화사 등 주제가 다방면에 걸쳐 있어 시야가 넓어지고 역사를 재발견할 수 있습니다. 또한, 역사를 전문적으로 공부하는 사람부터 역사에 흥미가 있어서 가입한 사람까지 폭넓게 소속되어 있습니다. 분과 모임에서는 발표자가 친절하게 해설해 주므로 사전 지식 등도 필요 없습니다.누구나 쉽게 들어올 수 있는 역사 동아리입니다. 모임 종료 후에는 자유롭게 참여하여 함께 식사하러 갑니다. 또한, 정기 모임 외에도 봄과 가을 연 2회, 역사적 관광지를 둘러보는 합숙을 하거나 교류를 깊게 하는 행사를 진행하고 있습니다. 와세다 축제에서도 기획 행사를 진행합니다. 역사를 좋아하는 분도, 역사 초보자도, 누구든지 부담 없이 참여할 수 있는 역사 동아리입니다. 우리 사학사와 함께 역사의 재미를 직접 느껴보세요!",매주 월요일·수요일·금요일/18시 30분/학생회관 E612,동아리 사이트 폐쇄,machine_translated,not_reviewed,
C0177,3055,f10c9935fb3c5f30,이집트 문화 연구회,학문,역사,"고대부터 현대에 이르는 이집트의 역사와 중동·이슬람의 문화/역사 등에 대해 폭넓게 배우고 있습니다. 이집트 문화 연구회에는 세계 각지의 역사와 문화에 관심을 가진 사람들이 모여 있습니다!
/
/
/
/〈스터디 모임〉
/
/주요 활동은 주 1~2회 정도의 스터디 모임입니다. Discord라는 앱을 활용하여 21시부터 진행하고 있습니다. 온라인으로 진행되므로 각자의 페이스에 맞춰 참여하기 쉬운 것이 특징입니다! (비정기적으로 와세다대 학생회관에서 대면 스터디 모임도 개최하고 있습니다)
/
/정기적으로 진행하는 ‘자유 주제 스터디 모임’에서는 관심 있는 주제에 대해 자유롭게 발표할 수 있습니다. 이집트 이외의 주제를 선택하는 사람도 많습니다. 신입생도 발표할 수 있습니다!
/
/
/
/〈그 외의 이벤트〉
/
/휴일에는 박물관·전시회 견학 등의 이벤트가 있습니다. 고대 이집트나 고고학에 관한 전시를 보러 가는 경우가 많습니다.
/
/또한, 비정기적으로 중동 요리점에서 식사 모임도 열고 있습니다!
/
/와세다 축제에서는 이집트 관련 기획을 진행합니다! 2023년도에는 고대 이집트의 세계관을 재현한 교실 전시와 모의 미라 만들기 체험, 소책자 제작 및 판매 등을 진행했습니다.
/
/여름방학에는 합숙이 있습니다! 바비큐, 불꽃놀이, 보트 타기 등을 즐깁니다.
/
/
/
/대학·학년을 불문하고 연중 회원을 모집 중입니다!","학생회관 부실(E509), Discord(앱)  수요일·토요일 21:00~22:00(온라인)",없음,machine_translated,not_reviewed,
C0178,3258,e9c71c29fb0b995b,와세다대학 전사연구회,학문,역사,"와세다대학 전사연구회는 1994년에 설립된 공인 동아리입니다. 역사나 군사, 국제정치 등에 관심을 가진 학생들이 매주 금요일 6교시부터 진행되는 연구 발표를 중심으로 활동하고 있습니다. 그 외에도 매년 1회 발행하는 기관지나 여름 합숙, 와세다 축제 등을 통해 활발히 활동하고 있습니다. 이름에는 전사(戰史)가 붙어 있지만, 반드시 군사 분야에만 국한되지 않고 광범위한 활동이 이루어지고 있습니다.또한, 같은 ‘전사연구회’라는 이름을 가지고 역사나 군사 분야에 대해 연구하는 동아리는 전국 각지의 다양한 대학에 설립되어 있으며, 합동 연구 발표회나 합동 합숙 등을 통해 활발히 교류하고 있습니다. 타 대학 학생이나 대학원생의 가입도 환영합니다. 본회의 활동을 알고 싶으신 분은 트위터나 홈페이지 외에도, 코믹마켓 등에서 배포하고 있는 기관지 『봉화』도 참고해 주시기 바랍니다. 여러분과 함께 활동할 날을 기다리고 있습니다!",매주 금요일(개강 기간)/18시 15분~/학생회관·3호관 등,동아리 사이트 폐쇄,machine_translated,not_reviewed,
C0179,3774,7868855d942dfe65,와세다대학 삼국지 연구회,학문,역사,"와세다 대학 삼국지 연구회는 한때 중단되었다가 2023년에 재창립된 역사 동아리입니다. 삼국지를 비롯해 한나라 시대나 오호십육국 시대 등 고대 중국에 대해 폭넓은 활동을 펼치고 있습니다. 가입 자격은 와세다 대학 재학생이면 되며, 학년이나 가입 기간 등에 관한 제한은 없습니다.
/
/
/
/활동 내용
/
/（１）발표
/
/동아리원이 관심 있는 분야에 대한 발표를 진행합니다. 다루는 주제는 학술적인 것부터 KOEI의 게임까지, 고대 중국과 관련이 있다면 무엇이든 가능합니다. 온라인으로도 참가할 수 있습니다.
/
/
/
/（２）레크리에이션
/
/현재는 주로 보드게임을 하고 있습니다. 발표와 함께 중심적인 활동 내용이며, 일주일에 1~2회를 목표로 활동하고 있습니다.
/
/
/
/（３）교외 활동
/
/2023학년도에는 삼국지학회가 주최하는 삼국지 대문화제에 참가하여, 유비에 관한 토론을 진행했습니다. 내년도 이후 일정은 미정이지만, 지속적으로 교외 활동을 진행해 나가고자 합니다.
/
/
/
/활동 정보는 기본적으로 X를 통해 게시하고 있으니, 관심 있으신 분은 꼭 DM으로 연락해 주세요.",매주 1~2회/19시/학생회관,없음,machine_translated,not_reviewed,
C0180,3051,78026aad9690523e,불교청년회,학문,종교,"본회는 국가나 종파, 학파에 관계없이 불교 사상을 공부하는 학술 동아리입니다. 1886년 창립, 오노 아즈사에 기원을 둔 와세다 대학에서 가장 오랜 역사를 자랑하고 있습니다.
/
/
/
/하라소갸테보지소와카—반야심경?이라는 말은 자주 듣지만, 이것이 도대체 무엇을 의미하는 문장인지 알고 계십니까?
/
/우리는 이런 경전을 읽고 있습니다. ‘읽는다’는 것은 소리 내어 읽는 것과 같은 신앙적인 행위는 물론 아닙니다.
/
/1000년 이상 전 먼 옛날에 쓰인 불교 한문을 학술적으로 해석하여 그 의미를 올바르게 이해하고, 나라·헤이안·가마쿠라 시대 이후 등 일본의 문화와 예술, 사회에 큰 영향을 미친 불교 사상이 과연 어떤 사상인지, 경전에 충실하게 근거하여 공부하고 있습니다.
/
/그리고 일본어에는 지금도 불교 용어가 많이 있습니다.
/
/마하(마카) 불가사의, 일대사, 인연, 타력본원, 세간, 대고미(다이고미)…
/
/과거 일본인의 생활에 뿌리내렸던 불교 사상에서 수많은 말이 흘러들어온 것이었습니다. 이러한 말의 의미도 확실히 파악할 수 있게 되므로, 불교 사상을 받아들인 문학 등도 흥미롭게 읽을 수 있게 됩니다.
/
/
/
/또한, 다른 활동으로는 좌선회를 열거나, 불교 미술을 보러 미술관에 가거나, 타 학교의 불교 청년회와 교류하는 등… 불교에 대해 ‘이걸 알고 싶다! 저걸 해보고 싶다!’는 바람을 실현할 수 있는 자유로운 동아리입니다.","격주 월요일(날짜 불규칙), 학생회관에서",없음,machine_translated,not_reviewed,
C0181,3728,221a640b1b5185ca,와세다대학 제음단,학문,종교,"처음 뵙겠습니다! 와세다 대학 사이인단(済蔭団)이라고 합니다. 이름만으로는 어떤 동아리인지 짐작하기 어려울 수도 있겠지만, 활동 내용은 아주 간단합니다. 좌선을 합니다. 그게 전부입니다. 시계를 거슬러 올라가면 다이쇼 11년(1922년), 기타카마쿠라의 엔가쿠지까지 좌선을 하러 다니던 와세다 대학 학생들이 결성했습니다.현재까지 어떻게든 이어져 2022년에 창립 100주년을 맞이했습니다. 구체적인 활동으로는 매주 목요일 대학에서 좌선회를 개최하거나, 도쿄 도내나 기타카마쿠라의 선사에서 열리는 각종 좌선회에 참가하고 있습니다.
/
/
/
/※2024년도부터 도코로자와에서도 좌선회를 시작했습니다! 자세한 내용은 아래 링크에서 확인해 주세요.
/
/
/
/【목요일 좌선회에 대하여】 학생회관 다실을 빌려 수업 기간 중 매주 개최하는 좌선회입니다. 좌선 및 선에 관한 간단한 공부 모임을 진행하고 있습니다. 동양 사상이나 명상에 관심이 있거나, 마음을 가라앉히고 싶은 분…… 어떤 관심사라도 괜찮습니다. 멤버가 고정되어 있다기보다는 사람들의 유동성이 많은 좌선회입니다.도중 참가·도중 퇴실 모두 환영하오니, 사전 연락 없이 부담 없이 방문해 주십시오. 동아리의 특성상, 참여를 시작하는 학년은 사람마다 다양합니다. 위아래 관계도 별로 없이 느슨하게 활동하고 있습니다. 관심 있는 분은 한번쯤 목요일 좌선회에 발걸음 해 보시기 바랍니다.
/
/
/
/우리는 좌선(선 명상)을 합니다. 그 이상도, 그 이하도 아닙니다.
/
/","매주 목요일/5교시/학생회관 다실 106, 매주 화요일/17:30-19:10/코테시 시민회관 분관",없음,machine_translated,not_reviewed,
C0182,3052,1c341e55e71d1b9e,기독교 학생회(K.G.K.),학문,종교,"와세다대학 기독교 학생회(WKGK)는 와세다대학 유일의 공인 기독교 학생 단체입니다. 기독교에 대해 알고 싶다, 수업에서 '베드로'라는 이름이 나왔는데 누구지? 기독교인은 어떤 사람일까? 성경은 어려워 보이지만, 그래도 흥미가 있어… 그런 당신이라면 꼭 와주세요! 부실에서 성경을 읽고, 기도하고, 웃고, 느긋하게 시간을 보내요.매일 부실이 열려 있습니다. 과자 같은 것도 준비되어 있고, 사탕도 있습니다. 생일 파티 같은 것도 합니다. 기타와 키보드도 비치되어 있습니다. 느긋하고 깊이 있게 이야기를 나눌 수 있는 동료들이 있습니다. 언제든 누구든, 1학년도 4학년도 유학생도 모두 환영합니다! ※본 캠퍼스, 이공학 캠퍼스에서도 활동하고 있습니다! 자세한 내용은 블로그를 확인해 주세요!",매주 월~금요일/수시/학생회관 10층 E1008,없음,machine_translated,not_reviewed,
C0183,3049,d85b6b009d4a9f5b,현대사상연구회,학문,철학,"우리는 매일 일어나는 사회 문제를 출발점으로 삼아 현대 사상을 탐구하는 동아리입니다.
/
/
/
/　푸틴 러시아의 우크라이나 침공, 이스라엘에 의한 팔레스타인 민중의 참혹한 제노사이드, 그리고 현재 일본에서는 기시다 정권에 의해 미국과 함께 선제 공격을 감행하는 군사 강국 건설이 급속도로 진행되고 있습니다.현대사상연구회는 올해 〈전쟁 시대의 파시즘에 맞서〉를 주제로, 위기의 시대를 마주하는 연구를 진행합니다.
/
/
/
/　“일본에서 진행되는 헌법 개악”이나 “대학 내 군사 연구·학문에 대한 국가의 개입”, “자본주의의 모순”이나 “트럼프를 비롯한 강권적인 권력자들의 횡행” 등….이러한 문제들을 동아리 동료들과 토론하며 나만의 사회관을 형성하는 것은 수험 공부와는 또 다른 재미가 있습니다.
/
/
/
/　정기 활동은 주 1회 부회입니다. 뉴스나 신문 기사를 가져와 토론하므로 사전 지식이 필요 없습니다. 그 외에도 희망자 모임, 연구 발표, 현장 조사 등도 예정되어 있습니다. 대면 동아리 설명회를 수시로 진행하고 있습니다. 조금이라도 관심 있는 분은 꼭 연락해 주세요!　기다리고 있겠습니다.",주 1회／학생회관 회의실,없음,machine_translated,not_reviewed,
C0184,3252,fdb6f22c347f559b,동양사상연구회(동사연),학문,철학,정보 없음,매주 월·목·금요일/오전 8시/카페 등,없음,machine_translated,not_reviewed,
C0185,3275,cea9027639f3b579,철학·비평 연구회,학문,철학,"철학·비평 연구회는 각 스터디 그룹이 선정한 문헌을 정독하고, 담당자가 주 1회 발표함으로써 난해한 사상 서적을 읽어 나가는 활동을 하고 있습니다. 스터디 그룹은 신입생 환영 행사 후, 신규 입회자끼리 그룹을 구성하여 정독할 문헌을 선정하고 활동 일시를 결정함으로써 새롭게 결성됩니다. 신입생 환영 기간 종료 후의 입회도 수시로 환영합니다. 그 경우, 기존 스터디 그룹 중에서 참여할 그룹을 선택해 주십시오.스터디 그룹 간의 교류는 연 4회 개최되는 총회와 연 1회의 합숙, 평소 부실 이용 시의 교류가 주를 이룹니다. 회원은 정치경제·법학·교육학·사회학·문과·문과구조·이공계 등 다양한 분야에 걸쳐 있으며, 타 대학 학생들도 매년 참가하는 경향이 있습니다. 학부나 대학을 넘나들며 배울 수 있는 장을 제공할 수 있다는 점이 본 연구회의 강점이라 할 수 있습니다. 입회 조건은 간단합니다.스터디 모임에 책임감을 가지고, 총회 및 신입생 환영 활동에 참여하며, 부실을 사용한 후에는 깨끗하게 정리하는 것. 이 세 가지를 지켜주신다면, 회원들끼리 쾌적하게 활동할 수 있고, 다음 해에도 새로운 회원을 맞이할 수 있습니다. 입회비는 없습니다. 이상이 본회의 개요입니다. 하지만 여기서는 전해드릴 수 있는 내용이 한정적입니다. 꼭 한 번 부실에 방문해 주십시오. 커피와 홍차를 준비해 기다리고 있겠습니다.",매주/수시,없음,machine_translated,not_reviewed,
C0186,3744,95070ea8a9b70c5a,느긋하게! 철학!,학문,철학,"갑작스럽지만, ‘철학’이란 무엇일까요? ‘문학부에 설치되어, 어렵고 쓸데없는 것만을 끊임없이 생각하는 학문’이라는 인식을 가지고 계신 분들도 많지 않을까요?
/
/
/
/확실히, 그 인식이 틀린 것은 아닙니다. 2500년에 걸친 철학사에서 많은 것들이 고찰되었습니다. 그 과정에서 어떤 이론은 자연과학으로, 또 어떤 이론은 사회과학으로 빠져나갔습니다. 그리고 또 어떤 이론은 쇠퇴해 버렸습니다.어쩌면 현대에 있어서 ‘철학을 배우는 의의’는 그리 크지 않을지도 모릅니다.
/
/
/
/하지만, 그게 전부일까요? 우리 주변에는 아직도 생각해야 할 사고의 비옥한 땅이 펼쳐져 있는 것처럼 보입니다. 예를 들어, ‘의의’란 무엇일까요? ‘쓸모없음’이란 어떤 것일까요? 좀 더 일상적인 주제로 말하자면, ‘대학’이란 무엇일까요? ‘와세다대생’이란 어떤 존재일까요?
/
/
/
/이러한 ‘일상에 펼쳐진 이것저것’을 ‘철학’해 나가는 것을 목표로, ‘느긋하게! 철학!’이 발족했습니다. 본 모임에서는 철학 대화와 철학 학습을 통해, 자신만의 세계에 대한 사고방식을 구축해 나가는 것을 목표로 하고 있습니다. 철학에 관심이 있는 분도, 구경 목적으로 오시는 분도 꼭 와 주십시오. 환영합니다.","매주 목요일·금요일/21시/ZOOM
/
/대면 활동도 기획 중!",없음,machine_translated,not_reviewed,
C0187,3497,bfd2cdf30687b97d,미도리호카이,학문,법률,"미도리호카이는 일본 최대 규모의 법률 동아리입니다. 10개의 세미나로 나뉘어 매주 활동합니다. 5·6교시에 법률 과목 강의를 진행하고, 그 후에는 모두가 즐길 수 있는 사후 모임을 갖습니다. 야구 와세다-게이오전 응원이나 연 2회의 합숙, 와세다 축제 부스 운영 등 일 년 내내 다양한 행사가 있어 지루할 틈이 없습니다. 꼭 세미나 설명회에 참석해 주세요.각 세미나마다 특색이 있어 자신에게 맞는 세미나를 찾을 수 있을 것입니다. 신입생 환영 기간에는 벚꽃 구경이나 친목회 등을 개최합니다. 2, 3학년 선배들이 함께할 테니 부담 없이 참여해 주세요. 올해로 80주년을 맞이하는 녹법회는 10월에 저명한 동문들을 초청해 파티를 개최합니다. 이 뜻깊은 기념일을 많은 신입생 여러분과 함께 맞이할 수 있기를 고대하고 있습니다. 법학부에서 알찬 학생 생활을 보내기 위해서는 녹법회에 가입하는 것이 틀림없습니다.잘 부탁드립니다!",수·목·금요일,없음,machine_translated,not_reviewed,
C0188,3496,0c9094080b5f9e6f,창법회,학문,법률,"안녕하세요! 와세다 대학 3대 공인 법률 동아리 중 하나인 창법회입니다! 창법회는 설립 68년 차로 매우 유서 깊은 법률 동아리입니다! 저희 동아리에서는 주 3회, 3학년 선배들이 진행하는 수준 높은 법률 강의부터 각종 이벤트까지 무엇이든 다 합니다! 연 3회의 합숙(여름 합숙·겨울 합숙·신입생 환영 합숙), 교내 법률 토론회나 타 대학과 합동으로 진행하는 법률 토론회, 각계에서 활약하고 계신 소호카이 선배님들을 모시는 OB·OG 모임, 졸업하는 4학년을 배웅하는 송별회… 여기에 다 적을 수 없을 정도로 많은 이벤트가 있습니다!! 그리고 무엇보다 소호회의 장점은, 가입한 후 꾸준히 활동하는 학생들이 많다는 점입니다! 그만큼 동기들 사이에서도, 선배와 후배 사이에서도 사이가 좋습니다! 단 한 번뿐인 대학 생활, 꼭 소호회에서 보내보지 않으시겠습니까???",강의: 화·수·목요일/16:30~18:00 (올해 봄학기),없음,machine_translated,not_reviewed,
C0189,3499,7a9a9dcd783648a1,민법 연구회,학문,법률,"저희 민법연구회는 알기 쉬운 강의와 알찬 시험 대비로 여러분의 학업을 든든히 지원합니다. 강의 노트의 질은 법학부 1위라는 평판도 높으며, 모두가 탐내는 학부생 필수 강의 노트입니다. 하지만 민법연구회는 공부만 하는 곳인가?라고 생각하기 쉽지만, 즐거운 이벤트도 다수 있습니다! 봄·여름 합숙 외에도 월 1회 모임을 비롯해 수족관, 디즈니, 동물 카페 등 다양한 장소로 다 같이 나갑니다. 아늑한 법학부의 오아시스를 목표로 매일 활동하고 있습니다. 민법연구회에서 함께 최고의 대학 생활을 보내요! 민법연구회는 와세다 대학의 법률 동아리입니다. 시험 대비를 비롯해 주 1회 강의와 선배들의 지원 등을 통해 법학부 소속 학생 여러분과 법의 거리를 좁혀 드립니다. 강의 후에는 다 같이 밥을 먹으러 가거나 놀러 가기도 합니다. 또한 합숙이나 와세다 축제, 모의 재판 등 즐거운 이벤트도 가득합니다. 열심히 공부하는 것은 물론이지만, 놀 때는 마음껏 즐깁시다! 민법연구회는 여러분의 법학부 생활을 풍요롭게 만들어 드립니다.",매주 화요일 / 16시 30분~ / 3·11호관,없음,machine_translated,not_reviewed,
C0190,3500,72801d8fba37326f,형사법 연구회,학문,법률,"형사법연구회는 1949년부터 이어져 온 매우 전통 있는 법률 동아리로, 선배님들 중에는 판사나 변호사, 검사는 물론 국가종합직이나 대학 교수, 도청 직원 등 폭넓게 활약하고 계십니다. 그러한 전통을 가슴에 품고, 회원들은 즐겁게 대학 생활을 보내고 있습니다.
/
/현재 회원은 약 40명 정도로 특히 2학년이 많으며, 매우 재미있으면서도 어딘가 포근한 분위기를 가진 학생들이 매우 많습니다. 대학 동아리는 겉만 번지르르하다거나 술자리가 심할 것 같다는 등의 걱정을 하고 계신 바로 당신에게 추천하고 싶은, 꼭 와 주셨으면 하는 동아리입니다.
/
/활동으로는 주 1회 형법 강의를 대학원생에게 부탁하고 있어, 수준 높은 강의를 들을 수 있습니다. 여기서 하는 공부가 2017년에 열리는 모의 재판에 도움이 될 것입니다. 공부 외에도 연 2회의 합숙이나 (편안한) 술자리, 나료선(여름 유람선)이나 재판 방청 등 즐거운 일도 가득합니다. 법학 동아리 중 어디에도 딱 맞지 않는다고 느끼시는 분들도 만족하실 수 있을 만큼 자유도가 높은 동아리라고 생각합니다.
/
/작년에는 민연(※민방 연구회)과 격년으로 열리는 모의 재판이 형법 연구회에서 개최되었기 때문에, 여름 합숙 무렵부터 모의 재판 대본 작성이나 배역 결정, 리허설 등이 매주처럼 진행되어 그 활동에 힘을 쏟았습니다. 법학부 학생분들은 언제든지 대환영입니다.",매주 금·토·일요일 / 비정기 / 학생회관,없음,machine_translated,not_reviewed,
C0191,3505,03afd788eb397ad2,법사회학 연구회,학문,법률,"법사회학연구회는 법학을 공부하는 학생들이 법을 학문적으로 탐구하는 과정을 통해 서로 친목을 도모하는 것을 목적으로 하는 학생 단체입니다. 이른바 ‘중소 법서클’이라 불리는 규모가 그리 크지 않은 법학 동아리이긴 하지만, 오히려 대형 법서클에는 없는 세심한 소통을 나눌 수 있다는 점이 매력입니다.법사회학 연구회에서는 법사회학 및 이를 비롯한 기초 법학에 대한 학습뿐만 아니라, 실정법에 관한 학습에도 적극적으로 임하고 있습니다. 특히, 법학을 처음 접하는 1학년을 대상으로는 필수 과목인 헌법·민법을 중심으로 한 학습회를 개최하여 신입생의 학습을 지원할 뿐만 아니라, 상급생의 법학에 대한 이해도 향상에도 기여하고 있습니다. 그 밖에도 합숙이나 법원 견학 등의 활동도 진행하고 있습니다.또한, 학생회관 8층에 있는 회실은 회원들에게 항상 개방되어 있으며, 법학 학습을 비롯한 일상적인 활동의 장으로 활용하고 있습니다. 책장에는 법률서를 비롯한 전문서적과 실용서뿐만 아니라, 소설 등의 일반 문예 작품 등도 폭넓고 다수 구비되어 있습니다. 회실은 학습의 장으로서뿐만 아니라, 회원 간의 친목을 다지는 장소로서도 편안한 공간을 지향하고 있습니다.",매주 수요일/5교시/학생회관,없음,machine_translated,not_reviewed,
C0192,3498,f0cc6287665ff26d,공법연구회,학문,법률,"공법연구회는 법학부 학생을 중심으로 한 법률 동아리입니다. 법학부 학생은 물론, 법학부 이외의 학생도 모집하고 있습니다.
/
/공법연구회는 다른 많은 법률 동아리와는 다른 점이 많습니다. 우선, 공법연구회에서는 주로 헌법 문제를 다룹니다. 또한, 일반적으로 법률 동아리는 수업 복습 형식의 내용을 강의 형식으로 진행하지만, 공법연구회에서는 토론 형식으로 진행합니다.
/
/공법연구회의 가장 큰 매력은 역시 이 토론에 있습니다. 일반적으로 공부라고 하면 선생님의 말씀을 듣거나 책을 읽는 등 인풋을 떠올리기 마련이지만, 우리는 토론을 통해 자신의 생각을 말로 표현하고, 타인에게 설명하는 식의 공부를 합니다. 이러한 공부에서는 법률적인 학습뿐만 아니라 다양한 분야에서 도움이 되는 능력을 기를 수 있습니다.
/
/물론, 서로 토론함으로써 회원들 간의 유대감이 쉽게 깊어지며, 매우 가족 같은 분위기의 동아리입니다. 이번 기회에 대학다운 공부를 해보지 않으시겠습니까?",매주 금요일/18시 30분~/3호관·학생회관,없음,machine_translated,not_reviewed,
C0193,3495,80644a1f67756427,호타루 법회,학문,법률,"호타루 법회, 통칭 ‘호타루’에서는 주 3회 강의(월요일: 형법, 수요일: 헌법, 금요일: 민법)를 통해, 학점 취득이 어렵다고 알려진 법학부 시험을 극복할 수 있도록 돕습니다.평소 활동에서는 성실하게 법을 공부하는 한편, 활동 후에는 다 같이 밥을 먹으러 가거나 대략 월 1회 빈도로 열리는 이벤트에서 함께 놀기도 하며, 공부와 놀이의 균형이 확실히 잡혀 있는 것이 호타루의 장점입니다. 또한, 인원도 너무 많지도 적지도 않은 적당한 규모이기 때문에, 대규모 동아리의 폭넓은 교류와 소규모 동아리의 아늑한 분위기라는 두 가지 장점을 모두 갖춘 중규모 동아리로 자리 잡고 있습니다.무엇보다 대학 생활의 대부분을 8호관에서 보내는 법학부생들에게 8호관에서의 안식처를 마련해 준다는 점이 법학 동아리의 강점이라고 생각합니다. 꼭 알찬 호타루 라이프를 함께 만들어 갑시다!",매주 월·수·금요일 / 18시~ / 학생회관·3호관 등,없음,machine_translated,not_reviewed,
C0194,3501,6eee55a71acf7ff4,범죄학 연구회,학문,법률,"범죄는 사회를 이해하는 단서 중 하나입니다.
/
/　저희는 매년 범죄나 형사 정책에 관한 주제를 하나 정하고, 그에 대해 주 1회 정도 모여 공부하고 있습니다. 가을에는 그 성과를 발표하기도 합니다. 작년에는 ‘비행 청소년·청년 범죄자에 대한 취업 지원 ~재범·재비행 방지를 향하여~’라는 주제였습니다. 자세한 보고 내용은 블로그에 게재되어 있으니 관심 있는 분들은 확인해 주시기 바랍니다.
/
/　또한, 서적을 통한 학습뿐만 아니라 관련 시설을 견학하거나 실무자분들의 이야기를 듣기 위해 방문하기도 합니다. 작년에는 소년감별소나 범죄자를 고용하고 있는 기업을 방문했습니다. 범죄는 사람들의 관심의 대상이 되기 쉬우면서도, 그 실태를 알 기회는 적고, 인상이나 상상으로 이야기되는 경우도 적지 않습니다. 현실과 동떨어지지 않기 위해서라도 실제 현장을 직접 방문하는 것도 중요합니다. 이러한 실지 조사는 본 동아리 활동의 특징 중 하나입니다.","일주일에 한 번 모이지만, 요일은 다 같이 상의하여 정합니다. 장소는 주로 학생회관 회의실입니다.",없음,machine_translated,not_reviewed,
C0195,3509,e7e1387e6d21db60,국제법 연구회,학문,법률,"본 동아리는 일본 및 전 세계에서 개최되는 국제법을 활용한 모의재판 대회에 참가하는 동아리입니다. 지난 5년 연속으로 일본 대표팀으로서 가장 유명한 대회인 Jessup Cup에 출전하고 있습니다. 1학년은 주 1회 열리는 세미나에서 3학년 선배들의 강의를 들으며 국제법의 기초 지식을 즐겁게 배웁니다.1학년 겨울부터 2학년에 걸쳐 본격적으로 대회에 출전합니다. 2월에는 우주 관련 국제법을 활용한 대회에 참가하여, 1학년은 처음으로 공식 대회에 출전해 타교와 실력을 겨룹니다. 7월에는 두 번째 공식 대회인 Japan Cup이 열리며, 교토대, 도호쿠대, 소피아대 같은 강호들과도 대결합니다.여름방학에는 Asia Cup이 열려, 외국 대학 팀과 영어 변론으로 겨룹니다. 후기가 되면 앞서 언급한 Jessup Cup의 국내 예선에 참가하여 세계 대회 출전을 목표로 합니다. 이 대회는 그동안의 활동을 집대성하는 자리입니다.",매주 월~금요일(주 1회)/14:00~/학생회관 등,없음,machine_translated,not_reviewed,
C0196,3510,839a7475023757c3,현대사법연구회,학문,법률,"현대사법연구회(통칭 겐시켄)는 와세다 대학의 공인 동아리입니다. 법학부에 있는 법률 동아리 중 하나이며, 동아리원은 와세다 대학 법학부 학생들로 구성되어 있습니다. 현대사법연구회의 활동은 시험 전에는 스터디 모임을 갖는 것, 그 외에는 일상적인 동아리원 간의 교류나 변호사 사무실 방문, 학내 법률 토론회, 그리고 현직 변호사들과 함께 매년 후생노동성 앞에서 열리는 약해 근절의 날에 실행위원으로 참여하는 것입니다.다른 동아리에 비해 각 학년당 10명 정도의 소규모 동아리이긴 하지만, 와세다 대학 내 활동은 물론, 그 외에도 약해 근절의 날 실행위원을 통해 변호사와 함께 하는 업무와 같은 교외 활동까지 폭넓게 진행하고 있습니다.",정보 없음,없음,machine_translated,not_reviewed,
C0197,3599,fd684cab962e465a,Welcome-Law School,학문,법률,"대학원 법무연구과에 입학한 학생을 대상으로 한 신입생 환영회 및 수료생 축하회를 개최하여, 사법시험 합격 및 그 이후의 유익한 인연을 맺을 수 있는 계기를 제공하고 있습니다. 상기 행사는 준공식 전통 행사로서, 매년 매우 많은 학생과 교수진, 그리고 법조인으로 활약하고 계신 동문 선배님들이 참석하고 계십니다.또한 최근에는 로스쿨 이나몬회와도 협력을 강화하여, 세대를 아우르는 유대감을 한층 더 깊게 다지고 있습니다.사법시험 합격은 길고 힘든 여정이라는 면이 있지만, 서로 격려하고 서로 경쟁하며 성장하는 동료들과의 만남, 은사님과 선배님들의 격려를 통해 극복해 나갈 수 있다고 생각합니다. 가시밭길을 선택한 동료들끼리 서로 지지해 줄 수 있는 환경을 조성하는 데 조금이나마 도움이 되고자 활동을 이어가고 있습니다.",불규칙적,없음,machine_translated,not_reviewed,
C0198,3601,250d5f9c4551d6ff,Law&Practice,학문,법률,"법학 논문 잡지(로 리뷰) 『Law&Practice』의 편집 및 발행을 진행하고 있습니다. 구체적으로는 본 연구과의 교원이나 졸업생인 변호사 등에게 논문 집필이나 좌담회 참여를 의뢰하여, 그 내용을 잡지로 엮어 『Law&Practice』로 발행합니다. 집필 의뢰, 편집, 발행, 전국 발송, 활동 자금 조달 등을 학생들이 주체가 되어 수행하고 있습니다.평소 자주 만날 기회가 없는 교수님이나 변호사, 판사, 검사 등과 교류할 수 있습니다. 활동의 성과가 잡지라는 형태로 남기도 하고, 자료를 조사하다 보면 『Law&Practice』에서 인용된 문헌을 발견하기도 해서, 매우 보람 있는 활동이라고 생각합니다! 잡지 『Law&Practice』를 구하고 싶으신 분, 또는 본 동아리에 참여를 희망하시는 분은 언제든지 편하게 연락해 주세요!",7월·1월을 제외하고 월 1회 / 27호관,없음,machine_translated,not_reviewed,
C0199,3605,d4890e48fc0b6685,법학 교실 Street Law,학문,법률,"처음 뵙겠습니다. 저희 법학 교실 Street Law는 중학생·고등학생을 대상으로 법 교육 수업을 진행하는 법무연구과 승인 단체입니다.
/
/법 교육이란 ‘법적인 사고방식’이나 ‘헌법의 이념’, ‘규칙은 필요한가?’ 등에 대해 생각해 보게 하는 수업입니다. 일방적인 수업이 아니라, 중·고등학생에게 다가가는 언어로 대화를 통해 스스로 생각할 수 있도록 고안하고 있습니다.
/
/선거권 연령 하향, 헌법을 둘러싼 논의의 활성화, 젊은 세대가 목소리를 낼 기회가 늘어난 반면, 정치나 사법부에 무관심한 젊은이들이 많은 것도 현실입니다. 저희 수업이 법에 대해 생각하는 계기나 자료가 되기를 기대합니다.
/
/수업 연구, 강사를 초청한 스터디 모임, 수업 대상 학교 선생님들과의 협의를 거듭하며 수업 준비에 전력을 다하고 있습니다.
/
/잘 부탁드립니다.",불규칙적/와세다 캠퍼스 27호관,없음,machine_translated,not_reviewed,
C0200,3735,c7d20935513b52eb,젠더법 연구회,학문,법률,법무연구과 공인 동아리입니다. 젠더 전반의 과제에 대해 연구 발표 및 토론을 진행하고 있습니다.,비정기적,없음,machine_translated,not_reviewed,
C0201,3795,ca9aa7b8928ad4ff,WLS 커리어 캔버스,학문,법률,"WLS 커리어 캔버스는 와세다 대학 법학전문대학원이 공인한 로펌 방문 동아리입니다. 전체 150명 이상의 회원이 있으며, 학기 중 및 장기 방학 기간에 활동을 진행합니다. 로펌 방문 기획은 공식 행사와 비교하여 로펌이나 변호사 선생님의 좀 더 캐주얼한 모습을 볼 수 있어 호평을 받고 있습니다.법률 사무소뿐만 아니라 기업의 법무부나 관공서 방문도 적극적으로 진행하고 있습니다. 다양한 사무소를 방문할 기회는 법조인이 된 후에는 얻기 어려운 면도 있습니다. 꼭 저희 동아리의 활동에 참여하여, 어떤 법조인이 되고 싶은지, 어떤 조직에 들어가고 싶은지 탐구하며 알찬 와세다 로스쿨 생활을 보내시기 바랍니다!
매년 신입생을 대상으로 커리어 이벤트를 개최하고 있으니, 관심 있는 분들은 꼭 참가해 주시기 바랍니다.",불규칙적,없음,machine_translated,not_reviewed,
C0202,3080,5b5d96aa24e0d1b0,생물 동호회,학문,자연과학,"저희 생물 동호회는 물, 곤충, 새, 양서파충류의 네 개 반으로 나뉘어, 각 반이 현장에 나가 좋아하는 생물과 교감하는 활동 형태를 취하고 있습니다.예를 들어 물반은 바다 낚시나 바위 갯벌 채집, 곤충반은 곤충 채집이나 표본 제작, 새반은 조류 관찰, 양서파충반은 야외 관찰이나 집에서의 생체 사육 등의 활동에 힘쓰고 있습니다. 그렇다고 해서 동아리 내부가 완전히 뿔뿔이 흩어져 활동하는 것은 아니며, 봄에는 신입생 환영 합숙, 여름에는 여름 합숙, 가을에는 와세다 축제 참가, 겨울에는 크리스마스 파티 등의 형태로 전체 활동도 적극적으로 진행하고 있습니다.또한 매월 각 반의 활동을 서로 보고하는 정례회를 개최하고 있습니다. 자세한 내용은 동아리 웹사이트, 트위터, 페이스북 등을 참고해 주세요. “생물체는 좋아하지만, 현장 조사는 해본 적이 없네요…”라고 하는 초보자분도, “고등학교 때는 생물부에 소속되어 있었는데, 올해는 보소 지방까지 곤충 채집을 하러 가고 싶어요!”라고 하는 전문가분도, 우리와 함께 자연의 위대함과 그 매력을 느껴보러 가 봅시다!","활동 일시: 비정기적
/
/
/
/활동 장소: 자연, 학생회관 부실(E723호)",없음,machine_translated,not_reviewed,
C0203,3081,707e8d122e18a571,천문 동호회,학문,자연과학,"느긋하게 밤하늘을 바라보는 것을 좋아하는 사람들이 모여 활동하고 있습니다. 매주 정기 모임에서는 동아리 소유의 망원경으로 학생회관 옥상에서 하늘을 관찰하거나, 플라네타리움에 가거나, 천문대에 가는 등 별과 우주에 관한 다양한 활동을 하고 있습니다. 와세다 축제를 위해 대형 플라네타리움을 만들기도 합니다. /
///
// 또한, 별을 보기 위한 합숙도 많이 진행하고 있습니다. 나가노나 이즈오시마 등 도심에서 떨어진 곳에서는 만천의 밤하늘을 볼 수 있어요! 별에 대해 잘 아는 분은 물론, 지식은 없지만 아름다운 밤하늘을 보고 싶은 분도 대환영입니다. 느긋한 동아리이니 각자의 페이스대로 참여해 주시면 됩니다. 함께 은하수와 유성, 수많은 별자리를 관측해 봅시다!",매주 수요일/18:30~/학생회관 11층,동아리 사이트 폐쇄,machine_translated,not_reviewed,
C0204,3288,04e4d4f5583c4699,화석광물연구회(화광연),학문,자연과학,"화석광물연구회(화광연)는 화석과 광물의 채집 및 관찰을 통해 지구의 모습을 탐구하는 동아리입니다!
/
/
/
/주요 활동 내용
/
/・채집회: 월 1회 실시. 관동 근교의 산지로 가서 당일치기로 화석이나 광물을 채집합니다. 안전한 장소를 선정하고 있으며, 경험이 풍부한 선배들의 지원도 있으므로 화석·광물 채집 경험이 없는 분도 안심하셔도 됩니다.
/
/・합숙: 주로 여름방학에 실시 예정. 평소 채집회에서는 갈 수 없는 먼 산지로 가서 채집을 진행합니다.관동과는 다른 현지의 분위기를 즐길 수 있다는 점, 시간을 들여 마음껏 채집할 수 있다는 점이 매력입니다.
/
/・와세다 축제: 화석·광물 전시 및 판매를 진행합니다.
/
/・미네랄 쇼나 박물관 견학: 도쿄 국제 미네랄 페어(신주쿠), 도쿄 미네랄 쇼(이케부쿠로), 국립과학박물관 특별전 등, 화석·광물 전시 및 판매가 이루어지는 행사를 견학합니다.
/
/・부실 활동: 코로나19 이전에는 진행했었으며, 현재 재개 여부를 검토 중입니다. 채집품이나 구입품을 다 같이 관찰하고 평가하거나, 화석과 광물에 대해 공부하며 느긋하고 즐겁게 지낼 수 있는 공간을 만들기 위해 움직이고 있습니다.
/
/
/
/채집에 익숙한 분은 물론, 화석이나 광물에 관심은 있지만 직접 채집하러 가는 것이 불안하거나, 산지에 대해 잘 모르는 분이라도 괜찮습니다! 현재 회원 중 다수는 화석·광물 연구회에 들어와서 처음으로 채집을 시작한 분들입니다.
/
/화석·광물을 좋아하시는 분이라면 학년이나 경험에 관계없이 누구나 대환영입니다. 부담 없이 방문해 주세요!","월 1회 정도 / 관동 각지의 화석·광물 산지
/
/
/
/부실에서의 활동은 현재 검토 중",없음,machine_translated,not_reviewed,
C0205,3736,1221ac53e181cf57,iGEM - Waseda,학문,자연과학,"저희는 합성생물학 국제 대회인 iGEM(International Genetically Engineered Machine competition)에 참가하기 위해 연구 활동 및 합성생물학 보급 활동을 하고 있습니다. 합성생물학이란 유전자 재조합 기술 등을 이용하여 생물에게 원하는 기능을 부여하는 ‘만드는 생물학’의 접근 방식을 통해, 생물 시스템에 대한 이해를 더욱 깊게 하려는 학문입니다.대표적인 예로는 형광색으로 깜빡이거나 과일 향을 발산하는 대장균을 만드는 것이 있습니다. 또한, iGEM에서는 실험을 하는 것뿐만 아니라, 합성생물학을 통한 사회에 대한 기여도 요구됩니다. 우리는 부속 고등학교 학생들을 대상으로 합성생물학 강의를 진행하거나, 합성생물학 기술을 활용한 기업 프로젝트에도 참여하고 있습니다. 이러한 활동을 통해 학부생 시절부터 팀으로 연구하는 것, 타 분야 융합의 중요성, 나아가 과학 기술과 사회의 관계에 대해 깊이 배울 수 있습니다.활동에 참여하기 위해 생물학에 대한 깊은 지식은 필요하지 않습니다. 중요한 것은 열정과 책임감뿐입니다. 문과, 이과를 불문하고 여러분의 참여를 기다리고 있습니다.
/
/
/
/
/
/","수업 기간: 주 1회 미팅. 시간 등은 협의 가능. 방학 기간: Twins에서 실험, 및 매주 월요일 18:00-19:30 미팅",없음,machine_translated,not_reviewed,
C0206,3207,990b62fcec9b9b0c,일본어 속기 연구회,학문,언어,"저희는 특수한 문자를 사용하여 낭독 음성을 받아쓰는 ‘속기’라는 기술을 연습하는 동아리입니다. /
///
///
///
//연습은 평일 5교시에 진행되며, 일정에 맞춰 원하는 시간에 참여할 수 있습니다. 선배들이 한 명 한 명의 진도에 맞춰 가르쳐 주기 때문에, 연습에 자주 참여하지 못하더라도 자신의 속도에 맞춰 속기를 익힐 수 있습니다. 또한, 활동은 속기 연습뿐만 아니라 계절마다 진행하는 캠프나 크리스마스 파티, 나들이 모임 등 다양한 이벤트도 많이 개최하고 있습니다. 연습이나 이벤트는 모두 자유 참가입니다. 따라서 학업이나 다른 활동과의 병행도 충분히 가능합니다. /
///
///
///
//특별한 재능을 갖고 싶은 분, 색다른 경험을 하고 싶은 분, 대학에서 소속감을 느끼고 싶은 분, 누구든지 대환영입니다. 조금이라도 관심이 있으신 분은 꼭 견학하러 오세요! 다 함께 속기를 즐겨봅시다!!",매주 월요일~금요일/17:00~18:40/학생회관,없음,machine_translated,not_reviewed,
C0207,3208,17cba38b48315f0c,영어부 (WESA),학문,언어,"여러분 안녕하세요! 영어부(WESA)는 창립 70년 이상의 역사를 자랑하는 공인 동아리로, 1학년부터 3학년까지 100명 이상이 소속되어 있습니다! 본 동아리는 영어 실력 향상과 부원 전원의 친목을 목적으로 활동하고 있습니다.주요 활동은 토론, 디스커션, 스피치, 레슨의 4가지입니다. 또한 이러한 활동과 관련된 일본 내에서도 손꼽히는 규모의 대회를 운영하고 있습니다. 연 4회의 합숙 외에도 수많은 기획 행사를 진행하고 있어, 규모가 큰 동아리임에도 불구하고 모든 부원과 친목을 다질 수 있습니다! 놀기도 영어도 전력으로 즐기고 싶은, 학생 생활을 만끽하고 싶은 그대! WESA에서 기다리고 있습니다!",주 5일(월~금)/13시~18시(참가 시간 및 빈도는 각자 정할 수 있습니다)/학생회관,없음,machine_translated,not_reviewed,
C0208,3206,235468de1dd27bd1,스페인어 연구회,학문,언어,"스페인어 연구회는 1960년에 설립된 와세다 대학 내에서도 유서 깊은 동아리입니다. 대부분의 사람들이 제2외국어를 배우기 시작하는 것은 대학에 들어온 뒤인 경우가 많을 것입니다. 어떻게 공부해 나가야 할지, 추천하는 사전이나 참고서는…? 하고 불안한 점도 많을 것입니다. 그런 고민은 스페인어 연구회에 들어오면 단번에 해결! 모르는 부분을 자칭 ‘잘하는 선배’들과 함께 고민하며, 함께 배우는 동료를 만들어 봅시다.어학 공부뿐만 아니라 축제 자원봉사나 스페인 요리 만들기 등 활동은 다방면에 걸쳐 있습니다. 최근부터 회장직에 교육학부 복합문화학과 고토 교수님을 모셨습니다. 스페인어에 대해 열정이 대단하신 선생님이시니, 분명 상담도 해 주실지도 모릅니다!? 조금이라도 관심이 있다면, 꼭 한번 부실로 방문해 주세요.",일시는 학기마다 부원들의 일정을 듣고 상의하여 정합니다. 학생회관 E536호 부실에서 활동하고 있습니다.,없음,machine_translated,not_reviewed,
C0209,3516,eb061aa388a7c3f5,와세다대학 이공학부 영어회,학문,언어,"우리 동아리의 장점은 주로 ‘영어를 사용하며 활동할 수 있다는 점’과 ‘타 대학 학생들과 교류할 수 있다는 점’ 이 두 가지입니다!
/
/
/
/〇영어 활동: 주로 4가지 활동이 있습니다!
/
/1.Value Discussion
/
/토론 시간에는 간단한 자기소개부터 철학적인 이야기, 사회 문제에 이르기까지 다양한 주제에 대해 영어로 이야기를 나눕니다. 영어 회화 실력이 향상될 뿐만 아니라, 동시에 논리적으로 사고하는 능력도 기를 수 있습니다.무언가 한 가지 주제에 대해 동료들과 토론을 나누는 것은 정말 재미있는 일입니다.
/
/
/
/2.Guide
/
/이름 그대로 외국인 분들을 위한 관광 안내(가이드) 활동입니다. 장소는 황궁이나 아사쿠사, 메이지 신궁 등 일본의 유명한 관광지입니다. 원어민과 대화를 나누며 생생한 영어를 접할 수 있을 뿐만 아니라, 대화를 통해 그 나라의 문화를 체험할 수도 있습니다!
/
/
/
/3.Speech
/
/스피치 대회에서는 영어의 유창함은 물론, 연설 내용, 말투 등 다양한 요소가 평가되므로, 진심으로 스피치에 임한다면 영어 실력이 크게 향상될 뿐만 아니라 프레젠테이션 능력이나 논리적 사고력 등 다양한 능력을 갈고닦을 수 있습니다!
/
/
/
/4.PDD 토론
/
/정해진 사회 문제 등의 주제에 대해 영어로 의견을 주고받습니다. 차트 용지를 사용하는 것이 특징이며, 영어 실력뿐만 아니라 프레젠테이션 능력도 비약적으로 향상됩니다. 랭크라고 불리는 상을 받을 수도 있어요!
/
/
/
/〇타 대학 교류
/
/이 동아리의 매력은 단연코 『타 대학 사람들과 교류할 수 있다는 점』입니다!
/
/소위 ESS(English Speaking Society)는 다른 대학에도 있으며, 토론 대회나 가이드 활동을 통해 타 대학 ESS 회원들과 친해질 수 있습니다.
/
/
/
/분명 즐거운 동아리 생활을 즐기실 수 있을 거예요!",매주 월·수·금 중 2회,없음,machine_translated,not_reviewed,
C0210,3488,99e12e61c5a42603,중국어 학습회,학문,언어,"중국어로 편안하게 수다를 떨거나 게임을 하고 있습니다. 함께 중검(中検)이나 HSK 등의 자격증 대비도 가능합니다. 가끔 영화 보러 가거나 요리 파티도 합니다!
/
/
/
/참가자는 매우 다양합니다. 멤버 중에는 초보자도 있고 상급자도 있습니다. 중국어권 출신이나 일본에서 태어난 중국계 가정 출신 분들도 대환영입니다. 또한, 대학 생활 도중에 가입하는 분들도 많이 있습니다.
/
/
/
/활동은 주 2회이며, 방학 기간에는 주로 이벤트를 진행할 예정입니다. 오고 싶을 때만 오셔도 괜찮습니다.
/
/
/
/친구도 사귀면서 동시에 언어 학습도 하고 싶은 분들에게 딱 맞는 동아리입니다. 우선 한 번 체험하러 오세요!
/
/
/
/
/
/
/
/
/
/
/
/
/
/
/",주 2회(요일 불규칙)/16시 30분~19시/학생회관,없음,machine_translated,not_reviewed,
C0211,3076,2f6ce1075954dad0,수화 사아쿠루,학문,언어,"와세다대학 수화 사아쿠루는 1982년에 설립된 와세다 공인 동아리입니다. 부실은 토야마 캠퍼스의 학생회관(E203)에 있습니다. 봄 학기 활동의 중심인 ‘기획’은 매주 월요일·금요일 6교시 시간대(18:55~20:35)에 학생회관에서 진행됩니다. 강사를 초빙하는 것이 아니라, 선배들이 가르치고 있습니다.타 대학 학생들과도 교류할 수 있어 와세다 학생뿐만 아니라 많은 타대생들도 즐겁게 활동에 참여할 수 있습니다. 가을 학기에는 수화를 활용한 이벤트를 진행하기 위한 연습을 주된 활동으로 합니다. 봄 학기 기획 활동에서는 1학년생들이 선배들과 함께 수화를 배우고, 가을 학기에는 봄 학기에 배운 수화를 활용할 수 있는 기회로 이벤트를 진행하기 때문에 1년 만에 수화 실력이 향상됩니다. 대부분의 회원이 대학에서 수화를 시작했지만, 수화로 즐겁게 대화할 수 있게 되었습니다.",매주 월·금요일/6교시(18:55-20:35)/학생회관,없음,machine_translated,not_reviewed,
C0212,3487,3a3d8b914e2f67db,Paddy Fielders' Tea Party (실용 영어),학문,언어,"Paddy는 국내에서 영어 실력을 키우고 싶다는 열망을 가진 사람들의 대학 간 동아리입니다. 그럼 Paddy에서 무엇을 얻을 수 있는지 알려드리겠습니다!
/
/
/
/1. 실용적인 영어 실력
/
/TOEFL, TOEIC 점수가 올랐거나 만점에 가까운 점수를 받은 분들도 있습니다! 영어 회화가 중심이라 외국인 분들과 영어로 대화할 수 있게 됩니다(웃음)
/
/
/
/2. 유학생 친구
/
/매년 가을 유학생을 모집합니다. 모국어가 영어인 사람과 영어로 대화하며 실용적인 영어를 배울 수 있어 실력이 향상되는 것은 물론, 친해져서 유학생 친구도 사귈 수 있습니다! 1년 후 유학생들은 귀국하지만, 여행할 때 가이드를 해주거나 집에 묵게 해 주기도 해서 정말 즐겁습니다!
/
/
/
/3. 타 대학 친구들
/
/Paddy는 교내 동아리로 다양한 대학(릿쿄, 메이지, 일본여자, 가정, 세이루카 간호, 도쿄여자의대 등)에서 사람들이 모입니다! 와세다에만 있으면 만날 수 없는 사람들이 많이 있습니다.
/
/
/
/4. 최고의 추억
/
/영어 회화 동아리라니… 엄청 진지한 곳인가 싶으시죠? 활동 자체는 제대로 합니다.활동 시간에는 영어를 연습합시다! (웃음) 하지만 그 외 시간에는 마음껏 놀아요! 주말에 누군가가 기획해서 드라이브를 가거나 집에 모여서 놀기도 합니다. 지난달에는 패러글라이딩을 다녀왔어요! (웃음)
/
/
/
/5. 풍성한 이벤트
/
/개인적인 기획뿐만 아니라 연 4회 합숙(봄·여름·가을·겨울), 나료센(여름 유람선), 할로윈 파티, 크리스마스 파티, 벚꽃놀이 등 Paddy 기획팀이 다양한 이벤트를 개최합니다!",매주 화·금요일 / 18시 30분~20시 30분 / 학생회관,없음,machine_translated,not_reviewed,
C0213,3281,f1068811a9a2b7b5,Waseda Association Of Debaters,학문,언어,"WAD는 영어로 즉흥 토론을 하는 동아리입니다. 토론 주제는 일상적인 사회 문제부터 국제적인 정치 과제까지 폭넓게 다루고 있습니다. 연설 시간 동안 자신들의 패러다임(세계관)을 언어로 표현할 수 있는 것이 토론의 매력입니다.디베이트 경험이 있거나 영어를 유창하게 구사할 필요는 없습니다. WAD는 비교적 순수 일본인(※해외 장기 체류 경험이 없는), 디베이트 초보자가 많은 편임에도 불구하고, 영어 디베이트계에서는 강호로 꼽히며 국내외 대회에서 우수한 성적을 거두고 있습니다. 디베이트를 계속하다 보면 비판적 사고력, 프레젠테이션 능력, 논리력이 자연스럽게 길러집니다.또한, 국제 관계에 대한 지식이 풍부한 선배님들이나 타 대학 동기들과 대회에서 교류할 기회도 많아, 자극적인 학생 생활을 보낼 수 있습니다. 대학에서 새로운 것에 도전해 보고 싶은 여러분도, 디베이트를 시작해 보시지 않겠습니까?
/
/
/
/
/
/
/
/",매주 화·목·금요일/17시 00분~(5교시~)/와세다 캠퍼스 10호관 또는 7호관,없음,machine_translated,not_reviewed,
C0214,3212,65afd1bef1dc70e7,와세다 문예회,학문,일본 문학,"와세다 문예회, 줄여서 ‘와세분’은 1911년
/
/창립된 와세다에서 가장 오래된 문예 동아리라고 자부합니다! 와세분에서는 주로 문예 작품 창작과 그에 대한 합평을 중심으로 활동하고 있습니다. 집필 기회는 많으며, 문화제에서 판매하는 소책자 『나부아키』 제작이나 봄과 가을 문학 플리마켓 참가 등 활발히 활동하고 있습니다.동아리 내에서도 한 달에 한 번씩 부내 합평회를 개최하고 있습니다. 또한 문예 작품 창작 외에도 독서회나 스터디 모임을 열어, 기존 문예 작품에 대해서도 접근하고 있습니다. 다루는 장르는 소설, 만화, 시가, 영화 등 문자 매체와 관련된 문화적 작품이라면 무엇이든 좋습니다. 소설의 장르도 폭넓어, 순문학, 대중문학, 일본 문학, 해외 문학, 철학, 현대 비평 등 다양한 분야를 아우르고 있습니다.글을 쓰고 싶은 분도, 쓰지 않는 분도 대환영! 각 부원이 자신의 관심 분야에 몰두하고 있는 동아리라 분위기가 매우 편안합니다. 합숙이나 레크리에이션도 진행하고 있습니다. “와세분, 좋은 곳이니 한 번쯤 와보세요!”",수시/학생회관 E728,없음,machine_translated,not_reviewed,
C0215,3213,929ccaffb728b893,단가회,학문,일본문학,"단가회(통칭 '와세탄')에서는 매주 화요일 또는 금요일 18시 30분부터 와세다대학 토야마 캠퍼스 학생회관 회의실에서 '가카이'라는 단가 비평회 및 스터디 모임을 진행하고 있습니다. 연 1회 『와세다 단가』라는 기관지를 발간하며, 단가 연작 작품이나 평론, 한 수 평론 등을 발표할 수 있습니다.또한, 봄과 여름에는 전국의 학생 단가회와 합동으로 합숙도 진행하며, 와세탄에서는 여름 합숙 간사를 맡아 합숙 분위기를 띄워 나갑니다!
/
/OB·OG 중에는 카도카와 단가 등 신인상을 수상한 선배들도 많으며, 경험자는 물론 초보자도 단가에 대한 흥미와 관심을 높여 나갈 수 있습니다. 학생이라면 타 대학 학생도 대환영이니 꼭 한번 부담 없이 방문해 주십시오.",매주 화요일 또는 금요일 / 학생회관 회의실,없음,machine_translated,not_reviewed,
C0216,3209,dedd0336f7700802,와세다대학 현대문학회,학문,일본 문학,"봄·가을 연 2회 열리는 문학 플리마켓 도쿄에서의 판매를 위한 동아리지 『Mare』의 제작(창작·비평·편집)을 중심으로, 문학 일반·비평 이론·철학·영화·음악·연극 등 다방면에 걸친 스터디 모임과, 문예 작품을 깊이 있게 읽어보는 독서회, 회원의 관심 분야에 맞는 분을 초청해 이야기를 듣는 강연회를 진행하고 있습니다. 그 외 여름에는 합숙이 있습니다.여러분 모두 좋아하는 작가나 작품이 있을 것입니다. 그 작품의 어떤 점이 좋은지, 왜 좋아하는지 생각해 볼 수 있는 공간입니다. 큰 단체라고는 할 수 없지만, 전혀 다른 일을 하는 사람에게서 큰 자극을 받거나, 비슷한 관심사를 가진 사람과 함께 스터디 모임을 여는 등, 회원 여러분이 지금 가장 하고 싶은 일, 공부하고 싶은 것을 뒷받침해 줄 수 있는 동아리입니다. 타 대학 학생이나 유학생도 대환영입니다.",회원들의 일정에 맞춰 / 학생회관,없음,machine_translated,not_reviewed,
C0217,3217,b71489404a36136f,와세다 미스터리 클럽,학문,일본 문학,"미스터리는 물론, SF, 판타지, 라이트 노벨 등 무엇이든 다루는 종합 문예 동아리입니다. 초대 고문은 바로 에도가와 란포입니다. 졸업생 중에는 키타무라 카오루, 미야우치 유스케 등 프로로 활약하고 있는 분들도 있습니다. 독서만 즐기는 분도 창작을 원하는 분도 부담 없이 활동하고 있습니다.",불규칙/13시/학생회관,없음,machine_translated,not_reviewed,
C0218,3210,6fe9362371ccabcb,시인회,학문,일본 문학,"월 1~2회, 각자의 작품을 가져와 서로 평가하는 합평회를 중심으로, 그때그때 참여 의사가 있는 회원들과 시 작품을 읽는 좌담회 등도 개최합니다. 문학 플리마켓 도쿄에서는 부지를 발간·배포합니다. 그 외에는 학생회관 11층 소파에 누워 스카이트리를 바라보며 각자 마음대로 느긋하게 지내고 있습니다.창작과 독서에 관해서만은 활발하게, 하지만 그 외의 의무나 제약은 무너지지 않을 정도로 느슨하게 하는 것이 모토입니다. 다른 동아리에 동시에 소속되어도 물론 가능합니다. 집필에 진심으로 몰두하든, 읽기만 하고 돌아가든, 어쩌다 흘러들어와 멍하니 있든 상관없습니다. 이른바 현대시와 그 창작이 주축이 되지만, 소설이나 희곡, 음악, 비평 등에 비중을 두시는 분의 가입도 기다리고 있으며, 부지 편집이 가능한 분도 수시로 모집하고 있습니다.",불규칙/학생회관,없음,machine_translated,not_reviewed,
C0219,3218,f49e2eee18716f97,아동문학연구회,학문,일본 문학,"아동문학연구회는 문예, 그림책·공작, 시, 평론, 책 읽어주기의 다섯 가지 파트로 구성된 종합 문예 동아리입니다.각 파트의 활동은 요일마다 다르며, 문예 파트는 소설 창작과 합평을, 그림책·공작 파트는 그림 그리기나 공작을, 시 파트는 정해진 주제에 따라 시, 단가, 하이쿠 등 각기 자유로운 형식의 시 창작·합평을, 평론 파트는 리포터라고 불리는 사람이 선정한 문학 작품에 대해 다 함께 감상·비평·해석을 나누고, 책 읽어주기 파트는 신주쿠구립 츠루마키 도서관에서 방문하는 아이들에게 종이 연극이나 그림책 읽어주기를 진행하고 있습니다. 또한, 어린이를 대상으로 한 책 읽어주기 행사나 와세다 축제를 위한 소책자 제작도 합니다. 창작 활동에 관심이 있는 사람, 아이들과 놀고 싶은 사람, 좋아하는 것에 대해 이야기하고 싶은 사람들이 모여 자유롭고 즐거운 분위기 속에서 활동하고 있습니다.",매주 월·수·목·금요일/18시 30분/학생회관　매주 토요일/14시/학생회관,없음,machine_translated,not_reviewed,
C0220,3749,8c5602b215ad5e31,슈분카이,학문,일본 문학,"수문회는 주제에 맞춘 2000자~5000자의 '경작'이라 불리는 단편 소설을 집필하고, 이를 회원들끼리 공유하며 감상회를 여는 것을 주된 활동으로 하는 동아리입니다. 경작의 빈도는 월 1~2회이며, 지금까지 개최한 경작의 주제 예시로는 '주문', '재○○', '교육' 등 다양합니다. 또한, 연 2회 회지 『백지』를 제작하고 있습니다.제작한 『백지』는 와세다 축제와 문학 플리마켓에서 배포할 예정입니다. 일반적인 경작 외에도, 글자 수 제한을 없애고 자유롭게 원하는 만큼 쓰는 ‘글자 수 무제한 경작’도 연 2회 정도 개최하고 있습니다.작품 공모 제출이나 감상회 참석에 매번 참여해야 하는 것은 아니며, 회원 각자가 시간 될 때 가볍게 참여하는 분위기입니다. ‘글쓰기’ 창작 활동이나 편집 작업 등 글자에 관심이 있는 분들이, 창작 경험이나 독서 경험의 유무와 상관없이 화기애애하게 활동하고 있습니다!",수시/온라인 또는 학생회관,없음,machine_translated,not_reviewed,
C0221,3132,0ed12b00954c786f,허죽회,학문,일본 문화,"고죽회는 고코류(琴古流) 샤쿠하치 동아리입니다. J-POP부터 고전 본곡까지 다양한 곡을 연주할 수 있는 것이 매력입니다! 매주 월요일에 전문 강사의 지도를 연회비 없이 받을 수 있습니다. 창립 100주년을 넘긴 전통 있는 동아리입니다. 언제든지 입회 가능하며, 다른 동아리와 병행하는 것도 전혀 문제없습니다.또한 대학 간 동아리이므로 타 대학 학생도 가입할 수 있습니다. 샤쿠하치는 대나무에 5개의 구멍을 뚫어 만든 단순한 악기입니다. 구조가 단순한 만큼 다양한 음색을 낼 수 있고, 부는 사람에 따라 음색이 달라지기 때문에 각자 자신만의 소리를 만들어갈 수 있는 것이 매력입니다. 처음에는 소리를 내는 데 조금 어려움이 있지만, 사범 선생님이나 선배들이 친절하게 가르쳐 주므로 금방 소리를 낼 수 있게 됩니다. 대학에서 평생 이어갈 수 있는 취미를 시작해 보시지 않겠습니까?",매주 월요일·금요일 / 13시~18시 / 학생회관,없음,machine_translated,not_reviewed,
C0222,3135,dad281fae4100c62,다케토모카이,학문,일본 문화,"와세다대학 타케토모회는 1920년(다이쇼 9년)에 창립된 순수 고전 일본 음악을 다루는 단체입니다. 고전 예능이라고 하면 ‘딱딱하다’, ‘어둡다’, ‘무겁다’는 이미지를 떠올리실지 모르겠지만, 지금까지의 선배들은 모두 고전 예능을 접해본 적이 전혀 없는 사람들뿐입니다!초보자 대환영!! 게다가 최근에는 다양한 단체와 협업하고 있어서, 적극적으로 연주하고 싶은 분들에게는 출연 기회도 많습니다! (다만 동아리 차원의 연주는 전기 스터디 모임과 후기 연주회뿐이므로, 그 두 번만 참여하고 싶은 분이나 바쁜 분도 괜찮습니다. 사실 그런 분들이 대부분입니다.)
/
/  와세다 대학에서 유일하게 거문고, 샤쿠하치, 샤미센을 하나의 단체에서 다루고 있습니다.다케토모회는 봄 학기에 열리는 스터디 모임과 가을 학기의 다케토모회 단독 연주회를 목표로 연습하고 있습니다. 또한 합숙은 봄과 여름에 연 2회 있습니다. 일반 동아리 합숙에서는 가지 않는 곳에도 갈 수 있어요!
/
/　다케토모회는 ‘와세다대학 고전예능연맹’과 ‘관동학생삼곡연맹’에 가맹되어 있습니다.와세다대학 고전예능연맹에서는 연 2회, 봄 연주회와 와세다 축제에서의 연주회를 합동으로 진행하고 있습니다. 협력하여 신입생 환영회나 친목회를 개최하며, 와세다대학 내 고전예능 동아리 간의 교류를 활발히 하고 있습니다. 관동학생삼곡연맹은 연 2회의 연주회와 연 2회의 합숙을 중심으로 다양한 행사가 있습니다. 25개 이상의 대학이 참여하고 있어 타 대학과 교류할 수 있습니다.
/
/　다케토모회는 96년 역사를 가진 단체라 선배·후배 간의 교류도 활발합니다. 무엇보다도 가족 같은 분위기라 누구든 환영합니다!! 넓은 부실도 있습니다! 고전 예능에 조금이라도 관심이 있는 분은 꼭 연습에 참여해 보세요! 기본적으로 매주 토요일에 연습을 진행하고 있습니다. 언제든지 연습할 수 있는 환경이라, 공부나 아르바이트, 다른 동아리로 바쁜 분들도 병행할 수 있습니다! 여러분과 함께 연주할 수 있기를 기대하고 있습니다!!!",매주 토요일 오후 (조정 가능) / 학생회관,없음,machine_translated,not_reviewed,
C0223,3789,aa0abf6c7f2e74fc,와세다 대학 호쇼카이,학문,일본 문화,"노가쿠 동아리 와세다 대학 호쇼회입니다! 무로마치 시대부터 지금까지 전해 내려오는 일본의 전통 예능 ‘노’의 무용과 노래를 여유롭게 연습하고 있습니다. 600년 동안 이어져 온 노가쿠의 매력에 여러분도 와세다 대학에서 한번 접해 보시지 않겠습니까?프로 노가쿠사의 지도로 금세 노 무대에서 아름답게 춤출 수 있게 될 뿐만 아니라, 차분한 분위기의 노요를 다 함께 부르면 바쁜 대학 생활로 지친 마음도 점차 평온해집니다.......... 신입생은 월회비 무료! 연회비도 받지 않습니다. 필요한 것은 타비(일본 전통 양말)뿐! 무대에 입는 기모노는 본회에서 준비해 드립니다.즐거운 대학 생활의 틈틈이 학생회관 노무대에 꼭 들러 주세요! 『타카사고』나 『코노우라 후네에 돛을 올리고』, 『달과 함께 바다로 나간』 등... 동아리 회원 일동이 기다리고 있겠습니다!","매주 수요일 15시, 학생회관 노무대 B107 카사이 노가쿠시 연습 무대(비정기)",없음,machine_translated,not_reviewed,
C0224,3130,2d19f99b1dba42d3,간세카이,학문,일본 문화,"주 2회의 자율 연습과 월 2회의 사범 지도를 중심으로, 연습, 연구, 보급 활동을 진행하고 있습니다.
/
/
/
/월 1회 꼴로 발표회가 있지만, 참가 여부는 자유입니다. 연습 빈도도 자유롭습니다. 빠르면 반년 만에 무하야시, 1년 반 만에 노 연습을 시작할 수 있습니다.
/
/
/
/설립 당시부터 연구지 『키레토구치』를 발행하고 있으며, 동문 중에는 수많은 연구자, 연극 관계자가 있는 것은 물론, 본 회 출신의 노가쿠사도 계속해서 활약하고 있습니다.
/
/
/
/12개의 타 대학 노가쿠 동아리와 무대를 함께하고 있어, 말을 잘하지 못해도 서로 이해해 줄 수 있는 동료가 생깁니다.","월요일 110 이타노마 / 목요일 B107 노무대
/
/
/
/사범 연습: 켄센카이 노가쿠 연수소(오모테산도)",동아리 사이트 폐쇄,machine_translated,not_reviewed,
C0225,3133,2cdecb1283a89cda,가나하루카이,학문,일본 문화,"킨슈카이에서는 노(能)의 '시마이'라고 불리는 춤과 요우(노가쿠)를 연습하고 있습니다! 비정기적으로 전문 선생님으로부터 지도를 받고 있습니다.
/
/대학에서 노(能) 연습을 할 수 있는 것은 매우 드문 일이며, 인생에서 매우 귀중한 경험이 될 것임이 틀림없습니다!
/
/활동일은 주 3회입니다! 하지만 수업이나 아르바이트 등의 사정에 따라 시간이 날 때 활동할 수 있으며, 애초에 주 3회 참석하는 부원이 더 적습니다. (다른 동아리를 겸하는 부원도 많습니다!)
/
/여름과 봄에 합숙이 있고, 매년 가을에는 오쿠마 강당에서 정기 공연이나 노가쿠 워크숍 등을 진행하고 있어 보람도 있고, 대학 생활의 좋은 추억이 될 것입니다!
/
/평소에는 부원끼리 밥을 먹으러 가거나, 느긋하게 시간을 보내는 일도 많아요!
/
/노(能)가 뭘까? 해본 적 없는데 괜찮을까? 하고 걱정하시는 분들도 많지만, 현재 부원들은 모두 대학에 들어와서 처음으로 노를 실제로 해본 사람들뿐입니다!
/
/일본 문화가 꽉꽉 응축된 ‘노’를, 여러분도 한번 접해 보시지 않겠습니까?
/
/견학 및 입부는 수시로 받고 있습니다. 부담 없이 문의해 주세요!","화·수요일 2~3교시, 금요일 6~7교시 와세다대학 학생회관 지하 1층 B107(노무대)에서",없음,machine_translated,not_reviewed,
C0226,3137,057fff5a8d72a579,나가우타 연구회,학문,일본 문화,"가부키의 BGM에서 탄생한 ‘나가우타’를 매주 목요일, 요시즈미류 선생님을 모시고 연습하고 있습니다. 친절한 선생님의 세심한 지도 아래, 즐겁게 전통 문화를 접할 수 있습니다.
/
/연 2회의 연주회 외에도, 봄·여름 합숙이나 타 대학의 나가우타 연구회와의 교류 행사 등 이벤트가 풍성합니다! 초보자·2학년 이상인 분들도 대환영입니다! 조금이라도 나가우타 샤미센에 관심이 있으신 분은 부담 없이 방문해 주세요. 회원 일동, 진심으로 기다리고 있습니다!
/
/
/
/
/
/
/
/
/",매주 목요일/16시 30분~21시경까지/학생회관 다다미방,없음,machine_translated,not_reviewed,
C0227,3156,80ee42ede0c940a0,라쿠고 연구회,학문,일본 문화,"안녕하세요! 와세다 대학 라쿠고 연구회, 통칭 '라켄'입니다. 라켄은 70년 이상 이어져 온 동아리로, '와세다 요세'라는 대규모 요세 행사를 약 90회나 주최해 왔습니다! 이 '와세다 요세'는 저명한 거물 라쿠고가 분들이 다수 출연해 주시는 만큼, 라쿠고 애호가들 사이에서는 유명하다고 하네요……! 현재는 라쿠고 '감상'과 '실연'이라는 두 가지 축으로 활동하고 있습니다! 감상 활동으로는 약 2개월에 한 번씩 열리는 '감상회'와 연 1회 열리는 '와세다 요세'에서 프로 라쿠고가 분들을 초청해 가까이서 라쿠고를 관람하는, 라쿠고를 '깊이 즐기는' 활동을 합니다.한편 실연에서는 약 2개월에 한 번씩 열리는 ‘부원 라이브’를 통해 평소 연습한 성과를 관객 앞에서 선보이며, 실력을 갈고닦는 활동을 합니다. 라쿠고를 보고 싶은 분도, 직접 해보고 싶은 분도 함께 모여 서로 자극하며 라쿠고를 알아가 봅시다! 지식 같은 건 즐기다 보면 저절로 따라오는 법. 라쿠고는 대중 오락이니 어렵게 생각하지 말고 뛰어들어 봅시다! 경험이 없거나 지식이 없는 분들도, 주저 말고 오세요!",매주 수요일·토요일/14시 30분/학생회관,없음,machine_translated,not_reviewed,
C0228,3316,5d2fba6da0b7d711,시모카케 호쇼카이,학문,일본 문화,"와키 전문 동아리 ‘시모카케 호쇼카이’입니다! 와키란, 노(能)에서 등장하는 캐릭터 중 하나의 전문 직책을 말합니다. 그렇다면 그 캐릭터는 도대체 무엇일까요? 시테가 저세상의 존재라고 한다면, 와키는 이세상의 존재(인간)를 연기합니다. 그 때문에 이야기꾼과 같은 역할을 맡고 있습니다. 그런데, 그런 와키를 대학 동아리로서 연습할 수 있는 곳은 일본 전역을 찾아봐도 ‘시모카케 호쇼카이’뿐입니다.게다가 매주 전문 선생님들로부터 무료로 지도를 받고 있습니다. 평소 연습으로는 노(能)의 합창 부분인 ‘요(謡)’를 연습합니다. 그리고 노 무대에 와키로 실제로 출연하기 위한 연습도 하고 있습니다. 연습은 매주 월요일 18시부터 이타노마 110호에서 진행됩니다. 언제든지 견학 및 체험이 가능합니다!",매주 월요일/18시/학생회관 이타노마 110,없음,machine_translated,not_reviewed,
C0229,3131,ae2b10b0f4ad4415,교겐 연구회,학문,일본 문화,"'교겐'은 600년 이상의 역사를 가진 일본의 희극입니다. 우리는 그 교겐을 배우고 연습하며, 연 2회의 자체 공연을 비롯해 많은 무대에서 발표하고 있습니다. 이 동아리를 창설한 분은 바로 노무라 만사이 선생님의 아버지인 노무라 만사쿠 선생님입니다. 지금도 만사쿠회의 선생님들로부터 지도를 받으며 활발한 교류가 이어지고 있습니다.교겐의 유머를 즐기며, 학생들의 표현력을 통해 현대에도 이를 널리 알리는 것도 목표입니다. 규모는 작지만, 타 대학 학생이나 다른 동아리를 병행하는 학생들이 대부분이라 자유도가 높은 것도 매력입니다. 와세다 대학 내부터 전국 각지의 다양한 교겐·노가쿠 동아리와의 교류도 활발하여 인맥이 넓어집니다. 연습은 완전히 자유로우니, 언제든지 부담 없이 놀러 오세요!",매주 화요일·학생회관 B107 노무대 / 매주 금요일·학생회관 110 이타노마 / 18시~22시 (자유 참가),없음,machine_translated,not_reviewed,
C0230,3093,740c459bc3c0b343,만화 연구회,학문,일본 문화,"■주요 활동:
/
/합숙: 봄·여름 2회 + 의욕이 넘칠 경우, 겨울에도 있음
/
/기관지: 연 2회 '와세다 만' 제작·발행
/
/그 외, 시기별로 이벤트가 풍성하게 가득합니다.
/
/■부비: 평생 무료!
/
/●부비가 무료라니, 그런 좋은 일이 있을 리가 없죠.
/
/→눈썰미가 좋으시네요. 반은 맞췄습니다. 가을 와세다 축제에서 캐리커처를 마구 그려서 부비를 마련하고 있습니다. 그리는 사람도 손님을 부르는 사람도 정말 지칩니다.
/
/
/
/●그럼 캐리커처를 못 그리는 사람은 쓸모가 없는 거 아니에요!
/
/→당일에는 캐리커처를 못 그리는 분들도 전력을 다해 손님을 불러주실 테니 그 걱정은 안 하셔도 됩니다.",매일/부실,없음,machine_translated,not_reviewed,
C0231,3136,026e05d059814337,이나긴카이,학문,일본 문화,"안녕하세요! 이노긴회는 전통 예능 동아리로 시음·검무·선무의 연습과 발표를 하고 있습니다. 시음이 뭐지? 하고 생각하는 분은 인터넷에서 찾아보세요! 검무는 시음에 맞춰 칼을 휘두릅니다! 멋지죠! 선무는 부채를 사용해 우아하게 춤춥니다! 아름답죠! 회원이나 선배들이 친절하게 가르쳐 드립니다.초보자 대환영! 회원 대부분이 경험 없이 시작했습니다! 연 2회 열리는 합숙에서는 고베에 있는 사범 선생님의 도장에 방문합니다. 합숙 외에도 사범 선생님이 대학까지 오셔서 가르쳐 주시는 기회가 있습니다.
또한, 이노긴회는 대학 동아리치고는 드물게 우호 동아리가 4개나 있어, 시이노모리노카이·와세다-게이오전 지원회·호시카이·와세다 정신 고양회(모두 공인 동아리) 분들과 교류하고 있습니다.덕분에 이노긴카이에서는 와세다 특유의 이벤트를 모두 경험할 수 있습니다! 와세다-게이오전·백하이·와세다 축제 등 즐거운 이벤트가 줄을 잇습니다. 물론 타 대학의 시음 동아리와도 교류할 기회가 많아, 동쪽으로는 게이오기주쿠대학·메이지대학·도쿄대학부터, 서쪽으로는 간사이대학·류코쿠대학·오카야마대학까지!
게다가 널찍하게 지낼 수 있는 부실을 완비! 여러분의 캠퍼스 라이프의 거점으로 활용해 주세요. 너무 아늑해서 부실에 상주하고 있는 회원이 있다던가 없다던가…….
전통 예능이라고 하면 딱딱한 이미지가 있을지도 모르겠지만, 평소 활동은 느긋하게 진행하고 있습니다! ‘강제’ 없는, 자신에게 맞는 동아리 생활을, 꼭 이나긴회에서!",매주 금요일/3~5교시(13:10~18:40)/학생회관,없음,machine_translated,not_reviewed,
C0232,3149,b37b38060079abfb,생화 연구회,학문,일본 문화,"생화 연구회에서는 매주 화요일에 생화(이케보) 수업을 진행하고 있습니다. 시간은 17시부터 20시까지이며, 매번 이케보 선생님을 모시고 지도를 받고 있습니다. 수업 장소는 학생회관의 다실로, 다다미 방에서 차분한 분위기 속에서 수업을 진행합니다. 동아리 인원도 20명 미만으로 비교적 소규모라 모두 사이가 좋고, 수업 시에는 선생님께서 꼼꼼히 지도해 주십니다.본 동아리는 학년·대학, 경험 유무에 관계없이 가입할 수 있으며, 최근에는 유학생도 다수 소속되어 있습니다. 따라서 일본 문화를 배우고 싶은 유학생이나 유학생과 교류를 깊게 하고 싶은 학생들에게도 추천합니다! 평소 수업 외에도 와세다 축제나 대규모 꽃 전시회 등 다양한 행사에서 작품을 전시하고 있습니다. 또한 정기적으로 식사 모임을 개최하여 회원 간의 친목을 다질 기회도 마련하고 있습니다.수시로 체험 및 견학을 받고 있으니 관심 있는 분들은 꼭 본회 이메일 주소 ([email protected])이나 X(@ikeken_waseda), Instagram(@ikeken_waseda)의 DM으로 연락해 주세요! 회원 일동이 기다리고 있습니다.",매주 화요일/17시부터 20시/학생회관 다실 106,없음,machine_translated,not_reviewed,
C0233,3729,d40c3b2c4a041c3f,와세다 대학 소쿄쿠 연구회,학문,일본 문화,"거문고곡 연구회는 창립 60년이 넘는 전통 있는 이쿠타류 거문고 동아리입니다. 본 동아리에서는 고전 거문고곡부터 현대곡까지 다양한 곡을 다룰 수 있습니다. 경험자는 물론, 초보자도 대환영입니다. 또한, 유학생이나 2학년 이상의 학생, 타 대학 학생도 적극적으로 받아들이고 있습니다. 다른 동아리와 병행하는 것도 가능합니다. 평소 활동은 주 1회의 레슨 또는 연습회가 주를 이룹니다.수업에서는 전문 강사로부터 꼼꼼한 지도를 받을 수 있습니다. 수업이 없는 주에는 연습회를 진행합니다. 선배 후배를 불문하고 모두가 화기애애하게 함께 연습에 매진하고 있습니다. 다 함께 연습에 힘쓰다 보니 초보자도 금세 실력이 향상됩니다. 연 1회 연주회를 개최하는 것 외에도, 여름에는 합숙을 가거나 와세다 축제에서 연주하는 등 행사도 풍성합니다.또한, 본 동아리는 ‘와세다대학 고전예능연맹’ 및 ‘관동학생삼곡연맹’에 가맹되어 있어, 와세다대학 및 타 대학 동아리와의 교류도 활발합니다. 이러한 교류를 통해 고전 예능이나 일본 전통 악기에 친숙한 동료들을 만날 수 있습니다. 고토에 조금이라도 관심이 있는 여러분! 동아리라면 부담 없이 고토를 시작할 수 있습니다. 또한, 고토는 오랫동안 계속해 나갈 수 있는 취미이기도 합니다.여러분도 거문고 연구회에서 즐거운 대학 생활을 보내세요! 여러분의 연락을 기다리고 있습니다. (이메일: [email protected])",매주 금요일/15시~19시/학생회관,없음,machine_translated,not_reviewed,
C0234,3353,a912547f10e4cceb,와세다 요세 예능 연구회,학문,일본 문화,"저희 와세다 요세 연예 연구회는 만자이·콘티 등 코미디 라이브 개최를 주된 활동으로 하고 있습니다. 정기 라이브는 대학 주변의 공연장에서 연 4~5회, 2일간 개최하고 있습니다. 다른 코미디 동아리와 합동 라이브를 개최하기도 합니다. 라이브에서 선보이는 개그 소재는 모두 동아리원의 자작이며, 소재 만들기의 어려움을 뼈저리게 느끼면서도, 보러 와 주신 관객분들이 많이 웃으실 수 있도록 매일 노력하고 있습니다.라이브 외에도, 여름 방학 중에는 일본 각지의 병원을 여러 곳 방문하여 자원봉사 코미디 공연을 펼치는 활동도 실시하고 있습니다. 11월에 개최되는 와세다 축제에서는 교실 한 곳을 빌려 동아리 회원들이 교대로 쉬지 않고 개그를 선보이는 ‘7시간 연속 라이브’를 진행하고 있습니다.",매주 화요일·금요일/16시 30분/학생회관,없음,machine_translated,not_reviewed,
C0235,3358,b6db7cc9ce39e1e8,이지케코 만화 집단,학문,일본 문화,"1차 창작 동아리, 통칭 '이지만'입니다!
경험이 없거나 자신감이 없어도 대환영! 만화·일러스트·소설 등의 1차 창작을 하고, 이를 한 권의 책으로 발행하고 있습니다!
●활동 내용
〇년 9~10회 부지 '솔랑주'의 제작·발행
단원의 1차 창작 작품을 모은 부지 '솔랑주'를 발행하고 있습니다.만화·일러스트·소설 등, 지면상에서 표현 가능한 작품이라면 무엇이든 OK!
〇여름·겨울 코미케, COMITIA, 와세다 축제 참가 및 '솔랑주' 배포
제작한 '솔랑주'는 각 동인지 즉매회에서도 배포합니다! 여름과 겨울에 2종류의 즉매회에 참가하고 있어, 1년에 총 4회나 참가하고 있습니다!
와세다 축제에서는 교실 전체를 사용해 다양한 기획을 진행하고 있습니다! 신작 전시, '솔랑주' 및 굿즈 배포, 라이브 드로잉 등 단원들이 협력하여 준비 및 운영합니다!
〇여름·겨울 합숙
여름과 겨울, 연 2회 2박 3일 합숙을 진행합니다! 여름에는 해변가 지역, 겨울에는 온천 지역이 많습니다!
관광을 하거나, 느긋하게 쉬거나, 창작 활동을 하거나, 각자 좋아하는 대로 느긋하게 시간을 보내고 있습니다!
〇그 외에도 원드로 모임·부실 창작회·식사 모임 등, 다양한 이벤트가 가득합니다!
활동은 모두 자유 참가이므로, 자신의 페이스에 맞춰 자유롭게 창작을 즐길 수 있습니다!!
●회비
신입생: 연회비 5,000엔 + 입회비 1,000엔
부지 발행을 위해 다소 비싼 편입니다…… 양해 부탁드립니다!",불규칙(요일 불특정)／부실(학생회관 E827)·Discord,없음,machine_translated,not_reviewed,
C0236,3157,e5d195afc594077f,소녀만화 연구회,학문,일본 문화,"소녀 만화를 비롯해 만화·애니메이션·2.5차원 뮤지컬 등 다양한 것을 애호하고 있습니다. 정기 활동은 없으며, 평소에는 각자 편한 시간에 부실에 모여 친목을 다지고 있습니다. 부실에는 만화·TV·컴퓨터가 갖춰져 있어, 수업이 없는 시간의 휴식처가 되고 있습니다.연중 행사로는 신입생 환영회, 와세다-게이오전 관전, 전기 학기 종료 회식, 후기 학기 종료 회식, 와세다 축제 기획 전시, 크리스마스 파티, 회지 발행 등을 진행하고 있습니다. 발행한 회지는 여름과 겨울 코믹 마켓 등에서 판매하고 있습니다. 모든 행사는 자유 참가이므로, 다른 동아리에 소속된 분들도 대환영입니다! 회지 기고도 초보자분들을 대환영합니다! 2학년 이상의 입회나 신입생 환영 기간 이후의 입회도 받고 있으니, 관심 있는 분들은 부담 없이 연락해 주세요!",불규칙/학생회관 E531,없음,machine_translated,not_reviewed,
C0237,3161,7b3afb180563642d,와세다대학 다카라즈카 가극을 사랑하는 모임 (와세다 다카라즈카회),학문,일본 문화,"연 3회, 잡지 『꿈의 꽃다발』을 기획부터 제작까지 전 과정을 직접 진행하고 있습니다. 여름에는 본고장 다카라즈카 대극장으로 합숙을 떠납니다. 원래 팬이셨던 분은 물론, 한 번도 본 적 없는 분, 남성분들도 부담 없이 놀러 오세요!",불규칙적/학생회관·히비야,없음,machine_translated,not_reviewed,
C0238,3159,ce5750ce4c7dfbd4,쓰가루 샤미센 애호회 미츠하,학문,일본 문화,"""쓰가루 샤미센의 즐거움을 전한다""는 모토로 매일 활동하고 있는, 전국적으로도 드문 쓰가루 샤미센만으로 합주를 하는 동아리입니다. 멤버 대부분이 대학에서 샤미센을 시작했지만, 부실에서 원할 때 자율 연습을 할 수 있어 각자의 페이스대로 진행할 수 있습니다. 기술적인 면은 선배나 전국 대회 입상 경험도 있는 OB·OG에게 배우며, 후배들이 질문하기 쉬운 분위기입니다!항상 함께 연습하다 보니 동아리원들 간의 사이도 매우 좋고, 전국 대학 연합 동아리인 만큼 다양한 대학의 사람들이 모여 있습니다! 대회에서는 수많은 상을 받았으며, 아오모리현 히로사키시에서 매년 개최되는 쓰가루 샤미센 세계 대회에서는 2016년부터 2019년까지 단체 A 부문에서 4년 연속 우승을 달성했습니다. 경력만 보면 연습이 힘들지 않을까 생각할 수도 있겠지만, 평소에는 느긋하고 즐겁게 모두 함께 쓰가루 샤미센을 연주하고 있습니다.와세다 축제를 비롯한 대학 내 행사뿐만 아니라, 데이서비스 등의 복지 시설이나 지역 축제, 기업 행사 출연은 물론, 일 년에 몇 차례 해외 연주 요청을 받아 원정 공연도 하는 등 국내외를 가리지 않고 활발히 활동하고 있습니다.미츠바는 쓰가루 샤미센을 ‘모두 함께 즐긴다’는 마음만 있다면, 누구든지 환영합니다. YouTube에도 동영상을 공개하고 있으니, 꼭 확인해 보세요. 분명 이 악기의 매력에 푹 빠지게 될 것입니다.",매주 금요일/17시 30분~19시 30분/인근 시설,없음,machine_translated,not_reviewed,
C0239,3116,cde632a2bf7caac5,비파 동아리 비사몬,학문,일본 문화,"일본 최고의 학생 비파 동아리입니다. 힘찬 음색이 특징인 츠루타류 사쓰마 비파를 다루고 있습니다. 전문 선생님의 지도 아래, 자신의 속도에 맞춰 즐겁게 비파를 연주할 수 있습니다. 멤버 전원이 대학에서 시작한 초보자이므로 안심하셔도 됩니다.『기온세이샤』, 『혼노지』, 『아츠모리』, 『나스 요이치』 등 일본 역사를 소재로 한 고전곡은 물론, 현대곡이나 합주, 창작곡 등 다양한 장르에 도전할 수 있습니다. 정기 활동 외에도 3월, 6월, 11월에 연 3회 연주회를 열고, 고전예능연맹의 합동 연주회 「와라쿠」나 도서관 콘서트에도 출연하고 있습니다. 또한, 여름에는 가와구치코 등으로 합숙을 떠납니다.냉장고, 전자레인지 등 생활 편의 시설을 완비한 쾌적한 부실도 있습니다! 게다가 악기 구입은 필요 없습니다! 여유로운 동아리 생활을 즐기고 싶은 분, 일본 전통 악기나 일본 전통 음악에 관심이 있는 분, 어쨌든 음악을 좋아하는 분... 학년이나 학교를 불문하고 누구나 대환영입니다!",매주 화요일/4-6교시/학생회관 1층 다다미방,없음,machine_translated,not_reviewed,
C0240,3365,084bbdb3dbf7e7e1,와세다 대학 도라에몽 연구회,학문,일본 문화,"평소에는 도라에몽이나 다른 후지코 작품의 만화 및 애니메이션을 감상합니다. 4~5월에는 신입생 환영회를 개최하며, 이때 도라에몽 영화를 볼 수 있습니다. 6월에는 가와사키시에 있는 후지코 F. 후지오 뮤지엄을 방문합니다.여름방학 중에는 여름 합숙을 떠납니다. 지금까지의 여름 합숙에서는 다양한 곳을 다녀왔습니다. 도라에몽의 원작자 후지코 F. 후지오 선생님의 탄생지인 도야마현이나 도라에몽 와쿠와쿠 스카이 파크가 있는 홋카이도, 도라에몽 스탬프 랠리를 진행했던 하코네 등 도라에몽과 관련된 장소부터, 아이치현처럼 도라에몽과는 관계가 없는 장소까지 다양한 곳을 다녀왔습니다.또한, 도라에몽의 생일인 9월 3일에는 도라에몽의 생일을 축하합니다. 최근 몇 년간은 그날 후지코 F. 후지오 박물관을 방문하고 있습니다. 여름방학이 끝나면, 11월 초순에 열리는 와세다 축제를 위한 준비가 시작됩니다. 예년과 마찬가지로 와세다 축제에서는 ‘도라에몽 검정’을 개최하여, 방문객 여러분께 도라에몽에 관한 퀴즈를 풀게 하고 있습니다.와세다 축제가 끝나면 평소 활동으로 돌아갑니다. 12월에는 동창회가 열려 졸업생 분들과도 교류할 수 있습니다. 그리고 크리스마스 전후에는 후지코 F. 후지오 박물관을 방문합니다. 봄방학이 시작되면 매년 3월에 개봉하는 신작 영화를 보러 갑니다. 도라에몽을 좋아하시는 분들, 꼭 기다리고 있겠습니다!",매주 월요일(불규칙)/18시 15분~/학생회관,없음,machine_translated,not_reviewed,
C0241,3350,856f7c785ede9ff0,와카모노 기모노회,학문,일본 문화,"와카모노 기모노회에서는 한 달에 1~2회, 학생회관 다다미방에서 기모노나 유카타 입는 법 연습을 하고 있습니다! 그 외에도 기모노를 입고 아사쿠사나 가마쿠라, 가와고에 등으로 산책을 가거나, 기모노 관련 행사에 참가하는 등, 느긋하고 편안하게 활동하고 있습니다! 처음 기모노를 입어보는 분이라도 2~3번 연습하면 쉽게 입을 수 있게 되니, 정말 재미있어요♪ 남성이나 유학생 분들도 물론 대환영입니다! 활동 내용으로는, 4월: 신입생 환영회에서 기모노 입기 체험과 식사 모임, 5월경: ICC 일본 문화 행사에 참가하여 유학생들에게 유카타 입기 체험을 시켜주기, 6월경: 수국이 절정인 가마쿠라로 산책, 8월: 유카타를 입고 열리는 납량회나 불꽃놀이 대회, 9월:교토나 닛코, 치치부 등으로의 합숙, 전문 강사에게 기모노 입는 법을 배우는 모임, 가와고에의 풍경 이벤트, 11월: 와세다 축제에서 방문객들에게 기모노 입기 체험을 제공… 등등입니다!",요일 지정 없음/16:30~/학생회관 다다미방,없음,machine_translated,not_reviewed,
C0242,3607,23d15e15baedba03,팀 다도,학문,일본 문화,"대학원 문화계 동아리로서, 와세다 대학 최초의 다도 동아리로 7개국 이상의 유학생들과 함께 매일 다도 수련에 힘쓰고 있습니다.팀 다도는 학연도시에 위치한 3개 대학의 일본인 학생과 유학생들이 국적·연령·대학에 관계없이 하나의 팀으로 활동하고 있습니다. 매년 ‘유학생이 주최하는 남성 다회’라는 대규모 다회를 개최하여, 기타큐슈의 명물이 되었습니다. 최근에는 해외 원정도 다녀왔습니다. 일본 전통문화를 통해 국경을 넘어 사람과 사람이 연결될 수 있습니다.",매주 수~금요일 / 11시~16시 / 학연도시 유학생 지원 네트워크 FORSNET 사무실 내,없음,machine_translated,not_reviewed,
C0243,3621,a594038def533a2e,포켓몬 대사랑 클럽 와세다 지부,학문,일본 문화,"와세다 대학에 단 하나뿐인 포켓몬 공인 동아리입니다! 매주 열리는 정기 활동에서는 포켓몬 게임이나 카드를 하는 것은 물론, 포켓몬에 관한 다양한 활동을 합니다. 매월 말에는 포켓몬 게임을 이용해 동아리 전원이 참가하는 대회를 개최합니다. 타 대학의 포켓몬 동아리와의 교류회도 있어 포켓몬을 좋아하는 친구들을 많이 사귈 수 있습니다! 포켓몬 관련 활동뿐만 아니라 식사 모임이나 노래방 대회, 바비큐 등의 이벤트와 여름방학 및 봄방학에는 합숙 등도 있습니다.올해는 동아리 회원들이 게임과 카드 부문 모두 국내 예선을 통과하여 세계 대회에 진출할 수 있었습니다! “포켓몬을 제대로 즐기고 싶다!”는 분도, “포켓몬을 단순히 좋아한다”는 분도 모두 즐길 수 있는 즐거운 동아리입니다! 관심 있는 분은 꼭 연락해 주세요!",매주 수요일/16시 30분~/학생회관,없음,machine_translated,not_reviewed,
C0244,3738,e283599538f162b0,와세다대학 의상 연구회,학문,일본 문화,"유카타나 기모노를 입을 줄 아는 사람은 적지 않지만, 카리이(狩衣)나 이칸(衣冠)을 입을 줄 아는 사람은 좀처럼 없을 것입니다. 카리이(狩衣)란 매사냥이나 켄마리(蹴鞠) 등을 할 때 입는 비교적 활동적인 복장이며, 이칸(衣冠)이란 궁궐에 참배할 때 입는 의상 중에서도 간소화된 복장입니다.저희 의상 연구회는 평소 생활에서는 좀처럼 접할 기회가 없는 헤이안 시대 의상을 실제로 입혀보거나 직접 입어볼 수 있는 동아리입니다. 기본적인 매듭 짓는 법부터 시작하므로 사전 지식은 전혀 필요 없으며, 연습만 하면 누구나 의상을 입을 수 있게 됩니다. 의상은 동아리에서 소유하고 있는 것을 사용하므로 개인적으로 준비할 필요는 없습니다. 주요 활동 내용은 의상 입기 연습이며, 와세다 축제에서는 방문객에게 의상을 입혀 드릴 기회도 있습니다. 저희와 함께 우아한 세계를 즐겨보세요!",주 1회·불규칙/(평일인 경우) 18시부터/학생회관 다다미방,없음,machine_translated,not_reviewed,
C0245,3061,86e938ad80fe84ee,국제문제연구회,학문,학문,"올해의 연구 주제는 「러시아의 우크라이나 침공, 이스라엘의 가자 침공, 긴박해지는 동아시아――미·중·러가 격돌하는 전란의 세계를 묻는다」입니다.
/
/
/
/　러시아의 우크라이나 침공으로부터 2년이 지난 세계는 지금, 미중 대립의 심화와 얽히며 점점 더 격동하고 있습니다.작년 10월부터 이스라엘의 가자 침공이 시작되었고, 동아시아에서는 대만과 한반도를 중심으로 핵전쟁의 위기가 단숨에 고조되고 있습니다.
/
/
/
/　전쟁과 분단, 빈곤, 압정으로 많은 민중이 고통받고 있는 현대 세계와 마주하는 것이 지금처럼 중요한 때는 없습니다. 거세게 몰아치는 민족주의에 맞서, 이러한 문제를 어떻게 해결할지 함께 연구해 봅시다.
/
/
/
/　평소 활동은 주 1회 부회입니다. 신문이나 뉴스를 소재로 최신 국제 문제를 공동으로 연구합니다. 연구 성과는 와세다 축제에서 전시 발표합니다. 공동 연구를 통해 자신만의 세계관을 형성할 수 있다는 점이 국제문제연구회의 묘미입니다. 사전 지식은 필요 없습니다. 관심 있는 분은 우선 공식 라인에 등록해 주세요.",주 1회/학생회관,없음,machine_translated,not_reviewed,
C0246,3059,dce12f9dee352ad4,전쟁·빈곤·환경을 생각하는 모임,학문,학문,"우리는 현재 세계와 일본에서 일어나고 있는 문제를 다루며, 토론을 통해 깊이 파고드는 동아리입니다. 이를 통해 현대 세계의 위기를 깊이 통찰하는 힘을 기르고, 확고한 자신의 사회관을 형성하는 것을 목표로 하고 있습니다. 본 모임에는 동아리에서의 공동 연구만이 주는 보람과 재미가 있습니다. 현장 조사나 와세다 축제 전시 기획 참여도 예정되어 있습니다.
/
/
/
/〔2024년도에는 다음과 같은 연구를 진행합니다↓〕
/
/　러시아의 우크라이나 군사 침공이라는 세기의 만행으로부터 2년여가 지났습니다. 이스라엘의 팔레스타인 민중 학살에 이어, 이곳 동아시아에서도 미국과 일본, 중국이 대만을 둘러싼 군사적 대립을 격화시키고 있습니다. 일본의 기시다 정권은 이제 ‘전수방위’를 완전히 저버리고, 미국과 함께 선제 공격이 가능한 ‘전쟁하는 나라’ 만들기를 추진하고 있습니다.
/
/
/
/　우리는 올해, 〈전쟁과 대규모 군비 증강 시대〉로 돌입한 현대 세계를 넘어설 길을 모색합니다. 정부와 자민당이 꾀하는 개헌의 목적은 무엇인가? 전례 없는 대규모 군비 증강의 실태는? 대학을 동원한 군사 연구의 실태는?
/
/
/
/　〈푸틴의 전쟁〉이란 무엇인가?　불굴의 저항을 이어가는 우크라이나 민중을 움직이는 것은 무엇인가?　자칭 ‘사회주의’ 소련의 붕괴는 무엇이었는가?――이러한 문제들을 〈새로운 파시즘에 맞서〉를 연간 주제로 삼아 연구해 나갈 것입니다.
/
/
/
/　수시로 설명회를 개최하오니, 꼭 한 번 들어보시기 바랍니다!　연락 기다리고 있습니다.",주 1~2회/학생회관 E530 부실,동아리 사이트 폐쇄,machine_translated,not_reviewed,
C0247,3541,33bb50789ff4b46d,와세다 사회환경공학연구회,학문,학문,"와세다 사회환경공학연구회(샤칸켄)는 사회환경공학에 대한 관심을 높이는 것을 목적으로 하는 동아리입니다. 교량이나 터널, 하천이나 도로 등 도시와 국토를 지탱하는 학문인 사회환경공학을 공부하는 학생들로 구성되어 있습니다.
토목 관련 정보 교환 외에도, 연 2~3회의 프로젝트 견학회, 교류회 및 우수한 토목 구조물을 관람하는 여행 개최를 주요 활동으로 하고 있습니다.현장 견학회에서는 수도권 내외의 최신 건설 프로젝트 현장을 견학함으로써, 토목의 거대한 규모의 작업을 체감할 수 있습니다. 또한, 시공 상황 등 실무와 관련된 귀중한 이야기를 들을 수 있는 기회이기도 합니다.
또한, 회원끼리 거리를 거닐거나 소풍을 계획하기도 합니다. 지리학이나 민속학 등 다양한 배경 지식을 갖추면, 지금까지 무심코 걸어 다니던 거리, 길, 다리가 새로운 면모를 보여줄지도 모릅니다!
활동 거점이 니시와세다 캠퍼스 내에 있다는 점도 장점 중 하나입니다. 1974년 창설되어 하천 세미나를 전신으로 하는 유서 깊은 동아리인 만큼, 토목뿐만 아니라 도시 계획·교통·마을 만들기를 좋아하는 분이나 앞으로 좋아하게 될 분의 가입도 기다리고 있습니다.
【2025년도 활동 실적】
・시부야 주변 거리 탐방(6월)
・고속도로 건설 현장 견학(7월)
・공항 지하역 공사 현장 견학(7월)
・인도네시아 공화국 현장 견학 및 도시 구조 분석 활동(8월)
・항만 견학(2026년 1월 예정)",거의 매일 / 니시와세다 캠퍼스,없음,machine_translated,not_reviewed,
C0248,3276,a64c6434c4676347,자격증 게터즈,학문,학문,"본 동아리에서는 TOEIC이나 부기 등 취업 활동에 활용할 수 있는 자격증부터, 택지건물거래주임자나 재무설계사 등의 국가 자격증, 닌자 검정이나 오코노미야키 검정과 같은 재미있는 자격증까지, 다양한 자격증 취득을 목표로 하고 있습니다.대학 간 동아리로, 현재 약 150명의 회원이 재적하고 있습니다. 정기 활동은 매주 화요일과 목요일 3·4·5교시에 학생회관 동아리실을 개방하여 자격증 취득을 위한 공부와 정보 교환을 진행하고 있습니다. 주말에는 단체 시험을 치르거나, 월 1회 정례회를 개최하기도 합니다.또한, 100km 하이킹이나 와세다 축제 등의 행사에도 참가하고 있습니다. 여름과 봄의 장기 방학 기간에는 합숙을 진행하여 참가자 전원이 함께 검정에 도전합니다. 2016년 여름 합숙에서는 바비큐 강사 자격을 취득했고, 2017년 겨울 합숙에서는 스키·스노보드 검정에 도전했습니다. 동료끼리 서로 격려하고 경쟁하며 즐겁게 활동하고 있습니다.",매주 화·목요일 / 13시~18시 / 학생회관,없음,machine_translated,not_reviewed,
C0249,3249,8c1b476286c763ea,교육·교직 동아리 T-team(T-team),학문,학문,"와세다 대학 공인 동아리 중 유일하게 교육을 주제로 한 교육·교직 동아리 T-team입니다. 언뜻 보면 진지해 보이지만, 실제로는 친근한 분위기 속에서 다양한 학부의 동료들이 함께 활동하고 있습니다! 활동일은 화·목요일 6·7교시, 주 2회입니다. 활동은 실제로 수업을 진행하며 장점과 개선점을 논의하는 모의 수업이 중심입니다.수강 신청이나 교직 카르테 등, 교직 과정을 이수하는 데 필수적인 절차를 다 같이 협력할 수 있는 이벤트도 개최하고 있습니다. 소풍이나 여행도 실시하고 있어, 교직을 목표로 하는 동료들을 만날 수 있는 동아리입니다. 수업 후에 트럼프 같은 게임으로 분위기가 달아오르기도…! 구체적인 활동 일정이나 활동 내용은 X(구 트위터)・인스타그램에서 공유하고 있습니다. 동아리원 일동, 신입생 여러분을 기다리고 있습니다!",매주 화요일·목요일 / 18:55~ / 학생회관,없음,machine_translated,not_reviewed,
C0250,3555,341f94463333a635,임상심리학 연구회,학문,학문,"임상심리학 스터디 모임이나, 심리 관련 현장에서의 자원봉사 활동 등을 진행합니다. 주요 활동 내용으로는, 갱생보호시설의 갱신회에서 진행되는 SST(사회기술훈련) 보조, 판서 담당, 다과회에서의 참가자분들과의 대화, 시설 관계자나 SST 담당 선생님과 함께 하는 활동 후 평가 등을 합니다. 특별한 기술이 필요한 활동을 하는 것은 아니므로, 일종의 사회견학 차원에서 참여하는 마음가짐으로도 괜찮습니다.또한, 임상심리학계 대학원 입시를 위한 공부나 임상심리학 키워드 정리, 임상심리학계 대학원 입시 기출문제 대비 등의 스터디 모임을 진행합니다. 참가자의 사정에 맞춰 도코로자와 캠퍼스 등에서 진행합니다. 또한, 은둔형 외톨이 지원 자원봉사 활동으로 ‘KHJ 니시도쿄 ‘모에의 모임’ 모임 장소 코스모스’라는 은둔형 외톨이 자조 그룹 월례회 참가나 학교 학생 자원봉사 활동 등도 하고 있습니다.",매월 첫째·셋째 일요일 / 8:30~11:00경 / 다카다노바바역에서 도보 15분,없음,machine_translated,not_reviewed,
C0251,3765,2b81101a20d029d2,이공계 학술 동아리 Wathematica,학문,학문,"Wathematica(와세마티카)는 주로 니시와세다 캠퍼스에서 활동하는 이공계 학술 동아리입니다! 수학, 물리, 정보 등 학문에 관심 있는 학생들이 모여 자율 세미나 활동을 진행하고 있습니다.
/
/
/
/Wathematica에서는 자신이 배우고 싶은 주제를 자유롭게 선택하여 세미나 형식으로 깊이 있게 탐구할 수 있습니다. 대학 공부는 혼자 하면 좌절하기 쉽지만, 동료들과 협력하며 배우면 동기 부여를 유지하면서 이해를 깊게 할 수 있습니다. 또한, 교류회 등의 정기적인 행사나 매년 열리는 발표회, 합숙 등을 통해 회원들 간의 친목도 다질 수 있습니다.
/
/
/
/많은 멤버가 이공계 학생이지만, 해마다 다양한 학부의 멤버가 늘어나고 있습니다. 인문계 학부생이라도 이공계 학문에 관심이 있는 분은 대환영입니다!
/
/
/
/Wathematica는 학문에 대한 열정을 공유하고, 스스로 생각하며 심화해 나가는 공간입니다. 관심 있는 분들은 꼭 저희 활동에 참여해 보세요. 함께 지식을 넓히고, 새로운 발견과 교류를 즐겨 봅시다.",평일(불규칙)/빈 시간이나 5·6교시/61호관 러닝 커먼즈 등,없음,machine_translated,not_reviewed,
C0252,3794,205c0b49706c6e1e,와세다 대학 문제 출제 동아리,학문,학문,"【활동 내용】
와세다 대학 문제 출제 동아리(이하 작서)는 다양한 과목의 문제 출제 활동을 하고 있습니다! 수학, 물리, 화학, 생물 같은 이과 과목부터 영어, 일본사, 세계사, 현대문 같은 문과 과목까지, 그중에는 가정과나 정보 같은 틈새 과목을 출제하는 부원도!? 물론 고등학교 범위뿐만 아니라 중학교 범위, 심지어 초등학교 범위라도 문제없습니다! 나만의 오리지널 문제를 만들어 봅시다!
【즐기는 방법】
""전국 문제 출제 동아리 연합""을 설립한 실적이 있습니다! 전국의 문제 출제 동아리가 모인 디스코드 서버가 운영 중입니다. 다양한 분들의 이야기를 들을 수 있는 기회입니다!!
연 2회 합숙이 있습니다. 문제 출제 활동은 물론, 레크리에이션 등을 통해 학년과 상관없이 친해질 수 있습니다!
와세다 축제/이공전(理工展)에서 멤버들이 만든 오리지널 문제집을 판매하고 있습니다. 당신이 가장 추천하는 문제도 문제집에 실어보지 않겠습니까!?
타 대학과의 교류도 활발합니다! 과거에는 콜라보 모의고사나 와세다-게이오전 등의 이벤트를 진행했습니다!!
【본 서클의 특징】
어떤 과목의 문제 출제도 OK!
대학 간 교류 서클이므로 타 대학도 OK!
술자리에는 자신 없음!","월·수·목 5, 6교시
3호관 교실을 주로 사용합니다!",없음,machine_translated,not_reviewed,
C0253,3088,17bb71d203be8041,철도연구회(WRC),학문,취미,"와세다대학 철도연구회(WRC)는 대학 철도 연구회 중 일본 최대 규모의 동아리입니다. 월 1회 정기 모임을 비롯해 여름 합숙이나 와세다 축제 참가 등 연중 다양한 행사가 열리며, 철도를 취미로 삼는 사람들이 모여 교류를 깊게 하고 있습니다. 가벼운 관심층부터 열성 팬까지 개성 넘치는 회원들로 구성되어 있으며, 각 회원은 저마다의 방식으로 철도에 관한 지식을 넓혀가고 있습니다.한마디로 ‘철도 취미’라고 해도 그 대상은 사진, 모형, 차량 연구 등 광범위합니다. 따라서 개인의 흥미와 관심사에 맞춰 활동할 수 있는 ‘분과회’가 설치되어 있으며, 그곳에서는 특정 분야에 대해 더 깊이 파고드는 활동이 이루어지고 있습니다. 본회의 주요 행사로는 신입생 환영 기간에 벚꽃 구경이나 모형 운전회, 전세 열차 운행, 합숙을 개최하여 신입생을 따뜻하게 환영합니다.여름 합숙에서는 현지 집합·현지 해산 방식으로 각자 자유로운 루트로 여행을 하며, 반드시 차량기지 견학회를 실시하고 있습니다. 와세다 축제에는 매년 참가하여 거대 철도 모형 레이아웃이나 철도 사진·부품 등 각 분과회의 지혜를 결집한 전시를 진행하고 있습니다.또한, 회지 『Switcher』를 발행하여 외부에 각 회원의 연구 성과를 발표하고 있습니다. 그 밖에도 잡지나 방송국 등 미디어의 취재나 철도와 관련된 업무 의뢰도 있어, WRC에서만 경험할 수 있는 일들이 많다는 것이 본회의 특징입니다. 조금이라도 관심이 있으신 분은 꼭 학생회관 부실로 편하게 방문해 주세요!",매주 월~토요일 / 학생회관 동아리실 E516 (자유 참가),없음,machine_translated,not_reviewed,
C0254,3277,e6be91b5ce63f8f2,학식 연구회,학문,취미,"1999년에 활동을 시작한 일본에서 가장 오래된 학식 연구 동아리입니다. 동아리 독자적인 조사표를 사용하여 학식을 평가하고, 반년에 한 번 학식 랭킹을 작성합니다. 이 랭킹은 많은 주목을 받아, 과거에는 '메자마시 TV', '월드 비즈니스 새틀라이트', '주간 아사히', 'J-WAVE' 등 많은 미디어와 협력한 경험이 있습니다! 1년 내내 와세다뿐만 아니라 다양한 대학의 학식을 돌아다닙니다.더 나아가, 반년에 한 번씩 8~9월과 3월에 각각 합숙을 진행합니다. 평소에는 가기 힘든 먼 곳의 대학 식당을 찾아가, 평소의 식당 연구회와는 또 다른 즐거움을 모두 함께 만끽합니다. 주 2~3회 정도, 멤버 전원이 부담 없이 각자의 페이스에 맞춰 평소 활동을 하고 있습니다. 평소 식당 활동에 3회 참석하는 것이 가입 조건 중 하나이므로, 우선은 부담 없이 놀러 오세요~!",비정기/도쿄 도내의 대학 식당,없음,machine_translated,not_reviewed,
C0255,3486,e1e4afe75e9d23e1,특촬 평의회,학문,취미,"본 동아리는 특촬 작품의 '감상 전문'으로서, 특촬 기술이 사용된 영상 작품을 폭넓게 시청하는 동아리입니다. 본 동아리의 목적은 첫째, 영상 시청을 주변 사람들과 공감하며 즐기는 것, 둘째, 일본의 전통 기술로서의 특촬의 가치를 재발견하는 것, 셋째, 그 작품성·표상성을 분석적으로 평가하여 작품에서 새로운 가치를 찾아내는 데 있습니다.그 성과로 다양한 주제에 기반한 평론집을 자비 출판하여, 매년 2회 코믹마켓에서 배포하고 있습니다. 본 동아리의 활동은 정기 활동과 특별 활동으로 나뉘어 있으며, 정기 활동에서는 정규 코스로 3~4쿨의 작품을 시청하고, 특별 활동에서는 수시로 특촬과 관련된 다양한 이벤트에 참가합니다.또한, 봄에는 대규모 투어 기획을, 여름에는 합숙을 진행하고 있어, 취미 생활의 충족이나 지식 강화뿐만 아니라 회원 간의 교류도 활발한 동아리입니다. 활동에 따라서는 특촬에 국한되지 않고 애니메이션이나 영화 등 영상 작품 전반을 접함으로써, 각자의 시야를 넓히는 동시에 미적 안목을 기르고 있습니다.",매주 수요일 16시 30분~·매주 토요일 13시~ / 학생회관,없음,machine_translated,not_reviewed,
C0256,3799,9af6186693b4df9c,없음,학문,취미,정보 없음,정보 없음,없음,machine_translated,not_reviewed,
C0257,3800,9af6186693b4df9c,없음,학문,취미,정보 없음,정보 없음,없음,machine_translated,not_reviewed,
C0258,3801,9af6186693b4df9c,없음,학문,취미,정보 없음,정보 없음,없음,machine_translated,not_reviewed,
C0259,3802,5264a1e14a711a3c,와세다 대학 환상향 연구회,학문,취미,"와세다 대학의 동방 동아리 '환상향 연구회', 통칭 게소켄입니다!
/
/
/
/・활동 내용?〈대면 활동〉
/
/평소 대면 활동에서는 동방 프로젝트의 원작 슈팅 게임이나, 동방 2차 창작 보드게임 등을 즐기고 있습니다!
/
/또한, 상기 활동 외에도 수업일 방과 후에 비정기적으로 소규모 활동도 진행하고 있습니다!
/
/
/
/・활동 내용?〈온라인〉
/
/교류에는 주로 Discord를 이용하고 있으며, 통화로 원작을 스트리밍하거나, 동방 TRPG 등을 여러 명이서 즐기고 있습니다!
/
/
/
/・활동 내용?〈이벤트 참가〉
/
/매년 5월, 11월에 도쿄 빅사이트에서 열리는 ‘하쿠레이 신사 레이타이사이’에 서클로 참가하고 있습니다!
/
/레이타이사이에서는 서클의 합동지 ‘환상념보’를 제작하여 배포하고 있습니다!
/
/또한, 와세다 축제에도 매년 참가하고 있으며, 원작 체험 등 다양한 기획을 준비하고 있습니다!
/
/
/
/・활동 내용?〈합숙〉
/
/장기 방학(봄·여름) 기간에는 서클 합숙을 다녀옵니다!
/
/합숙에서는 동방의 성지 순례를 하거나, 다 함께 보드게임이나 원작을 즐기고 있습니다!
/
/지금까지의 합숙 장소는 주로 스와·교토·닛코·사도 등입니다!
/
/
/
/・회비
/
/회비는 연중 징수하고 있습니다. 금액은 연도마다 변동되지만 대략 2,000~3,000엔 정도입니다.
/
/
/
/・입회
/
/연중 입회 접수 중! 타 대학 학생, 유학생도 상관없습니다!
/
/연락은 게소켄X(@studyoftoho)의 DM이나 Gmail로 부탁드립니다!","대면 활동은 월 1~2회 정도(13:00~19:00경)／학생회관, 교실, 와세다 주변 회의실 등
/
/그 외에도 비정기적으로 소규모 활동이 진행되고 있습니다. 또한, Discord 등 온라인 상에서도 교류가 이루어지고 있습니다.",없음,machine_translated,not_reviewed,
C0260,3803,9af6186693b4df9c,없음,학문,취미,정보 없음,정보 없음,없음,machine_translated,not_reviewed,
C0261,3804,9af6186693b4df9c,없음,학문,취미,정보 없음,정보 없음,없음,machine_translated,not_reviewed,
C0262,3798,0d890b05e2ed3925,와세다 보컬로이드 팬클럽,학문,취미,"와세다 대학 보컬로이드 팬클럽은 VOCALOID를 비롯한 합성 음성을 좋아하는 학생들이 모여 활동하는 동아리입니다. 평소 활동 내용으로는 서로 좋아하는 보컬로이드 곡을 소개하거나, 보컬로이드 관련 퀴즈 대회를 열거나, 멤버끼리 노래방에 가는 등 동아리 멤버 간의 교류를 하고 있습니다. 또한, 보컬로이드 DJ 이벤트를 동아리 주최로 개최하거나, 대학 축제에 참가하기도 합니다.이러한 이벤트가 가까운 시기에 열릴 경우, 평소 활동에 더해 이를 위한 준비도 활동 내용에 포함됩니다. 보컬로이드에 대한 지식 수준에 관계없이 입회를 받고 있습니다. 또한, 타 대학 학생도 가입할 수 있는 동아리이므로 와세다 대학에 소속되지 않은 학생의 입회도 받고 있습니다.",불규칙/17시 30분/학생회관,없음,machine_translated,not_reviewed,
C0263,3781,25611fd62b3e5e49,와세다 대학 VTuber 연구회,학문,취미,"와세다 유일의 공인 VTuber 동아리입니다!
/
/
/
/■VTuber 기획·운영 (VTuber국)
/
/현재는 2대 공식 V '사츠키 하야유미'를 운영하고 있습니다.
/
/또한, 3대 공식 V에 대해서도 기획 중입니다!
/
/기획, 모델 제작, 영상 편집, 홍보 등 모든 것을 동아리 내에서 진행하고 있습니다.
/
/
/
/■출판 활동 (편집국)
/
/코믹마켓, 문학 플리마켓 등에 참가하여 회지 『VTrue』, 연구 잡지 『와세다 V학』을 배포하고 있습니다!
/
/동아리 내 희망자를 판매원으로 투입하고 있기 때문에, 2시간 정도의 근무 시간 외에는 입장료를 동아리에서 부담하여 이벤트를 즐길 수 있습니다!
/
/
/
/■타 대학과의 교류
/
/관동 V학련(V유니)에 정회원으로서 가입하여, 공동 활동, 교류 이벤트 등에 참여하고 있습니다.
/
/타 대학 학생들과의 '오시카츠' 동료의 인맥도 넓어집니다!
/
/
/
/■기타 활동
/
/회원이라면 누구나, VTuber나 VR 등 동아리 목적과 관련된 것이라면 무엇이든 새로운 활동을 제안·실시할 수 있습니다!
/
/각 활동(프로젝트)에는 필요에 따라 활동 자금을 지원합니다.
/
/
/
/■회비(부비)
/
/입회 학기는 회비가 무료입니다!
/
/다음 학기부터 학기당 1,000엔(연간 2,000엔)의 회비를 받고 있습니다.
/
/모금된 회비는 V 운영, 출판물 제작, 도서·비품 구입 등에 사용됩니다.
/
/
/
/■태그
/
/버추얼 유튜버, VR, 출판, 연구, 코미케, 문후리, 동인지, 와세다 V연구회, 와세다 VTuber 연구회","수시/주로 온라인, 필요에 따라 대면","기타 링크, 링크 끊김",machine_translated,not_reviewed,
C0264,3770,93f7f2a1affab526,와세다대학 점술 연구회,학문,취미,"와세다 대학 점술 연구회는 와세다 대학 유일의 공인 점술 동아리입니다.
/
/
/
/손금, 타로, 서양 점성술, 사주, 자미두수, 룬, 마야력 점술 등 폭넓은 점술을 배울 수 있습니다.
/
/
/
/매주 화요일에 느긋하게 활동하고 있습니다. 서로 점쳐주거나, 타로 해석에 대해 토론하거나, 책이나 동영상을 활용해 함께 공부하는 것이 주된 활동입니다. 활동 후에는 식사도 함께 합니다.
/
/
/
/그 외에도 와세다 축제에서 큰 인기를 끄는 점술 상담회, 전문가를 초청한 강연회, 합숙, 외부 행사 참가 등 즐거운 행사가 가득합니다!
/
/
/
/활동 참여는 자유입니다. 주말 행사나 합숙에만 참여하셔도 괜찮습니다. 자신의 페이스에 맞춰 부담 없이 즐길 수 있는 동아리입니다!
/
/
/
/초보자, 타 대학 학생, 2·3학년, 유학생도 대환영입니다.
/
/
/
/활동 견학 및 가입은 연중 언제든지 받고 있습니다. 관심 있는 분은 인스타그램이나 X(구 트위터) DM으로 연락 주세요!",매주 화요일/17시 30분부터 20시/다카다노바바 주변,없음,machine_translated,not_reviewed,
C0265,3784,e5415c5b6b91cd68,와세다 드라마 연구회,학문,취미,"와세다 드라마 연구회는 2022년에 설립된 와세다 대학 전체를 아우르는 동아리입니다.
정기 활동으로는 매주 월요일에 3호관 또는 대여 공간에 모여 국내 드라마 감상 및 드라마 관련 레크리에이션을 진행하고 있습니다. 투표를 통해 선정된 드라마를 여유롭게 감상하고 있습니다.
정기 활동 외에도 비정기 기획으로 촬영지 탐방, 성지 순례도 실시하고 있습니다. 기본적으로는 도쿄 근교의 촬영지를 돌아보지만, 조금 더 멀리 나간 성지 순례도 있습니다! 여러분이 좋아하는 드라마의 촬영지를 방문할 수 있을지도 모릅니다.
그 밖에도 드라마 자체 제작이나 드라마 정보 발신, TV 드라마 엑스트라 참여 등 드라마와 관련된 다양한 활동을 하고 있습니다.
연수회는 연 2회 실시하며, 이벤트도 다수 개최되므로 드라마를 좋아하는 분은 물론 그렇지 않은 분도 분명 즐길 수 있을 것입니다!
체험 및 입회는 수시로 접수하고 있습니다. 연락 기다리고 있겠습니다!","매주 월요일/19:00/3호관, 대관 공간",없음,machine_translated,not_reviewed,
C0266,3786,e9387a31c362078e,와세다 레고 블록 연구회,학문,취미,"와세다 대학 유일의 레고 동아리로, 주 1회(요일 불규칙)를 목표로 활동하고 있습니다. 니시와세다 캠퍼스를 중심으로 활동하고 있지만, 이공계 이외의 학부생, 타대생도 다수 소속되어 있습니다!
기본적인 레고 작품 외에도 피타고라스 스위치와 같은 움직이는 레고 작품 등 폭넓은 작품을 만들고 있습니다.제작한 레고 작품은 학원제나 외부 전시회 등에 출품하고 있습니다. 또한, 레고 제작 외에도 레고 스토어 탐방이나 합숙 등 다양한 이벤트도 기획하고 있습니다.
동아리에서 제작한 레고 작품이나 활동 모습은 SNS 등을 통해 공개하고 있으니, 관심 있는 분들은 꼭 확인해 주세요!
레고를 좋아하는 분, 예전에 놀았던 추억이 있는 분 등 초보자도 대환영입니다!
1년 내내 모집하고 있으니, 부담 없이 SNS DM 등으로 연락 주세요!","주 1회(요일 불규칙)
평일: 17시~19시 / 니시와세다 캠퍼스
휴일: 14시~17시 / 학생회관",없음,machine_translated,not_reviewed,
C0267,3529,7490a2ba73954ad3,와세다 대학 우주항공연구회,학문,기술,"와세다 대학 우주항공연구회-WASA-는 이공학술원 공인 최대 규모의 제작 동아리입니다.조인간 콘테스트 출전을 목표로 인력 비행기의 설계·제작·운용을 수행하는 ‘조인간 프로젝트’, 관측회나 스터디 모임, 플라네타륨 제작을 수행하는 ‘천문 프로젝트’, 비행기 로봇 제작이나 무선 조종 자동차의 자동 주행 제어를 통해 WASA 내 전기 장비 기술의 집약과 발전을 목표로 하는 ‘전기 장비 프로젝트’, 모형 로켓이나 캔샛 제작을 수행하는 ‘로켓 프로젝트’의 네 가지 프로젝트로 나뉘어 활동하고 있습니다.활동 역사는 길며, 1960년대 우주·항공 분야 학과가 존재하지 않았던 당시 와세다 대학에 ‘학과에 얽매이지 않고 우주·항공 분야 연구를 수행한다’는 목적으로 설립되었습니다. 지금까지 우주항공연구개발기구(JAXA) 직원을 비롯한 저명한 동문들을 배출해 왔으며, 정기적인 교류회를 개최하고 있습니다. 현재는 타 대학과의 인터컬리지를 구성하여, 공인을 받은 일본여자대학 학생을 비롯해 다양한 대학의 학생들과 함께 활동하고 있습니다.경험 없어도 환영! 다른 동아리 병행(※동아리 겸임) 환영! 개인 사정에 맞춰 활동 가능!",매일 / 임대 건물·학생회관·제작 공방,없음,machine_translated,not_reviewed,
C0268,3540,d957e595a43688e8,와세다 대학 마이크로마우스 클럽,학문,기술,"와세다 대학 마이크로마우스 클럽(WMMC)에서는 선배들의 지도 아래, 초보자도 쉽게 로봇을 만들 수 있습니다!
/
/　동아리 이름에 있는 마이크로마우스란, 소형 자율 미로 탐색 로봇을 말합니다. 와세다 대학 마이크로마우스 클럽에서는 1인당 1대씩 이 마이크로마우스를 제작하게 됩니다. 따라서 로봇 제작의 전체 과정에 참여할 수 있을 뿐만 아니라, 자신의 일정에 맞춰 제작할 수 있다는 것이 특징입니다.또한, 이미 설계 및 프로그램 작성이 완료된 표준 마이크로마우스도 있으므로, 초보자도 쉽게 만들 수 있습니다.
/
/　마이크로마우스를 제작하는 과정에서 기체 설계 및 가공, 전자 회로 설계 및 납땜, C언어 및 C++ 언어를 이용한 프로그래밍 등 로봇 제작과 관련된 기술을 배울 수 있습니다. 그리고 연 3회 마이크로마우스 대회가 열리며, 대회 출전을 목표로 하고 있습니다.
/
/　또한, 마이크로마우스 외에도 ‘츠쿠바 챌린지’라고 불리는, 로봇을 츠쿠바 시내 거리에서 실제로 자율 주행시키는 경기에 참가하는 것도 목표로 하고 있습니다. 이 대회는 동아리 회원들이 자발적으로 모여, 전원이 함께 로봇 한 대를 제작합니다.
/
/　부담금은 로봇 재료비뿐이며, 입회비나 연회비는 없습니다. 여름과 겨울에는 합숙도 있습니다. 로봇 제작 초보자든 경험자든, 관심 있는 분은 꼭 와보세요!",・매주 토요일/10시~17시/만들기 공방　・자발적으로 모인 회원들이 학생회관에서 비정기적으로 활동,없음,machine_translated,not_reviewed,
C0269,3624,68610831613e5291,Waseda Formula Project,학문,기술,"우리가 진행하는 ‘학생 포뮬러’란, 학생들이 직접 포뮬러 카(F1과 같은 1인승 오픈 휠 레이싱카)를 개발하는 활동으로, 학생 레이싱 팀으로서 각 대학이 얼마나 좋은 차를 만들 수 있는지를 겨룹니다.세계 공통의 규칙 아래, 1년에 1대씩 차량을 기획하고, 3차원 CAD 소프트웨어를 이용한 설계 및 해석을 수행하며, 이를 바탕으로 기계 가공이나 용접 등을 통해 차량을 제작하고, 수많은 주행 시험을 통해 평가 및 개량을 거쳐, 학생 포뮬러 일본 대회에서 가장 빠른 머신을 만드는 것을 목표로 합니다.대회에서는 차량 성능뿐만 아니라 드라이빙 테크닉, 연비, 비용 계획 및 비즈니스 플랜도 경기 내용에 포함되어 있어, 그야말로 ‘제조’의 종합적인 역량을 기르기 위해 활동하고 있습니다. 또한 팀 운영을 위한 자금 및 부품·자재 조달, 스폰서 협상, 목표 관리 및 일정 관리와 같은 프로젝트 관리도 중요한 활동의 일부입니다.우리 손으로 직접 하는 진정한 자동차 제작과 팀 구축에는 어려움이 적지 않지만, 그만큼 팀에서 함께 만들어낸 자동차가 실제로 눈앞에서 달리고, 어느 팀보다 빠를 때의 감동은 남다릅니다. 더 자세한 정보나 일상적인 활동 모습은 팀 홈페이지를 참고해 주시고, 여러분의 지원과 성원을 부탁드립니다. 팀 멤버도 수시로 모집하고 있습니다!",매일/9:00~18:00/니시와세다 캠퍼스 제조 공방 (토·일요일은 원정 경기가 많습니다!),없음,machine_translated,not_reviewed,
C0270,3547,2d495150cfe1ed47,와세다 컴퓨터 엔터테인먼트,학문,기술,"와세다 컴퓨터 엔터테인먼트, 통칭 WCE는 컴퓨터를 활용한 작품 제작을 통해 프로그래밍, 일러스트, 3DCG, DTM, 게임 디자인을 배우는 커뮤니티입니다. 2011년부터 와세다 대학에서 활동을 시작하여, 이공전(대학 축제)이나 코믹마켓, 그 외 코미티아나 M3에 참가하고 있습니다.2014년 6월부터는 이공학술원 승인 단체로도 등록되었습니다. 프로그래밍이나 일러스트, 음악 제작은 해보고 싶지만 어떻게 시작해야 할지 모르겠다거나, 혼자서 하다 보면 외로움을 느끼는 분들이 많을 것입니다. 그런 분들을 위해 같은 뜻을 가진 동료들과 모이거나, 어떻게 시작해야 할지, 사실은 바로 눈앞에 있지만 조금 멀게 느껴지는 크리에이터의 세계로 한 걸음 내딛는 동아리, 그것이 바로 WCE입니다.초보자분들께는 경험자가 친절하게 가르쳐 드리며, 활동 내용은 창작이라면 자유롭기 때문에 분명 만들고 싶은 것을 만들 수 있게 될 거라 생각합니다. 또한, 동아리 전체가 완전히 오리지널인 게임을 제작하여 이공학전(대학 축제)에서 사람들에게 플레이하게 하거나, 일러스트 책, 음악 CD를 제작해 외부 행사에 출품하기도 하므로, 무언가 만들고 싶지만 목표가 없는 분들도 창작 활동을 즐길 수 있습니다. 여러분도 저희와 함께 크리에이터의 세계로 한 걸음 내딛어 보시지 않겠습니까?",매주 수요일·금요일 / 18시~ / 니시와세다 캠퍼스,없음,machine_translated,not_reviewed,
C0271,3291,a4531eeef5b84cca,와세다 대학 ROBOSTEP,학문,기술,"단 한 번뿐인 대학 생활, 무언가에 열정을 쏟아보는 건 어떨까요? ROBOSTEP은 NHK 학생 로봇 콘테스트 우승을 목표로 매일 활동하고 있는 대학 공인 로봇 콘테스트 동아리입니다. 2015년에는 NHK 학생 로봇 콘테스트에서 우승, 2019년에는 준우승을 차지했으며 현재 5년 연속 출전 중입니다.NHK 학생 로봇 콘테스트는 매년 규칙이 바뀌기 때문에, 그에 맞춘 로봇을 매년 처음부터 개발합니다. ‘설계반’과 ‘전기반’으로 나뉘어 기계 설계·가공 조립·회로 설계·제어 등을 분담하여, 팀으로 대형 경기용 로봇을 완성합니다. 첫해부터 신인전이나 부내전에 참가하여 기초부터 기술을 연마하므로, 경험이 없어도 걱정할 필요는 없습니다.저희는 학년이나 전공, 경험 유무에 관계없이 의욕 있는 학생을 폭넓게 모집하고 있습니다. 진심으로 무언가를 만들고 싶다! 로보콘에 참가하고 싶다! 로봇을 만들어 보고 싶다! 하시는 분들은 꼭 견학하러 오세요!",매주 수요일 18시부터 정례회·각자의 빈 시간에 활동 / 제작 공방,없음,machine_translated,not_reviewed,
C0272,3042,a4ccf9dd3f80cd99,더 와세다 가디언,미디어·출판,출판,"본 동아리는 두 가지 활동을 중심으로 활동하고 있습니다. 첫 번째는 ‘영자 신문 무료 배포지’를 제작하여 배포하는 것입니다. 동아리 회원들이 직접 기획하고 싶은 주제를 제안하여, 실제로 유명인을 인터뷰하거나 좌담회를 개최하는 등 알찬 기사를 작성해 나갑니다.두 번째는 수험생 응원 잡지 '와세다 혼'을 제작하여 판매하는 것입니다. 수험생을 대상으로 '현역 와세다 대학생이기에 전할 수 있는 와세다의 진정한 모습'을 중심으로, 동아리 멤버들이 직접 기획을 실행하여 독자가 즐길 수 있는 잡지를 만듭니다. 그리고 제작한 잡지를 홋카이도에서 규슈까지 전국에 판매합니다. 이러한 활동의 특징은 기사를 작성할 때 내용에 따라 다양한 유명인을 인터뷰할 수 있고, 학생만이 할 수 있는 참신한 기획을 세워 실행할 수 있다는 점입니다!",매주 화요일/18시 30분/학생회관,없음,machine_translated,not_reviewed,
C0273,3641,3c2d5c98691cf45b,와세다대학 매스컴 연구회,미디어·출판,출판,"매스컴 연구회에서는 기획·취재·디자인·문예라는 4개의 분과회로 나뉘어 무료 잡지 『와세키치』의 제작 및 웹상 기사 게재를 진행하고 있습니다.
/
/
/
/　기획 분과회에서는 회원들의 흥미와 관심사를 바탕으로 『와세키치』에 게재할 기획을 구상하여 기사로 작성합니다.또한, 취재 분과회에서는 대학생만의 독특한 시각으로 인터뷰를 진행하거나, 문예 분과회에서는 각자 소설이나 에세이를 창작하는 등 다양한 활동을 펼치고 있습니다. 그리고 디자인 분과회에서는 다른 분과회에서 제작한 기사나 글을 바탕으로 지면 디자인을 구상하여 『와세키치』를 완성합니다. 기사 제작이나 디자인은 많은 회원이 초보자이지만, 기초부터 노하우를 배우며 다른 멤버들과 협력하여 기술을 갈고닦아 나갑니다!
/
/
/
/　게다가 와세다 축제에서는 매년 저명한 분들을 초청해 강연회나 인터뷰를 진행하고 있습니다. 과거에는 작가 교고쿠 나츠히코 씨나 하야미네 카오루 씨, 작사가·작곡가 스기야마 카츠히코 씨 등 다양한 장르의 게스트를 초청했습니다.
/
/
/
/　물론 진지한 활동뿐만 아니라, 합숙이나 당일 레크리에이션 등 회원끼리 친목을 다질 수 있는 이벤트도 다수 진행하고 있습니다!　주 4회 있는 활동 중 참여 빈도는 스스로 조절할 수 있으므로, 다른 동아리와 병행하는 것도 가능합니다. 출판이나 디자인에 관심이 있는 분도, 그렇지 않은 분도 대환영입니다. 자신의 ‘좋아하는 것’, ‘궁금한 것’을 언론연구회에서 현실로 만들어 봅시다!",매주 화요일·목요일·금요일/5교시 또는 6교시/토야마 캠퍼스 학생회관 (수업 시간 확대에 따라 활동 일정이 변경될 예정입니다. 자세한 내용은 공식 트위터에서 공개합니다),없음,machine_translated,not_reviewed,
C0274,3267,08c656ee5d54bd71,와세다 링스,미디어·출판,출판,"공인 학생 단체 와세다 링크스입니다. 봄과 가을 연 2회 무료 신문 발행을 중심으로, 웹 미디어 운영 및 기타 출판물 발행, 이벤트 기획도 진행하고 있습니다.
/
/
/
/무료 신문에서는 매호 다른 테마(「선택」/「이분법적 대립을 생각하다」/「아침」/「상실」 등)를 설정하고, 인터뷰, 칼럼, 디자인·사진 기사 등의 형식을 통해 테마에 대한 다각적인 접근을 시도하고 있습니다. 가격을 매기지 않고 무료로 배포하는 만큼, 상업 시장과는 조금 거리를 둔 곳에서 학생 특유의 막연한 고민을 응축한 듯한 잡지를 만들 수 있다는 점이 매력입니다.
/
/
/
/기사 집필/편집, 디자인, 사진, 영상 제작 등 참여할 수 있는 활동의 폭이 넓은 것이 특징입니다.
/
/
/
/가입 후 필요한 기술을 익힐 수 있는 환경이 갖춰져 있으므로, 관심이 있다면 초보자나 경험자 불문하고 활약할 수 있습니다.
/
/
/
/대학에 입학하여 자신이 좋아하는 것을 살리고 싶거나, 무언가 새로운 것에 도전하고 싶은 분은 꼭 한번 방문해 보시기 바랍니다.",매주 수요일 6교시/학생회관,없음,machine_translated,not_reviewed,
C0275,3245,73e9840679622cc8,출판 고시엔 실행위원회,미디어·출판,출판,"출판 고시엔은 ‘학생들에게 상업 출판을’을 비전으로, 독특한 아이디어를 가진 학생과 출판사를 연결하기 위해 활동하고 있습니다.
주요 활동으로는 전국의 학생들로부터 기획안을 모집하고, 단체원들의 수차례 심사를 거친 후 현직 편집자가 심사위원으로 참여하는 결승 대회를 개최하고 있습니다. 우수한 기획안은 상업 출판되며, 지난 20년간 출간된 책은 43권에 달했습니다.
저희 실행위원들은 대회를 위해 기획 심사 및 참가자 지원을 하고 있습니다. 또한 결승 대회의 게스트인 유명 인사나 전문 편집자 등 사회인들과도 많이 교류합니다.……라고 소개하니 왠지 힘들어 보일 수 있겠지만 걱정하지 마세요. 선배들은 모두 친절하고 재미있는 분들뿐이며, 개인의 일정도 존중해 주므로 다른 동아리와 병행하는 것도 대환영입니다!
‘책을 내고 싶은 학생과 출판사를 연결한다’, 이곳에서만 할 수 있는 그런 경험을 해보지 않으시겠습니까?","월 1회 전체 회의.
개인차는 있지만 대체로 주 1회. 도야마 캠퍼스, 도쿄대 코마바 캠퍼스, 온라인 등에서 개최.",없음,machine_translated,not_reviewed,
C0276,3246,ec08e3809dd81f98,출판 단체 ENJI,미디어·출판,출판,"출판 단체 ENJI는 2009년 10월 ‘패션으로 와세다를 바꾸자’를 콘셉트로 발족한 학생 단체입니다.
/
/　주요 활동은 연 3회 무료 잡지(봄·여름호·가을호·겨울호) 발행입니다.무료 잡지 지면에 출연하는 모델은 와세다대 학생들로, 모델을 발굴하고 코디를 구성해 의상을 입히고, 카메라로 촬영하며, 편집 소프트웨어를 사용해 지면의 레이아웃과 디자인을 구상하는 등 이 모든 과정을 직접 수행하고 있습니다. 또한, 활동 자금도 직접 대외 활동을 통해 기업이나 음식점의 협찬을 받아 충당하고 있습니다.
/
/　동아리 분위기는 항상 화기애애하며, 선배 후배 관계없이 모두 매우 친밀합니다. 다양한 패션과 문화를 좋아하는 사람들이 모여 즐겁게 활동하고 있습니다!",매주 월요일/18시 30분/학생회관,동아리 사이트 폐쇄,machine_translated,not_reviewed,
C0277,3544,1b4573fac03991e8,Perspective 연구회,미디어·출판,커뮤니케이션,"Perspective 연구회는 와세다 대학을 중심으로 한 건축 탐방 동아리입니다. 일본여자대학, 요코하마 국립대학, 메이지 대학, 도쿄 대학 등 다양한 대학에서 모인 멤버들과 함께 월 1회, 도쿄 도심을 중심으로 유명 건축가가 설계한 다양한 건축물을 견학하며, 봄방학, 여름방학 두 차례에 걸쳐 4박 또는 5박의 합숙을 진행하여 도쿄 도심 주변뿐만 아니라 지방의 건축물도 견학하러 갑니다.
/
/
/
/선배들의 해설을 들으며 잡지나 사진으로는 느낄 수 없는 건축의 매력을 만끽할 수 있고, 타 대학 학생들과의 교류 및 정보 교환을 통해 건축을 이해하는 데 필요한 지식을 많이 얻을 수 있습니다.
/
/
/
/건축을 공부하고 싶은 분, 지식을 심화시키고 싶은 분, 건축학과가 아닌 분, 유학생 등 누구나 꼭 참여해 주세요!",매월 1회(주로 토·일요일)/도쿄 근교(견학 장소에 따라 다름),없음,machine_translated,not_reviewed,
C0278,3145,5a1aa119f82e6639,애니메이션 동호회 (WALT),미디어·출판,커뮤니케이션,"애니메이션 동호회(WALT)는 애니메이션을 보는 것을 중심으로 활동하는 이른바 ‘소비형’ 동아리입니다. 또한 와세다 대학의 공인을 받은 동아리로 부실도 제공받고 있습니다. ←이 점이 강점이라고 생각합니다... 부실에는 컴퓨터가 설치되어 있어, 과거 애니메이션부터 현재 방영 중인 애니메이션까지 모든 애니메이션을 거의 다 볼 수 있게 되어 있습니다. 애니메이션 외에도 보드게임이나 만화, 라이트 노벨 등도 잘 갖춰져 있습니다.따라서 WALT 회원 중에는 애니메이션 오타쿠 외에도 다양한 종류의 오타쿠들이 부실에서 붐비고 있습니다. 그런데 WALT에는 정해진 활동일이나 시간이 없으며, 회원이 마음 내킬 때 부실에 와서 활동하는 매우 자유로운 활동 형태를 취하고 있어, 자신의 사정에 맞춰 동아리 활동을 할 수 있습니다. 또한, 이 동아리의 중요한 활동 실적으로는 ‘코믹 마켓 참가’가 있습니다. 이 통칭 코미케에서는 회원들이 협력하여 소책자를 제작해 판매하고 있습니다. /
///
///
///
///
///
///
///
///",회원이 부실에 있을 때·학생회관 E504호,없음,machine_translated,not_reviewed,
C0279,3491,e0875990e5250f7c,모의 유엔 와세다 연구회,미디어·출판,커뮤니케이션,"모의 유엔이란, 한마디로 말하면 국제 회의를 시뮬레이션하는 활동입니다. 세계 각지에서 열리고 있는 모의 유엔이지만, 이 모의 유엔 와세다 연구회에서는 매주 화요일 6교시부터 와세다 대학에서 정기 활동을 진행하고 있습니다. 회의 합숙이나 전국 대회, 해외에서 열리는 대회에도 참가할 수 있습니다! 회의뿐만 아니라 놀이에도 전력을 다하고 있어, 놀이 합숙 등 즐거운 이벤트도 가득합니다. 질문 등이 있으면 각종 SNS나 이메일을 통해 연락해 주세요!",매주 화요일/6·7교시/학생회관 또는 대학 인근 시설,없음,machine_translated,not_reviewed,
C0280,3271,573eebbee5cb8199,GLOW,미디어·출판,커뮤니케이션,"매월 열리는 이벤트 외에도, 월 1회 정기 모임이나 점심 모임·스터디 모임 등 자발적으로 기획하는 이벤트를 비롯해, 최근에는 와세다 축제에서 연극 공연이나 영화 제작에 도전하는 등 실로 다양합니다. 또한 전용 부실이 있어 수업 틈틈이 즐거운 시간을 보낼 수 있습니다. GLOW는 이러한 다양한 활동을 통해 성소수자 학생들끼리 강한 유대감을 형성할 수 있는 공간입니다.",매일 수시 (동아리 특성상 비공개),없음,machine_translated,not_reviewed,
C0281,3570,7b2052017820c4e8,e-learning 커뮤니케이션 연구회 (ELC),미디어·출판,커뮤니케이션,"본 동아리 멤버는 e-learning 수강이 기본인 인간과학부 e-스쿨 학생들로 구성되어 있습니다. 따라서 학우들 간의 소통의 장이 필요하며, 매년 다양한 이벤트를 기획·실행하여 회원 간의 정보 공유와 친목의 장을 제공하고 있습니다.봄 입학 축하회를 시작으로, 와세다-게이오전 응원, 여름 합숙 시의 스터디 모임, 세미나 검토회 등을 주요 활동으로 하고 있습니다. 또한, 3월 졸업 축하회에서는 교수님들과 학생들이 졸업하는 선배들을 축하하며, 재학생들의 학업 의욕을 높이는 의미 있는 시간을 함께 나누고 있습니다. 앞으로도 이러한 활동을 통해, 통신 교육으로 배우는 학우들 간의 ‘우정과 열정의 가교’로서 적극적인 활동을 펼쳐 나가겠습니다.",불규칙적/학생회관·인간과학부 교실,없음,machine_translated,not_reviewed,
C0282,3750,a15ce53e787772ca,Rethink Fashion Waseda,미디어·출판,커뮤니케이션,"Rethink Fashion Waseda (ReF)는 ‘지속 가능한 패션을 라이프스타일로’라는 비전 아래, 학생들도 일상에서 쉽게 접할 수 있는 지속 가능한 패션 정보를 SNS를 통해 발신하고 있습니다. 이를 통해 패션의 지속 가능성에 대해 생각하고 행동하는 동료를 늘리는 것을 목표로 하고 있습니다.주요 플랫폼인 인스타그램에서는 2024년 현재 3,000명이 넘는 팔로워에게 정보를 전달하고 있습니다. 또한, 이벤트 개최(중고 의류 플리마켓, 해변 정화 활동 등) 및 기업 협업(패션 잡지 WWD, JanSports, 니혼게이자이신문 등)을 통해 배움과 행동의 폭을 넓히고, 환경과 사람에게 더 친화적인 지속 가능한 사회를 만드는 데 기여하기 위해 활동하고 있습니다.",매월 마지막 일요일/21시/온라인(Zoom),없음,machine_translated,not_reviewed,
C0283,3084,597f0b310985cb4f,광고연구회,미디어·출판,매스미디어,"저희 광고연구회는 광고를 '사람을 움직이는 것'으로 여기며, 일상생활을 광고로 어떻게 변화시켜 나갈지 매일 연구하고 있습니다. 이 정의의 폭은 그대로 활동의 폭과 동아리원의 다양성으로 이어집니다. 그 때문에 광고연구회에는 누구에게나 하고 싶은 활동이 반드시 있습니다. 또한 문화계, 체육계 불문하고 다양한 동아리원이 모이기 때문에 개성이 매우 강한 집단이라고 할 수 있습니다.
/
/또한, 100년이 넘는 역사 또한 그러한 사람과 활동의 다양성을 만들어내고 있습니다. 다이쇼 2년(1913년)부터 이어져 온 역사 덕분에 외부로부터의 신뢰가 두텁고, 동문분들도 모두 많은 공적을 남긴 분들입니다. 이러한 유리한 토대 위에서, 우리는 기업으로부터 받은 과제에 따라 광고를 제작하는 것은 물론, 대학 동아리나 주변 상점가, 이벤트 등 다각적인 접근 방식으로 광고를 고민하고 있습니다.
/
/광고는 ‘사람을 움직이는 것’으로, 책상 위의 지식으로 끝나서는 안 됩니다. 외부로 발신하여 사람을 움직일 때까지가 바로 우리의 활동입니다. 수많은 사람과의 소통을 통해 우리는 광고를 일본에 알리고, 광고로 일본을 활기차게 만들기 위해 매일 분투하고 있습니다. 　광고 제작에 ‘경험자’라는 말은 없습니다. 개성과 진심으로 임하는 열정, 그리고 과감히 도전하는 용기가 무엇보다 중요합니다. 때로는 힘들다고 느낄 수도 있습니다. 하지만 우리는 광고와 진지하게 마주하며, 새로운 가능성을 찾고, 도전을 계속해 나갈 것입니다. 그런 매일이 우리에게 소중한 추억을 만들어 줍니다.",매주 화·금요일/18시 30분~21시/와세다 대학 내 강의실·학생회관,없음,machine_translated,not_reviewed,
C0284,3087,254f5c27bcabbcf0,방송연구회,미디어·출판,매스미디어,"저희 방송연구회는 1,000개가 넘는 와세다대학 동아리 중 최대 규모를 자랑합니다. 주요 활동은 크게 다음 두 가지로 나뉩니다. 첫 번째는 영상·음향·조명 장비와 아나운스 기술을 활용한 활동입니다. 와세다 대학 내외의 다양한 단체로부터 의뢰를 받아, 각 단체의 요구에 맞춘 장비 운영이나 MC를 담당하고 있습니다.대표적인 예로 야구 와세다-게이오전에서의 음향 및 MC, 와세다 축제에서는 특설 무대 운영을 위탁받고 있습니다. 두 번째는 콘텐츠 제작 및 기획 수립입니다. 타 단체의 공연이나 이벤트 지원을 맡는 것뿐만 아니라, 방송연구회에서는 스스로 기획을 수립하여 콘텐츠를 발신하고 있습니다. 또한, 제작한 프로그램을 발표하는 자리로서 매년 6월과 12월에 ‘프로그램 발표회’라는 이벤트를 개최하고 있습니다.구체적으로는 게스트의 만담이나 오키리(즉흥 개그) 등 코미디 기획, 댄스 등의 퍼포먼스 기획 등을 기획하고, 직접 운영도 담당하고 있습니다. 와세다대학 방송연구회는 올해로 창립 76주년을 맞이했습니다. 긴 역사 속에서 쌓아온 장비 지식과 제작 능력, 아나운스 기술은 회원이 늘어난 지금도 쇠퇴함 없이 계승되고 있습니다. 방송연구회의 더 큰 발전을 위해 회원 한 명 한 명이 주체적으로 활동하고 있습니다.",요일·시간 불정/학생회관,동아리 사이트 폐쇄,machine_translated,not_reviewed,
C0285,3083,f180a73a71547f8c,아나운스 연구회 (WAK),미디어·출판,매스미디어,"발음·발성 연습, 프리토크 연습과 같은 기본적인 연습부터 뉴스, 낭독, 대사 읽기, 라디오 CM, 실황 중계, MC, 리포트, 라디오 진행자와 같은 실전적인 연습까지, 온갖 종류의 아나운싱을 탐구하고 있습니다. 프로그램 제작을 위한 장비 사용법도 연습할 수 있습니다! 동아리원은 약 180명이며, 모두 와세다 대학 학생이고 남녀 비율은 1:1 정도입니다.매일 활동이 진행되며 참여가 자유로워 다른 동아리와 병행하기에도 좋습니다. 매일 와서 많이 연습하고 싶다!는 분도 대환영입니다. 활동마다 성우에 관심이 있다! 아니야, 난 아나운서, 말하는 게 좋아!, 말솜씨를 키우고 싶다! 등 다양한 회원들이 있습니다.여름 합숙이나 봄 합숙, 작품 발표회, 와세다 축제에서의 위성 스튜디오, 동아리 내 졸업식 등, 회원 전원이 하나 되는 유대감을 느낄 수 있는 대학생다운 활동도 있습니다. 같은 목표를 가진 동료를 찾을 수 있을 뿐만 아니라, 자신이 몰랐던 새로운 세계와도 만날 수 있어요! 모처럼의 대학 생활, 다양한 경험을 쌓는 것은 매우 중요합니다. 그 경험을 매력적으로 이야기하는 힘을, 아나운스 연구회에서 키워보지 않으시겠어요? 어떤 경험보다도, 여러분의 목소리가 가장 든든한 무기가 되어 줄 거예요.",매일 (자유 참가!) / 학생회관,없음,machine_translated,not_reviewed,
C0286,3043,5a40cebd54b58ccb,와세다 스포츠 신문회,미디어·출판,대중매체,"“모든 체육부에 빛을”. 와세다 스포츠 신문회(와세다 스포)는 와세다 대학 소속 44개 체육부를 취재하여, 신문, 홈페이지, 각종 SNS를 통해 와세다 스포츠의 매력을 전하고 있습니다! 선수 인터뷰, 경기 기사 작성, 경기 중 사진 촬영, 본격적인 신문 제작 등 와세다 스포에서만 할 수 있는 경험이 가득합니다.신문 현장 배포와 SNS를 통해 교외 분들께도 기사와 사진을 널리 전해드리고 있습니다. 그렇게 설립 초기부터 꾸준히 발행해 오며 오랫동안 사랑받아 온 신문은, 올해 와세다-게이오 야구(봄) 호를 기점으로 기념비적인 600호를 맞이합니다! 또한, 합숙이나 스포츠 대회 등 취재 이외의 즐거운 행사도 많이 진행하고 있습니다. 스포츠를 좋아하는 분은 물론, 미디어에 관심이 있는 분, 이미지 제작이나 카메라를 좋아하는 분 등 누구나 활약할 수 있는 동아리입니다. 중간 가입도 대환영입니다.부담 없이 신입생 환영회에 참여하거나 문의해 주시기 바랍니다!",(시간은 활동에 따라 다름) 각 대회 장소/학생회관/동일 인쇄소,없음,machine_translated,not_reviewed,
C0287,3089,c1dc8d473c493ca6,FM waseda,미디어·출판,매스미디어,"FMwaseda는 라디오 프로그램 제작을 중심으로 활동하는 와세다 대학 공인 동아리입니다! 다양한 형태로 제작한 프로그램을 방송하고 있습니다. 라디오 진행자뿐만 아니라 믹서(녹음 장비 기술자)나 디렉터, 구성 작가, 라디오 드라마 성우 등 제작 활동에 관련된 모든 것을 학생들끼리 직접 수행하고 있습니다.활동은 음식점이나 인터넷을 통한 라디오 프로그램 방송, 방송 콘테스트 참가, 와세다 축제에서의 이벤트 개최 등 다양합니다. 또한, 연 2회 정도 동아리 합숙도 진행합니다. 녹음을 위한 장비 다루는 법은 처음에 배우기 때문에, 초보자라도 바로 활동에 참여할 수 있습니다. ‘재미있는 것을 만들고 싶다’는 의욕만 있다면, 누구나 바로 활동할 수 있습니다. 그것이 바로 FMwaseda입니다.",수시 활동 / 월 1회 정례회 개최 / 학생회관,없음,machine_translated,not_reviewed,
C0288,3716,1f13d8ea4a771c30,이공전 연락회,미디어·출판,기획,"저희 이공전 연락회는 매년 11월 초순에 개최되는 와세다 이공의 학원제 『이공전』의 기획·운영을 담당하는 학원제 운영 동아리입니다. 매주 토요일에 이공전 개최를 위해 활동하고 있습니다. 이공대생 전용 동아리 중에서는 최대 규모의 규모를 자랑합니다.이공계 전 학부·전 학과에서 고루 모여 있기 때문에, 이공계 학생들에게 매우 편안한 환경이 조성되어 있습니다. 활동이 끝난 후 함께 식사하러 가거나, 연 3회의 여행, 동아리 내 행사 등 활동 외의 기획도 있어 폭넓은 친구 관계를 맺을 수 있습니다. 그런 이공전 연락회의 가장 큰 장점은 『활동 범위의 넓음』입니다. 고등학교 학원제와 비교하면, 대학 학원제는 활동 범위가 넓고, 우리 스스로 처음부터 만들어 나가게 됩니다.학원제 당일의 기획뿐만 아니라, 자금 조달, 이벤트 홍보, 장비 조정 및 당일 인력 배치 등 고등학교 학원제에서는 접할 기회가 없었던 부분까지 경험할 수 있습니다. 물론, 기초부터 직접 만들어 나간다는 것은 쉬운 일이 아니지만, 그만큼 해냈을 때의 상쾌함은 상상 이상입니다. 저희는 『학원제의 성공』이라는 목표를 향해 함께 싸울 동료를 모집하고 있습니다. 이공전 연락회에 관심이 있는 분들은 웹사이트나 SNS에서 다양한 신입생 환영 행사를 소개하고 있으니, 꼭 방문해 주시기 바랍니다. 기다리고 있겠습니다!",매주 토요일/13시~17시/니시와세다 캠퍼스 교실,동아리 사이트 일시 중단,machine_translated,not_reviewed,
C0289,3264,38253e6933955ebf,인물 연구회,미디어·출판,기획,"우리 와세다 인물연구회는 각계에서 활약하고 계신 유명 인사분들을 직접 인터뷰함으로써, 대중 매체와는 다른 시각으로 인터뷰 대상자를 취재하고 지금까지 알 수 없었던 또 다른 면모를 이끌어내는 것을 목적으로 활동하고 있습니다.구체적인 활동 내용으로는 인터뷰 대상자 선정, 약속 잡기, 취재, 리포트 작성 등이 있습니다. 활동 방식에 대해서는 회원들이 친절하고 꼼꼼하게 도와드리므로 누구나 안심하고 시작할 수 있습니다. 각자의 의견을 존중하면서도 서로를 발전시키려는 활기찬 현장입니다. 또한 평소의 인터뷰 활동 외에도 와세다 축제에서는 매년 강연회를 기획하고 있습니다. 여기서는 모든 회원이 한마음이 되어 하나의 기획을 완성해 내기 때문에, 끝난 후에는 큰 성취감을 느낄 수 있을 것입니다.",불규칙,없음,machine_translated,not_reviewed,
C0290,3292,f62be119790ed98d,기획 집단 편리한 집,미디어·출판,기획,"와세다 대학 공인 기획 동아리 기획 집단 벤리샤입니다!저희는 연예인이나 유명인을 초청하여 4월, 7월, 와세다 축제 기간에 연 5회 정도 토크 라이브나 이벤트 등을 진행하고 있습니다. 기획의 시작, 구상부터 실제 운영까지 모두 우리 스스로 진행합니다. 실제 진행 과정을 소개하자면, 먼저 자신이 하고 싶은 기획을 발표하는 공모전을 진행합니다. 이 공모전에는 제한이 없어, 자신의 취향에 맞는 것이나 초청하고 싶은 연예인과 관련된 것 등 원하는 기획을 발표할 수 있습니다.기획이 결정되면, 섭외나 미팅 등도 직접 진행하기 때문에 바쁘긴 하지만, 그 무엇과도 바꿀 수 없는 소중한 경험을 얻을 수 있습니다. 또한, 평소 회의에서는 동아리원 전원이 함께 기획 내용이나 콘텐츠 등에 대한 아이디어를 내거나, 실제로 해보며 더 나은 안을 고민하기도 합니다. 기획 본행사가 다가오면 하루 종일 기획 준비를 하며, 본행사에서 사용할 슬라이드나 영상 제작 등을 진행합니다. 영상 장비나 음향 장비 조작도 직접 하기 때문에, 리허설을 통해 연습하기도 합니다.본 행사에서는 무대 뒤에서 게스트 분들과 이야기를 나누거나, 사인을 받을 수도 있습니다! 제작이나 운영에 대해서는 선배들이 가르쳐 주므로, 초보자라도 안심하셔도 됩니다. 또한, 매년 와세다 축제를 열광의 도가니로 몰아넣는 ‘와세다 왕 결정전’도 개최하고 있습니다. 가장 ‘와세다’다운 사람을 가리는 이 대결은 와세다 축제의 핵심 기획입니다. 기획 정보는 각종 공식 SNS를 통해 수시로 업데이트하고 있습니다.",매주 월요일·금요일/18시 30분/학생회관 회의실,없음,machine_translated,not_reviewed,
C0291,3345,c2ae64ad93ed94da,와세다 대학 애니메이션 성우회,미디어·출판,기획,"과거에 『마법선생 네기마!』, 『안녕 절망 선생님』, 『침략! 오징어 소녀』 등의 이벤트와 『타케타츠 아야나 & 타츠미 유이코 토크 이벤트 in 와세다』를 주최하여 매년 600명 전후의 관객을 동원하고 있습니다.또한 2007년도부터는 애니메이션 및 애니메이션 송 제작에 종사하고 계신 와타나베 신이치 씨, 사토 준이치 씨, 하타 아키 씨, 콘도 히카루 씨 등을 초청하여 무료 강연회를 개최하는 등, 다른 애니메이션 관련 동아리와는 색다른 이벤트도 주최하고 있습니다.이러한 활동은 여러분이 좋아하는 애니메이션과 관련된 이벤트를 개최하는 것뿐만 아니라, 대학생 동아리라는 점을 살려 미지의 세계를 체험하고, 동료들과 함께 무언가를 해내는 성취감과 연대감을 느끼며 알찬 추억을 만들어가는 것이기도 합니다. 이벤트를 기획하고 운영한다는 것은 그 자체만으로도 기업과의 협상이나 홍보 활동, 자금 관리, 나아가 당일 관객의 입장 정리나 접수 등 다양한 업무를 수행하게 됩니다. 이런 귀중한 경험은 좀처럼 할 수 없으며, 분명 여러분의 자산이 될 것입니다.애니메이션, 성우를 좋아하고, ‘이벤트 개최에 관심이 있는 분’, 이벤트 주최 측이 되어보지 않으시겠습니까? 열정이 넘치는 분들을 진심으로 기다리고 있습니다.",매주 수요일(10월은 금요일도 포함)/17시/학생회관,없음,machine_translated,not_reviewed,
C0292,3274,f288147db12d9bd8,와세다 축제 운영 스태프(마츠리 스태프),미디어·출판,기획,"와세다 축제 운영 스태프(마츠리 스태프)는 일본 최대 규모의 학원제인 와세다 축제를 주최·운영하는 조직입니다. 와세다 축제는 코로나 이전 규모로 약 20만 명의 방문객과 400개 이상의 기획을 자랑하는, 일 년에 한 번 열리는 와세다 문화의 축제입니다. 코로나 사태 속에서도 온라인 개최나 하이브리드 개최를 통해 와세다 문화가 꽃피는 장을 계속 만들어 왔습니다.매년 ‘와세다다움’을 정의한 테마를 설정하여, 그해 와세다 축제를 빛내고 있습니다.
/
/
/
/우리는 약 600명의 멤버로 구성된 매우 큰 조직입니다.와세다 축제 당일의 행사장 정비, 축제에 참가하는 단체 및 개인 지원, 외부 주체와의 대외 활동, 축제 홍보 및 디자인 제작, 자체 주최 운영 스태프 기획의 수립 및 운영, 새로운 영역 개척, 내부 자원 및 자금 관리 등, 전문 분야가 다른 활동은 다방면에 걸쳐 있습니다. 학생들의 자율 운영을 모토로, 일 년에 한 번, 이틀간의 축제를 위해 멤버 전원이 하나가 되어 활동하고 있습니다.",매주 월요일·목요일/18:30~/학생회관,없음,machine_translated,not_reviewed,
C0293,3278,a9ee1d4a1fd75db1,와세다 일루미네이션 프로젝트 실행위원회,미디어·출판,기획,"와세다 일루미네이션 프로젝트 실행위원회(WIP)는 2005년에 발족했습니다. 원래는 유학생과의 교류를 목적으로 한 대학 공식 프로젝트였으나, 현재는 학생들이 주체가 되어 활동하고 있습니다. 와세다 축제를 앞두고 일루미네이션을 활용한 창작 활동을 하거나, 지역 주민들과 교류 및 협력하며 대학 주변을 일루미네이션으로 장식하고 있습니다.지금까지 ‘빛나는 와세다 베어’ 제작이나, J1 리그의 가와사키 프론탈레와의 콜라보레이션 등을 진행해 왔습니다. 학생과 지역 주민들이 아이디어를 나누고 협력하며 작업하는 과정에서 생겨나는 유대감야말로 이 프로젝트가 가장 소중히 여기는 것입니다. 앞으로도 WIP는 와세다에 빛으로 연결된 사람들의 미소를 만들어 나갈 것입니다.",매주 수요일·금요일/18시 15분/본교 캠퍼스·학생회관,없음,machine_translated,not_reviewed,
C0294,3280,842903478769a903,와세프로,미디어·출판,기획,"저희 와세 프로는 와세다 최대 규모인 Waseda Collection(통칭 와세코레)의 기획 및 운영을 담당하는 와세다 대학 공인 동아리입니다. 와세다 여학생은 수수하고 촌스럽다는 이미지를 불식시키고, 세련되고 화려하며 개성 넘치는 와세다 여학생의 매력을 알리는 것을 목표로, 와세다 학생 디자이너 모델을 발굴 및 기용하여 본격적인 쇼를 연 몇 차례 개최하고 있습니다.또한 Waseda Collection은 올해로 10주년을 맞이하며, 과거에는 모델이나 아나운서 등 다양한 분야에서 활약하는 인재들을 배출해 왔습니다.",매주 월요일/6·7교시/학생회관,없음,machine_translated,not_reviewed,
C0295,3282,1a5c3acdf17cc3b0,Walkin,미디어·출판,기획,"와세다 대학 공인, 타 대학 학생 환영(인카레)의 “내부용 기획 동아리”입니다.와세다 대학에는 그 밖에도 많은 기획 동아리가 존재하지만, 그들과 차별화되는 점은 “내부 지향”이라는 점입니다. 즉, “우리가 직접 만들고, 우리를 위한 기획을, 우리 스스로 즐기는” 유형의 기획 동아리입니다. “내일 자랑할 수 있는 바보 같은 짓을 하자.”라는 슬로건에 따라, 다음 날 친구들에게 자랑할 수 있을 만한 어리석은 놀이를 진지하게 기획합니다.Walkin'은 하고 싶은 건 무엇이든 할 수 있고, 지금까지 하고 싶어도 할 수 없었던 것을 할 수 있는, “꿈을 이루는” 동아리입니다. “나(I)”로는 할 수 없었던 것도 “우리(We)”라면 할 수 있을지도 모릅니다. 바로 그런 것입니다. 예: 참치 해체 쇼, 리얼 탈출 게임, 도주 중, 고등어로 하는 서바이벌 게임, 빈 캔 챔피언십, 빈손 여행 등등.",매주 수요일/18시 30분/학생회관,없음,machine_translated,not_reviewed,
C0296,3771,dfb2d954a54c46f6,TEDxWasedaU,미디어·출판,기획,"TEDxWasedaU의 목적은 '아이디어 공유'입니다. TEDxWasedaU에서는 서로 다른 배경, 국적, 학부의 학생들이 모여 혁신적이고 가치 있는 아이디어를 공유할 수 있는 무대를 제공하고 있습니다.TEDxWasedaU는 파이낸스 팀, 스피커 팀, 디자인 팀, 그리고 마케팅 팀의 네 팀으로 나뉘어 있습니다. 이 4개 팀이 협력하여 이중언어 행사를 만들어가고 있습니다. 우리는 주로 ‘Student Speaker Competition’(학생 스피커 콘테스트)와 ‘Main Event’ 행사를 위해 활동하고 있습니다.
/
/
/","리더 팀: 매주 화요일/19시/Wspace 3호관
/
/재무 팀: 매주 금요일/17시/3호관
/
/마케팅 팀: 매주 월요일/19시 30분/3호관
/
/스피커 팀: 매주 목요일/19시/11호관
/
/디자인 팀: 매주 목요일/19시 30분/11호관",없음,machine_translated,not_reviewed,
C0297,3740,a4a41da37bf5c17e,로타리 모임,미디어·출판,기획,"다카다노바바역 앞 로터리 광장의 흩어진 쓰레기 문제 해결을 목표로 활동하는 동아리입니다! 주요 활동으로 평일 아침과 저녁에 청소 활동을 진행하는 것 외에도, 기업이나 상점가 관계자들과 협력하여 기획을 세우거나, 문제 인식을 확산하기 위한 포스터 게시 및 전시회를 개최하거나, 신주쿠구에 로터리 관련 정책 제언 등을 하고 있습니다.
/
/
/
/최근 코로나19 사태 속 노상 음주가 문제로 대두되면서, 다카다노바바역 앞 로터리가 뉴스 프로그램에 보도되는 가운데 우리 로터리 모임도 동시에 대중의 시선을 많이 받게 되었습니다. TV뿐만 아니라 신문 기사 등 다양한 미디어에도 소개되어, 와세다 대학 동아리 중에서도 가장 성장세가 두드러지는 동아리 중 하나라고 할 수 있습니다! 위 보도를 본 많은 분들은 로터리를 더럽히는 주범이 와세다 대학생이라고 생각하고 있습니다.와세다 대학생들에게도 깊은 관련이 있는 로터리. 그곳에서 발생하는 쓰레기 문제를 해결할 수 있는 것은 바로 우리 와세다 대학생들이 아닐까요?
/
/
/
/입회하지 않아도 청소 활동에는 참여할 수 있으니, 아침 일찍 일어나고 싶을 때, 근처에 볼일이 있을 때, 혹은 뭔가 새로운 것을 시작해 보고 싶을 때 부담 없이 한번 들러 보세요!
/
/
/
/
/
/
/
/
/
/
/",평일/오전 8시 (금요일만 밤 10시)/다카다노바바역 앞 로터리 광장,없음,machine_translated,not_reviewed,
C0298,3155,265cc6fc62cda192,매직 클럽,미디어·출판,레크리에이션,"본 동아리는 연 3회 열리는 무대 마술 발표회를 위해 활동하는 동아리입니다. 발표회는 각각 6월에 2학년이 주관하는 ‘패밀리 파티’, 9월에 1학년이 주관하는 ‘매지컬 네트워크’, 11월에 3학년이 주관하는 ‘정기 발표회’가 있으며, 각 학년 전원이 참여합니다. 또한 다른 동아리원들은 스태프로 지원하며, 전원이 함께 발표회를 만들어 나갑니다.발표회 시기가 다가오면 리허설 등의 활동이 있지만, 기본적으로 활동 시기는 불규칙하므로 아르바이트나 다른 동아리 활동 등과 병행할 수 있는 것도 본 동아리의 특징입니다. 동아리원의 대부분은 가입 당시 마술 경험이 없었기 때문에, 어떤 분이시라도 즐겁고 알찬 동아리 활동을 하실 수 있습니다.",불규칙/학생회관 E637,없음,machine_translated,not_reviewed,
C0299,3289,df61ab9fb67538a3,컴퓨터 연구회・WINC,미디어·출판,레크리에이션,"와세다 대학 내에서 가장 오랜 역사를 가진 IT 동아리입니다! 프로그래밍 경험이 없는 분들도 전문 지식을 갖춘 선배들이 친절하게 가르쳐 드리기 때문에 한 걸음 한 걸음 착실하게 배우며 실력을 쌓을 수 있습니다. 또한 프로그래밍 외에도 네트워크 및 서버 구축, 최근에는 컴퓨터를 활용한 활동으로서 IoT, CG 렌더링, DTM 등도 진행하고 있습니다. 부원 한 명 한 명이 하고 싶은 활동을 중시하여 반년마다 활동 내용을 정하고 있기 때문에 자신이 배우고 싶은 것을 전문적으로 배울 기회도 얻을 수 있습니다. 평소 활동은 학생회관에 있는 부실에서 진행하며, 그곳에 컴퓨터가 비치되어 있어 노트북이 없는 분도 프로그래밍 등을 할 수 있고, 수업이 없는 시간에 부원들이 모여 교류의 장이 되기도 합니다.",수시/학생회관 E-731,없음,machine_translated,not_reviewed,
C0300,3069,9d2f1fc8700df593,경영정보학회(MISW),미디어·출판,레크리에이션,"경영정보학회(MISW)는 프로그래밍, CG 일러스트, 컴퓨터 작곡 등 디지털 계열 콘텐츠를 한꺼번에 다루는 와세다 최대의 종합 창작 동아리입니다. 회원은 동아리 내에서 게임 개발의 주축을 담당하는 프로그래밍 연구회, 일러스트 제작에 종사하는 CG 연구회, 컴퓨터 작곡을 담당하는 MIDI 연구회 중 하나에 소속되어 활동하고 있습니다.주로 회원은 입회 후 ‘기획’이라 불리는 게임 제작 팀을 구성하여, 와세다 축제나 코믹마켓 등의 배포 행사를 목표로 다양한 게임과 애플리케이션 소프트웨어를 개발하고 있습니다. 그 외에도 동아리 내에서 제작한 화집이나 음악 CD를 배포하거나, VOCALOID를 활용한 곡의 PV를 니코니코 동화나 YouTube와 같은 외부 미디어에 게시하는 등, 게임 제작의 범위를 넘어 폭넓게 활동하고 있습니다.최근 활동은 앞서 소개한 연구회의 3개 분야에 그치지 않고, 3DCG 소프트웨어를 이용한 모델링, Unity 개발, 시나리오 집필, 동영상 제작 등 새로운 활동이 회원들의 관심사와 목적에 맞춰 전개되고 있습니다. 또한, 경험자가 초보자를 친절하게 지도하는 체계가 갖춰져 있는 것도 하나의 강점입니다. 새로운 창작의 형태를 실현하기 위해, 꼭 MISW에 오세요!",매주 수요일·금요일 / 18시 15분~19시 45분 / 니시와세다 캠퍼스 52-101,없음,machine_translated,not_reviewed,
C0301,3260,f1a4effc41f71d12,와세다 대학 반자이 동맹,미디어·출판,레크리에이션,"1971년 창설된 초명문 만세 계열 동아리. “전국 각지의 경사스러운 장소로 달려가, 더욱 경사스럽게 만들고, 그 소용돌이 속에서 우리도 마음껏 즐기는 것”을 사명으로 삼아, 768종(2016년 현재)에 달하는 만세 연구에 밤낮으로 매진하고 있다.주로 환송회나 시상식, 결혼식에서의 여흥으로 전국에 활동 실적을 보유하고 있으며, 연간 의뢰 건수는 50건을 훌쩍 넘는다. 또한 각종 TV·신문 등 미디어 출연 경험도 풍부하여, 그 수수께끼에 싸인 실체에 비해 의외로 높은 인지도를 자랑하는 것으로도 알려져 있다.평소에는 부실(현재는 학생회관 E709)에서 만세 연구 및 개발을 하는 것이 주된 활동이며, 연 몇 차례의 합숙이나 각종 이벤트 출연 등을 통해 실전 경험을 쌓음으로써 동맹원들은 뛰어난 만세 능력을 획득하게 된다.",전국 각지의 경사스러운 장소/학생회관 E709,없음,machine_translated,not_reviewed,
C0302,3351,2679a728ac2934ad,퀴즈 연구회 (W.Q.S.S),미디어·출판,레크리에이션,"월요일은 미경험자 전용, 화요일은 경험자 대상 퀴즈 활동. 그 외 요일에는 인트로 퀴즈 등 다채로운 서클 내 서클이 활동하고 있습니다! 개성 넘치는 멤버들이 여러분을 기다리고 있어요!",매주 월~금요일·격주 토요일/15:05~21:35/학생회관,없음,machine_translated,not_reviewed,
C0303,3757,f5c19b233b29e33a,숨바꼭질 동창회,미디어·출판,레크리에이션,"let's play hide and seek.
/
/
/
/mikke
/
/
/
/전 세계에서 숨바꼭질을 합니다.",비정기적/전 세계,없음,machine_translated,not_reviewed,
C0304,3354,504b62d4dfbcea70,시뮬레이션 게임 연구회,미디어·출판,레크리에이션,매주 토요일에 모여 게임을 하고 있습니다. 보드게임이나 카드게임이라면 MTG나 WS 등을 합니다.,정보 없음,없음,machine_translated,not_reviewed,
C0305,3356,b47183bbd1619002,코미디 공방 LUDO,문화·예술,무대 예술,"저희 코미디 공방 LUDO는 월 1회 와세다를 중심으로 진행하는 라이브를 개그 소재를 선보이는 기회로 삼고, 주 2회 부회를 통해 개그 시연 등의 활동을 하는 코미디 동아리입니다. 출연자 외에도 영상, 조명, 음향 등 라이브를 지원하는 스태프도 다수 소속되어 있어, 부원 전원이 함께 라이브를 만들어 많은 관객 여러분께 즐거움을 드리고 있습니다.대학생 코미디 전국 대회에서 여러 차례 우승을 차지한 경험이 있으며, 프로를 목표로 활동하는 부원도 있어, 질과 규모 모두 수준 높은 라이브를 선보이고 있으니 꼭 한 번 라이브에 방문해 주시기 바랍니다. 또한, 입부를 희망하시는 분은 출연자·스태프를 불문하고 이메일 등을 통해 연중 언제든지 가입 신청을 받고 있으니, 문의해 주시기 바랍니다. 경험 유무, 대학, 성별, 연령, 국적을 불문하고 폭넓게 모집하고 있습니다.",매주 수요일 18시·토요일 16시 30분부터 / 와세다 대학 강의실,없음,machine_translated,not_reviewed,
C0306,3139,00b6a3795698825c,연극 연구회,문화·예술,연극,"와세다 대학 연극 연구회(통칭 와세다 극연)는 오쿠마 강당 뒤편의 전용 아틀리에를 거점으로 활동하는 와세다 대학 공인 연극 동아리입니다. 그 역사는 전쟁 전까지 거슬러 올라가며, 와세다에서 가장 유서 깊은 연극 동아리로 알려져 있습니다.배우로서 연기할 뿐만 아니라 무대와 객석도 직접 만들기 때문에 자재도 풍부하고, 음향·조명 설비도 갖추고 있어 교내 최대의 규모와 실적을 자랑합니다. 이러한 유리한 환경 속에서, 현재 화제의 사카이 마사토 씨나 연극계를 이끄는 극작가·연출가 코노우에 나오후미 씨, 옛날에는 영화감독 이마이 쇼헤이 씨 등 많은 영화·연극인을 배출해 왔습니다.또한, 다른 연극 동아리와 달리 동아리 내에서 앙상블(극단)을 창단할 수 있는 앙상블 제도를 채택하고 있으며, 그 제도 아래 제3무대, 야마노테 지조샤, 소스 자매, 브라질 등 수많은 유력하고 인기 있는 극단을 배출했고, 가장 최근인 작년 말에는 엔터테인먼트성으로 정평이 나 있는 도쿄 정크 Z가 이곳을 졸업했다.이에 따라 작년부터 차기 앙상블 설립을 위한 움직임이 활발해지고 있으며, 2016년 5월부터 6월에 걸쳐는 ‘미츠바 기획 공연집’이라 명명하고 3명의 젊은 주재자가 각기 다른 색채를 지닌 3편의 작품을 한 달 동안 강행 공연하는 기획을 진행했으며, 그 이후로도 활발하게 기획 공연이 열리는 등 의욕적으로 활동하고 있다.",불규칙,없음,machine_translated,not_reviewed,
C0307,3143,661f16b02ac54731,무대미술연구회,문화·예술,연극,"와세다 대학 내부는 물론 외부 단체로부터도 의뢰를 받아, 연극이나 뮤지컬, 댄스 등의 무대 장치·조명을 담당하고 있습니다. 또한 연 2회, 무대미술연구회가 주최하는 공연도 진행하고 있습니다. 대부분은 초보자로 입회하지만, 선배들의 지도 아래 전문적인 기술을 익힐 수 있습니다.
/
/월 1회 총회를 개최하고 있지만, 그 외의 활동은 불규칙하므로 각자의 일정에 맞춰 참가할 수 있습니다.연령이나 학년, 대학을 불문하고 수시로 신입 회원을 모집하고 있습니다.
/
/남들과 다른 것에 도전해 보고 싶다, 연극을 좋아한다, 창작 활동을 좋아한다, 전문성이 높은 동아리에 들어가고 싶다…
/
/그런 분들은 꼭 한 번, 오쿠마 기념 강당 뒤편에 있는 아틀리에로 견학하러 오세요!
/
/함께 즐겁게 활동해 봅시다!
/
/무대미술연구회 홈페이지는 PC 버전 레이아웃으로 확인해 주세요. 의뢰는 홈페이지를 통해 부탁드립니다.",불규칙적/오쿠마 강당 뒤편 아틀리에,없음,machine_translated,not_reviewed,
C0308,3140,96f9666ff9785363,가부키 연구회,문화·예술,연극,"창립 70년 이상의 역사를 가진 전통 있는 가부키 감상 동아리입니다. ‘가훈’은 “학생은 가부키를 어디까지나 관객의 입장에서 감상하고 연구하여 발언하고 제언해 나가는 것”입니다. 그 말대로 창립 당시부터 ‘관극 전문’을 고수하고 있으며, 가부키자 등에서의 단체 관극회를 중심으로 활동하고 있습니다.최근에는 타 대학 가부키 연구회와의 교류도 활발히 이루어지고 있으며, 가부키 관람 초보자부터 가부키의 열렬한 팬까지, 소속 회원의 폭이 넓은 것도 매력 중 하나입니다. 또한, 부실에는 가부키에 관한 귀중한 자료를 폭넓게 구비하고 있어, 회원 개개인이 자유롭게 열람하고, 그 이름대로 가부키를 ‘연구’할 수도 있습니다.전통과 혁신의 매력을 모두 갖춘, 일본이 세계에 자랑하는 예능인 가부키를 함께 관람하며 마음껏 즐겨보시지 않겠습니까? 수시로 입회 가능합니다.",비정기적/주로 가부키자 등의 극장,없음,machine_translated,not_reviewed,
C0309,3141,7e08030715057034,극단 '코다마',문화·예술,연극,"와세다대학 오쿠마 강당 뒤편에 전용 아틀리에를 갖춘 유서 깊은 극단입니다. 전용 아틀리에를 보유하고 있는 곳은 와세다대학에서 극단 '코다마'와 연극연구회뿐입니다.'코다마'만의 아틀리에이기 때문에, 365일 마음껏 연극에 몰두할 수 있습니다! 동문들은 각계 각층의 저명인을 배출했으며, 최근에는 타 극단이나 프로 배우를 초청한 워크숍, 2개 도시 투어 공연 등 활발하게 활동하고 있습니다!
/
/타 대학 학생이나 직장인도 대환영!",불정기/방과 후/와세다대학 오쿠마 강당 뒤편 극단 코다마 아틀리에,없음,machine_translated,not_reviewed,
C0310,3324,50d6e58141ecefa3,(극단) 모리,문화·예술,연극,"1960년경 설립. '모리(森)'라고 쓰지만 '신(しん)'이라고 읽는데, 극단원 중 누구도 이름의 유래를 모른다.
/
/와세다 6대 연극 동아리 중 하나이며, 인원 수도 최대 규모이다.
/
/연 3회의 본공연(봄 신입생 환영 공연, 여름 신인 공연 + 1편)과 여러 기획 공연(이쪽은 비정기적)을 진행하고 있습니다. 각본·연출은 공연마다 바뀌기 때문에 극단으로서의 통일된 방향성은 없지만, 언더그라운드부터 현대 구어 연극까지 다양한 무대를 펼치고 있어 공연의 다양성이 특징입니다.
/
/배우부터 스태프(조명·음향·무대미술·무대감독·제작), 각본, 연출에 이르기까지 폭넓게 경험할 수 있으므로, 자신에게 맞는 연극 활동을 할 수 있습니다. 또한, 외부 게스트 출연 자유, 기획 자유, 참여하고 싶을 때 참여할 수 있는 등 자유로운 분위기가 장점입니다.
/
/학년, 대학, 나이, 직업을 불문하고 누구나 환영합니다. 연극을 해보고 싶다고 생각하신 분은 꼭 놀러 오세요!",불규칙적／학생회관,없음,machine_translated,needs_review,Japanese kana remains (2 chars)
C0311,3322,cab9929f5ca11363,(극단) 콘체르토,문화·예술,연극,"1971년, 도쿄대학과 와세다대학에서 러시아어를 가르치던 노무라 타치야나 선생님과 그 제자들에 의해 극단 콘체르토가 설립되었습니다. 단막극이나 시 낭독, 합창 등 러시아어를 통한 교류를 목적으로 하는 ‘학예회=콘체르토’로 시작하여, 점차 본격적인 희곡에 도전하게 되었습니다.현재는 와세다 대학을 거점으로, 타 대학에서 러시아어를 배우는 학생들도 모여 연 2회의 정기 공연(신인 공연, 본 공연)을 이어가고 있습니다.
/
/
/
/1999년부터는 벨라루스의 연출가 나탈리아 바르샤이 씨에게 본격적인 발음 및 연기 지도를 받고 있으며, 최근에는 『살아있는 시체』(톨스토이), 『새벽의 별들』(가린), 『현명한 꿀벌의 선물』(솔로구프) 등을 상연하고 있습니다.
/
/
/
/완전 초보자도 괜찮습니다! 선배들은 러시아어와 연극 모두 대학에 들어와서 시작한 사람들뿐입니다. 러시아나 러시아어, 외국어 연극에 관심이 있는 분이라면 소속 대학을 불문하고 누구나 대환영입니다!
/
/
/
/수시 입단 가능합니다. 우선 견학부터 시작해 보세요! 부담 없이 연락 주세요!",매주 월요일·목요일/18시/와세다대학 토야마 캠퍼스 학생회관·도쿄외국어대학 타마 캠퍼스,없음,machine_translated,not_reviewed,
C0312,3146,9bbc0f5fdc579f42,(극단) 테아트로 50',문화·예술,연극,"'연극 집단 카라멜 박스'나 '극단 랩파야' 등을 배출한 연극 동아리입니다. 5월의 본공연, 9월의 신인 시연회, 3월의 신인 기획공연 외에도, 원하는 시기에 기획공연을 열 수 있습니다. 배우뿐만 아니라 전원이 스태프 경험을 할 수 있는 것도 큰 특징입니다.","불규칙, 공연마다 다름. 부실: E537",없음,machine_translated,not_reviewed,
C0313,3319,67467b56d6dec6dd,옴니버스,문화·예술,연극,"저희는 1년에 몇 차례 기존 뮤지컬을 공연하는 와세다 대학 공인 뮤지컬 동아리입니다! 옴니버스는 대학 간 교류 동아리이므로, 와세다 학생은 물론 다양한 대학의 학생들이 소속되어 있습니다. 평소에는 화기애애한 분위기 속에서 모두 함께 즐겁게 뮤지컬을 연습하고 있습니다.노래도 춤도 경험이 없는 분들도 걱정 마세요! 처음에는 모두 초보자입니다. 연습의 성과를 무대에서 보여주는 것은 그야말로 감동 그 자체! 무대에 서는 즐거움을 모르고 지내는 건 정말 아깝습니다! 하지만 물론 그뿐만이 아닙니다. 엔터테인먼트 계열 뮤지컬 동아리인 우리 옴니버스는 이벤트도 정말 알차게 준비되어 있습니다!! 불꽃놀이, 여름 합숙, 할로윈 파티 등 다양한 이벤트가 1년 내내 많이 있습니다.대학 생활을 즐기고 싶지만, 그저 놀기만 하긴 아쉽다고 생각하시는 분들! 옴니버스라면, 다 함께 무대를 만들어가는 성취감도, 다 같이 떠들썩하게 노는 즐거움도, 두 가지를 모두 맛볼 수 있습니다! 그런 옴니버스에서 보내는 나날은 그야말로 ‘매일이 문화제’! 우리와 함께 꿈같은 4년을 보내보지 않으시겠어요?","매주 화요일·금요일·토요일 / 화·금 18:30~, 토 16:30~ / 학생회관 등 와세다 부근",없음,machine_translated,not_reviewed,
C0314,3144,b56ed2976f082568,연극 동아리,문화·예술,연극,"1학년 여름, 6~9월에 걸쳐 신입생 훈련을 실시하고, 9월에 열리는 신입생 공연에 출연한다. 그 이후에는 각 동아리원이 각자의 연극 방식을 모색하며, 각자의 '재미'를 추구한다.
/
/
/",매주/18시 30분／학생회관,없음,machine_translated,not_reviewed,
C0315,3158,54f14db8fd2c537c,팬토마임 마이무토 (ﾏｲﾑﾄｳ),문화·예술,연극,"팬토마임 마이무토는 프로 거리 예술가 해피 요시자와 씨가 1985년에 창단한 퍼포먼스 단체입니다.
단순한 대학생 동아리의 틀을 넘어, 타 대학 학생이나 사회인도 참여하여 팬토마임을 중심으로 한 연기 및 퍼포먼스를 펼치고 있습니다.
해피 요시자와 씨의 독특한 지도 아래, 몸 하나로 이야기를 표현하는 판토마임의 매력을 배우며 개성 넘치는 퍼포머들이 속속 탄생하고 있습니다.
주요 활동으로는 11월 와세다 축제에서의 공연과 3월 단독 공연 ‘마임토우 라이브’가 있습니다. 또한 동문들도 참여하는 ‘넥스트우 라이브’나 교외 행사에서의 퍼포먼스 등 다양한 무대에서 활동하고 있습니다.
연극이나 퍼포먼스에 관심 있는 분, 대학에서 새로운 것을 시작해 보고 싶은 분, 재미있는 것을 좋아하는 분, 대환영입니다!
대부분의 멤버가 대학에서 판토마임을 시작했습니다.
우선 부담 없이 연습을 체험하러 오세요. 연락 기다리고 있습니다!",매주 화요일·금요일·일요일 / 17시 (도중 참가·퇴실 가능) / 학생회관,없음,machine_translated,not_reviewed,
C0316,3321,6dd598ef90eda020,(극단) 쿠루메루 시어터,문화·예술,연극,"극단 쿠루메루 시어터는 와세다 대학의 6대 연극 동아리 중 하나입니다. 장르나 작풍은 다양하며, 많은 인원을 살려 연 3회의 본 공연과 그 외 다수의 기획 공연을 진행하고 있습니다. 엄격한 훈련도 없고 개성 있는 사람들이 모여 화기애애하게 즐겁게 연극 활동에 몰두하고 있습니다. 그중에는 외부에서 활동하거나 새로운 극단을 창단하는 사람도 있습니다. 지금도 활발히 활동하는 동문 극단도 많이 있습니다.또한, 연극 활동뿐만 아니라 부실에 모여 즐겁게 수다를 떨거나, 불꽃놀이 대회에 가거나, 합숙을 가는 등 대학 생활도 동료들과 함께 마음껏 즐길 수 있습니다. 물론 수업과 병행할 수도 있고, 활동에 참여하는 방식도 사람마다 다릅니다. 자유롭게 즐길 수 있는 동아리입니다. 꼭 쿠루메르에 오세요!",불규칙/학생회관/와세다 소극장 드라마관,없음,machine_translated,not_reviewed,
C0317,3338,0743ae680e39c499,이이무라 R,문화·예술,연극,"타 단체나 타 동아리가 이벤트 등에서 사용하는 물품의 반입·반출을 도와드립니다. 인력 부족으로 이벤트 등의 반입·반출이 원활하게 진행되지 않는 경우나 많은 물건을 운반해야 하는 경우 등을 도와줌으로써, 타 단체·타 동아리의 인력 부족을 해소하고 있습니다.동아리 소속원 중 다수가 타 단체나 타 동아리의 행사에서 빈번하게 사용되는 목재, 목재로 제작된 물품, 각종 장비 등의 취급에 관한 지식을 갖추고 있어 원활하고 안전하게 도움을 드릴 수 있습니다. 또한, 동아리원도 매년 활동에 충분한 인원이 재적하고 있어 타 동아리·타 단체와의 교류가 많은 가운데, 교류를 깊게 하며 활동할 수 있습니다.",불규칙,없음,machine_translated,not_reviewed,
C0318,3331,ecced63c14994b3c,(극단) SWANDIVE,문화·예술,연극,"연 1~3회 정도 공연을 합니다. 공연 장소로는 학생회관, 와세다 소극장 도라마관을 이용합니다. 연습도 학생회관에서 진행합니다. 공연 시기는 매년 고정되어 있지 않으며, 공연을 하고 싶은 사람이 있을 때 맞춰 공연장 예약 및 연습 일정을 잡습니다. 소개글에서도 언급했듯이, 다른 동아리와 합동 공연을 자주 합니다.스태프, 배우 등 다양한 단체 및 개인과 교류하며, 더 나은 공연을 위해 협력하고 있습니다. 구체적인 일정으로는 공연 2~3개월 전부터 주 4~6회 리허설을 진행합니다. 연극 동아리이지만, 다른 동아리와 병행하는 것도 가능하며, 각자가 참여하고 싶은 공연에 참여하는 매우 자유로운 분위기의 동아리입니다. 인원도 특별히 많은 편은 아니어서 화기애애한 분위기입니다.","주 4~6회(공연 시)/6, 7교시/학생회관",없음,machine_translated,not_reviewed,
C0319,3328,81b65c64fd1aef91,(극단) 헤치마,문화·예술,연극,"학생회관에서 연습을 진행하는 연극 동아리로, 1년에 한 번 정도 다른 극단과 합동으로 학생회관에서 공연을 합니다. 공연 2개월 전부터 준비를 시작해 주 5~6회 정도 연습을 하며, 다 함께 작품을 만들어 갑니다. 소속원 중에는 연극 초보자도 많아, 시행착오를 겪으며 연기를 해나가면서 매일 서로 경쟁하며 실력을 갈고닦고 있습니다. 또한 많은 회원이 다른 동아리와 병행하고 있어 자유롭게 활동할 수 있는 기간도 길기 때문에 각자 다양한 활동을 하고 있습니다. 작년 3월 공연에서는 타 단체에서도 배우를 초청하여 개성 넘치는 멤버들로 약 90분 분량의 완전 오리지널 장편을 무료로 상연했습니다. 또한 무대 위에 악기를 배치하거나, 개막 전 퍼포먼스를 진행하는 등 새로운 시도에 도전했습니다. 홍보에도 힘을 쏟아 총 5회 공연 티켓이 매진되며 대성황을 이뤘습니다.","요일 불규칙/평일 6~7교시, 토·일요일 3~7교시/학생회관",없음,machine_translated,not_reviewed,
C0320,3337,aa60d3a2e4e727ae,SEIREN,문화·예술,연극,"우리는 슬로건으로 ‘당신의, 계기가 되겠습니다.’를 내걸고 있으며, 이를 달성하기 위한 활동 지침으로 ‘학생이 할 수 있는 최고의 뮤지컬’, ‘누구나 진심을 다할 수 있는 장소’, ‘와세다의 뮤지컬 문화를 창조한다’를 가지고 있습니다. 이를 달성하기 위해 연 3회(8월·12월·3월)의 본공연에 더해 신입생을 중심으로 만드는 단내 공연·번외 공연·신입생 환영 공연 등을 진행하고 있습니다.무대뿐만 아니라 와세다 축제 무대 등에서의 공연도 진행하고 있습니다. 본 공연에서는 전문 지도진과 기술 스태프를 초청하여 수준 높은 지도를 받을 수 있습니다. 단원은 출연진뿐만 아니라 스태프 역할도 맡습니다. 각 공연에서의 스태프 업무 외에도, 단원이 연중 수행하는 부서 업무로 대소도구·소도구·제작·홍보·관리부·의상부가 있습니다. 댄스 연습이나 보컬 트레이닝 등의 워크숍도 수강할 수 있어 초보자도 성장할 수 있는 환경이 잘 갖춰져 있습니다.
/
/
/
/","연습 기간은 주 4~6회 / 평일 18:00~22:00, 휴일 13:00~22:00 / 학생회관·와세다 대학 주변의 평생학습관 등",없음,machine_translated,not_reviewed,
C0321,3341,0126371d0ac5a053,극단 24구,문화·예술,연극,"극단 24구는 연 3회(6~7월 여름 공연, 11월 가을 공연, 2~3월 봄 공연)의 공연을 중심으로 활동하고 있습니다. 연극 초보자, 상급생, 직장인, 타대생, 유학생, 수업이나 아르바이트와 병행하느라 바쁜 분 등 누구나 참여하실 수 있습니다. 특히 대학에서 연극을 시작하려고 생각하시는 분께 추천합니다. 다른 동아리나 양성소·소속사와의 병행에 대한 제약도 없습니다.스태프만 또는 보조 역할로만 참여하는 것도 가능합니다. 단, 소규모 극단이기 때문에 출연진과 스태프를 겸임해 주셔야 합니다. 연회비 등은 없으며, 공연 1회부터 참여가 가능합니다. 연습일은 매 공연마다 정합니다. 각본과 연출이 매번 바뀌기 때문에 장르도 매번 다릅니다. 또한, 그 밖의 다양한 이벤트도 매년 진행하고 있습니다(합숙이나 졸업 파티 등).",요일 불정(평일 2회 · 주말 1회) / 학생회관,없음,machine_translated,not_reviewed,
C0322,3340,5ed25351fba18b79,아카나시,문화·예술,연극,"와세다 연극 동아리 중에서도 비교적 새로운 편에 속합니다. 올해로 설립 10주년입니다. 아직 연극 동아리 내에서의 위상은 낮지만, 전통에 얽매이지 않고 소속원 모두가 느긋하고 자유롭게 활동하고 있습니다. 정기 연습은 너무 느슨하지도, 너무 엄격하지도 않게 즐겁게 하는 것을 모토로 합니다. 겸임도 가능하므로, 다양한 동아리와 겸임하고 있는 사람들이 있습니다.짧은 학생 생활 동안 하고 싶은 것을 많이 하고 싶고, 그중 하나가 연극이라는 사람들이 부담 없이 들어올 수 있는 연극 동아리를 지향하고 있으므로, 과도한 구속은 하지 않습니다. 대신, 무언가 기획에 참여할 때는 책임감을 가지고 진지하게 임해 주시기를 당부드립니다. 매년 12월에는 극단 테아트로 50’와 함께 기획 공연을 진행하고 있습니다.",불규칙/18시경/학생회관,없음,machine_translated,not_reviewed,
C0323,3334,5f370805c9624d90,POP3,문화·예술,연극,"와세다 대학에서 가장 새로운 개그 동아리입니다. 연 6회 이상의 정기 라이브는 물론, 와세다 축제, 각종 이벤트에도 출연합니다. 또한, 타 대학과의 대결 라이브나 외부 단체가 주최하는 대회에 참가함으로써 교류의 폭이 크게 넓어집니다. ""사람들 앞에서 무언가를 마음껏 표현하고 싶다"", ""많은 사람을 향해 당당하게 말할 수 있게 되고 싶다"", ""어쨌든 개그를 좋아하는 친구가 필요하다""는 분들에게 추천합니다.TV에서 보는 만담가나 코미디언 흉내를 다 같이 내보지 않겠습니까? 물론 스태프로서 음향 및 조명 조작, 전단지 제작 등을 담당할 수도 있습니다. 부끄러워도 코미디를 좋아하는 마음이 있는 분들이 스태프로 활동하고 있습니다. 게다가 POP3는 타 대학 학생도 대환영입니다. 학년도 상관없습니다! 다양한 학년과 학력으로 구성되어 있습니다!! 다 같이 즐겁게 코미디를 해봅시다!!",매주 수요일/18시 30분~/학생회관,없음,machine_translated,not_reviewed,
C0324,3592,dc7d23017ed2905a,연극 집단 '도코로데',문화·예술,연극,"와세다 캠퍼스의 '극단 모리'에 소속되어 있던 단원 2명이 2011년, 토코로자와 캠퍼스에 새롭게 설립한 연극 동아리입니다. 연 5회 정도를 목표로 매년 공연을 진행하고 있습니다. 또한 최근에는 와세다 캠퍼스나 지역 공공 시설을 이용하여 공연을 하는 등 적극적인 연극 활동을 펼치고 있습니다. 경험 유무는 전혀 상관없이, 즐겁게 연극을 접할 수 있다는 점이 가장 큰 매력입니다.",활동은 비정기적·공연이 있을 때마다 수시로 활동,없음,machine_translated,not_reviewed,
C0325,3320,ccb46b82f4e741d1,행복 데자뷰,문화·예술,연극,정보 없음,정보 없음,없음,machine_translated,not_reviewed,
C0326,3330,1032e265ab39d17d,(극단) 코카카시,문화·예술,연극,"연간 몇 편의 공연을 진행하는 연극 동아리입니다.
/
/기획성을 중시한 작품을 꾸준히 발표하고 있습니다.",정보 없음,없음,machine_translated,not_reviewed,
C0327,3332,df244519a8c8adf6,학 한 마리의 울음,문화·예술,연극,연간 수 차례 연극 공연을 진행하고 있습니다.,정보 없음,없음,machine_translated,not_reviewed,
C0328,3333,7fd643496b233ab2,생수이 공방,문화·예술,연극,학생 연극 공연을 연 2~3회 정도 진행하고 있습니다. 타 극단과의 교류도 활발합니다.,정보 없음,없음,machine_translated,not_reviewed,
C0329,3335,f8dff7f4471a237e,시스테마 안젤리카,문화·예술,연극,"주로 학생회관 지하 2층의 연극 연습실에서 연극 공연을 진행하고 있습니다.
/
/수시로 연습을 하거나 외부 단체에 출연하기도 합니다.",정보 없음,없음,machine_translated,not_reviewed,
C0330,3138,efde69bf0ba16a9f,영화 연구회,문화·예술,영화,"『영화를 만든 지 1세기.』 영화 동아리가 난립하는 와세다에서 가장 긴 역사를 자랑하는 영화연구회에는 100명이 넘는 회원이 소속되어 있다. 관동 지역 영화 동아리 중 가장 먼저 이름이 거론되는 영화연구회에는 많은 대학에서 높은 포부와 기술을 갖춘 영상 제작자들이 모여든다.풍부한 촬영 장비와 외부 인맥, 우수한 인재가 모두 갖춰진 영화연구회에게는 불가능한 일이 없다. 영화제 수상작이나 영화 감독 등으로 업계 최전선에서 활약하는 동문도 다수 있다. 2022년도에는 한국 인하대학교와의 국제 공동 제작을 실현했다.
/
/우리는 감독·프로듀서·배우·각본가를 지망하는 사람뿐만 아니라, 많은 서포트 멤버를 필요로 합니다. 영상 촬영/조명/음향/음악/편집/헤어 메이크업/의상/스틸 촬영/포스터 디자인/차량부 드라이버 등. 모두 나열하자면 끝이 없습니다. 각자의 역할에서 발휘된 각자의 ‘개성’이 융합되어 하나의 작품으로 승화되어 가는 모습은 그야말로 기적입니다. 여러분의 열정을 부디 우리에게 빌려주세요. 학년 불문.대학 불문. 연중 가입 가능. 영화에 익숙하지 않은 분, 비전문가도 대환영입니다. 함께 기적을 담아봅시다. 우선 공식 LINE 추가부터 https://lin.ee/79eOYCA
/
/
/
/
/
/
/
/",불규칙,없음,machine_translated,not_reviewed,
C0331,3142,57fce03999b15577,이나몬 시나리오 연구회,문화·예술,영화,"이나몬 시나리오 연구회(이하 시나연)는 독립 영화를 제작하는 동아리입니다. 딱딱해 보이는 동아리 이름과는 달리, 시나연의 특징은 단연 그 자유로움입니다. 동아리원들이 제작하는 영화의 장르는 다양하며, 자신이 재미있다고 생각하는 것을 자유롭게 표현할 수 있습니다. 장비는 충실하여 카메라, 마이크, 조명 등 필요한 장비가 모두 갖춰져 있어, 가입하면 바로 영화를 찍을 수 있습니다.1학년부터 활약하는 동아리원도 있습니다. 동아리원 중에는 타 대학 학생이나 유학생도 많으며, 중간에 입회하는 동아리원도 많이 있습니다. 입회는 수시로 받고 있습니다. 트위터로 연락해 주셔도 되고, 직접 부실(학생회관 E619)로 오셔도 괜찮습니다. 영화 감독을 해보고 싶은 분, 시나리오를 써보고 싶은 분, 배우를 해보고 싶은 분, 촬영을 해보고 싶은 분, 모두 대환영입니다.",불규칙적/학생회관 E619,없음,machine_translated,not_reviewed,
C0332,3346,91e5b8830f6a8d94,시네사이클 반두뇌,문화·예술,영화,"영화 제작 동아리 '시네사이클 반두뇌'입니다. 활동으로는 1년에 몇 편의 영화를 촬영하는 것과 더불어, 영화관 탐방 등을 기획하고 있습니다. 이 동아리의 특징은 ""회원들 간의 사이가 매우 좋다는 것""입니다. 촬영할 때는 물론, 평소 촬영하지 않을 때는 E525의 전용 부실에서 항상 다 같이 느긋하게 놀고 있습니다.제작하는 영화의 분위기는 코믹한 작품이 많지만, 감독에 따라서는 본격적인 작품을 만드는 사람도 있습니다. 영화 동아리로는 소규모 편이라 장비를 사용하고 싶을 때 언제든지 사용할 수 있어, 자신이 찍고 싶을 때 자유롭게 촬영할 수 있는 환경이 갖춰져 있습니다. 또한, 여름과 겨울에는 합숙이 있어 촬영하는 조는 촬영을 하고, 그 외 멤버들은 관광 등을 즐깁니다. 찍을 때는 찍고, 그 외에는 느긋하게. 그런 동아리입니다.",매일/학생회관 E525,없음,machine_translated,not_reviewed,
C0333,3343,b74479b1824b558a,CINEMAX SIDEVARG,문화·예술,영화,"개인의 열정에 따라 좋아하는 일에 임하고 있습니다. 영화를 만들거나 보고, 열정적이면서도 편안하게 이야기를 나누고 있습니다. 영화를 만들고 싶은 분도, 보는 것만 좋아하는 분도 모두 대환영! 멤버 각자의 거리감을 존중하는 동아리입니다. 크게 나누어 활동은 '상영회', '영화 촬영', '이벤트'의 3가지입니다.상영회는 주 2회 열리는 정기 이벤트로, 부원들이 보고 싶은 영화를 선택해 프로젝터와 스피커를 이용해 다 같이 감상하는 본 동아리의 핵심 이벤트입니다! 영화 촬영도 물론 하고 있습니다. 초보자도 많아서 시행착오를 겪으며 다 함께 작품을 완성해 나가고 있습니다! 이벤트에서는 기획을 통해 다 같이 영화를 보러 가거나 놀러 가기도 합니다! 부실도 있으니 꼭 한번 놀러 오세요. X나 인스타그램, 과거 작품을 게재하고 있는 유튜브도 운영하고 있으니 동아리 이름으로 검색해 보세요!","학생회관 동아리실(E730호, 월·수·금요일, 17:00~)",없음,machine_translated,not_reviewed,
C0334,3147,5a063d391f6b1fca,애니메이션 연구회,문화·예술,영화,"와세다대학 애니메이션 연구회(WAFL)는 와세다대학 공인 대학 간 동아리로, 대학 내 유일하게 애니메이션을 “만들 수 있는” 자작 동아리입니다. /
///
//작화·채색·미술·음향·촬영·편집·3D 등 다양한 부서로 나뉘어 작품을 완성하고 있습니다. /
///
///
///
//“애니메이션 같은 건 만들어 본 적 없는데 괜찮을까?”라고 생각하실 수도 있겠지만, 물론 괜찮습니다! 동아리원들도 거의 전원이 처음부터 시작했으므로, 초보자도 대환영입니다.
///
///
///
//주요 활동은 여름과 겨울에 열리는 각 대학의 자율 제작 동아리와의 합동 상영회를 위한 애니메이션 제작입니다. 그 외에도 와세다 축제 등의 이벤트에도 참가합니다. 또한 여름과 겨울에는 합숙을 가거나, 동아리원끼리 영화를 보러 가는 등 활발히 활동 중입니다. /
///
///
///
//애니메이션 제작에 조금이라도 관심이 있다면 초보자도 대환영입니다! 타 대학 학생의 가입이나 도중 가입도 대환영이니, 부담 없이 찾아와 주세요!/
///
///
///
//트위터나 유튜브에 작품과 메이킹 영상, 신입생 환영회 정보가 게재되어 있으니 꼭 확인해 보세요!",매주 화·목·금/16:30~20:00/학생회관 E510,없음,machine_translated,not_reviewed,
C0335,3347,46e4e470b32fe7f8,시네마 프로덕션(시네프로),문화·예술,영화,"시네마 프로덕션은 와세다 대학 공인 영화 동아리입니다. 수많은 영화 동아리 중에서도 가장 많은 학생 수를 자랑하며, 촬영 장비도 잘 갖춰져 있습니다. 선배들과의 유대 관계가 탄탄하여, 전문 영화 감독의 촬영에 참여할 기회도 있습니다. 감독, 배우, 카메라맨 등 자신이 도전해 보고 싶은 것을 마음껏 할 수 있는 동아리입니다.다른 영화 동아리와 협력하여 촬영하는 경우도 많으며, 매년 겨울에는 와세다의 영화 동아리가 주최하는 오픈 공모전인 ‘와세다 영화제’에 출품하고 있습니다. ‘와세다 영화제’ 외에도 많은 유명 영화제에서 매년 우수한 성적을 거두고 있습니다. 평소 활동으로는 주 1회 미팅을 진행하며, 주말이나 장기 방학 등에는 촬영, 편집 등의 영상 제작을 하고 있습니다.",매주 목요일/18시 30분/학생회관,없음,machine_translated,not_reviewed,
C0336,3344,f6f3c1341ac7f489,영상 제작 집단 로닌가이,문화·예술,영화,"영상 제작 집단 로진가이입니다. 영화를 만드는 동아리입니다. 재수생에 국한되지 않습니다. 월 3회 정도의 정례회(9가 들어가는 날)와 수시로 진행하는 촬영이 주된 활동입니다. 이 '수시로 진행하는 촬영'이 궁금하시죠? 기본적으로는 시간이 있는 휴일이나 긴 방학 때입니다.여름방학, 봄방학이 되면 멀리 나가 촬영을 하러 가는 것도 좋고, 여기서 알차게 진행하는 것도 좋습니다. 영화 촬영에 필요한 것은 전부 있습니다. 보장합니다. 품질 좋은 장비, 갖춰져 있습니다. 확실한 기술, 맡겨 주십시오. 도와줄 멋진 사람들. 아마 있을 겁니다. 영화는 시나리오 준비가 끝나고, 출연진과 스태프를 모으며, 촬영 장소와 장비를 확보하면 촬영을 시작합니다. 그리고 그 후의 편집과 상영까지가 일단 영화의 완성이라고 할 수 있겠습니다.그 후에는 개인의 의사에 따라 영화제나 그런 공모전에 출품하기도 합니다. 촬영을 하고 싶은 분, 감독을 하고 싶은 분, 배우를 하고 싶은 분, 편집을 하고 싶은 분, 누군가와 무언가를 만들어 보고 싶은 분, 형태로 남기는 일을 하고 싶은 분, 호기심이 왕성한 분, 누구든지 환영합니다. 어떤 형태이든 자신이 참여한 것이 결과물로 나온다는 건 정말 좋은 일이에요. 개인적으로 추천합니다. 로닌가이.","매월 9이 들어가는 날(예: 4/9, 4/19, 4/29)/18시 30분/학생회관, 촬영 수시",없음,machine_translated,not_reviewed,
C0337,3148,de7fa32e2793377f,괴수 동맹,문화·예술,영화,"저희는 특촬 작품을 보는 것뿐만 아니라, 특촬 작품에 대한 ‘열정’을 독립 영화 촬영, 코스튬 제작, 히어로 쇼 공연 등 구체적인 형태로 구현하는 활동을 하고 있습니다. 영상은 공식 유튜브 채널에서 공개하고 있습니다.히어로 쇼는 와세다 축제를 메인 이벤트로 하여, 지역 축제나 다양한 행사, 유치원을 방문하여 진행하고 있습니다. 또한, TV 광고나 아티스트의 뮤직비디오 등에 게스트로 출연하기도 합니다. 괴수를 좋아하는 분, 히어로를 좋아하는 분, 순수한 특촬 팬은 물론, 연기에 관심이 있는 분, 만들기 활동에 관심이 있는 분, 사람들을 즐겁게 해주는 것을 좋아하는 분이나 아이들을 좋아하는 분 등, 누구든지 대환영입니다! 자신이 하고 싶은 것은 무엇이든 할 수 있는 동아리입니다!","매주 월·수·토요일/5, 6교시/학생회관 E609",동아리 사이트 폐쇄,machine_translated,not_reviewed,
C0338,3742,489dd6c8c69d5504,DA 와세다대학 해리 포터 연구회,문화·예술,영화,"해리포터 팬인 대학생들, 모여라!
/
/
/
/DA는 '해리 포터', '환상적인 동물들' 시리즈를 사랑하는 학생들이 모인 대학 간 동아리입니다. 때로는 열정적으로, 때로는 화기애애하게 작품에 대한 사랑을 나누고 있습니다.2019년도에는 와세다 축제에서 버터비어 판매와 USJ·영국으로의 합숙을, 2020년도에는 오리지널 게임 제작·플레이와 연구지 「Wizarding World in WASEDA」의 제작을 진행했습니다. 남녀 비율은 약 1:1이며, 약 절반을 타대생이 차지하고 있어 타대생이라도 금방 모두와 친해질 수 있을 것입니다! 활동 참여는 기본적으로 자유입니다.주말 행사나 합숙에만 참여하셔도 괜찮습니다. 수업이나 아르바이트, 다른 동아리 활동으로 바쁘신 분들도 부담 없이 가입하실 수 있습니다. 해리포터 시리즈에 관심만 있다면, 자세한 지식이 없어도 괜찮습니다! 물론 자칭 마니아인 분들도 대환영입니다.
/
/
/
/원작만 읽으신 분, 영화만 보신 분, 둘 다 아직 모르지만 앞으로 마법의 세계에 들어가고 싶은 분도, 우선 트위터나 인스타그램을 꼭 확인해 보세요!",매주 수요일/15시~19시/3호관·학생회관,없음,machine_translated,not_reviewed,
C0339,3573,e78affb9d2c67da3,와세다 대학 교향악단(와세오케) 도코로자와 지부,문화·예술,음악,"와세다 대학 교향악단은 '와세오케'라는 애칭으로 친숙한 와세다 대학의 공인 오케스트라입니다. 공인 오케스트라 중 유일하게 동 대학의 학부생만으로 구성되어 있으며, 총 단원 수는 약 250명에 달합니다.1913년에 창단되어 2013년에 창단 100주년을 맞이한 본 악단은, 2012년 4월부터 2013년 3월에 걸쳐 ‘와세다 대학 교향악단 창단 100주년 기념 연주회’(총 5회)를 개최했습니다.연 4~5회의 주최 공연, 입학식 및 졸업식을 비롯한 와세다 대학 공식 행사·문화 사업에서의 연주를 주된 활동으로 하고 있으며, 이 외에도 연간 20~30건의 초청 연주도 진행하고 있습니다. 해외 공연은 1978년 제5회 국제 청소년 오케스트라 대회(통칭 카라얀 콩쿠르)에서의 우승 이래 14회에 이릅니다.2015년 2월부터 3월에 걸쳐 진행된 ‘유럽 투어 2015’에서는 독일, 오스트리아, 프랑스의 13개 도시를 순회하며 각지에서 호평을 받았습니다. 그중에서도 3월 8일 베를린 공연은 2009년, 2012년에 이어 베를린 필하모닉 오케스트라의 인터넷 방송 ‘디지털 콘서트홀’을 통해 전 세계에 생중계되었습니다.",매주 월·수·토요일/18:15/각 연습장 대관,없음,machine_translated,not_reviewed,
C0340,3101,7884a9a0e7b9f822,교향악단,문화·예술,음악,"와세다 대학 교향악단은 ‘와세오케’라는 애칭으로 친숙한 와세다 대학 공인 오케스트라입니다. 교내 오케스트라 중 유일하게 해당 대학 학부생만으로 구성되어 있으며, 단원 수는 약 250명에 달합니다.2023년에는 악단 창립 110주년을 맞이하여, 이를 기념해 같은 해 3월에 ‘와세다 대학 교향악단 110주년 기념 오사카 특별 공연’을 개최했습니다. 또한, 2024년 2월 말부터 독일·오스트리아의 9개 도시를 순회하는 ‘유럽 투어 2024’를 개최하여 각지에서 호평을 받았습니다.연간 4~5회의 주최 공연과 대학 공식 행사·문화 사업에서의 연주, 외부 의뢰 연주 등을 진행하고 있습니다.
/
/본 악단의 해외 공연 사업의 계기가 된 1978년 제5회 국제 청소년 오케스트라 대회에서 우승한 이래, 고(故) 헤르베르트 폰 카라얀 씨는 다양한 형태로 본 악단에 힘을 보태 주셨습니다.1979년 와세다대학으로부터 명예박사 학위를 수여받았을 당시에는 오쿠마 강당에서 R. 슈트라우스의 교향시 「틸 오이렌슈피겔의 유쾌한 장난」의 공개 리허설을 지휘해 주셨습니다.
/
/또한 지휘자로는 고(故) 주세페 시노폴리, 사이먼 래틀, 오자와 세이지, 고(故) 즈데네크 코슬라, 레너드 슬라트킨, 고(故) 이와키 히로유키, 오토모 나오토, 타카세키 켄, 야마시타 카즈후미,소가 다이스케, 테라오카 키요타카 각 씨, 지도자 및 협연자로는 베를린 필하모닉 관현악단과 NHK 교향악단 단원을 중심으로 많은 분들을 모시고 있습니다.",매주 월·수·토요일/18시~21시/와세다 근교,없음,machine_translated,not_reviewed,
C0341,3104,6abd987c9e11c41e,만돌린 악부,문화·예술,음악,"만돌린 악부는 창부 103년을 자랑하는 전통 있는 음악 동아리입니다. 만돌린은 이탈리아의 현악기로, 트레몰로 연주법이 특징이며 외형과 음색 모두 사랑스러운 악기입니다. 오케스트라 구성은 만돌린, 만돌라, 만돌론첼로, 클래식 기타, 콘트라베이스, 플루트, 클라리넷입니다.1년에 큰 연주회는 3회이며, 그중 1회는 조계(早計) 합동 콘서트로, 게이오 만돌린 클럽과의 교류도 활발합니다. 또한, 각자가 좋아하는 곡을 자유롭게 부원들 앞에서 발표하는 부내 연주회나, 출장 연주(2016년도에는 오후나토·리쿠젠타카타 부흥 지원 연주회를 현지에서 개최) 등을 하고 있습니다. 경험자도 초보자도 대환영(관악 파트는 경험자만 모집). 부원의 절반 이상은 초보자입니다. 또한, 과거에는 많은 프로 연주가를 배출한 경력이 있습니다. 이하, 본 단체의 매력을 열거합니다. 악기 무료 대여. 부실은 와세다 학생증만 있으면 언제든지 사용할 수 있습니다. 그리고 넓습니다. 겸속·인카레 가능. 부원들은 선배, 후배, 동기끼리 모두 사이가 좋아 사적으로도 자주 어울립니다.음악 동아리 중에서는 비용이 저렴한 편입니다. 각 파트의 전문 강사로부터 지도를 받을 수 있습니다. 초보자에게도 상급생이 개인 레슨을 해주므로, 악보를 읽지 못하는 분도 괜찮습니다. 여학생이 많아 비교적 차분한 분위기이며, 남학생은 소수라서인지 결속력이 강합니다. ...열거하자면 끝이 없지만, 항상 즐겁게 활동하고 있습니다. 관심 있는 분은 언제든지 학생회관 B117호로 오세요!",매주 화·금요일 / 16시 30분~20시 30분 / 학생회관,없음,machine_translated,not_reviewed,
C0342,3103,6525d8eea74c8626,하모니카 소사이어티,문화·예술,음악,"저희는 하모니카를 중심으로 한 빅밴드 형태로 연주하는 동아리입니다. 파트는 다음과 같습니다. 《하모니카(싱글, 호른), 플루트, 클라리넷, 기타, 베이스, 건반, 드럼·퍼커션》 곡의 장르는 J-POP, 서양 음악, 취주악곡 등 다양하며, 연주하고 싶은 곡을 연주할 수 있습니다. 연주회는 연 2회 정도(6월, 12월) 개최하고 있습니다.6월 연주회는 주오대학·메이지대학·릿쿄대학과 합동 콘서트를 개최합니다. 12월 연주회는 와세다대학 단독 정기 연주회를 개최합니다. 연주회 외에도 와세다 축제에 참가하기도 합니다. 또한, 봄과 여름에는 합숙을 통해 연습을 하는 한편, 불꽃놀이, 바비큐, 편곡 대회 등을 통해 부원들끼리 더욱 친해질 수 있습니다.",매주 화·수(16:30~)·토(13:00~)/학생회관 B125,동아리 사이트 폐쇄,machine_translated,not_reviewed,
C0343,3102,2a2f9883618dc74c,더 나레오,문화·예술,음악,"수많은 밴드 동아리 중에서도 소울, 펑크, R&B 등 이른바 블랙 뮤직을 전문으로 연주하는 동아리입니다. 여름과 겨울 리사이틀을 주축으로 연 10회 정도의 라이브를 기획하며, 이를 위해 매일 연습을 거듭합니다. 나레오는 각종 장비를 보유하고 있어, 학생회관 내에서 라이브를 할 때는 직접 설치부터 운영까지 모든 것을 해냅니다. 그 때문에 부원들은 음향이나 기획에 대한 식견이 깊습니다.//
///
///고정 밴드제로 직접 결성한 밴드를 3년간 유지하며, 그 과정에서 자신만의 스타일을 갈고닦고 추구합니다. 또한 대학 간 교류제(인카레)를 채택하고 있어 대학의 경계가 없으며, 순수하게 음악을 통해 동료들을 만날 수 있습니다.//
///
///부실에서는 밴드 연습 외에도 모인 사람들과 함께 세션을 진행합니다. 이곳에서도 동아리 외부인을 환영하여 타 대학이나 외부인과 함께 연주하며 교류를 나눌 수 있습니다.//
///
///2016년에는 설립 70주년을 기념하는 파티를 Blue Note 도쿄에서 개최하여 현역 멤버들의 연주도 선보였습니다. 역사가 긴 만큼 동문들과의 유대도 깊어, 일반 학생이라면 경험할 수 없는 일들을 가까이에서 체험할 수 있습니다.","매주 화·목·토요일, 제2·4 일요일 / 각자 편한 시간 / 학생회관 B124",없음,machine_translated,not_reviewed,
C0344,3111,c1f143c13454d591,라틴 아메리카 협회,문화·예술,음악,"저희 라틴 아메리카 협회, 통칭 ‘라테아메’는 브라질을 비롯한 라틴 아메리카 지역 국가들의 문화를 연구하고 있습니다.라테아메의 활동에서는 특히 음악 문화 연구에 힘을 쏟고 있으며, 리우 카니발에서 연주되는 삼바 바추카다나 카페에서 자주 흘러나오는 보사노바, 또한 브라질 음악뿐만 아니라 안데스 산맥 주변 지역에서 전해지는 포크로레라는 산악 음악 등 폭넓은 장르를, 모두 초보자이긴 하지만 우리가 좋다고 생각한 것을 연주하거나 춤추며 즐기고 있습니다.물론 음악뿐만 아니라 브라질식 바비큐인 슈하스코를 만들거나, 음식 문화도 즐기고 있습니다! 조금이라도 관심이 있다면 꼭 부실로 와 주세요! 기다리고 있겠습니다!",매주 월요일·목요일/19시/학생회관,없음,machine_translated,not_reviewed,
C0345,3105,eecc73fbf334627a,오케스타 데 탱고 와세다,문화·예술,음악,"저희 오르케스타 데 탱고 와세다는 현재 바이올린, 피아노, 콘트라베이스, 비올라, 첼로, 플루트, 그리고 밴드네온, 때로는 기타나 보컬도 더해져 아르헨티나 탱고를 연주하는, 전국에서 유일하게 와세다에만 있는 학생들로 구성된 아르헨티나 탱고 연주 동아리입니다.60년 이상의 역사를 자랑하는 공인 동아리로, 많은 동문들을 배출해 왔습니다. 또한 와세다대 학생뿐만 아니라 다양한 대학의 타대생들이 소속된 연합 동아리로, 대학이나 학년에 관계없이 활동하고 있습니다. 거의 전원이 대학에 들어와서야 아르헨티나 탱고를 알게 된 ‘탱고 초보자’들이며, 모두 함께 매일 탱고에 매진하고 있습니다.또한 연말 정기 리사이틀을 비롯해 와세다 축제나 여름 자작 라이브 등 다양한 연주 활동을 하고 있으니, 꼭 한번 부실이나 라이브 공연장에 놀러 오세요!",매주 월·수·토요일 / 18~21시 / 학생회관 지하 1층 B116,없음,machine_translated,not_reviewed,
C0346,3293,7d1f95ee39d3d59b,UBC,문화·예술,음악,"UBC는 1953년에 창립된 와세다 대학 공인 음악 라이브 이벤트 기획 동아리입니다. ‘UBC’는 ‘University Broadcasting Company’의 약자로, ‘다양한 방송 매체를 통해 정보의 발신 기지가 되자’는 의미가 담겨 있습니다. 학생 최초로 설립된 미니 FM 방송국 ‘UBC-FM’, 학생 최초로 설립된 캠퍼스 미니 TV 방송국 ‘UBC-TV’ 등의 활동을 거쳐, 현재는 주로 음악 이벤트의 기획 및 운영을 하고 있습니다.
/
/와세다 축제의 장을 빌려 5,000명 규모의 무료 라이브 ‘UBC-jam’을 개최하는 것 외에도, 2007년부터는 새로운 음악 이벤트를 시작하며 활동의 폭을 넓혀가고 있습니다.
/
/저희는 청취자로서 진정으로 훌륭하다고 생각하는 음악에 집중하며, 마음껏 즐길 수 있는 이벤트를 적극적으로 기획하고 있습니다.",매주 금요일/18시 30분/학생회관,없음,machine_translated,not_reviewed,
C0347,3643,c6c5308009b6710a,하이 소사이어티 오케스트라,문화·예술,음악,"저희 하이소사이어티 오케스트라는 와세다 대학 유일의 빅밴드 재즈 동아리로 1955년에 창단되었습니다. ‘하이소’라는 이름으로 친숙하게 불리며, 학생 빅밴드 재즈계를 대표하는 전통과 실적을 가진 존재로서 그 명성이 널리 알려져 있습니다. 그 긴 역사 속에서 수많은 프로 뮤지션을 배출해 왔습니다.주요 활동으로는 주 3회 연습 외에도 자체 라이브는 물론 타 대학 밴드와의 합동 라이브, 국내외 프로 뮤지션과의 공연, 파티 및 각종 이벤트에서의 연주 등이 있습니다. 매년 3월에는 회원들이 한마음이 되어 리사이틀을 개최하고, 8월에는 전국의 학생 빅밴드가 참가하는 대회에 출전하며, 여름 합숙과 겨울 합숙 등 대학생다운 활동이 가득합니다.한편, 프로 뮤지션과의 협연은 오랜 전통과 실적을 자랑하는 하이소만의 특징이며, 민간 기업 파티에서의 연주도 많아 취업 활동에도 유리합니다! 평범한 대학 생활에서는 할 수 없는 경험을 많이 쌓을 수 있습니다. 단순히 음악을 하는 것만이 아닌, 유일무이한 대학 생활을 하이소사이어티 오케스트라와 함께 보내보지 않으시겠습니까?",매주 월요일·목요일·금요일 / 16:30~ / 학생회관 지하 1층,없음,machine_translated,not_reviewed,
C0348,3107,fb9ac934f07142aa,와세다 대학 뉴올리언스 재즈 클럽,문화·예술,음악,"와세다 대학 뉴올리언스 재즈 클럽, 통칭 뉴올리는 재즈의 발상지로 알려진 루이지애나주 뉴올리언스에서 탄생한 '뉴올리언스 재즈'라는 매우 오래된 형태의 재즈를 연주하는 일본 유일의 동아리입니다. 기본적으로 7명 정도로 밴드를 구성하여 연주하고 있습니다.주요 활동으로는 2개월마다 열리는 동아리 내 발표회와 매년 12월에 개최되는 리사이틀, 나아가 와세다제나 이몬제 등의 행사에도 매년 참가하고 있으며, 여름에는 합숙, 겨울에는 희망자를 모집해 뉴올리언스로 떠나는 이벤트도 있습니다. 또한, 뉴오리는 외부로부터의 연주 의뢰를 받고 있으며, 의뢰에 따라 다양한 장소에서 연주하고 있습니다.예를 들면 상점가나 파티 장소에서의 연주, 재즈 페스티벌 출연 등이 있습니다. 이처럼 교내외를 불문하고 활약할 수 있는 무대가 많으며, 어디서든 연주할 수 있는 발빠른 대응력이 특징입니다.",매일/수시/학생회관 B116호,없음,machine_translated,not_reviewed,
C0349,3303,2b0f45abe30e1108,뮤직 팬클럽 (MFC),문화·예술,음악,"우리 뮤직 팬클럽(MFC)은 소울, 펑크, 블루스, 록 등의 서양 음악을 중심으로 일본 음악까지 폭넓게 연주하는, 1959년에 설립된 전통 있는 12대 프리 밴드제 밴드 동아리입니다.큰 특징으로는 밴드에 트럼펫, 색소폰, 트롬본 등의 호른 섹션이 있는 경우가 많으며, 많을 때는 전체 15명 가까운 밴드 편성이 되기도 합니다! 중·고등학교 때 취주악부 출신이거나 새로운 악기를 시작하고 싶은 분들을 대환영합니다. 저희의 주요 활동으로는 우선 밴드 연습, 연 7~8회 열리는 대규모 라이브, 봄·여름 합숙, 매주 부회 모임을 진행하고 있습니다. 그 밖에도 즐거운 이벤트는 다 적을 수 없을 정도입니다! 연습은 라이브마다 구성된 밴드별로 각자 연습 일정을 짜서 주로 다카다노바바의 음악 스튜디오에서 진행하고 있습니다. 초보자분들께도 필요에 따라 각 파트 강좌를 진행할 예정이니 안심하세요! 또한, 부실에는 수많은 레코드와 플레이어를 준비해 두었으니 시간 나실 때 들러주세요! MFC는 언제든지 신입 회원을 모집하고 있습니다. 함께 음악에 몰두하며, 춤추는 바보가 되어 봅시다!",각 밴드마다 다릅니다. 부회(모임)는 매주 금요일 20시~/다카다노바바. 부실에는 대개 누군가 있습니다.,없음,machine_translated,not_reviewed,
C0350,3304,1b2b7f41e18e82c9,Modern Music Troop (MMT),문화·예술,음악,"오리지널 곡 위주의 밴드 동아리 Modern Music Troop, 통칭 MMT입니다. 라이브 하우스 등 동아리 밖에서 활동하는 밴드도 많으며, 프로 뮤지션도 다수 배출하고 있습니다. 오리지널 곡뿐만 아니라 커버 곡도 마다하지 않으므로 악기 초보자도 대환영입니다. 밴드 형태에 구애받지 않고, 솔로나 유닛으로도 활동할 수 있습니다. 타 대학 동아리원도 많으며, 학교·학년, 직장인이나 아르바이트생 등 일절 불문합니다. 자신의 페이스대로 느긋하고 즐겁게 활동할 수 있는 동아리입니다.동아리 활동으로는 연 2회의 합숙과 와세다 축제 라이브가 있으며, 그 외에도 바비큐나 신입생 환영 하이킹 등 즐거운 이벤트가 많이 있습니다. 또한, 신입생 환영 기간과 와세다 축제 때, 우리만의 오리지널 곡을 수록한 컴필레이션 앨범을 제작합니다. 대학에 들어와 오리지널 음악을 시작하고 싶다면 MMT로 오세요!
/
/
/
/
/
/
/
/
/
/
/",불규칙적/학생회관 E1117,없음,machine_translated,not_reviewed,
C0351,3108,fb1928357831a680,모던 재즈 연구회,문화·예술,음악,"60년 이상의 역사를 가진 와세다 대학 공인 동아리입니다. 많은 프로 뮤지션을 배출하고 있습니다. 경험자가 많은 동아리이지만, 초보자도 환영합니다. 부실에는 그랜드 피아노, 드럼 세트, 우드베이스 3대, 키보드가 있어, 부원들은 이를 사용하여 연습 및 세션을 할 수 있습니다.월요일, 수요일 격주로 학생회관 B124에서 스탠더드 곡을 중심으로 세션을 즐기며 실력 향상을 도모하고 있습니다. 평소 세션 외에도 연 몇 차례의 라이브, 합숙 등을 예정하고 있으며, 라이브에서는 다양한 멤버와 밴드를 구성해 교류를 깊게 할 수 있습니다. 카페, 대학 등에서 연주 의뢰가 있을 경우 의뢰에 따라 연주할 수 있습니다. 더 자세한 활동 내용은 각종 SNS에서 확인해 주십시오.","부실 사용 가능일 (월요일, 수요일, 금요일, 홀수 주 일요일) 8:00~22:00
/
/
/
/정례 세션 일시: 첫째, 셋째, 다섯째 월요일과 둘째, 넷째, 여섯째 수요일 18:00~22:00 (4월 중에는 매주 월요일과 수요일에 정례 세션 개최)
/
/
/
/장소: 학생회관 B124 (4월 중에는 월요일은 B124에서, 수요일은 다른 방에서 진행합니다)",없음,machine_translated,not_reviewed,
C0352,3058,761c24bf0900dfa6,중남미 연구회,문화·예술,음악,"중남미 연구회는 레게나 스카, 록스테디 같은 자메이카 음악은 물론, 칼립소나 라틴, 아프로비트 등의 음악도 연주하는 밴드 동아리입니다!
/
/장비가 완비된 전용 부실이 있어 주로 그곳에서 연습합니다. 행사로는 연 6회 정도의 라이브 공연과 여름 캠프, 겨울 합숙이 있습니다. 평소에는 부실에서 느긋하게 수다를 떨기도 합니다.중남미 음악에 익숙하지 않은 분들이 많으시겠지만, 동아리원들도 처음에는 그랬습니다. 그저 '재밌어 보인다! 멋있다! 흥미로워 보인다!'라는 이유로 동아리에 들어온 사람이 대부분이니, 관심 있으신 분들은 부담 없이 부실에 놀러 오세요!
/
/모집 중인 파트는 보컬, 코러스, 기타, 베이스, 키보드, 드럼부터 트럼펫, 색소폰, 트롬본, 플루트, 퍼커션까지 폭넓게 모집하고 있습니다.특히 호른 파트는 몇 명이든 들어와 주셨으면 합니다. 취주악부나 경음악부 경험이 있으신 분 중 ‘대학에서 새로운 음악을 해보고 싶다’는 분, 기타로 오로지 리듬을 담당하고 싶은 분, 원 드롭을 익히고 싶은 분께 딱 맞을 것 같습니다. 물론 경험이 없으신 분, 공백기가 있는 분도 대환영입니다! 정말 와세다에서 가장 행복하고 즐거운 밴드 동아리이니, 여러분 부담 없이 놀러 오세요!",요일 불규칙/주로 수업 후/학생회관,없음,machine_translated,not_reviewed,
C0353,3100,f203869663d1c768,기타 클럽,문화·예술,음악,"와세다 대학 기타 동아리는 클래식 기타 연주를 하는 유서 깊은 동아리입니다. 클래식 기타라는 이름이 붙어 있지만, 실제로는 클래식 곡뿐만 아니라 팝, 인스트루멘탈, 영화나 뮤지컬 등의 삽입곡 등 폭넓은 장르를 다루고 있습니다.합주뿐만 아니라 독주나 중주에도 힘을 쏟고 있으며, 와세다 축제와 정기 연주회를 위해 매일 동아리원 모두가 즐겁고 성실하게 활동에 임하고 있습니다. 이처럼 활발하게 활동하고 있는 기타 동아리지만, 동아리원 전원이 기타 경험자인 것은 아닙니다. 약 절반의 멤버가 대학생이 되어서야 기타를 시작한 사람이며, 그중에는 악기 자체를 만져본 적이 없는 사람도 재적하고 있습니다.또한, 초보자나 악보를 읽지 못하는 분이라도 선배들의 도움을 받을 수 있어 금방 연주할 수 있게 됩니다. 활동 외 시간에도 동아리원들 간의 사이가 좋아, 봄 합숙에서의 스키를 비롯해 클래식 기타 연주 이외의 각종 행사도 전력으로 즐기는 등 화기애애한 분위기입니다. 기타 동아리 활동에 관심을 가져주신 분이라면, 경험이나 학년은 상관없습니다. 꼭 저희 활동을 보러 와 주세요. 기다리고 있겠습니다.
/
/
/
/
/
/
/
/",매주 수요일(5·6교시)·토요일(4·5교시)/학생회관,없음,machine_translated,not_reviewed,
C0354,3309,2e2ac6f159101260,Waseda Folksong Society (WFS),문화·예술,음악,"Waseda Folksong Society는 1963년에 창설된 와세다 대학 공인 12대 밴드 동아리입니다. 커버 곡을 주로 하며, 얼터너티브, 인디, 포스트 펑크, 이모 등으로 불리는 장르의 음악을 일본 음악·서양 음악을 가리지 않고 연주하고 있습니다. 하지만 기본적으로 장르나 형태 등은 불문합니다! 월 1회 페이스로 라이브를 하고 있으며, 라이브마다 밴드를 구성해 멤버를 모으는 자유로운 형태로 활동하고 있습니다.그래서 매번 같은 멤버로 할 필요가 없으며, 원할 때 원하는 음악을 원하는 방식으로 연주할 수 있습니다. 대학에 들어와서 악기를 시작하려는 분들도 대환영입니다. 와세다 학생은 물론 타 대학 학생들의 참여도 OK! 입회는 언제든지 가능하며, 전기 도중부터·후기부터 등의 도중 입회도 환영합니다. 아늑한 분위기에서 즐겁게 동아리 활동을 하고 있으니 꼭 놀러 오세요!",매주 월요일/18시/학생회관,없음,machine_translated,not_reviewed,
C0355,3526,f89d79e218a39a34,Swing & Jazz Club,문화·예술,음악,"3~6명 정도의 소규모 편성으로 재즈를 연주하는 와세다대학 이공학술원 공인 동아리입니다. 장르는 모던 재즈를 중심으로 라틴, 보사노바 등 폭넓게 다루고 있습니다.
/
/연간 수 차례 라이브 공연을 개최하며, 소속 동아리원은 희망하는 경우 누구나 라이브에 출연할 수 있습니다. 또한, 학생회관 B121에 위치한 전용 부실에는 업라이트 피아노, 우드베이스 2대, 드럼 세트가 비치되어 있습니다. 그 외에도 색소폰이나 트럼펫 등의 관악기도 몇 대 보유하고 있습니다. 부원들은 초보자가 많으며, 대부분 대학에서 재즈를 시작했거나 대학에서 악기를 시작한 사람들입니다.경험자분들은 물론, 악기 경험이 없는 분들도 대환영입니다. 참고로 대학에서 악기를 시작한 사람이 간사장인 시절도 있었다고 합니다.
/
/한 달에 몇 번 학생회관에서 세션을 진행하고 있습니다. 세션이란 그 자리에 있는 멤버들이 좋아하는 곡을 즉흥적으로 연주하는 것입니다. 세션은 부원이 아닌 분이라도 참가부터 견학까지 환영합니다. 세션의 일시나 장소에 대한 예정은 블로그 등에 게재하고 있습니다.","평일/학생회관 B121(부실), 주말/학생회관 B123 등",없음,machine_translated,not_reviewed,
C0356,3527,c271aed62f9c351d,와세다 대학 앙상블 기타르,문화·예술,음악,"클래식 기타를 합주 형식으로 연주하는 이공학부 공인 동아리입니다. 동아리원 전원이 함께 연주하는 클래식 곡부터 드럼과 베이스를 비롯한 퍼커션과 함께 연주하는 대중적인 곡까지, 폭넓은 연주가 가능한 것이 이 동아리의 매력입니다. 동아리에 입부하는 신입생의 대부분이 기타 초보자이므로, 초보자를 대환영합니다. 기타 경험자도 기타 경험을 살리면서 다른 악기에 도전할 수 있습니다.연 3회, 타 대학 동아리와 합동 연주회를 개최하고 있습니다.12월에는 1년 간의 결실을 맺는 의미로 홀을 대관하여 정기 연주회를 개최합니다. 연습은 부실이 있는 학생회관에서 진행합니다. 부실에 있는 기타를 사용하여 연습하므로 기타를 구매할 필요는 없습니다. 부실에는 어쿠스틱 기타나 드럼도 있어 노래하며 연주하거나 밴드 활동에 도전하는 사람들이 많습니다. 이공학부 공인 동아리이므로 이공학부 학생이 많지만, 문과 학생도 많이 있으니 여러분 모두 부담 없이 방문해 주세요! 2학년 이상인 분들도 기다리고 있습니다!!",매주 화요일 5~6교시·토요일 4~5교시 / 학생회관,없음,machine_translated,not_reviewed,
C0357,3127,2cf41367bd7669fa,샹송 연구회 (샹연),문화·예술,음악,"하고 싶은 건 뭐든지 할 수 있다!를 신조로 샹송 연구회는 활동하고 있습니다. 샹송 연구회는 샹송만을 연구하는 동아리가 아닙니다. 시대의 변화와 함께 다양한 취향을 받아들여, 지금은 와세다 대학 내 최고의 올장르 동아리로 성장했습니다. 기타나 베이스, 보컬, 드럼, 키보드는 물론 관악기 등도 모집하고 있어 취주악부 출신 회원들도 많이 있습니다.모두 연습과 장비를 정말 좋아하며, 진지하게 음악에 임하고 있습니다! 연주하는 장르는 팝이나 록, 프로그레시브 메탈은 물론 재즈 퓨전, 애니송, 포스트 록·매스 록, 러시아 민요나 인도 프로그레시브 록까지, 하고 싶은 음악은 무엇이든 할 수 있습니다! 지금까지 같은 취미를 가진 멤버를 찾지 못했던 당신도 샹송 연구회에서는 어떤 음악이든 환영합니다!또한 게이오, 일본여자, 시라유리여자 대학의 각 샹송 연구회와 제휴하고 있어, 연습이나 라이브도 합동으로 진행합니다. 모든 동아리원을 합치면 200명 가까운 거대한 밴드 동아리가 되므로, 분명 취향이 맞는 사람을 찾을 수 있을 것입니다! 꼭 샹송 연구회에서 대학 생활을 음악으로 가득 채워 봅시다!!!",매주 화·토요일/3~7교시/학생회관,없음,machine_translated,not_reviewed,
C0358,3533,6e41caa90c5f5497,KONA HAWAIIANS,문화·예술,음악,"와세다의 경음악 동아리를 찾고 계신, 바로 당신. 안녕하세요! 많은 동아리가 있는 가운데, 이곳을 찾아주셔서 감사합니다. KONA HAWAIIANS는 별다른 특징 없는 밴드 동아리입니다. 하와이안 음악은 하지 않아요!! 4가지 포인트를 소개해 드리겠습니다!
/
/
/
/첫 번째는 '고정 밴드제'입니다. '고정 밴드제'란 입회부터 은퇴까지 고정된 밴드를 구성해, 한 달에 한 번 정도 라이브 공연을 하는 방식입니다!! 하지만 고정 밴드의 범위를 넘어 다른 밴드 멤버들과도 금방 친해질 수 있습니다! 이는 자유 밴드제를 채택한 밴드 동아리에는 없는 큰 장점입니다.
/
/
/
/두 번째는 너무 아늑해서 이제 집이나 다름없다는 점입니다. 소위 밴드 동아리다운 격렬한 술자리는 없고, 술을 강요하지도 않습니다. 서로 친한 사람들과 교류할 수 있는 아주 좋은 분위기입니다.
/
/
/
/세 번째는 ‘장비 완비’된 부실에서 개인 연습, 밴드 연습을 할 수 있다는 점입니다. 스튜디오 비용을 아낄 수 있다는 건 꽤 큰 장점이죠~.
/
/
/
/마지막으로 모든 장르를 아우른다는 점! 일본 록을 좋아하는 사람부터, 펑크를 좋아하는 사람, 보카로를 좋아하는 사람까지... 다양한 사람들이 있습니다. 가끔 랩을 하는 사람도 있답니다(?)
/
/
/
/참고로 기획 라이브라는, 자유 밴드제 동아리와 같은 시스템으로 좋아하는 아티스트의 공연을 할 수 있는 라이브도 연 4회 정도 있습니다! 다른 동아리와 겸임도 가능합니다. 여러분이 악기를 연주할 무대는 KONA에 있을지도 모릅니다...?","수시/학생회관 B118(부실, 장비 있음)",없음,machine_translated,not_reviewed,
C0359,3128,db74a11b5cd98837,음악 동아리 별하늘,문화·예술,음악,"2016년에 창립 50주년을 맞이한 전통 있는 동아리입니다! 주 1~2회 열리는 어쿠스틱 연주회(반주와 노래)나 월 1회 밴드 형식의 라이브 공연이 있습니다! 최근에는 동아리원 수도 증가하여, 교내 최대 규모의 동아리가 되었습니다!악기 실력은 초보자부터 고수까지 다양하며, 음악 장르는 일본 록을 좋아하는 사람이 많지만, 서양 음악이나 보카로 등 다양한 장르를 사랑하는 사람들이 모여 있습니다! 악기를 처음 접하는 사람이나 새로운 악기를 시작해 보고 싶은 사람도 활동을 통해 점점 성장하며, 동아리 안팎에서 활약하고 있습니다! 노래와 연주를 함께 하고 싶지만 밴드 활동도 해보고 싶다! 그런 욕심 많은 당신을 저희가 기다리고 있습니다! 부담 없이 놀러 오세요!","주 1~2회, 불규칙/16:30~/학생회관",없음,machine_translated,not_reviewed,
C0360,3106,987eadefc6399bee,기타 소사이어티,문화·예술,음악,"올해로 창립 50주년을 맞이하는 와세다 대학 유일의 클래식 기타 독주 동아리입니다. 초보자나 경험자 불문하고 화기애애하게 기타를 연습하고 있습니다. 부실은 학생회관 E1115에 있으며, 수업이 없는 시간에는 부원들이 모여 기타를 치며 즐겁게 지냅니다. 악보가 많다는 것이 자랑으로, 클래식 곡뿐만 아니라 팝, 서양 음악, 디즈니, 지브리 노래 등의 곡을 연주할 수 있습니다.와세다대 학생, 타대생, 유학생 여러분 모두 대환영입니다.신입생 환영 합숙, 여름 합숙, 가을 강화 합숙 등 연 3회 열리는 합숙에서는 기타를 연습하며 학년 간의 벽을 넘어 친목을 다질 수 있습니다! 여름 합숙에서는 중주 대회가 열려 분위기가 매우 뜨겁습니다. 연주회는 연 2회, 6월과 11월에 홀을 대여하여 진행합니다. 6월 연주회는 신입생들의 첫 무대이며, 11월 정기 연주회는 1년 간의 성과를 보여주는 자리입니다. 꼭 한번 부실에 놀러 오세요!",매주 화·금요일 / 16시 30분~19시 30분 / 학생회관,없음,machine_translated,not_reviewed,
C0361,3110,0cfb7126760ebcc3,앙상블 리도르,문화·예술,음악,"앙상블 리도르는 팝스 오케스트라라는 와세다 대학 유일의 편성으로 연주하는 대학 공인 동아리입니다. 빅 밴드에 바이올린, 플루트, 클라리넷을 더한 독자적인 편성으로 활동하고 있습니다. 연주회에서는 팝, 재즈, 퓨전, 클래식부터 게임 및 애니메이션 음악에 이르기까지 폭넓은 장르의 곡을 연주하고 있습니다.
【리도르의 주요 특징】
「비정규제」…처음부터 멤버 전원이 콘서트에 참가할 수 있습니다. 오디션 등은 없습니다.
「편곡」…독자적인 편성인 만큼, 연주하고 싶은 곡의 악보를 직접 만듭니다. 희망하는 사람만 참여하므로 강제 사항은 아니며, 편곡 강습회도 있어 초보자도 도전할 수 있습니다!
「초보자·타 대학 학생 환영」…멤버의 약 30%가 초보자입니다. 대학에서 음악을 시작한 사람이나 지금까지와는 다른 악기를 시작한 사람, 경험자이지만 대학에서는 부담 없이 계속하고 싶은 사람 등, 그야말로 사람마다 각양각색입니다. 선배들이 서포트해 주는 데다 순수하게 음악을 즐기는 것을 중요하게 생각하기 때문에, 연습도 자신의 페이스대로 계속할 수 있습니다. 게다가 게이오기주쿠대, 일본여자대, 도쿄여자대를 비롯한 많은 타 대학 학생들이 참여하고 있습니다!
「다양한 이벤트」…연 3회의 합숙·연 2회의 연주회 외에도, 멤버들끼리만 하는 소규모 라이브나 와세다·게이오전 관전·불꽃놀이 대회 같은 이벤트도 풍성합니다!
조건은 단 하나, 음악을 좋아하는 것. 멋진 동료들과 함께, 음악이 있는 대학 생활을 즐겨보지 않으시겠습니까?",주 3회(월·목·토)/월·목 19:00~21:30·토 17:00~20:30/학생회관 지하 1층 음악 연습실,없음,machine_translated,not_reviewed,
C0362,3543,06bc8d378656d7d5,와세다 노래 모임,문화·예술,음악,"이공계 승인을 받은 밴드 동아리, 와세다 우타오우회입니다!! 록, 펑크, 재즈, 메탈, 아이돌, 애니송, 보카로 등 다양한 장르를 다루며, 초보자도 부담 없이 참여할 수 있는 동아리입니다!실제로 대학에 들어와서야 악기를 시작한 선배들도 많이 재적하고 있습니다! 1년 간의 활동은 도쿄 도내의 라이브 하우스를 대여해 진행하는 ‘콘서트’ 3회, 학생회관 교실에서 진행하는 ‘교실 라이브’ 3회, 합숙 3회로 구성되어 있습니다. 대규모 라이브도 소규모 라이브도 자주 진행하고 있으므로, 초보자분들도 자신의 페이스에 맞춰 부담 없이 라이브에 참가할 수 있습니다! 라이브 때마다 밴드 멤버를 새로 구성하는 프리 밴드제이므로, 다양한 선배들과 금방 친해질 수 있고 화기애애한 분위기입니다!또한 바쁜 분이나 다른 동아리를 병행하는 분도 자신의 페이스에 맞춰 참여할 수 있습니다!! 우타오우회는 대학 간 교류 동아리로, 남학생은 거의 전원이 와세다 이공학부, 여학생은 와세다 이공학부, 가쿠슈인 여자대학, 도쿄가정대학, 일본여자대학 등 출신입니다. 다양한 학과 선배들이 있으니 공부에 어려움을 겪을 때도 안심할 수 있습니다(웃음). OB나 OG가 되어서도 참여할 수 있어 오랫동안 활동할 수 있습니다! 사이좋게 지내고 있으니 꼭 입회를 고려해 주세요~!","비정기/학생회관, 도쿄 내 라이브 하우스",없음,machine_translated,not_reviewed,
C0363,3122,3dc914d8c19301c7,그리 클럽,문화·예술,성악,"와세다 대학 글리 클럽은 창립 117년 된 남성 합창 동아리입니다.
/
/정기 연주회에서는 2,000명의 관객 앞에서 노래할 수 있습니다!
/
/연습이 끝나면 항상 전원이 함께 밥을 먹으러 갑니다. 신입생은 식사 무료!
/
/
/
/수많은 합창단 중에서도 다른 점은 연주회 외에도 출연 기회가 많다는 것입니다.
/
/와세그리(와세다 대학 그리클럽)는 와세다-게이오 전이나 입학식, 졸업식 등 활약할 무대가 가득합니다.
/
/그 밖에도 일본 전국 및 해외 연주 여행, 나아가 홍백가합전 등의 TV 출연도 가능합니다!
/
/프로 오페라 가수의 본격적인 지도도 있어, 노래 실력이 향상되는 것은 틀림없습니다!
/
/물론 초보자도 괜찮습니다!
/
/타 대학과의 교류도 적극적으로 진행하며, 다른 합창단과의 합동 콘서트도 예정되어 있습니다.
/
/OB들은 다양한 업계에서 활약하고 있으며, 아나운서나 가수도 다수 배출하고 있습니다.
/
/
/
/매일 알찬 생활을 보내고 싶은 분!
/
/평범한 학생 생활에서는 할 수 없는 것을 체험하고 싶은 분!
/
/그리고, 많이 먹는 것을 좋아하는 분은 대환영입니다!",매주 월요일·수요일·금요일/17:00~/학생회관·와세다 봉사원 등,없음,machine_translated,not_reviewed,
C0364,3124,0dc691dc4c0448f1,혼성 합창단,문화·예술,성악,"와세다 대학 전체의 합창 동아리입니다♪
/
/오케스트라와의 협연이나 전문 지휘자의 지도, 보컬 트레이너와의 1:1 연습 등 다양한 소중한 경험을 할 수 있습니다.
/
/합숙을 가거나, 부실에서 동료들과 수다를 떨거나, 연습 후에 밥을 먹으러 가거나, 휴일에 동기들과 놀거나... 단원들 각자가 와세다 혼성합창단에서 즐거운 대학 생활을 보내고 있습니다!
/
/초보자든 콩쿠르 출전 경험자든, 노래하는 것을 좋아하는 분이라면 누구나 대환영입니다!!
/
/
/
/We are Waseda University Mixed Chorus♪
/
/
/","활동 일시
/
/
/
/1학년 7월까지 월·수: 5~6교시, 토: 3, 4교시
/
/
/
/8월 이후 화: 18:50~21:00, 목·토: 5~6교시
/
/
/
/※학생회관에서 연습",YouTube 링크 끊김,machine_translated,not_reviewed,
C0365,3123,d38afd6f7465b06b,콜 플뤼겔,문화·예술,성악,"와세다 대학 콜 플뤼겔은 1949년 세키야 신 등에 의해 창설된 남성 합창단입니다. 단명인 ‘Flügel’은 독일어로 ‘날개’를 의미합니다.
주요 활동은 4월의 신입생 환영 콘서트, 8월의 이케루 연주회, 9월의 도쿄도 합창 콩쿠르, 12월의 단독 연주회 등 4가지를 중심으로 전개됩니다.본 합창단 동문인 3명의 지휘자를 모시고, 각 공연을 위해 매일 연습에 매진하고 있습니다.
이카라 연주회와 단독 연주회에서는 고금동서의 다채로운 곡을 다루고, 위촉 초연에도 적극적으로 임하는 등 남성 합창의 새로운 가능성을 개척하고 있습니다.
아사히신문사가 주최하는 콩쿠르에서는 다수의 금상을 수상했습니다.최근에는 2025년 제78회 전일본 합창 콩쿠르에서 금상 및 일본방송협회상을 수상했습니다.
이 밖에도 도쿄도 합창제 출연, NHK ‘과제곡을 부르자’ 출연, 신유카이 합창단의 일원으로서 오케스트라와 협연하는 등 활동은 다방면에 걸쳐 있습니다.
신입 단원을 수시로 모집하고 있습니다.
신입 환영 연주회를 4월 2일(목)에 개최합니다!
관심 있는 분은 각종 SNS 또는 이메일로 연락해 주십시오.
상임 지휘자: 시미즈 케이이치
지휘자: 시미즈 아키라, 마시타 요스케
피아니스트: 오다 히로유키
연습 피아니스트: 이가와 히로키
보이스 트레이너: 요시다 히로유키
이메일 문의: [email protected]
최종 업데이트: 2026/2/23
(대표 사진 ©=야마구치 아츠시)","매주 월요일·수요일·금요일 18:30~21:00
학생회관을 중심으로 도쿄 내 시설에서 연습",없음,machine_translated,not_reviewed,
C0366,3121,96807e8cbe1de6ae,합창단,문화·예술,성악,"＼환영합니다, 즐겁게 놀고, 즐겁게 웃고, 즐겁게 노래하는 소아이(早合)로!／
/
/
/
/소아이는 창립 71주년을 맞이한 와세다 최대이자 최고의 혼성 대학 합창단입니다.
/
/50명에 달하는 개성 넘치는 단원들과 매일 즐겁게 활동하고 있습니다.
/
/소아이의 큰 특징은 연간 20회 이상의 행사가 열린다는 점!
/
/그중에서도 가장 주목할 만한 행사는 8월의 서머 콘서트와 12월의 정기 연주회!
/
/올해 서머 콘서트는 시즈오카현 미시마시에서 개최될 예정입니다. 지역 고등학생들과의 콜라보 무대도 마련되어 있어, 많은 인원이 함께 만들어가는 무대는 압권입니다! 멋진 여름 추억이 될 것임이 틀림없습니다.
/
/정기 연주회에서는 외부 선생님을 모시고, 전문적인 지도를 받으며 연습합니다. 1년 동안 열심히 노력해 온 동료들과 함께이기에 비로소 부를 수 있는, 최고의 무대가 기다리고 있습니다!!
/
/
/
/그런 하야아이는, 대학에서 합창을 시작한 사람이 ‘약 60%’입니다. 합창곡은 물론 팝스 등도 다루고 있어, 초보자도 경험자도 함께 합창을 즐길 수 있습니다.
/
/그리고… 합창뿐만이 아니라는 점이 하야아이의 매력입니다.
/
/이성 친목회, 서머콘 합숙, 연습 후 식사 등 단원 간의 유대를 깊게 하는 이벤트를 많이 개최합니다!
/
/
/
/합창을 좋아하는 당신도, 공짜 밥을 먹고 싶은 당신도!
/
/365일, 단원 모집 중입니다◎ 공식 SNS에서 최신 정보를 업데이트하고 있습니다!
/
/
/
/우리와 함께 최고의 소아이 생활을 보내지 않으시겠습니까?","매주 화요일·목요일/18:55~20:35/학생회관
/
/
/
/매주 토요일/17:00~20:35/학생회관",없음,machine_translated,not_reviewed,
C0367,3126,5e73d5cd64e4e18e,Street Corner Symphony,문화·예술,성악,"저희 Street Corner Symphony는 30년 이상의 역사를 가진 일본에서 가장 유서 깊은 아카펠라 동아리 중 하나로, TRY-TONE, Smooth Ace, AJI, 고스펠러즈 등 프로 데뷔를 한 졸업생도 다수 배출하고 있습니다.
/
/J-pop을 비롯해 재즈, 라틴, 민족 음악에 이르기까지 다양한 장르의 음악을 사람의 목소리만으로 표현하고 있습니다.
/
/와세다의 수많은 음악 동아리 중에서도 이만큼 다양한 장르를 다루는 동아리는 우리뿐일 것입니다. 분명 여러분이 좋아하는 음악을 만날 수 있을 것입니다.
/
/
/
/동아리에서는 일 년 내내 다양한 행사가 열립니다.
/
/그중에서도 동아리 회원들이 직접 처음부터 끝까지 모든 것을 만들어내는 동아리 라이브는 압권입니다.
/
/출연자는 물론, 출연자의 연주를 돋보이게 하는 조명 장비와 음향 장비, 무대 장식부터 팸플릿까지 모든 것을 동아리 회원들이 직접 기획하고 운영합니다.
/
/매회 300명이 넘는 관객이 찾아오는 동아리의 최대 행사입니다.
/
/
/
/그 밖에도 관동이나 관서 등 일본 각지에서 열리는 전국 대회에서도 동아리 회원들이 활약하고 있습니다.
/
/전국적으로도 통하는 높은 수준에서 함께 아카펠라를 해보지 않으시겠습니까?
/
/동아리 회원 일동이 기다리고 있습니다!","수시/학생회관 B1, 1, 9, 10, 11층",없음,machine_translated,not_reviewed,
C0368,3129,6354c0103a7c9541,Choco Crunch,문화·예술,성악,"아카펠라 동아리 Choco Crunch입니다!/
//
/Choco Crunch는 2000년에 설립된 대학 연합 동아리로, 다양한 대학의 학생들이 소속되어 있습니다. 또한 이공계 동아리원이나 2학년 이상부터 입회하는 경우도 많아 다양한 사람들과 교류할 수 있습니다. 음악 경험이 없는 상태로 입회하는 경우도 많아 누구나 즐길 수 있다는 것이 매력입니다./
//
/우리는 '모두 함께 즐겁게 실력 향상'을 모토로 활동하고 있습니다!/
//
/주로 월 2회 정도 진행되는 전체 연습 외에도, 아카펠라 밴드별 활동도 진행하고 있습니다. 밴드 활동에서는 장르를 불문하고 다양한 곡을 연주할 수 있으며, 연 2회 개최하는 동아리 라이브 출연을 목표로 하거나, 동아리 내 발표를 즐기거나, 외부 대회 등에 출전하는 등 각자의 목적에 맞춰 아카펠라를 즐길 수 있습니다. Choco Crunch 소속 밴드가 전국 대회에서 부문 우승을 차지하는 등의 실적도 있습니다./
//
/또한, 아카펠라 이외의 이벤트도 알차게 구성되어 있어, 연 2회의 합숙, 할로윈 파티나 크리스마스 파티, 소풍이나 볼링 등에도 힘을 쏟고 있습니다. 이러한 이벤트를 통해 학년이나 기수, 연령, 성별을 불문하고 모두와 친해질 수 있을 것입니다!","첫째 주 화요일/5, 6교시/학생회관, 셋째 주 토요일/2교시/학생회관",없음,machine_translated,not_reviewed,
C0369,3315,1484961f3f99efdd,휘파람 동아리 코토립,문화·예술,성악,"저희 휘파람 동아리 코토립은 여러 명이 함께 연주하는 앙상블을 중심으로 활동하는 휘파람 동아리입니다! 주 2회 토야마 캠퍼스 학생회관에 모여 휘파람 연습과 수다를 즐기며, 아늑한 분위기의 동아리입니다. 음악 경험이 없거나 휘파람을 잘 불지 못하더라도, 쉴 곳이 필요하시다면 꼭 한번 방문해 보세요! 타 대학 학생뿐만 아니라 연도에 따라 유학생도 재적하고 있어 다양한 휘파람 애호가들과 친구가 될 수 있습니다♪ 가입에 특별한 자격이 필요 없고, 소속비로 드는 비용도 없으며, 무대에 출연할 때만 그때그때 징수하기 때문에 지갑 사정이 걱정되시는 분들도 안심하세요!와세다 축제는 물론, 와세다 지구 감사제 등 지역 축제와 전국의 휘파람 연주자들이 모이는 연주회에 참가하고, 최근에는 세계 대회에 출전하는 등 활동의 폭을 넓혀가고 있습니다.지금까지 와세다에만 학생 휘파람 동아리가 존재했지만, 최근 1~2년 사이 전국 각지에 휘파람 동아리가 생겨나고 있어, 그 동아리들과의 교류도 시작하고 있습니다! 물론 휘파람뿐만 아니라, 느긋하게 다 함께 놀기도 하며, 편안함 면에서는 타의 추종을 불허합니다. 꼭 한 번 연락해 주시고, 부담 없이 견학하러 오세요!",매주 월요일·목요일 / 17시~20시 30분 / 학생회관,없음,machine_translated,not_reviewed,
C0370,3734,786abe1935603ce7,와세다 대학 여성 합창단,문화·예술,성악,"와세다 대학 여성 합창단, 통칭 와세조(わせじょ)입니다!
/
/
/
/지휘자, 보컬 트레이너의 본격적인 지도를 받을 수 있는 것은 물론! 그 연습의 즐거움 또한 와세조의 매력 중 하나입니다!
/
/
/
/일 년 내내 단독 연주회, 타 대학과의 합동 공연, 합창제 및 콩쿠르 출연, 합숙 등 다양한 행사가 있습니다.
/
/
/
/대학, 학년, 성별을 불문하고 여성 합창을 하고 싶은 분 대환영! 자, 여러분도 역사의 주역이 되어 보시지 않겠습니까?
/
/
/
/Singing is our strength.
/
/Let’s sing now, Waseda Female Chorus!
/
/
/
/
/",매주 월요일·목요일 / 18:55~21:10 / 와세다 대학 내,없음,machine_translated,needs_review,Japanese kana remains (4 chars)
C0371,3556,2e207a4c75f4580c,와세다 대학 혼성 합창단 도코로자와 지부,문화·예술,성악,"와세다 대학 전체의 합창 동아리인 혼성합창단의 도코로자와 지부입니다♪ 도코로자와에도 부실이 있습니다. 활동은 기본적으로 도야마 캠퍼스의 학생회관에서 혼성합창단과 도코로자와 지부가 함께 진행합니다.
/
/
/
/오케스트라와의 협연이나 전문 지휘자의 지도, 보컬 트레이너와의 1대1 연습 등 다양한 귀중한 경험을 할 수 있습니다.
/
/
/
/합숙을 가거나, 부실에서 동료들과 수다를 떨거나, 연습 후에 밥을 먹으러 가거나, 휴일에 동기들과 놀거나... 단원들 각자가 '와세다 혼성 합창단'에서 즐거운 대학 생활을 보내고 있습니다!
/
/
/
/초보자든 콩쿠르 출전 경험자든, 노래하는 것을 좋아하는 분이라면 대환영입니다!!
/
/
/
/
/
/
/
/
/
/
/
/
/
/
/","활동 일시 1학년 7월까지 월, 수: 5~6교시 토: 3, 4교시 8월 이후 화: 18시~21시 목, 토: 5~6교시",YouTube 링크 끊김,machine_translated,not_reviewed,
C0372,3090,f16a23d4e4f4aa63,사진부,문화·예술,미술,"사진부는 연 8회 개최되는 사진전과, 4월부터 7월, 10월부터 12월까지 평일 기본적으로 19:00(5교시 종료 시간 고려)부터 진행하는 워크숍(반 활동)을 활동의 중심으로 하고 있습니다.반 활동에서는 카메라나 PC·프린터 사용법, 암실 강습을 비롯해 촬영회를 실시하거나, 부실에서 여유롭게 사진집을 읽는 등, 초보자부터 경험자까지 모두가 즐겁게 실력을 향상시킬 수 있는 활동을 진행하고 있습니다. 반 활동 중에는 시설이나 전문가를 보유하고 있기에 가능한, 사진부만의 특별한 활동도 있습니다. 또한, 봄·여름 연 2회 합숙을 실시하는 등 부내 교류를 도모하고 있습니다.게다가 사진부는 와세다·게이오 전시회나 6개 대학 사진전 등 타 대학의 사진 동아리와 교류를 맺고 있어, 다양한 가치관을 접할 수 있다는 점에서 매력적입니다. 사진전에서는 반 활동을 통해 갈고닦은 실력을 바탕으로 사진 작품을 제작, 전시, 합동 평론을 진행합니다. 부실에는 보정용 디스플레이, Mac, A3+ 사이즈까지 인쇄 가능한 컬러 프린터, 필름 스캐너 등 각종 비품이 완비되어 있습니다.흑백 암실도 자유롭게 이용할 수 있습니다. 활동은 모두 자율 참여이며, 가고 싶다는 생각이 든 그날 바로 부담 없이 참여할 수 있습니다. 아직 카메라는 없지만 스마트폰으로 사진을 찍거나 보는 것을 좋아하는 초보자부터, 이미 카메라를 가지고 있고 고등학교 때 사진부에 소속되어 있었던 경험자까지 모두 대환영입니다. 대학 간 동아리로 운영되고 있으므로 재학생에 국한되지 않고 ‘사진’에 관심 있는 분이라면 누구나 환영합니다!",4월~7월·10월~12월/(평일) 19시~학생회관 외/(휴일) 촬영회,없음,machine_translated,not_reviewed,
C0373,3092,be8955949d905288,미술연구창작회,문화·예술,미술,"미술연구창작회(통칭: 비켄)는 와세다 대학 공인 동아리로, 이름 그대로 미술 활동 계열 동아리입니다! 정기적으로 열리는 전시회를 위한 개인 제작은 물론, 일반 점포의 내외장 담당, 디자인 페스타 참가, 와세다 축제에서의 라이브 페인팅 등, ‘미술’이라는 이름 아래 모든 프로젝트를 진행합니다!유화, 수채화를 비롯해 CG 일러스트나 종이 오리기, 콜라주 등의 평면 작품, 점토 공예나 뜨개질 등의 입체 작품, 때로는 영상 작품까지. 멤버들이 각자 마음 가는 대로 작품을 만듭니다!! 자유 참가형이며 기본적으로 느긋한 분위기의 동아리입니다. 멤버들은 각자의 페이스대로 창작 활동에 임하고 있습니다.'무언가를 만드는 것을 좋아한다', '지금까지 써본 적 없는 재료로 작품을 만들고 싶다', '순수하게 창작을 즐기고 싶다' 등, 미술이나 창작에 관심 있는 사람들이 모여 있습니다!",매주 월·목요일 / 15시경~19시 반경 / 학생회관 (W402),없음,machine_translated,not_reviewed,
C0374,3082,bf1fd94e5adacb16,섬유연구회,문화·예술,미술,"와세다대학 섬유연구회는 1949년 창립된 와세다대학을 중심으로 한 패션 동아리입니다. “종합대학 학생이 패션 분야에서 어떤 생각을 발신하고, 어떤 영향을 줄 수 있는가.”를 이념으로 삼아 패션쇼와 설치 미술을 진행하고 있습니다. 현재 약 80명이 재적 중이며, 동문 중에는 디자이너도 많이 배출하고 있습니다.",매주 수요일/학생회관,없음,machine_translated,not_reviewed,
C0375,3091,e70f022746d42753,와세다대학 서도회,문화·예술,미술,"와세다대학 서도회는 60년 이상의 전통을 자랑하는 와세다대학 유일의 서도계 공인 동아리입니다. 5월에 열리는 춘계전, 겨울에 열리는 학생 최대 규모의 전시회인 이노쇼전(稲書展)을 위해 매주 수요일과 토요일에 학생회관에서 연습회를 갖는 것이 주된 활동 내용입니다.그 외에도 신입생 환영 기간에 열리는 캠프나 1주일 가량 진행되는 여름 합숙, 서도는 전혀 하지 않는 스키 합숙 등 ‘제도(諸道)’ 활동도 알차게 이루어지고 있습니다. 또한, 도쿄에 있는 9개 대학(아토미 학원 여자, 게이오기주쿠, 코쿠가쿠인, 도쿄 여자, 일본 여자, 호세이, 메이지, 릿쿄, 와세다)의 서도 동아리로 구성된 ‘도쿄 학생 서도 연맹’이라는 단체에도 가입해 있어 타 대학과의 교류도 활발히 진행하고 있습니다.게다가 선배님들과의 세대를 아우르는 유대감도 강해, 선배님들이 주최하는 전시회에 방문하거나, 연습회에 초청해 지도를 받는 등 서예 기술 향상 면에서도 알차게 활동하고 있습니다. 기본적으로 수업이나 아르바이트 등 자신의 사정에 맞춰 활동할 수 있고, 활동 시간 중 출입도 자유로워 여러 동아리를 병행하는 사람도 적지 않습니다. 매우 여유로운 분위기의 동아리입니다.",매주 수요일·토요일 / 13시~18시 / 학생회관 W402,없음,machine_translated,not_reviewed,
C0376,3531,23b6ad732a2dd100,와세다 대학 리코샤 사진부,문화·예술,미술,"연 4~5회의 사진전과 봄·여름에 열리는 연 2회의 합숙을 중심으로 활동하고 있습니다. 이 외에도 한 달에 1~2회, 다 같이 다양한 촬영 명소를 돌아다니며 사진을 찍고 있습니다. 평소에는 시간이 있는 사람들이 부실에 와서 수다, 게임, 사진 인화 등을 하며 자유분방하게 활동하고 있습니다. 또한, 부실 앞에는 암실이 있어, 그곳에서 필름 카메라로 찍은 사진을 현상하는 독특한 부원도 있거나…?사진전에서는 2~3회는 와세다 대학 주변의 카페를 빌려 개최하고 있습니다. 나머지는 대학 내부의 방을 빌려 개최하고 있습니다. 또한, 대학의 각종 행사 때 촬영 협력을 요청받는 경우도 있습니다. 매일 부원 각자의 페이스대로 활동하고 있으며, 사진전이나 평소의 촬영회 같은 이벤트를 통해 부원 간의 사진 기술을 서로 높여가고 있습니다.마지막으로, 우리 동아리 이름이 ‘리코’샤라서 “이공계 학생만 들어갈 수 있는 줄 알았다”는 말씀을 자주 듣지만, 결코 그렇지 않습니다. 다른 사진 동아리와 비교해도 이공계 학생이 조금 더 많이 소속되어 있을 뿐, 회원들 사이에서 대학이나 학부별 전반적인 편중은 없습니다. 사진 경험이 없어도 대대대환영! 대학에서 사진을 시작한 회원도 다수 재적 중입니다! 조금이라도 사진에 관심이 있다면, 꼭 연락해 주세요!",불규칙한 주말/학생회관 부실 E217·촬영 명소,동아리 사이트 폐쇄,machine_translated,not_reviewed,
C0377,3094,0dfd70bf255a956d,고미술 연구회,문화·예술,미술,"와세다대학 고미술연구회는 설립 60년의 전통을 자랑하는 미술계 동아리입니다. 주요 활동은 한 달에 한 번, 도쿄 도내의 미술관을 방문하는 것입니다. 동아리 이름에 ‘고미술’이 들어 있지만, 관람하는 전시회는 인상파를 비롯해 이른바 ‘고미술’이 아닌 작품을 감상하는 경우가 대부분입니다. 자세한 내용은 본 동아리 블로그에서 확인해 주시기 바랍니다. 미술관 견학 후에는 식사 모임(참가 자유)을 열어 회원 간의 교류를 도모하고 있습니다.고미술연구회가 다른 미술 동아리와 다른 점은 미술 감상에 특화된 동아리라는 것입니다. 그림을 그리지 못하는 분이나 미술에 대해 잘 모르시는 분도 대환영입니다. 관람에 특화되어 있는 만큼 예산도 집중 투자합니다. 가입해 주시면 저렴하게 미술관을 방문할 수 있습니다. 즉! 미술에 조금이라도 관심이 있는 분께 자신 있게 추천할 수 있는 동아리입니다. 월 1회의 관람회를 핵심으로 하고 있지만, “취향이 맞는 사람들이 모였으니 더 교류하고 싶다!”는 의견에도 대응하고 있습니다.신주쿠 교엔에서의 피크닉이나 불꽃놀이 행사 참가 등, 기획이 있으면 바로 실행할 수 있는 유연한 조직입니다. 부실도 마련되어 있어, 부실에서 회원 간의 교류를 깊게 할 수도 있습니다. 타 대학 학생들도 다수 재적 중인 본 동아리의 분위기는 느긋하고 여유롭습니다. 분위기를 글로 표현하기는 꽤 어렵기 때문에, 꼭 한 번 미술관 견학을 포함한 활동에 체험 참가해 주시면 본 동아리를 잘 이해하실 수 있을 것이라 생각합니다. 체험 견학은 수시로 접수 중입니다. 언제든지 부담 없이 연락해 주세요.",월 1회(주로 일요일) 도쿄 내 미술관에서. 부실은 언제든지 이용 가능.,없음,machine_translated,not_reviewed,
C0378,3098,a7122ab2bcce6a73,도예부 이나호 가마,문화·예술,미술,"도예부 이나호 가마는 와세다 대학 유일의 도예 동아리로, 직접 작품을 처음부터 만들 수 있다. 전동 물레, 발 물레 등을 사용하여 점토로 형태를 만들고, 직접 배합한 유약을 바르고, 가마에서 구워내는 등 도예의 모든 공정을 부실에서 진행하고 있다.다루기는 전기 가마에 비해 어렵지만, 다양한 소성 방법이 가능하고 작품에 개성을 살리기 쉬운 등유 가마를 사용하고 있다. “만드는 것을 좋아한다”, “직접 사용할 식기를 만들고 싶다”, “대학에서 남들과 다른 것을 시작해 보고 싶다” 등 다양한 이유로 입부하는 학생들이 있지만, 많은 부원은 입부 당시 도예 초보자이다. 선배로부터 기초 기술을 배우면서, 각자가 만들고 싶은 것을 만든다는 방침 아래 매일 자유롭게 활동하고 있다.부원들이 목표로 하는 작품은 전통적인 다기부터 일상 식기, 오브제에 이르기까지 매우 폭넓다. 연 3회, 대학 내외에서 전시회를 개최하여 작품을 전시하고 있다. 와세다 축제에서는 ‘도자기 시장’을 열어 부원들이 만든 도자기를 판매하고 있다. 또한 9월에는 도자기 산지인 도치기현 마시코시의 시설에서 여름 합숙을 실시하고 있다.전시회와 합숙 외에도 비정기적으로 갤러리나 박물관 전시를 방문하여, 옛 명작이나 일류 작가의 작품을 보고 배울 기회도 마련하고 있다. 캠퍼스에서 도보로 몇 분 거리에 있는 이상적인 환경 속에서, 부원들은 빈 시간이나 방과 후, 휴일을 이용하여 여유롭게 도예에 몰두하고 있다.",월요일~일요일/8:00~22:00/와세다 캠퍼스 29-3호관,없음,machine_translated,not_reviewed,
C0379,3096,250c11c2ded4e7fd,회화회,문화·예술,미술,"매주 화요일 13시~20시, 매주 금요일 13시~20시에 진행되는 전체 활동에서는 석고 데생, 유화, 수채화, 디지털 등 다양한 재료로 미술 작품을 제작하는 것부터 수다, 강의 과제까지 각자 자유롭게 활동하고 있습니다. 활동 후에는 다 같이 저녁을 먹거나, 소소한 술자리를 갖거나, 부실에서 느긋하게 시간을 보내기도 합니다. /
///
///
///
//발표의 기회도 알차게 마련되어 있습니다. 한 달에 한 번 정도 전시회가 열리며, 단독 전시회를 기획하거나 타 대학과의 합동 전시회에 참가하기도 합니다. 올해는 대학에서 운영하는 갤러리에서의 전시회도 있을 뿐만 아니라, 와세다대 내 다른 동아리 및 타 대학 미술 동아리와의 협업 기획 및 전시도 다수 진행했습니다. 휴일이나 방학 기간에는 미술관 탐방, 이벤트, 합숙 등을 통해 회원 간의 유대감을 다지고 있습니다.
///
//예술 생활과 캠퍼스 생활, 두 가지 모두 알차게 즐길 수 있는 균형 잡힌 동아리를 찾고 계신 분들께도 강력히 추천합니다!",매주 화요일 13시~20시·매주 금요일 13시~18시/학생회관 W402,없음,machine_translated,not_reviewed,
C0380,3355,079cbfe56d0dff5a,사진동아리 샤레드,문화·예술,미술,"매년 6월에 열리는 ‘6월전’, 10월에 열리는 ‘신인전’, 11월에 열리는 ‘와세다 축제전’, 2월에 열리는 ‘졸업작전’ 등 총 4회의 사진전이 활동의 중심을 이루고 있으며, 부원들은 개인적으로, 때로는 공동으로 사진을 찍거나 사진에 대한 강평을 나누며 작품 제작에 힘쓰고 있습니다.또한, 전시는 대부분 대학 내에서 진행되지만, 2월의 졸업작품전은 외부 갤러리에서 개최합니다. 그 외에도 사진에 대해 배우는 워크숍이 있을 뿐만 아니라, 부원끼리 사진전을 관람하거나 바비큐를 즐기는 등 다양한 행사가 있습니다. 합숙은 여름방학과 겨울방학 중 2회 있으며, 부원들이 가고 싶은 곳으로 떠납니다. 또한, 학생회관 내에 부실이 있어, 수업이 없는 시간에는 부원들이 모여 사소한 잡담을 나누기도 합니다.",요일 불규칙/수시/학생회관 E224,없음,machine_translated,not_reviewed,
C0381,3571,1cd1f5af36beeaf2,줄줄낙타,문화·예술,미술,"인간과학부 학술원 공인 종합예술 영상 동아리입니다. 2000년에 창설되어, 종합예술로서 영상 촬영, 일러스트 그리기, 음악 제작, 게임 제작 등을 하고 있습니다. 인간과학부 학생을 중심으로 구성되어 있으며, 평소에는 도코로자와 캠퍼스에서 활동하고 있습니다. 현재의 주요 활동으로는 비정기적으로 합동지나 CD·카세트 등을 발행하거나, 각본·촬영·편집을 24시간 내에 완료하는 무비송 등을 진행하고 있습니다.발행한 합동지나 CD 등은 와세켓, 산크리, 코미케 등에서 배포하고 있습니다. 동아리 구성원들은 모두 사이가 좋아서 매우 아늑한 분위기의 동아리입니다. 애니메이션·만화·게임 등에 정통한 사람들이 많습니다. 'lomotion'이라는 토이 카메라 동아리와 자매 동아리이기 때문에, 온천 합숙 등 몇 가지 이벤트는 합동으로 진행하고 있습니다.",매일,없음,machine_translated,not_reviewed,
C0382,3575,d494f12ff51e7a8d,창작 서클 GIFT,문화·예술,미술,"GIFT는 소설, 일러스트, 시, 만화, 사진, 리뷰 등 주로 종이 매체로 표현할 수 있는 모든 것을 대상으로 창작 활동을 하는 동아리입니다.
/
/
/
/연 2회, 동아리 잡지인 『Sky Walk』를 발행하거나, 멤버들이 생각난 주제를 바탕으로 모두가 힘을 합쳐 『기획집』으로 책자를 만들거나, 동아리 규모의 특별 기획 등을 개최합니다.그리고 이러한 책자들을 도코로자와 축제나 와세다 축제, 그 외 이벤트에서 배포하거나 판매하고 있습니다. 코미케나 산크리 등의 이벤트에 참가하는 것도 가능합니다.
/
/
/
/그 외에도 합숙이나 크리스마스 파티, 과자 만들기 파티, 식사 모임 등 다양한 친목 행사도 진행하고 있습니다.
/
/
/
/지금까지 창작 활동을 해본 적이 없는 초보자분들도 대환영입니다! 여러분도 원할 때, 원하는 대로 창작해 보지 않으시겠습니까?",비정기/도코로자와 캠퍼스,없음,machine_translated,not_reviewed,
C0383,3153,ebd401cd6b348626,장기부,문화·예술,기타 문화,"장기부는 장기를 좋아하는 사람들이 모여 장기를 즐기는 동아리입니다. 대회 목표로는 겨울에 열리는 왕좌전 우승을 내걸고 있습니다. 최근에는 2013년에 우승했습니다. 그리고 이 목표를 달성하기 위해 수시로 부실에 모여 대국을 하거나 연구를 하며 기력 향상을 도모하고 있습니다. 하지만 소속된 사람이 모두 강한 사람만은 아닙니다. 급위자나 대학에서 장기를 시작한 초보자들도 많이 재적하고 있습니다.장기부에는 실력이 뛰어난 사람들도 많기 때문에, 열성적으로 활동에 참여하여 실력자들에게 많은 것을 배우고 기력이 크게 향상된 부원들도 적지 않습니다. 다음으로 구체적인 활동 내용입니다만, 날짜에 따라 다릅니다. 평일에는 수업 틈틈이 부실에 모여 있는 사람들끼리 장기를 두기도 합니다.토요일에는 연구회를 열어, 대학 대회에서 흔히 적용되는 시간 제한 30분, 시간이 다 되면 한 수당 60초의 규칙으로 2국을 두곤 합니다. 일요일에는 대학 대회가 열리는 경우가 많아, 장기부 전체가 참가합니다. 거의 매일 활동하고 있지만, 참여는 자유이므로 각자 자유롭게 활동하고 있습니다.또한 장기 방학 중에는 1주일간 합숙을 진행합니다. 이 기간 동안 평균적으로 1인당 30국 정도 두게 됩니다. 합숙은 부원 간의 교류와 기력 향상을 목적으로 합니다. 또한 가끔 다른 대학의 장기부와 교류전을 치르기도 합니다. 장기부는 장기를 즐기는 동아리이므로, 기력과 상관없이 장기에 관심 있는 분들이 모여 있습니다. 장기에 관심 있는 분들은 꼭 한번 부실에 들러 주시기 바랍니다.",매일/수시/학생회관 부실,없음,machine_translated,not_reviewed,
C0384,3151,f24e50961c9eff16,다도 연구회,문화·예술,기타 문화,"일본 문화를 상징하는 다도, 스스로는 조금 멀게 느껴지지 않으신가요? 다도 연구회(통칭 '차연'!)는 초보자가 과반수를 차지하며, 처음에는 도구 다루는 법부터 하나씩 익혀 나가기 때문에 처음 오시는 분들도 안심하셔도 됩니다! 평일 수업은 학생들끼리 서로 가르쳐 주고 배우며, 토요일 수업은 오모테센케와 우라센케의 각 선생님께 직접 지도를 받습니다.활동으로는 평소 수업 외에도, 수업과 이벤트가 풍성한 여름 합숙, 그 수업의 성과를 손님들께 보여드리는 다회, 화과자나 찻잔을 직접 만드는 연구 활동, 타 대학의 다회에 초청받는 대외 활동 등이 있습니다. 평일 수업은 항상 개방되어 있으니, 저희 활동에 조금이라도 관심이 있으신 분은 부담 없이 학생회관 다실에 놀러 오세요!","평일 2회(요일 불규칙)·토요일 1회/12:10-18:00·불규칙/학생회관·키요세, 카구라자카",없음,machine_translated,not_reviewed,
C0385,3150,1e7d61d728a6d196,바둑회,문화·예술,기타 문화,"와세다 바둑회는 매주 수요일·금요일 18시~21시에 신주쿠 바둑 센터에서 연습회를 진행하고 있습니다. 연습회에는 와세다 재학생뿐만 아니라 타대생, 동문, 대학원생 등 많은 사람이 모여 매우 활기찹니다. 또한, 학생회관에 있는 부실에서는 연습회가 있는 날 이외에도 대국을 즐길 수 있습니다.와세다 바둑회는 단순히 바둑방에 모여 바둑을 두는 동아리가 아닙니다! 기력과 상관없이 즐길 수 있는 이벤트가 가득합니다! 연 2회 개최되는 관동 리그에는 일반 1부 리그에 대표팀이 출전하는 것 외에도, 동시에 열리는 B리그(교류전)에 여러 팀을 구성해 참가하고 있습니다. 그 밖에도 연 2회의 합숙·신입생 환영 행사 등 수많은 이벤트를 준비하고 있습니다.대회나 행사를 통해 자신의 대학뿐만 아니라 타 대학 바둑부원들과 교류를 깊게 할 수 있는 것도 매력 중 하나입니다. 경험자분들은 물론, 초보자분들도 대환영입니다! 선배들이 친절하게 가르쳐 드릴 테니, 꼭 한번 활동에 참여해 보세요! 기다리고 있겠습니다!",매주 수요일·금요일 / 18:00~21:00 / 신주쿠 바둑 센터,없음,machine_translated,not_reviewed,
C0386,3152,615802b325e858fe,카루타회,문화·예술,기타 문화,"만화, 애니메이션, 그리고 작년에 실사 영화화된 『치하야후루』로 인지도가 급상승한 ‘경기 카루타’를 하는 동아리입니다! 평소에는 와세다 학생회관 다다미방이나 외부 지역 활동 센터를 이용하여 주 4회, 시합 형식의 연습을 진행하고 있습니다. 또한, 장기 방학 중의 합숙이나 친목 모임 등 즐거운 이벤트도 있습니다. 경험자는 물론, 백인일수를 외우고 있는 분, 외우지 못한 분도 대환영!선배들이 백인일수의 암기법부터 카루타 규칙까지 친절하게 가르쳐 드립니다. 현역 회원 중 다수가 대학에서 초보자로 시작했지만, 그들도 경험자들과 함께 매일 연습에 매진하여 다수의 대회 입상자가 나올 정도로 실력이 향상되었습니다! 카루타는 아직 인구가 적지만, 매우 심오하고 즐길 거리가 많아 누구나 푹 빠질 수 있는 경기입니다! 조금이라도 관심이 있으신 분은 부담 없이 견학하러 오세요!",매주 화·목~토요일 / 13:00~18:00 또는 17:30~21:30 / 학생회관 또는 지역활동센터,없음,machine_translated,not_reviewed,
C0387,3046,4f7853a5919b62d2,와세다 정신 고양회,문화·예술,기타 문화,"교복, 각모, 높은 나막신을 신고, 허리에 수건을 두르고 일본 전국을 활보하는, 현대에 사는 반카라 집단. 남자의 도장은 바로 여기에 있다.
/
/
/
/와세다 정신 고양회는 와세다 대학 공인 동아리로, 다양한 활동을 통해 자기 성장을 도모하고 있습니다. 와세다 정신 고양회의 활동 영역은 크게 세 가지로 나뉩니다.
/
/
/
/첫째는 『혼조~와세다 100km 하이킹 주최』, 둘째는 『여름 합숙을 통해 전국을 활보』, 셋째는 『각종 이벤트 기획 및 참가』입니다. 통칭 ‘100하이’라고 불리는 혼조와세다 100km 하이킹은 2023년으로 60회째를 맞이하여 환갑을 맞이했습니다.현재는 참가자 수백 명 규모의 행사로, 각자 마음 가는 대로 분장을 하고 사이타마의 혼조 와세다에서 2일 동안 오쿠마 강당을 목표로 전력으로 걷습니다. 고요카이(昂揚会)의 여름 합숙은 남성(통칭: 와세다 전사)들만 10박 11일 동안 일본 전국을 누비며, 회원끼리 친목을 다지거나 현지 사람들과 교류하는 행사입니다.각자 쌀 30홉을 지고, 식비는 1인당 하루 100엔이라는 제한 속에서 여름의 뜨거운 햇볕 아래를 쉼 없이 걷습니다. 각종 이벤트로는 크리스마스에 독신인 불쌍한 회원들만 모여 열리는 후지 수해 파티 등이 있습니다. 그 외에도 와세다 축제와 체육대회에도 적극적으로 참가하고 있습니다.
/
/
/
/오는 이를 거절하지 않고 떠나는 이를 쫓지 않는다. 자, 와라 와세다의 사(社)로
/
/
/
/자, 모여라 와세다 정신 고양회!",학생회관 E719/오쿠마 강당,없음,machine_translated,not_reviewed,
C0388,3538,7cf12931965bf4a0,와세다 이공 바둑회,문화·예술,기타 문화,"이회회에는 바둑·장기·마작·트럼프는 물론, 다양한 보드게임이 있습니다. 화기애애한 분위기 속에서 규칙은 자연스럽게 익힐 수 있습니다. 하고 싶은 게임을 할 수 있는 곳이 바로 이회회입니다. 이공학술원 공인 동아리이며, 학생회관 9층에 부실이 있습니다. 창설 50주년을 맞이한 전통 있는 동아리이기도 합니다. 지적 오락을 좋아하는 분, 꼭 놀러 오세요!",매일·수시/학생회관 E936,없음,machine_translated,not_reviewed,
C0389,3359,e55d28a429c6c68a,커피 연구회,문화·예술,기타 문화,"50년 이상의 역사를 자랑하는 커피 연구회. 커피나 카페를 좋아하는 분이나 조금이라도 관심 있는 분 대환영! 커피를 못 마시거나 잘 모르시는 분이라도 괜찮습니다.
/
/
/
/매주 토요일 오후 활동에서는 사전에 다양한 기획을 세워 '연구'하고 있습니다. 구체적으로는 다른 산지의 커피 원두를 비교해 마셔보거나, 핸드드립 강습을 진행하거나, 때로는 에스프레소 머신으로 카페라테 연습을 하기도 합니다.월요일이나 수요일 오후에는 커피를 마시며 과제를 하거나 수다를 떨기도 합니다.
/
/
/
/게다가 카페 탐방이나 라떼 아트 강습회, 합숙이나 이벤트 참가 등 즐거운 행사가 가득합니다!! 카페 탐방 기획에서는 카페 친구를 사귈 수 있을 거예요! 11월 와세다 축제를 앞두고는 오리지널 블렌드 제작이나 핸드드립 연습, 오리지널 음료 고안 등을 진행할 예정입니다.
/
/
/
/커피를 좋아하시는 분도, 그렇지 않은 분도 꼭 커피 연구회에 오세요! 개성 넘치는 '코히켄민'이 여러분을 기다리고 있습니다!
/
/
/
/커피 애호가 여러분! 우리와 함께 커피를 즐겨보세요.","매주 월, 수, 토요일 / 15시-18시 / 학생회관",없음,machine_translated,not_reviewed,
C0390,3047,40078ee74664240d,와세다-게이오전 지원회,문화·예술,기타 문화,"저희 와세다-게이오전 지원회는 화려한 와세다-게이오전을 뒷받침하는 동아리입니다. 와세다-게이오전 당일 관중 유도 및 진구 구장 주변 청소를 하고 있습니다. 와세다-게이오전 전후에는 성실하게 활동하지만, 그 외에는 부실에서 느긋하게 시간을 보냅니다. 와세다-게이오전 당일에는 업무 종료 후 경기를 관전할 수 있습니다. 진구에서 교가인 '감청색 하늘'을 부르면 평생 잊지 못할 추억이 될 것임이 틀림없습니다!회원들은 야구 관전을 좋아하는 사람뿐만 아니라, 와세다를 좋아하는 사람, 선배가 친절해서 가입한 사람 등 다양한 이유로 가입하고 있으니 스포츠에 관심이 없어도 괜찮습니다! 또한 다른 동아리와도 교류하며 서로의 일을 돕고 있습니다. 동아리끼리 사이가 좋아서, 그중에는 여러 동아리에 동시에 소속된 회원도 있습니다. 봄, 가을에는 게이오와의 교류회가 열려 대학의 경계를 넘어 교류할 수 있습니다! 여러분의 가입을 기다리고 있습니다!",진구 구장/학생회관 7층 E704,없음,machine_translated,not_reviewed,
C0391,3352,3f29864eccfe10f8,테이블톡 RPG 동아리 간쿤도,문화·예술,기타 문화,"테이블 토크 RPG란, 테이블을 둘러싼 여러 명이 이야기의 등장인물이 되어, 대화를 통해 이야기를 진행해 나가는 아날로그 게임입니다(동영상 사이트에서 유명한 크툴루 신화 TRPG도 그중 하나입니다).이야기의 세계관과 게임적인 데이터가 기록된 룰북을 바탕으로, ‘게임 마스터(GM)’라고 불리는 진행자 1명과 등장인물을 연기하는 3~5명의 ‘플레이어’가 최종 목표(수수께끼를 풀거나 적을 쓰러뜨리는 등)를 향해 게임을 진행해 나갑니다. 게임인 만큼 어느 정도 GM의 시나리오 유도나 주사위를 굴리는 운의 요소는 있지만, 어떤 행동을 취하고 어떤 대사를 말할지는 플레이어에게 달려 있습니다.멋진 대사로 감동을 주거나, 재미있는 연기로 웃음을 자아내거나, 상황 설명에 공을 들이는 등, 각자가 자신만의 장기를 뽐내며 다른 플레이어와 협력해 이야기를 더욱 흥미진진하게 만들어 갑니다. 즉, 플레이어는 즉흥 연극을 하는 배우이자 동시에 각본가이며 관객이기도 한—그런 다채로운 재미를 체험할 수 있는 것이 TRPG의 매력입니다.평소에는 매달 한 번, 일요일에 모여 TRPG를 즐기고 있습니다. 전투형 게임에서 치열한 싸움을 이겨내 승리하거나, 추리형 게임에서 우연히 예상치 못한 해결책을 찾아 감동적인 엔딩을 맞이하면, 모두 함께 ‘좋은 이야기를 만들어냈다’는 성취감으로 가득 차게 됩니다. 초보자도 대환영이니, 꼭 놀러 오세요!",월 1회/일요일/10시 반~18시/Discord,없음,machine_translated,not_reviewed,
C0392,3370,8dc31cd647e9137b,와세다 대학 디즈니 연구회,문화·예술,기타 문화,"평소에는 도쿄 도내의 문화회관에서 레크리에이션을 진행하고 있습니다! 초보자도 디즈니 매니아도 즐길 수 있는 퀴즈 기획이나, ‘좋아하는 것’을 발표할 수 있는 LT 대회, 계절별 스페셜 이벤트 등이 알차게 준비되어 있습니다!
한 달에 한 번, 주말에는 디즈니랜드 방문 기획이 있습니다!
좋아하는 장르별로 조를 짜기 때문에, 퍼레이드를 감상하거나 음식을 만끽하거나, 캐릭터 만남이나 어트랙션을 즐길 수 있습니다!
또한, 연 2회 연구 발표의 장이 마련되어 있습니다! 타 대학의 디즈니 동아리나 세미나와 합동으로 개최하며, 교수님들도 초청합니다.
모든 분야에서 디즈니를 분석할 수 있으므로, 본격적으로 디즈니를 연구하고 싶은 분들에게도 추천합니다!
D연구회의 독특한 이벤트 1위라고 하면 마이하마 워크! 무려 와세다 대학에서 마이하마까지 걸어가 버립니다! 도쿄 관광도 겸하면서, 동료들과 친목을 다져 봅시다!
어떤 기획에 참여할지는 자유롭게 정할 수 있으니, 나만의 페이스로 활동할 수 있습니다!
인생에 단 한 번뿐인 대학 생활, 디즈니를 통해 만난 멋진 친구들과 함께 보내지 않으시겠습니까?
디즈니 초보자도 쇼·퍼레이드파도 캐릭터 만남파도 어트랙션파도 음식파도 BGS파도 영화파도 픽사파도 마블파도 스타워즈파도 게임파도, 와세다 대학 디즈니 연구회에서 기다리고 있겠습니다!","주 1회(요일 불규칙)/18시 30분~/도쿄 내 문화회관, 토야마 캠퍼스 카페테리아, 마이하마",없음,machine_translated,not_reviewed,
C0393,3290,7eb8ec5399b1020e,주산부,문화·예술,기타 문화,"주산부는 연간 약 10개의 대회에 출전하고, 이를 위한 연습을 중심으로 활동하고 있습니다. 본부는 2009년에 설립되었습니다. 역사는 짧지만, 졸업생 중에는 국내 최고봉인 전일본 주산 선수권 대회를 비롯해 수많은 전국 대회에서 활약하고 계신 분들이 다수 계십니다. 연습은 수업이 없는 시간이나 월 2회 정도 주말을 이용한 연습회를 통해 진행하고 있습니다.연습 메뉴도 모두 함께 고민하고, 때로는 서로 조언을 나누는 등, 다양한 방법을 모색하며 연습하고 있습니다. 앞으로도 대회 출전은 물론, 대학 내외에서의 홍보 활동에도 힘써 주산 인구가 조금이라도 늘어날 수 있도록 기여하고 싶습니다. 마지막으로 주산부에서는 부원을 모집하고 있습니다. 현역 선수, 대학에 들어와 주산을 다시 시작하고 싶은 분, 주산을 무척 좋아하는 분, 모두 대환영입니다. 꼭 ‘일주입혼(一珠入魂)’을 외치며 함께 열정을 불태워 봅시다!",요일 불규칙/수업 사이 빈 시간/학생회관,없음,machine_translated,not_reviewed,
C0394,3760,699887afa8a790db,와세다대학 레트로 연구회,문화·예술,기타 문화,"쇼와 시대와 헤이세이 초기 중심의 20세기 레트로 문화(음악, 만화, 순수 카페, 아이돌, 건물, 애니메이션, 빈티지 의류 등)를 좋아하는 사람들이 모여 활동하고 있습니다. 주 1회의 정례 모임을 주요 활동으로 하며, 휴일 등에는 순수 카페나 레코드 가게, 상점가 등 레트로와 관련된 명소를 방문하고 있습니다.지난 와세다 축제에서는 쇼와 시대 가요 프로그램 재현이나 프로마이드 촬영 체험회를 실시했습니다. 학외 분들과의 교류도 진행하고 있어, 소중한 경험을 할 수 있을 것입니다!",주 1회 정도 / 5~6교시 / 학생회관,없음,machine_translated,not_reviewed,
C0395,3769,7c3b0a8a578bda0d,와세다대학 한국인 학생회,국제 교류·자원봉사,국제 교류,"안녕하세요. 저희는 와세다대학 한국인 학생회입니다.
/
/와세다대학 내 한국인은 전 학부생 및 대학원생을 포함해 약 800명이 재학 중이며, 학생들의 학교 생활을 지원하고 목소리를 대변하는 것이 저희 와세다대학 한국인 학생회(WUKSA)의 역할입니다.
/
/와세다대학 한국인 학생회는 1947년부터 시작되어 꾸준히 다양한 활동을 이어오고 있습니다. 학생회 산하 동아리와 와세다대학 한국 동문회와의 협력을 통해, 다수의 한국인 유학생 여러분의 생활 지원을 돕고, 앞으로 학생들이 희망하는 진로로 나아갈 수 있도록 노력하겠습니다.
/
/약 4년이라는 대학 생활을 위해 항상 노력하는 와세다대학 한국인 학생회가 되도록 최선을 다하겠습니다. 감사합니다.
/
/
/
/
/
/","불정기/장소는 다양함(와세다 대학 교외, 신오쿠보 주변 등)",없음,machine_translated,not_reviewed,
C0396,3044,ff2b4ba38edde946,국제학생우호회(WIC),국제 교류·자원봉사,국제 교류,"WIC(위크)는 와세다에서 가장 역사가 깊은 국제 교류 동아리입니다. 우리 동아리에서는 한 달에 한 번 이상 개최하는 다양한 이벤트, 여행, 투어를 통해 유학생들과 즐겁게 교류하고 있습니다. 또한, 매주 수요일에 개최하는 ‘일본 교실’에서는 일본 문화와 유학생들의 각국 문화를 서로 배울 수 있습니다. 더불어, 대학에서 의뢰받는 수업 자원봉사나 구청 동행 등을 통해 유학생들을 지원합니다.그저 놀기만 하는 것이 아니라, 다양한 형태로 긴밀한 교류를 통해 유학생들과의 유대감을 깊게 하는 것이 WIC의 특징입니다! 회원들은 15호관 반지하 라운지에서 평일 2교시부터 5교시 사이에 항상 모여 있으니, WIC에 관심이 있는 분들은 꼭 방문해 보세요! 자세한 활동 내용은 Twitter나 Instagram을 확인해 주세요!
/
/
/",매주 수요일·'일본 교실' / 월요일~금요일 2-5교시·15호관 라운지 / 월 1회 이상 이벤트 개최,없음,machine_translated,not_reviewed,
C0397,3724,ed8ad6ef87990354,아이섹 와세다 대학 위원회,국제 교류·자원봉사,국제 교류,"아이섹은 전 세계 100개 이상의 국가와 지역에 지부를 두고 있으며, 약 30,000명의 학생이 소속된 비영리 단체입니다.
/
/
/
/우리는 ‘평화와 사람들의 잠재력이 최대한 발휘되는 사회’의 실현을 목표로, 청년 리더십을 함양하는 사업에 참여하고 이를 운영하고 있습니다.
/
/
/
/평소에는 아이섹의 해외 지부 및 졸업생들과 협력하여 해외 인턴십 참여 및 운영, 그리고 온라인 국제 교류 행사의 참여와 운영을 진행하고 있습니다.
/
/
/
/아이섹의 일본 지부인 아이섹 재팬은 1962년에 창설되었으며, 현재는 주로 대학별로 24개의 위원회가 활동하고 있습니다.
/
/
/
/아이섹 와세다대학 위원회는 24개 위원회 중에서도 가장 오랜 역사를 가진 위원회로서 활동하고 있습니다.
/
/
/
/
/
/","매주 금요일 18:15~19:45(변경 가능성 있음), 요일 불규칙 수시/학생회관·7호관",없음,machine_translated,not_reviewed,
C0398,3048,d189146340af039a,국제교류 무지개 모임,국제교류·자원봉사,국제 교류,"무지개회는 1965년에 창설된 전통 있는 국제교류 동아리로, 와세다에 있는 수많은 동아리 중에서도 최대 규모의 동아리입니다. 무지개회는 국제교류라는 이름 그대로 유학생과 일본인이 다양한 활동을 통해 교류하는 동아리입니다. 미국, 영국, 호주는 물론, 인구 약 50만 명의 룩셈부르크에서 온 유학생도 있습니다.또한, 대학 간 동아리이기 때문에 일본인 회원들도 와세다뿐만 아니라 다양한 대학에서 참여하고 있습니다. '니지노카이'의 주요 활동으로는 Japan study, World study, English study와 같이 서로의 문화나 속어 등을 가르쳐 주는 학술 행사부터 할로윈 파티나 크리스마스 파티와 같은 파티 행사까지 다양합니다. 그 외에도 축구, 농구 등의 스포츠 행사도 있습니다!",불정기(주 2회 정도)/장소는 다양함,없음,machine_translated,not_reviewed,
C0399,3766,3544ea624b40f7a4,와세다 대만 유학생회,국제 교류·자원봉사,국제 교류,"리하, 차바모! 와세다 대만 유학생회는 와세다 대학 내에서 공인된 동아리입니다. 저희는 대만 출신의 와세다 학생들이 모여 결성한 단체로, 학부생, 대학원생, CJL 학생 등 누구나 환영합니다. 와세다에서 공부하는 대만인 학생들 간의 교류를 촉진하고, 일본에서의 일상생활이나 학교 생활과 관련된 다양한 문제에 대한 지원을 제공하는 것을 목표로 하고 있습니다.
/
/
/
/활동은 약 한 달에 한 번 정도 진행되며, 신입생 환영 행사, 소풍, 합숙 등의 이벤트를 개최하고 있습니다. 또한, 졸업생 취업 설명회 등 진로 계획에 도움이 되는 행사나 다른 동아리, 타 대학의 대만 유학생회, 외부 단체와의 교류 및 체험 활동도 진행하고 있습니다.
/
/
/
/대만 유학생 여러분, 꼭 참여해 주세요! 와세다에서 공부하는 대만인 학생들 간의 교류와 우정의 고리를 넓혀 봅시다. 신입생이든, 와세다에서의 경험이 있는 학생이든, 여러분의 참여를 기다리고 있습니다.
/
/
/
/만약 와세다 대만 유학생회에 대해 궁금한 점이나 관심이 있다면, 언제든지 문의해 주세요. 함께 와세다에서 멋진 추억을 만들어 봅시다!
/
/
/
/와세다 대만 유학생회 참여를 기다리고 있습니다!
/
/
/
/
/
/
/
/
/
/
/
/
/
/
/
/Welcome to Waseda Taiwanese Student Association!?",월 1회 이상 / At least once every month,없음,machine_translated,not_reviewed,
C0400,3590,c4d54e31570a1dc7,와세다 대학 중앙아시아 연구회,국제 교류·자원봉사,국제 교류,"겨울방학에 카자흐스탄으로 가서 학생 교류 및 홈스테이를 진행한다. 개인의 관심사에 따라 카자흐스탄 여행을 조정할 수 있다.사회복지 시설이나 노인 시설 등, 세계의 복지 실태를 직접 볼 수 있다. 단순히 배우는 것뿐만 아니라 다양한 일에 도전할 수 있다. 스키나 스케이트 등의 겨울 스포츠도 즐기며 만끽할 수 있다. 또한, 카자흐스탄에서 온 유학생이 카자흐스탄에서 마중을 나와 주어, 일본에서 교류했던 친구와 재회할 수도 있어 멋진 일본-카자흐스탄 교류를 할 수 있다. 여행도 유학도 아닌 새로운 배움을 얻을 수 있다.",매주 월요일/16시/101호관,없음,machine_translated,not_reviewed,
C0401,3211,61c326fc5ae02a65,아동문화연구회,국제 교류·자원봉사,자원봉사,"아동문화연구회는 1945년에 창립된, 전통 있는 와세다 대학 공인 아동 봉사 동아리입니다. 주요 활동으로는 ‘아동 봉사’와 ‘인형극’을 진행하고 있습니다. ‘아동 봉사’에서는 와세다 근처 아동관에서 개최되는 행사에 서포트 스태프로 참여하여 돕습니다. 공작이나 게임 등을 직접 준비하여 아이들과 함께 놀아줍니다. ‘인형극’에서는 주로 장기 방학 기간에 공연을 합니다.공연 후에는 아이들이 인형을 만져보며 놀게 하거나, 함께 급식을 먹기도 합니다. 또한 인형과 대본, 무대까지 모든 것이 수제입니다. 처음에는 부원 대부분이 연극과 인형 제작 모두 초보자이지만, 친절한 선배들이 부담 없이 가르쳐 주니 안심하세요. 대상은 모두 미취학 아동부터 초등학교 저학년이며, 교류하다 보면 에너지를 나누어 받는 듯한 기분이 듭니다! 모임은 주 1회이며, 아늑한 분위기입니다.소수 정예로 차분한 분위기에서 멤버들과 친해질 수 있습니다. 대학이나 학년 불문하고 대환영! 함께 아이들과의 교류를 즐겨봅시다!",월요일·목요일 격주/17시/학생회관,없음,machine_translated,not_reviewed,
C0402,3045,848846f441593b08,사유의 숲 모임,국제 교류·자원봉사,자원봉사,"이와테현 타노하타무라에서 50년 이상 조림 활동과 지역 교류를 진행하고 있습니다. 타노하타무라는 인구 3,500명 정도의 마을입니다. 우리는 합숙 기간 동안 와세다대학 기숙사에서 공동 생활을 합니다. 직접 쪼갠 장작을 사용하고, 밥은 가마솥에 지으며, 목욕탕 불도 장작으로 피웁니다.조림 활동에서는 우리가 소유하고 있는 두 개의 산에서 솎아베기나 가지치기 작업을, 지역 교류에서는 농림업이나 목장 등 1차 산업을 돕거나 축제에 참가하는 등의 활동을 합니다. 도쿄에 있을 때는 주 1회 미팅을 열어 다음 합숙 준비나 각종 행사에 대해 논의합니다. 그 외에도 와세다제나 이몬제, 환경 관련 콘테스트에도 참가합니다. 도쿄에서도, 이와테현에서도, 우리가 하고 싶은 일을 우리 힘으로 해낼 수 있는 동아리입니다.",매주 1회/18시/학생회관,없음,machine_translated,not_reviewed,
C0403,3266,66c916591183fe06,해바라기 어린이회,국제 교류·자원봉사,자원봉사,"해바라기 어린이회는 메구로구에 있는 네 곳의 초등학교와 제휴를 맺고 있으며, 각 초등학교의 특별지원학급에 다니는 아이들과 교류하는 동아리입니다.대상 학년은 1~6학년 전 학년이며, 매주 토요일에는 아이 한 명당 2~3명의 담당자가 배정되어 공원에서 함께 놀아줍니다. 또한 5월, 7월, 10월, 11월, 12월, 3월에는 일요일 소풍을 기획하여 카사이 임해공원이나 평소와는 다른 공원에 가서 놀기도 합니다.여름에는 2박 3일 캠프도 있습니다. 각 소풍에는 학생들이 주도하는 ‘소풍 준비 모임’이 있으며, 소풍 당일 약 2개월 전부터 이 모임을 중심으로 준비가 시작됩니다. 기념품을 만들거나 레크리에이션 활동을 기획하는 등 학생들끼리도 활동을 통해 친해질 수 있습니다. 해바라기 어린이회는 많은 아이들과 교류할 수 있는, 좀처럼 경험하기 힘든 소중한 체험을 할 수 있는 동아리입니다.",매주 토요일/13시~18시/메구로구 공원,없음,machine_translated,not_reviewed,
C0404,3269,b27406154431958d,이케부쿠로 어린이회,국제 교류·자원봉사,자원봉사,"이케부쿠로 어린이회는 매주 일요일에 이케부쿠로의 초등학교를 빌려, 회에 소속된 아이들과 즐겁게 놀고 있습니다. 놀이 내용은 축구나 술래잡기 등 다양합니다. 또한 계절마다 하이킹이나 캠프 등 많은 이벤트를 기획하고 있습니다.매주 목요일에는 일요일에 어떤 놀이를 할지, 하이킹은 어디로 갈지, 캠프에서는 어떤 행사를 진행할지 등에 대해 논의하고 있습니다. 이 논의 내용이 어린이회 활동이 되므로 모두 열심히 노력하고 있습니다. 또한 봄과 여름에는 합숙을 진행합니다. 합숙에서는 어린이회를 더 좋게 만들기 위해 이런 것을 해보면 어떨까 하는 안건을 내거나, 체육관을 빌려 레크리에이션을 하거나, 밤에 술자리를 갖거나 하며 즐겁게 지내고 있습니다.",매주 일요일 9:00~13:00 / 매주 목요일 18:00~21:00,없음,machine_translated,not_reviewed,
C0405,3079,4c160b02573e8cd5,아오조라 어린이회,국제 교류·자원봉사,자원봉사,"안녕하세요! 아오조라 어린이회는 지역 공원에서 활동하는 아동 봉사 동아리입니다. 주로 대학 주변 지역에 사는 초등학생들을 대상으로 합니다. 주요 활동은 매주 토요일의 정기 활동입니다. 이 활동에서는 공원에서 꼬리 잡기나 피구, 동아리만의 오리지널 게임을 하며 즐거운 시간을 보내고 있습니다! 또한, 정기 활동 외에도 계절별 행사로 봄과 가을에는 소풍, 여름에는 캠프, 겨울에는 운동회를 아이들과 함께 합니다!그 밖에도 학생들만의 행사가 많이 있어 학생들끼리 화기애애하게 활동하고 있습니다! 모든 행사는 학생들이 처음부터 기획하고 준비합니다. 학생들이 협력하여 만들어낸 기획으로 아이들이 즐거워하고 기뻐해 줄 때, 그보다 더 큰 행복은 없습니다. 귀엽고 활기찬 아이들에게 힐링을 받는 것은 물론, 아이들의 성장을 가까이서 지켜볼 수 있는 것도 이 동아리의 특징입니다!",매주 토요일/13시 30분~16시 30분/대학 근처 공원 일대,없음,machine_translated,not_reviewed,
C0406,3075,e539837498a95369,신주쿠 어린이회 KIDS,국제 교류·자원봉사,자원봉사,"신주쿠 어린이회 KIDS는 1982년에 설립된 봉사 동아리입니다. 매주 토요일 오후, 와세다 대학 근처의 모임실이나 공원에서 특수학급에 다니는 아이들과 놀아주고 있습니다. 학생 2명이 리더가 되어 그날의 테마나 놀이를 계획합니다. 자유 시간도 많아, 활기차고 정말 귀여운 아이들에게 힐링을 받습니다! 또한, 봄 소풍, 여름 캠프(1박 2일), 가을 소풍, 크리스마스 파티, 졸업식 등 아이들과 함께 즐길 수 있는 행사가 가득합니다. 신입생 환영 합숙, 불꽃놀이, 바비큐, 여름 합숙 등 학생들만의 행사도 알차게 마련되어 있습니다. 가장 큰 장점은 동아리의 분위기입니다. 대학, 학년 불문하고 누구나 대환영! 꼭 한번 체험하러 오세요!",매주 토요일/12시부터 19시/토야마 공원,없음,machine_translated,not_reviewed,
C0407,3768,636af007b060174d,자원봉사 동아리 man-vo.,국제 교류·자원봉사,자원봉사,"Human-Volunteer의 약자로 man-vo.! 저희는 도코로자와시 주변에서 ‘사람들과 교류하는 것’을 목적으로 한 복지계열 자원봉사를 하고 있습니다! 자원봉사 활동에서는 지적 장애가 있는 분들과 함께 요리나 스포츠를 하거나, 어린이 및 어르신들과 공부하거나 놀며 매일 교류를 깊게 하고 있습니다. 그 외에도 도코로자와시 교육위원회나 시민 자원봉사 단체 분들과 협력하여 지역 행사 운영 지원을 하고 있습니다.자원봉사 활동은 일절 강제되지 않습니다. 본인의 페이스에 맞춰 시간이 날 때 참여하실 수 있습니다. 또한, 자원봉사 외에도 학년회나 합숙 등의 행사가 있어 선배나 타 대학 학생들과도 금방 친해질 수 있습니다. ‘장애인과 어떻게 대해야 할지 모르겠다’, ‘지금까지 자원봉사를 해본 적이 없다’는 분들도 괜찮습니다! 경험이 풍부한 선배들이 친절하게 도와드립니다. 이번 기회에 복지 분야에 참여해 보시는 건 어떨까요? 부담 없이 연락해 주세요!",활동에 따라 다름 (주로 토·일),없음,machine_translated,not_reviewed,
C0408,3268,095d89c6c2c0fec7,환경 로드리게스,국제 교류·자원봉사,자원봉사,"환경 로드리게스는 1997년에 발족한 와세다 대학 공인·교내 최대 규모의 환경 봉사 동아리입니다. 이름만 들으면 ""환경에 대해 잘 알아야 들어갈 수 있는 건가?""라고 생각할 수도 있겠지만, 사실 그렇지 않습니다. 멤버들은 환경에 관심이 많은 사람부터 대학에 들어와서야 비로소 환경에 관심을 갖게 된 사람 등 다양합니다. 우리가 중요하게 생각하는 것은 ""즐기면서, 내가 할 수 있는 일을 찾는 것""입니다. 활동은 ""사토야마"", ""바다""‘지역 활성화’, ‘교육’, ‘상품 개발’, ‘플라스틱’ 등 6개 기획으로 나뉘어 자연 체험이나 워크숍, 재활용 제품 만들기 등을 진행하고 있습니다. 회의는 각 기획별로 주 1회 정도이며, 어느 기획이나 가족 같은 분위기입니다. 대학과 학년을 초월해 친해질 수 있는 것도 매력입니다. 환경에 대해 잘 몰라도 조금이라도 재미있을 것 같다고 생각하신다면 대환영! 새로운 것에 도전하고 싶은 분도, 동료를 찾고 싶은 분도 분명 편안한 공간을 찾으실 수 있을 것입니다.","기획별 회의 주 1회 (월·수·목·금) / 18:00~20:30 / 학생회관 E817
현장 활동 및 행사 참가 기획별로 수시 (기본적으로 매주 토·일)",없음,machine_translated,not_reviewed,
C0409,3078,ea0db16d16f74f05,와세다대학 광역 BBS회,국제 교류·자원봉사,자원봉사,"BBS란, 갱생보호협력단체(법무부 협력단체) 중 하나로, 갱생보호 및 비행 방지와 관련된 활동을 하고 있습니다. 본회는 관동 최대 규모의 BBS회이며, 지역회로는 드물게 학생만으로 구성된 대학 간 동아리입니다! 우리는 형, 누나 같은 입장에서 아동상담소나 아동자립지원시설 등에서 다양한 사정을 안고 있는 아이들의 대화 상대가 되어주거나 공부를 가르치는 봉사활동을 하고 있습니다.현재 와세다대학, 도요대학 등을 중심으로 다양한 대학의 학생들이 모여 있습니다! 법학, 심리학, 교육학을 전공하는 학생들이 눈에 띄지만, 이공계 학생이나 정치, 경제 등을 전공하는 학생들도 있습니다. 학년도 1학년부터 대학원생까지 다양합니다! 코로나19 사태를 극복하고, 최근에는 등교 거부 아동 지원 등 새롭게 활동의 폭을 넓혀가고 있습니다. 갱생보호나 아동복지에 관심이 있고 의욕이 넘치는 학생을 수시로 모집하고 있습니다! 우리와 함께 활동해 보지 않으시겠습니까?",활동 종류나 개별 사안에 따라 다름,없음,machine_translated,not_reviewed,
C0410,3272,166264a303c37409,지역 고양이 모임 (와세네코),국제 교류·자원봉사,자원봉사,"와세네코는 지역 고양이 활동이라는 자원봉사 활동을 하는 동아리입니다. 길고양이들의 배설물이나 발정기 울음소리 등으로 인한 지역 주민들의 불편을 줄이는 것을 목적으로, 대학 직원분들, 신주쿠구 보건소 직원분들, 그리고 지역 주민 여러분의 이해와 협력을 얻어 활동을 진행하고 있습니다.평소 활동은 주로 고양이에게 먹이를 주는 것으로, 매일 대학 5교시 시간대에 본 캠퍼스 내 정해진 경로에서 나타나는 지역 고양이들에게 먹이를 주고 있습니다.또한, 매일 활동 기록을 노트에 작성하고, 월 1회 열리는 정례회에서 정보를 교환하며 활동을 점검하고 있습니다. 그리고 비정기적이긴 하지만, 신문사나 방송국의 취재에 협력하여 지역 고양이 활동을 알리거나, 심포지엄에서의 강연 등을 통해 더 나은 활동을 위한 논의에 힘쓰고 있습니다. 활동에 대한 문의나 견학 신청 등을 기다리고 있습니다.",매일/16시 30분~18시/학생회관·본 캠퍼스,없음,machine_translated,not_reviewed,
C0411,3270,98d4a47d24718da9,매치 워크그룹 와세다,국제 교류·자원봉사,자원봉사,"이벤트 기획 및 운영을 통해 와세다 상점가 주민들과 아이들과 교류하며, “와세다 마을 만들기”에 힘쓰고 있습니다!
지역 축제나 초등학교 행사 등 매달 많은 행사에 참여하고 있습니다.
와세다 3대 축제인 ‘와세다 축제’, ‘지구 감사제’, ‘이몬 축제’에도 참가하고 있습니다.
또한, 와세다의 매력을 알리는 미디어 ‘와세다 타운 매거진’을 종이 매체로 발행하여, 도자이선 와세다역의 랙이나 와세다의 다양한 가게에 비치하고 있습니다.
매주 수요일 5교시에 열리는 정례 회의는 아늑한 분위기라 금방 친해질 수 있습니다! 멤버들끼리의 친목 활동도 활발합니다.
자원봉사에 조금이라도 관심이 있는 분, 아이들을 좋아하는 분, 누군가에게 도움이 되고 싶은 분, 와세다 마을에 대해 더 알고 싶은 분 등, 누구든지 대환영입니다!",매주 수요일/17:00/학생회관,없음,machine_translated,not_reviewed,
C0412,3627,2894fc3c874fd560,차터 스쿨 교육 지원 ~하와이 편~,국제 교류·자원봉사,자원봉사,"ALOHA!! 저희 차터 스쿨 교육 지원 ~하와이 편~(Hawaii PJ)은 와세다대학 히라야마 이쿠오 기념 자원봉사 센터(WAVOC)에서 탄생한 와세다대학 공인 교육 지원 자원봉사 동아리입니다.우리는 활동 이념인 ‘Learning by Teaching’을 바탕으로, 매년 여름방학과 봄방학을 이용해 미국 하와이주 하와이섬 볼케이노 마을에 있는 차터 스쿨(charter school)을 방문하여, 2주간 홈스테이를 하며 현지 아이들에게 일본어와 일본 문화 수업을 가르치거나, 현지 아이들과 교류를 깊게 하는 활동을 하고 있습니다.
/
/
/
/* 교육과 아이들을 좋아한다!!
/
/* 미국, 하와이의 문화를 접해보고 싶다
/
/* 해외 교육 현장에 발을 들여놓고 싶다
/
/* 일본 문화를 좋아하고, 내가 알고 있는 일본의 좋은 점을 세계에도 알리고 싶다
/
/* 국제 교류에 관심이 있다
/
/* 적극적으로 영어를 말하고 싶다!
/
/라는 의지를 가진 분들, 함께 하와이의 초중학교에서 교육 지원 자원봉사를 하며 남들과는 다른 여름방학을 보내보지 않으시겠습니까? 우리 자신도 솔직하고 성실한 아이들에게서 배울 점이 많습니다. 그 외에도 동아리 전체인 OHANA(오하나)로서 출국 전 사전 미팅이나 하와이와 일본 문화에 대한 스터디 모임을 진행하며, WAVOC 주최 프레젠테이션 콘테스트 행사에도 참가하고 있습니다.","주 2회 현지 온라인 수업 참여, 월 1회 팀 미팅, 그 외 비정기 활동 있음 / 8시 25분~9시 15분(온라인 수업), 그 외 활동 시간은 미정 / WAVOC 미팅 스페이스, Wspace, 온라인",없음,machine_translated,not_reviewed,
C0413,3645,38dce66d333fd400,농락숙,국제 교류·자원봉사,자원봉사,"“와세다(早稲田)인데, 왜 논이 없을까?” 이 소박한 의문에서 우리 농락숙은 발족하여, 오쿠마 정원에 있는 ‘와세덴’을 중심으로 폭넓게 활동해 왔습니다. 발족한 지 20년 가까이 지났으며, 현재는 와세덴에서의 벼농사 외에도 다양한 활동을 하고 있습니다.주요 활동은 오쿠마 정원에 있는 논과 밭을 관리하는 것입니다. 평일 점심시간에 진행하며, 활동이 끝난 후에는 3교시가 비어 있는 멤버들과 함께 와세메시를 먹으러 가는 경우가 많습니다. 또한, 와세다 유치원이나 스미다구의 스텝 학급과 교류를 맺고 있어, 아이들이 자연을 접할 수 있는 기회를 제공하는 봉사활동을 하고 있습니다. 모내기와 벼 베기를 함께 하거나, 가재 잡기를 하기도 합니다.주말에는 농가와의 교류도 정기적으로 진행하고 있습니다. 도코로자와시나 카스미가우라시의 농가 방문 시에는 농업 체험뿐만 아니라 맛있는 식사도 대접받습니다. 그 외에도 농업과 직접적인 관련이 없는 활동부터 깊이 있는 활동까지 다양한 기획을 진행하고 있어, 일 년 내내 활동을 즐길 수 있습니다! 우리는 앞으로도 ‘농사를 즐기고, 농사를 생각한다’를 모토로 활동해 나갈 것입니다.",평일 점심/휴일 비정기/오쿠마 정원 등,동아리 사이트 폐쇄,machine_translated,not_reviewed,
C0414,3714,d8eb74b7ef74644f,DOORS-일본-베트남 교류 프로젝트-,국제 교류·자원봉사,자원봉사,"안녕하세요. DOORS 일월 교류 프로젝트입니다. 저희는 베트남 어린이들을 위한 장학금 지원과 교류회 운영을 두 가지 주요 축으로 활동하고 있습니다. 베트남에는 봄과 여름 방학을 이용해 연 2회, 2주씩 방문하고 있습니다.국내에서는 장학금 마련을 위해 와세다 축제 등의 행사에 참가해 베트남 잡화를 판매하고 있으며, 베트남인을 중심으로 한 재일 외국인을 위한 행사도 월 1회 개최하고 있습니다. 동기끼리는 물론, 선배와 후배 간의 관계도 매우 좋은 동아리입니다! 2, 3학년부터 참여하는 사람도 많으므로, 해외 봉사에 관심이 있는 분은 물론, 동남아시아에 관심이 있는 분이나 이문화 교류에 관심이 있는 분, 행사 기획을 좋아하는 분 등 누구나 환영합니다! 꼭 한번 미팅에 와 보세요.",매주 월요일/18시 15분/와세다대학 3호관,동아리 사이트 폐쇄,machine_translated,not_reviewed,
C0415,3788,cd136837c2331d6a,학생 NGO EST,국제 교류·자원봉사,자원봉사,"학생 NGO EST는 ‘학생이기에 할 수 있는 최대한의 지원을’을 모토로, 필리핀 어린이들에게 교육 지원과 문화 교류를 실천하는 실천형 봉사 단체입니다. 매년 여름 방학 기간 중 필리핀으로 건너가 현지 홈스테이, 현지 놀이, 간단한 수업을 통해 어린이들과 직접 교감하며, 미래에 대한 희망과 가능성을 키우는 활동을 하고 있습니다.수업에서는 위생, 역사, 지역 전통 문화 등을 주제로 아이들이 스스로 생각하고 서로 배우는 장을 제공하여, 꿈을 실현할 수 있는 계기를 마련해 주고 있습니다. 또한, 활동 계획부터 실행까지 학생들이 주체적으로 참여함으로써 국제 감각과 리더십, 문제 해결 능력을 기르고, 실생활에서 도움이 되는 경험을 쌓을 수 있는 절호의 기회가 되고 있습니다. 더불어 일 년 내내 합숙 등 다양한 이벤트도 알차게 마련되어 있어, 진지할 뿐만 아니라 즐거운 활동 내용입니다.포부를 가진 학생 여러분, 함께 미래를 개척하기 위해 EST에 가입하여 필리핀을 지원해 보시지 않겠습니까?",매주 화요일/19시/학생회관,없음,machine_translated,not_reviewed,
C0416,3630,c1165e4df3bea778,아톰 통화 실행위원회 와세다·다카다노바바 지부,국제 교류·자원봉사,자원봉사,"와세다·타카다노바바 지역에서 사용할 수 있는 지역 화폐 '아톰 화폐'의 관리·운영 및 지역에서 열리는 행사에 자원봉사자로 참여하고 있습니다.
/
/
/
/지역 상점가나 음식점 관계자분들과 교류할 기회가 많아, 가게 주인분들과 친해지거나 와세다의 맛집에 대해 잘 알게 될 수 있습니다!
/
/
/
/지역 화폐를 다루는 만큼 어느 정도의 책임감은 필요하지만, 직접 처음부터 이벤트를 기획할 수도 있으니 관심 있는 분들은 꼭 부실로 견학하러 오세요!",매주 화요일/18시 15분/학생회관 E532,없음,machine_translated,not_reviewed,
C0417,3725,d918438eccd5b17f,와세다 대학 방재 교육 지원회 WASEND,국제 교류·자원봉사,자원봉사,"와세다 대학 방재 교육 지원회 WASEND는 2004년에 발생한 인도네시아 수마트라 섬 해역 지진을 계기로 발족했습니다.현재 약 80명의 회원이 일본 국내뿐만 아니라 인도네시아, 필리핀의 어린이들을 대상으로 방재 관련 교육 활동을 펼치고 있습니다. 현지 대학생 및 전문가와의 치밀한 현장 조사를 바탕으로 해당 지역에 적합한 수업을 실시하고, 실험 장치 등을 활용하여 체험형 콘텐츠를 제공함으로써 어린이들의 방재 의식 향상을 목표로 하고 있습니다.이 외에도 지역 방재 축제에도 적극적으로 참여하고 있습니다. 또한, WASEND에서는 방재 그림책도 제작하고 있으며, 지금까지 『요시하마를 싫어하는 이야기』, 『나는 혼자가 아니야 ~와휴 군과 아체를 덮친 대쓰나미~』 등 2권을 발간했습니다. 일본어/영어판과 인도네시아어판 2종류를 준비하여 국내외 초등학생들에게 배포하고 있습니다.","수요일·금요일, 그 외 여름방학·봄방학 / 18:15~ / 사회복지 실습실",Instagram 링크 끊김,machine_translated,not_reviewed,
C0418,3644,a12e249f29758094,마츠다이 와세다 존노비 클럽,국제 교류·자원봉사,자원봉사,"니가타현 토카마치시 마츠다이 지역은 풍요로운 자연에 둘러싸여 있으며, 겨울에는 3~4m의 적설량을 기록하기도 하는 일본 유수의 폭설 지역입니다. 최근 인구 감소로 인해 과소화 및 고령화가 심각한 문제가 되고 있으며, 이 지역에는 한계 마을이 다수 존재합니다. 저희는 이 마츠다이 지역 내의 가모 마을을 주 거점으로 활동을 펼치고 있습니다.주요 활동으로는 주 1회 미팅, 월 1회 현장 활동, 교육 지원을 하는 마츠시로 주쿠 Jr., 설국 체험 프로그램 등을 진행하고 있습니다. 현장 활동에서는 지역 행사 참여나 환경 정비를 통해 현지 주민들과 교류하며, 풍요로운 자연과 아름다운 계단식 논, 마을 행사 등 지역 문화의 보전에 힘쓰고 있습니다.마츠시로 주쿠 Jr.는 여름방학에 일반 참가자와 함께 마츠시로 지역에 거주하는 초·중학생을 대상으로 교육 지원을 실시하는 프로젝트이며, 설국 체험 프로젝트라는 활동도 일반 참가자를 모집하여 눈 치우기나 민박을 통해 설국을 체험하는 프로그램입니다. 이 두 프로젝트는 일반 참가자들에게 마츠시로의 매력을 알리는 것도 목적으로 하고 있으며, 더 많은 분들에게 마츠시로의 매력을 알리기 위해 대학 행사 등에도 적극적으로 참여하고 있습니다.현지 주민들과의 교류를 통해 즐거움을 나누고, 대학생이라는 점을 살려 지역 활성화에 기여하는 것을 목표로 다양한 활동에 힘쓰고 있습니다.",매주 금요일/18시 30분/WAVOC,없음,machine_translated,not_reviewed,
C0419,3715,7ae3f379117ed5e8,일본-한국 미래 프로젝트,국제 교류·자원봉사,자원봉사,"일본코리아미래프로젝트(통칭 닛코리)는 “활동을 통해 자신의 가능성을 깨닫고, 생각하고, 행동함으로써 일본과 한국을 연결하고, 모두가 ‘닛코리’하고 웃을 수 있는 미래를 만든다”를 모토로 매일 활동하고 있습니다. 매주 영토 문제·위안부 문제·핵 문제 등 한국이나 북한에 관한 주제로 스터디 모임을 실시하거나, 매월 조선대학교에서 개최하는 북한 관련 스터디 모임에 참가하고 있습니다.또한, 타 단체와의 협업 행사나 내부 행사를 개최하는 등, 즐기면서 교류를 깊게 할 수 있는 기획도 다수 진행하고 있습니다. 더불어 여름에는 약 1주일간, 한국과 북한을 분단하는 38선 부근의 농촌에서 한일 학생들이 자원봉사 활동을 펼치고 있습니다(‘38선 평화 활동’).저희 일본 코리아 미래 프로젝트는 한일 학생들의 교류가야말로 서로에 대해 품고 있는 편견을 없애는 데 필수적이라고 생각합니다. 저희는 활동을 통한 교류를 통해 새로운 한국과 북한을 발견하고, 미래 지향적인 한일·일조 관계를 구축하는 첫걸음을 내딛고자 합니다!! 여러분도 저희와 함께 그 첫걸음을 내딛어 보시지 않겠습니까? 니코리 일동, 여러분의 참여를 진심으로 기다리고 있습니다!
/
/
/
/
/
/
/1: 주간 스터디 모임
/
/
/
/
/2: 고려대학교 방문
/
/
/
/
/3: 행사
/
/
/
/
/4: DMZ 평화 프로젝트
/
/
/
/
/",매주 화요일·금요일 (활동에 따라 다름)/18시 30분/와세다 캠퍼스·와세다 대학 자원봉사 센터,없음,machine_translated,not_reviewed,
C0420,3493,c76b0098d8472ac1,WHABITAT,국제 교류·자원봉사,자원봉사,"국제 NGO 단체 Habitat for Humanity의 와세다 대학 학생 지부입니다. 주요 활동으로 장기 방학 기간 중 개발도상국에서의 주택 건축 봉사(GV)를 진행하고 있습니다. 해외 활동 외에도, 마찬가지로 장기 방학 기간 중 팀을 구성해 국내 다양한 지역으로 파견되어 봉사 활동을 하거나, 도쿄 근교에서의 농업 지원 및 쓰레기 줍기 등을 정기적으로 실시하는 등 다방면에 걸친 활동을 펼치고 있습니다.사회 문제를 다루는 주 1회 미팅도 진행하고 있으며, 호스트의 발표나 참가 멤버 간의 토론 등을 통해 봉사 활동에 대한 의식을 높이는 기회를 마련하고 있습니다. 위에 기재된 본 동아리의 모단체가 같은 다른 대학과 교류할 수도 있어, 많은 사람과 교류하고 의견을 나눌 수 있습니다. 봉사 활동뿐만 아니라 크리스마스 파티, 바비큐 등의 레크리에이션이나 신입생 환영 기간, 여름·겨울 합숙 등의 이벤트도 정기적으로 개최하고 있어, 대학생만의 즐거움도 만끽할 수 있습니다!동아리 전체의 분위기는 멤버들끼리 학년이나 성별의 벽을 넘어 매우 친밀하고 즐거운 분위기이며, 언제 누가 와도 미소로 맞이해 주는 등 모두가 따뜻하고 가족 같은 분위기가 큰 특징입니다. 배움도 놀이도 전력을 다해 임할 수 있으므로, “대학생이니 새로운 것에 도전하고 싶다! 배우면서도 대학 생활을 제대로 즐기고 싶다”는 분들에게 안성맞춤입니다. WHABITAT에 가입하여 함께 대학 생활을 알차게 보내보지 않으시겠습니까?
/
/
/
/","매주 수요일/19시/교실·와세다 인근 회의실, 토·일요일 수시 비정기 봉사활동",없음,machine_translated,not_reviewed,
C0421,3628,8bb62b5c6549ed1f,라오스 학교 건설 교육 지원 프로젝트 ~순~,국제 교류·자원봉사,자원봉사,"저희는 ‘함께 생각하고, 함께 느낀다’는 활동 이념 아래, 겨울방학 2주 동안 라오스 남부 참파삭 군에 위치한 논비엔 마을과 논사 마을에서 교육 지원 활동을 진행하고 있습니다.코로나19의 영향으로 2년간 현지에 갈 수 없었지만, 작년에는 3년 만에 현지를 방문하여 활동을 진행했습니다. 활동반에서는 ‘팀워크’를 주제로 한 운동회를 기획했고, 저학년반에서는 환경 문제를 다뤘습니다. 또한, 고학년반에서는 세계유산 교육을 실시했습니다. 수업 외에도 교사와의 교류 및 가정 방문을 통해 라오스의 문화를 직접 체험할 수 있었습니다.일본 국내에서도 라오스 유학생과의 교류회나 중·고등학교 수업, 와세다 축제 참가를 진행하고 있습니다. 선배와 후배의 경계가 없어 가족 같은 분위기라, 신입 회원의 의견도 반영되어 1년 차부터 깊이 참여할 수 있는 동아리입니다. 여러분의 가입을 기다리고 있습니다♪","매주 월·화·수, 금요일 / 학생회관",없음,machine_translated,not_reviewed,
C0422,3636,4094757a61e215e6,와세다대학 게센누마 팀,국제 교류·자원봉사,자원봉사,"우리는 동일본 대지진 직후 와세다 대학과 미야기현 게센누마시의 인연에서 발족하여, 그 이후 지속적으로 부흥 지원 활동에 힘써 왔습니다. 현재는 2개월에 한 번씩 현지를 방문하여 스터디 투어, 학습 지원, 행사 보조 등을 진행하고 있습니다. 8월에 열리는 ‘게센누마 미나토 마츠리’는 운영을 돕는 동시에 우리 자신도 춤꾼으로서 축제를 활기차게 만드는 대규모 행사입니다.지진 발생 후 13년이 지난 현재, 현지의 상황과 필요도 변화함에 따라 잔해 철거 작업으로 시작된 우리의 활동도 계속 변화하고 있습니다. 지진 당시의 게센누마 모습뿐만 아니라 현재의 매력도 지속적으로 알림으로써 게센누마가 더욱 활기차고 생기 넘치는 도시가 될 수 있도록, 도쿄에서도 적극적으로 활동하고 있습니다. 또한, 2020년 이후로는 블로그나 무료 신문 배포를 통해 게센누마 정보를 알리고 있으며, 그 어느 때보다 많은 분들이 게센누마를 알게 되는 계기를 마련하고 있습니다.지진 재해로부터 시간이 흐르며 기억이 희미해짐에 따라 현지에서 활동하는 자원봉사자의 수도 줄어들고 있습니다. 이는 당연한 일일지도 모릅니다. 하지만 현지에는 여전히 우리를 필요로 하는 분들, 그리고 우리의 활동으로 미소를 지어주시는 분들이 많이 계십니다. 우리는 그런 분들의 목소리에 계속해서 응답해 나갈 것입니다. 자원봉사에 조금이라도 관심이 있는 분, 도호쿠에 가보고 싶은 분, 지진 재해에 대해 조금 공부해 보고 싶은 분, 어떤 분이든 대환영입니다.
/
/
/
/저희와 함께 게센누마를 활기차게 만들어 보시지 않겠습니까?",주 1회(요일 불규칙)/99호관 WAVOC 미팅 스페이스/18시~20시,note 링크 끊김,machine_translated,not_reviewed,
C0423,3287,ec75f764774e8982,와세다 대학 POST,국제 교류·자원봉사,자원봉사,"""자원봉사에 관심은 있는데, 구체적으로 무엇을 하고 싶은지 모르겠다…"", ""다양한 자원봉사에 도전해 보고 싶다!"" 등 고민 중인 분들! 그런 분들께 와세다 대학 POST를 추천합니다! POST는 자원봉사라면 무엇이든 할 수 있는, 모든 장르를 아우르는 것이 특징인 공인 자원봉사 동아리입니다. 주요 활동으로는 어르신들과의 교류 살롱, 방과 후 데이 지원 활동, 쓰레기 줍기, 장기 방학 중 농업 체험 합숙, 그 외 이벤트 운영 등 다양한 단발성 자원봉사 활동이 있습니다.자원봉사를 통해 어린이부터 어르신까지 폭넓은 연령대의 분들과 교류할 수 있습니다. 멤버들끼리 사이가 좋아서 매우 편안한 동아리입니다!
세계적인 팬데믹으로 인해 사람 간의 유대가 희박해진 지금이야말로, 예전에는 보이지 않았던 연결 방식과 그 중요성을 우리는 알게 되었습니다. 일상 속의 유대를 소중히 여기는 것뿐만 아니라, 스스로 밖으로 나서서 활동함으로써 사람은 연결되는 것의 따뜻함을 실감할 수 있습니다. 자원봉사를 통해 그런 경험을 할 수 있는 곳이 바로 와세다 대학 POST입니다.
자원봉사는 결코 일방통행이 아니라, 상호적인 사람 간의 연결이며, 이를 통해 상대를 받아들이고 같은 공간에 함께 있다는 사실에서 기쁨을 느낄 수 있습니다. 단체로 활동하기 때문에 비로소 생겨나는 사람 간의 연결을 소중히 여기며 우리는 자원봉사를 하고 있습니다.","미팅: 주 1회/12:30~13:00, 17:00~18:40, 21:00~21:40/학생회관 2층, 3호관 W스페이스, Zoom
노인과의 교류회(살롱): 매월 둘째 주 일요일/9:00~12:00/니시와세다 지역교류관
방과 후 등 데이 서비스 활동: 희망자 참여/다카다노바바 또는 키타신주쿠
쓰레기 줍기: 월 1회/11:00~12:00/와세다 주변
농업 체험 합숙: 봄방학과 여름방학 연 2회/후쿠시마현 아이즈와카마쓰시
그 외 다양한 봉사 활동을 할 수 있습니다!",없음,machine_translated,not_reviewed,
C0424,3773,d1eb3aa419c6db59,와세다대학 이치고 다이후쿠 연구회,국제 교류·자원봉사,자원봉사,"딸기 다이후쿠에 특화하여 활동하는 일본 최초의 동아리입니다. 2016년에 창설되었으며, 딸기 다이후쿠의 매력을 세계에 알리고 싶다는 마음으로 발족했습니다. 딸기 다이후쿠를 좋아한다, 딸기를 좋아한다, 단 것을 좋아한다, 요리를 좋아한다, 상품 개발을 해보고 싶다, 동아리 이름이 재미있다 등 입부 이유는 사람마다 다양합니다. 부원 중에는 “딸기는 별로지만, 재미있을 것 같아서 입부했습니다”라고 말하는 사람도 있습니다.대학 간 동아리인 만큼 타 대학 학생들도 많아, 모두 화기애애하게 활동에 임하고 있습니다. 주요 활동으로는 동아리 오리지널 상품 판매를 위한 대복 시제품 제작 모임이나, 딸기 대복을 중심으로 한 대복 시식회가 있습니다. 그 외에도 여름 합숙이나 와세다 축제에서의 부스 운영, 당일치기 여행 등도 하고 있습니다.
/
/
/
/2022년부터는 상품 개발에 중점을 두고 활동해 왔습니다. 수차례 시제작을 거듭한 결과, 2023년 4월, 드디어 니시와세다에 있는 ‘차차 공방’과 콜라보한 상품을 판매하게 되었습니다. ‘차차 공방’의 차와 잘 어울리도록 개발한 ‘포장하지 않는 딸기 다이후쿠’는 판매 시기인 봄에 맞춰 분홍색과 흰색 구히를 벚꽃 모양으로 만들었습니다.생크림과 팥소를 사용한 팥소 크림과 딸기를 얹어 귀엽게 완성했습니다. 호평을 받아 5월에는 아사쿠사 점에서도 테이크아웃 판매를 진행했습니다.
/
/
/
/상품 개발에 관심이 있다, 딸기 다이후쿠를 좋아한다, 다이후쿠에 대해 더 알고 싶다, 어떤 이유라도 환영합니다.
/
/
/
/함께 활동을 더욱 활기차게 만들어 봅시다!
/
/
/
/
/
/
/
/
/
/
/
/
/
/
/함께 활동을 더욱 활기차게 만들어 봅시다!","월 3회 정도 (요일 불규칙) / 평일 19시, 휴일 불규칙 / 학생회관, 지역센터 조리실",없음,machine_translated,not_reviewed,
C0425,3764,7dad20b49b6da46b,와카야마 학생 이나몬회,기타,학생 이몬회,"와카야마 학생 이나몬회는 와카야마 출신 학생들이 모여 교류하거나, 이나몬회 선배들과 교류하며 와카야마를 활성화하는 지방 학생 모임입니다. 주로 10월 하순에 열리는 이나몬제를 위해 활동합니다. 그 외에도 회원을 모은 다양한 이벤트를 개최하고 있습니다.와세다에서는 와카야마에서 태어나고 자란 학생들을 만나기 어려울 수도 있겠지만, ‘고향을 잊고 싶지 않다’, ‘와카야마를 느끼고 싶다’는 학생들에게는 안성맞춤인 모임입니다. 와카야마 출신 학생들은 꼭 참여해 주시기 바랍니다. SNS를 통해 언제든지 연락 주시면 감사하겠습니다.",이벤트 개최 시,없음,machine_translated,not_reviewed,
C0426,3219,c08545b47a16560d,전국 와세다 학생회 연맹,기타,학생 이몬회,"지방 출신 와세다대생이라면, 언제든지 누구나 이벤트에 참가할 수 있습니다! 지방 학생회(○○학생 이몬회)는 각 도·부·현과 연고가 있는(출신지, 출신 고등학교 등) 와세다대생들이 모여 친목을 다지는 것을 목적으로 설립된 공인 동아리입니다. 고향의 유대를 강화하는 것 외에는 규칙이 없습니다!함께 술자리를 갖거나, 고향의 축제에 참가하거나, 합숙을 하는 등 각 학생 이몬회가 특색 있는 활동을 펼치고 있습니다. 홋카이도에서 오키나와까지 전국 30여 개의 학생 이몬회가 있으며, 다수의 지방(도쿄·가나가와·사이타마 이외) 출신 와세다 대학생이 소속되어 있습니다.전국 와세다 학생회 연맹(전조련)은 학생 이몬회의 연합 조직으로서, 학생 이몬회 합동 친목회 및 이벤트 기획·운영, 와세다 대학 체육대회 정식 종목인 ‘Tokyo 하이크’와 봄의 ‘신입생 웰컴 파티’, 가을의 ‘이몬 고향 파티’ 운영 등 폭넓은 활동을 펼치고 있습니다.소속 학부·학년도 다른 많은 동료들을 만날 수 있는 동아리입니다! 또한, 처음 만나는 상대에게도 이미 ‘동향인’이라는 소중한 연결고리가 있습니다. 꼭 한 번, 부담 없이 학생 이몬회나 전조련의 활동에 참여해 보세요. ※이 동아리 소개에 실려 있지 않은 학생 이몬회도 있습니다. “내 출신지의 학생 이몬회는 없나?”라고 생각하시는 분은, 한 번 전조련으로 연락해 주십시오.",요일 불규칙 수시/학생회관 E210,없음,machine_translated,not_reviewed,
C0427,3225,19ffcbe9f8fed638,야마나시 학생 이나몬회,기타,학생 이몬회,"야마나시 학생 이나몬회는 야마나시현 출신 와세다대생들의 휴식처가 되기 위해 매일 활동하고 있습니다. 평소 와세다 캠퍼스 근처 카페 '플란탄'에 모여 사이좋게 점심을 먹거나, 가끔 술자리를 갖거나, 장기 방학에 합숙을 하거나, 고후에서 모이거나… 하며 느긋하게 활동하고 있습니다.
/
/타 현의 학생 이몬회나 동문 분들과의 유대도 깊고, 전통도 있어 교류와 인맥을 넓힐 기회도 많습니다. 일 년에 한 번 야마나시현에서 개최되는 와세다대학 지역 교류 포럼, 동문회 지부 총회에도 참가하고 있습니다.
/
/여러분 모두 야마나시를 떠나 와세다에서 많은 새로운 친구도 사귀셨겠지요. 하지만 마음의 고향인 야마나시현 이야기로도 한 번 분위기를 띄워보지 않으시겠습니까?‘동향’이라는 이유만으로 학부·학년·취미와 관계없이 친근감과 연대감이 넘치는, 정말 따뜻한 동아리입니다. 다른 동아리와 병행하는 분들도 많습니다.
/
/학년에 상관없이 언제든지 새 멤버를 대대적으로 모집 중입니다! 1학년은 물론, 4학년, 5학년, 대학원생도 환영합니다! 그러니 한 번이라도 좋으니 꼭 놀러 와 보세요! 함께 어울려 봅시다. 언제든지 기다리고 있겠습니다.",주말에는 야마나시에 있습니다. (다카다노바바),없음,machine_translated,not_reviewed,
C0428,3234,b91482f0357f5fa2,야마구치 학생 이나몬회,기타,학생 이몬회,"저희 야마구치 학생 이몬회는 올해부터 본격적으로 활동을 시작하여, 이몬제에 부스를 운영하는 등 활기 넘치는 동아리입니다. 야마구치현의 매력을 최대한 끌어낼 수 있도록 동아리 내 친목도 다지고 있습니다. 야마구치현 출신이 아니더라도, 야마구치현을 무척 좋아하거나 '야마구치'라는 성을 가진 분도 대환영입니다. 한 달에 한 번꼴로 이벤트를 기획하고 있습니다.또한, 전국의 이몬회를 총괄하는 전국 와세다 학생 연맹이 기획하는 행사 등에도 적극적으로 참여하는 스타일입니다. 와세다 대학에 소속된 야마구치현 출신, 또는 야마구치현에 조금이라도 관심이 있는 분은 언제든지 연락해 주세요! 학년 불문하고 대환영입니다. 목표는 와세다 축제에 부스를 운영하는 것과, 야마구치현청과 협력하여 도쿄에서 야마구치를 활성화하는 활동을 펼치는 것입니다. 앞으로도 야마구치 학생 이몬회를 잘 부탁드립니다!",월 1~2회 본교 캠퍼스 8호관,없음,machine_translated,not_reviewed,
C0429,3710,4c7cca046952067f,오카야마 학생 이몬회,기타,학생 이몬회,"매년 가을 이나몬제에 부스를 설치하여 키비단고 등 오카야마의 명물을 판매하거나, 교무부 주최 지역 포럼에 참가해 대학 설명을 하는 등, 2017학년도부터 본격적으로 활동을 재개했습니다. 활동을 통해 오카야마 출신 재학생 간의 친목을 다지고, 재학생과 동문 간의 유대도 강화해 나가고 있습니다.또한 매년 오카야마현이 주최하는 파티에 초청되는 등 활동은 다방면에 걸쳐 있습니다. 오카야마 출신 여러분, 꼭 활동에 참여해 보시지 않겠습니까?",불규칙적,없음,machine_translated,not_reviewed,
C0430,3719,5ccb93c192f44bc0,사가 학생 이나몬회,기타,학생 이몬회,"사가현 출신 또는 사가와 인연이 있는 학생들이 모인 학생 이나몬회입니다. 취업 상담이나 신입생 지원부터 지방 창생 활동까지, 활동 내용은 다양합니다. 관심 있는 학생들은 꼭 가입만이라도 해보시는 건 어떨까요?",불규칙,없음,machine_translated,not_reviewed,
C0431,3720,ba9cfa030f0e4bac,가고시마 학생 이몬회,기타,학생 이몬회,"가고시마 학생 이몬회는 2018년도에 설립되어 처음으로 이몬제에 부스를 내거나 동문 분들과 교류를 즐기고 있습니다. 다들 매우 친절하고, 가족 같은 분위기입니다. 가고시마현 출신 학생들의 연락을 기다리고 있습니다. 가고시마 사투리로 많이 이야기해 봅시다!",비정기적,없음,machine_translated,not_reviewed,
C0432,3730,5689fb3e7b9a040f,홋카이도 학생 이몬회,기타,학생 이몬회,"안녕하세요! 홋카이도 학생 이몬회는 홋카이도 출신의 재학생과 동문, 그리고 재학생 간의 교류를 목적으로 활동하는 동아리입니다. 구체적인 활동으로는 정기적인 식사 모임이나 비정기적인 이벤트(스키, 전골 파티 등을 예정하고 있습니다!), 이몬제에서의 홋카이도 특산품 판매, 지역 교류 포럼 개최, 그 외 다양한 기획 등을 통해 교류의 장을 마련하고 있습니다.이몬제 등의 행사에 부스를 운영하며 홋카이도의 매력을 알리고, 홋카이도의 발전에 기여하는 것을 목표로 하고 있습니다. 코로나19 사태 이후 재건 기간인 만큼, 어떤 행사나 기획이든 새롭게 시도해 보려는 분위기가 있습니다. 홋카이도 각지에서 모인 동향인 와세다 대학생들과 교류를 깊게 할 수 있는 동아리로, 꼭 참여해 주세요!",수시/학생회관 E210 등,없음,machine_translated,not_reviewed,
C0433,3763,54b637e917b6e5bc,후쿠오카 학생 이나몬회,기타,학생 이몬회,"학생 이몬회는 출신 지역이라는 공통점을 가진 학생들이 모여 정보를 공유하고 다양한 이벤트를 기획하는 동아리입니다.
/
/
/
/후쿠오카 학생 이몬회는 코로나 사태로 인해 일시적으로 활동을 중단했었으나, 올해부터 활동을 재개했습니다. 선배님들과 함께 이몬제 참가, 취업 활동 이벤트 기획, 다른 학생 이몬회와의 교류 등 다양한 활동을 펼치고자 합니다.
/
/
/
/지방에서 올라와 불안한 분, 선배님들과 소통하고 싶은 분, 꼭 함께 활동해 보시지 않겠습니까?
/
/
/
/특히 올해는 동아리 재가동 첫 해인 만큼, 새로운 기획을 수립하는 등 능동적으로 활동할 기회가 많습니다! 여러분이 하고 싶은 일, 후쿠오카 출신이라는 정체성을 바탕으로 함께 이루어 봅시다!",불규칙,없음,machine_translated,not_reviewed,
C0434,3237,b0be76f9fca2101e,나가사키 학생 이나몬회,기타,학생 이몬회,"나가사키 출신 학생들이 모인 현인회입니다. 술자리를 갖거나, 다른 이몬회와 공동으로 운동회를 개최하기도 합니다.",정보 없음,없음,machine_translated,not_reviewed,
C0435,3238,91aee5e294b21198,구마모토 학생 이몬회,기타,학생 이몬회,"구마모토현 출신 와세다대 학생들이 모여, 연 1회 열리는 이몬제 참가 및 친목회 등을 진행하고 있습니다.",불규칙,없음,machine_translated,not_reviewed,
