circle_id,waseda_id,名前,メインカテゴリ,サブカテゴリ,活動内容,活動日時・場所,所属人数,設立年,外国人学生の受け入れ,外国人学生歓迎マーク,写真URL,ウェブサイト（学校）,サイトメモ,ウェブサイト（サークル）,Instagram,X,Facebook,LINE,Waseda Weekly,YouTube,TikTok,note,その他のリンク,備考
C0001,3162,軟式野球部,スポーツ（球技）,野球,私たち軟式野球部は東京六大学軟式野球連盟に所属し、春季秋季のリーグ戦を上位大会の出場を目指し戦っています。近年では六大学秋季リーグ戦優勝、東日本大会ベスト8という好成績を収め大学軟式野球界を引っ張るリーディングチームであるという自覚を持ち、日々の練習に取り組んでいます。部員は甲子園出場経験のあるものから高校野球未経験者までさまざまなものがいて、顔ぶれは豊かではありますが、とにかく真剣に少しでもうまくなろうと全員が努力していることは共通していることです。大学で全国大会を目指したい、真剣に野球をしたいけどサークルだと物足りない人などにはオススメです！,月〜金曜日/9時〜11時or13時/石神井公園・浮間公園など,46人,1961年,0人,なし,なし,https://www.waseda.jp/inst/weekly/circleguide/detail/?id=3162&lng=en,なし,なし,なし,https://twitter.com/AgouWASEDA,なし,なし,なし,なし,なし,なし,なし,公式サイトから取得; リンク検証済み; 写真URLなし
C0002,3530,理工硬式野球部,スポーツ（球技）,野球,"理工系六大学リーグに属している、早稲田大学で唯一の硬式野球サークルです。活動は週1~3 回。六大学でリーグ戦優勝を目指して日々活動しています。マネージャーは、早稲田はもちろん日本女子大学や東京女子大学、清泉女子大学、学習院女子大学、東京家政大学、昭和女子大学、共立女子大学など様々な大学の学生が所属しています。活動場所は様々で、駒沢公園野球場、江戸川球場、神宮室内練習場、朝霞市民球場、小野路球場、上柚木球場、立川公園球場など都内または東京近郊の球場で主に練習や試合をしています。3月の宮崎合宿、5月の新歓合宿、9月の夏合宿や東京ドームでの試合、海外遠征などに加え、体育館レクなどその他野球以外のイベントも充実しています。 「理工」と名がついていますが、文系の学生も多数在籍しています！
/
/
/
/インスタなどをみて興味を持った方は、ぜひ実際に練習に来てください！新歓期間以外でも募集しているので、気軽にSNSのDMに連絡してください！","平日（授業後）・土日
/
/
/
/都内または東京近郊の野球場
/
/
/
/ex) 駒沢公園野球場、江戸川区球場、神宮室内球技場、朝霞中央公園野球場",41人,1961年,0人,なし,https://www.waseda.jp/inst/weekly/assets/uploads/2023/03/EN-017_1-940x627.jpg,https://www.waseda.jp/inst/weekly/circleguide/detail/?id=3530&lng=en,なし,https://rikotaibig6.com/team/waseda/,https://www.instagram.com/waseda_rikou_bbc_official,https://twitter.com/WasedaRikouBBC,なし,なし,なし,なし,なし,なし,なし,公式サイトから取得; リンク検証済み
C0003,3396,江戸の会（軟式野球同好会）,スポーツ（球技）,野球,今年で50年目を迎える、軟式野球サークル江戸の会です！毎週火、金の2回、経験者と未経験者関係なく混じって練習しています。サークルのイベントとしては、4月には新歓合宿があり、6月と11月には1泊2日の大会合宿があります。そこでは色んな学年の人とチームを組んで試合を行なうことで非常に結束力が高まります。さらに、9月の夏合宿では、野球の練習はもちろん、川遊びや肝試し、花火などのレクリエーションも行います。そして3月には春合宿も行います。また、年間大会にも積極的に参加しており、プロスタや関東大会を目指し日々練習を頑張っています。また野球だけでなく、納涼船やスノボ合宿、学年ディズニーなどマネージャーさんも楽しめるようなイベントも行っています。,毎週火・金曜日/15時から19時の間/上井草・浮間・哲学堂など,60人,1974年,2人,なし,https://www.waseda.jp/inst/weekly/assets/uploads/2016/02/7A-206_edonokai.jpg,https://www.waseda.jp/inst/weekly/circleguide/detail/?id=3396&lng=en,なし,なし,https://www.instagram.com/edonokai/,https://twitter.com/edonokai,なし,なし,なし,なし,なし,なし,なし,公式サイトから取得; リンク検証済み
C0004,3198,プロ野球ファンサークル　セレクト,スポーツ（球技）,野球,とにかくみんな野球が大好き！ 12球団のファンのみならずMLBや六大学のファンまで幅広く所属し、みんなで観戦に行くのはもちろん、ハマスタでの草野球や早稲田祭の出店などなど、楽しいイベントも盛りだくさん！ そして週2回、都立公園の野球場にて軟式野球をしています！ あまり強くはありませんが、初心者も女子も一緒に仲良くプレーしているのが特徴なので、まったり草野球したい人、同じ球団のファン友が欲しい人はぜひセレクトで最高の大学生活を！ 他大生や兼サーも大歓迎です！,毎週火・金曜日/17時〜21時/都立公園の野球場(草野球)、不定期/関東の主な野球場(野球観戦),50人,1986年,0人,なし,"https://www.waseda.jp/inst/weekly/assets/uploads/2016/09/a521c5811947abd3f76eb7955c5d0228.jpg, https://www.waseda.jp/inst/weekly/assets/uploads/2016/09/f60d822bef4a509cd8b391fab53e3324-940x529.jpg, https://www.waseda.jp/inst/weekly/assets/uploads/2016/09/c7abed6e42e1bd2b9098788777bae927-940x705.jpg",https://www.waseda.jp/inst/weekly/circleguide/detail/?id=3198&lng=en,なし,なし,https://www.instagram.com/select_waseda_2/,https://x.com/select_waseda_2,なし,なし,https://www.waseda.jp/inst/weekly/report/2014/12/01/11856/,なし,なし,なし,なし,公式サイトから取得; リンク検証済み
C0005,3399,早稲田大学女子軟式野球部ＷＡＳＥＢＩ,スポーツ（球技）,野球,"こんにちは！私たちは早稲田で唯一の女子軟式野球サークルです！週に3，4日程、都内のグラウンドで活動をしています！WASEBIのいいところは、真剣に野球に向き合えることです！大学に入ってからもたくさん体を動かしたい方はもちろん、新しい事に挑戦したい方も大歓迎です！私たちのチームは、大学から野球を始めた選手たちが大半を占めており、中にはスポーツ経験がない選手もいます！それでも監督や先輩たちが親切かつ丁寧に指導をしてくれるので、未経験者であってもレギュラーになれます！また、留学生も積極的に受け入れているので、野球をしながら国際交流もできちゃいます！！
/
/
/
/でもやっぱり、大学生となればアルバイトだってしたい！勉学にも勤しみたい(？)！大丈夫です！！練習と両立している選手は多数在籍しており、扶養ギリギリまで働くこともフル単をすることも可能です！練習ばっかりの暑苦しい野球集団だと思ったそこのあなた！WASEBIはただの野球チームではありません！オフの日には某テーマパークに行ったり、美味しいスイーツを食べに行ったり、でもなんだかんだ野球しちゃったり。先輩後輩関係なく仲良く楽しくやっています！！
/
/
/
/野球を始めるのにきっかけなんて必要ありません！このページを見たら女子野球にもっと興味が出てきたはず！！体験に来てみたらきっと「入りたい！」と思うに間違いありません！！超絶怒涛の青春を保証します！！お待ちしています！","平日1，2回(サークル員の時間割に合わせて決定)、（土）、日/
/
/長期休み：火、木、土、日
/
/都内グラウンド",16人,1995年,2人,なし,"https://www.waseda.jp/inst/weekly/assets/uploads/2020/04/E0B2C961-0BA7-4A66-9673-3A4ADC162F52-940x626.jpeg, https://www.waseda.jp/inst/weekly/assets/uploads/2016/09/c4bbf89eb004b0b5ba9044fd8a1aa7da-940x627.jpeg, https://www.waseda.jp/inst/weekly/assets/uploads/2016/09/fc5f2f875b6c68d3879199a99818b132-940x627.jpeg",https://www.waseda.jp/inst/weekly/circleguide/detail/?id=3399&lng=en,なし,http://wasebi.web.fc2.com/,https://www.instagram.com/wasebi/,https://twitter.com/wasebi2014,https://www.facebook.com/wasebi2014,なし,なし,なし,なし,なし,なし,公式サイトから取得; リンク検証済み
C0006,3525,早稲田理工軟式野球部,スポーツ（球技）,野球,通称「りこなん」という名前で活動しています。選手は全員理工生で構成されており、平日の週2回都内グラウンドにて活動をしています。最近では早稲田リーグなどでも好成績を残すことができており日々神宮球場出場に向けて練習しています。合宿も年6回行っており、イベントを織り交ぜ1年間を通して楽しく和気あいあいと活動しております。イベントの例としましては、新入生歓迎BBQ、納涼船、クリスマスパーティーなど多種多様にわたっています。その他にも学年で旅行に行ったり合宿に参加したりと数多くの行事と自由に行っています。通年にわたって選手、マネともに募集しているのでぜひ気軽に連絡してください！！野球をやりたくなった人、スポーツをやりたい人、大人数でわいわい応援したい人、大学生活を共に楽しめる友達をりこなんでみつけてみませんか？りこなんで最高の大学生活を送りましょう！！,平日不定期週2日/19時〜(17時〜)21時/城北公園・哲学堂・上高田,80人,情報なし,0人,あり,なし,https://www.waseda.jp/inst/weekly/circleguide/detail/?id=3525&lng=en,なし,なし,なし,https://twitter.com/waseda_rikonan,なし,なし,なし,なし,なし,なし,なし,公式サイトから取得; リンク検証済み; 設立年なし; 写真URLなし
C0007,3411,稲穂キッカーズ,スポーツ（球技）,サッカー,オール早稲田の早稲田最大最強のサッカーサークル。月水金の練習でプレーヤー、マネージャー共に成長しタイトルを獲ることを目標に活動する。,毎週月･水･金曜日/小石川･赤羽･新砂,70人,1961年,0人,なし,"https://www.waseda.jp/inst/weekly/assets/uploads/2016/09/33243cb23e28c87dfb31627893c385d9-940x627.jpg, https://www.waseda.jp/inst/weekly/assets/uploads/2016/09/8e2e2de01dc5c2235a60c7b1b3ee605e-940x627.jpg, https://www.waseda.jp/inst/weekly/assets/uploads/2020/03/c169_3-940x705.jpg",https://www.waseda.jp/inst/weekly/circleguide/detail/?id=3411&lng=en,なし,http://inahokickers.net/,https://www.instagram.com/inahokickers_1961/?igshid=1ug0in3c3hhmr,https://twitter.com/inahokickers,なし,なし,なし,なし,なし,なし,なし,公式サイトから取得; リンク検証済み
C0008,3521,早稲田大学理工サッカー部,スポーツ（球技）,サッカー,通称”りこさ”や”早理”と呼ばれるサッカーサークル。練習は基本的に月・木の週2回行い、週末は試合や合宿、遠征を行う。50年以上の歴史があり、早稲田の中で最も歴史のあるサッカーサークルの一つである。2013年度は早稲田大学内の最強サッカーサークルを決める学内統一戦で優勝、サークル界で一番大きなマガジン杯で3位という成績を残した。また、2015年度には関東の強豪チームが集まる新関東リーグの2部で優勝、マガジン杯では6位になった。さらに2016年度には関東予選を勝ち抜いた全国大会で準優勝を果たした。理工学生が中心となっていたが、近年は商、政経、スポ科、人科などの文系学部、他学部からの入部も多い。マネージャーは早稲田生と他大学生がいるインカレサークルである。入会費なし、部費は不定期。,毎週月・木・土曜日/落合・小石川・舞浜・田無など,125人,1961年,0人,なし,"https://www.waseda.jp/inst/weekly/assets/uploads/2016/09/16759ac40d9fd22e17f356c9ad041e2c-940x627.jpg, https://www.waseda.jp/inst/weekly/assets/uploads/2016/09/80f83e8a240e928cb9911063482e0f6f-940x627.jpg, https://www.waseda.jp/inst/weekly/assets/uploads/2016/09/4b305574a02067cecae8302eb0b018f8-940x627.jpg",https://www.waseda.jp/inst/weekly/circleguide/detail/?id=3521&lng=en,なし,なし,なし,https://twitter.com/w_rikosoccer,なし,なし,なし,なし,なし,なし,なし,公式サイトから取得; リンク検証済み
C0009,3554,人間科学部サッカー部　ヒューマンＦ．Ｃ．,スポーツ（球技）,サッカー,サークルサッカー最高峰「新関東フットボールリーグ」に所属。総勢120名からなるサッカーサークル。「リーグ制覇」「日本一」のタイトル獲得に向け、週に3〜4回キャンパス周辺で練習・練習試合をしています。全国大会出場経験者から素人まで幅広い人材がたくさんいます。気持ちのこもった熱いプレー、あきれるほどの明るさが持ち味です。過去には早稲田学内戦連覇や日本一を獲得。サッカーをしたい人はもちろん、他にも熱量を感じられる環境が欲しい人、とにかく楽しいキャンパスライフを送りたい人はぜひ。所沢キャンパス最大級のサークルでぜひ楽しい学生生活を過ごしましょう。新歓活動も精力的に行いますし、途中からでも大歓迎です。ぜひ連絡をください。,毎週月・水・金曜日/所沢周辺,120人,1992年,0人,あり,なし,https://www.waseda.jp/inst/weekly/circleguide/detail/?id=3554&lng=en,なし,なし,なし,なし,なし,なし,なし,なし,なし,なし,なし,公式サイトから取得; リンク検証済み; 写真URLなし
C0010,3412,リヴェルデーデ,スポーツ（球技）,サッカー,"こんにちは！早稲田大学公認フットサルサークルのLiberdadeです！
/
/
/
/毎週日曜日に吉祥寺で活動していて、男子55人、女子35人です！
/
/男子は中学までの経験者が多いので、ゆるーくフットサルしてます！
/
/女子もプレイヤーなので、女子だけでフットサルをしたり、男子に混ざったりしてます！もちろん初心者の子がほとんどです！優しくてうるさい人で溢れてるせいでほんとに楽しくて、気が付いたら毎週来ちゃいます！
/
/
/
/またフットサル以外の活動でも、夏合宿や秋合宿、スノボ合宿なども行ったり、様々なイベントも企画しているので、フットサル以外も充実すること間違いないです！！
/
/サークル内もちょー仲良しで、活動前にご飯やカラオケなどに行ったり、学年ごとに分かれて旅行など、とりあえず本当に仲が良いです！！/
/
/
/
/Liberdadeは本当にいい意味でゆったりしているので、高校生の休み時間のような、節度を守る範囲で楽しめる限界まで楽しみまくる！！という感覚です！
/
/
/
/フットサルもやりたいけど、合宿やイベントなどもできるサークルに入りたいって思ってる人！！是非分別のあって、節度を守る範囲で最高に楽しみたいって人！！絶対にLiberdadeが一番です！！
/
/
/
/少しでもでも楽しそうだな、自分に合ってそうだなって思ったら、気軽に連絡してください！
/
/
/
/優しいサークルのみんなと参加をお待ちしています！",毎週日曜日、16:00〜18:00、フットサルパーク吉祥寺,80人,1997年,0人,なし,"https://www.waseda.jp/inst/weekly/assets/uploads/2017/03/a0ef8b983a48da7669ebc71b761d39c0-940x529.jpg, https://www.waseda.jp/inst/weekly/assets/uploads/2017/03/1910d5feac4f445107ea86ad551f4e28-940x529.jpg",https://www.waseda.jp/inst/weekly/circleguide/detail/?id=3412&lng=en,なし,なし,https://www.instagram.com/liberdade.waseda/,https://twitter.com/liberdade_2024,なし,なし,なし,なし,なし,なし,なし,公式サイトから取得; リンク検証済み
C0011,3410,サッカー観戦会,スポーツ（球技）,サッカー,私たちサッカー観戦会は全国各地のスタジアムで好きなサッカーチームを熱く応援するサークルです。基本的にはサークル員全員での活動というよりは、同じチームを応援するもの同士で、好きな時にスタジアムへ行き試合観戦を行っています。ただ、サークル員全員での活動として、定期的な飲み会やフットサルなども行っています。また年に1度のイベントとして、秋ごろにサッカー界から有名人をお招きして講演会を行っています。近年では、元日本代表の佐藤寿人氏や、アナウンサーの下田恒幸氏をお招きしました。試合観戦やイベントへの参加も強制力のあるものではないので、自分のペースで参加できるサークルです。Jリーグ、海外サッカー、高校サッカーまでサッカー好きなら誰でも大歓迎です。一緒にスタジアムで応援しましょう。,基本的に週末、全国各地のスタジアム,170人,2000年,情報なし,なし,https://www.waseda.jp/inst/weekly/assets/uploads/2023/03/C-168_1-940x705.jpg,https://www.waseda.jp/inst/weekly/circleguide/detail/?id=3410&lng=en,なし,なし,https://www.instagram.com/soccerkansenkai/,https://twitter.com/skk_waseda,なし,なし,なし,なし,なし,なし,なし,公式サイトから取得; リンク検証済み; 外国人学生の受け入れなし
C0012,3775,FC GUSTA,スポーツ（球技）,サッカー,"サークルサッカー最高峰「新関東リーグ」1部所属。総勢150人超のインカレサッカーサークルです。2009年設立と比較的浅い歴史でありながらも過去には、日本一のタイトルを獲得し、近年でも必ず上位に食い込む程、安定した成績を残しています。
/
/
/
/プレイヤーは早稲田生で構成され、全国大会出場経験者やユースチーム出身の選手から初心者まで幅広い背景を持つ選手が多数在籍しています。
/
/
/
/「日本一のサッカーサークル」を目標に掲げ、サッカー面は勿論、楽しさの面でも両立することに重きを置いています。
/
/
/
/歴史が浅いため、しがらみがなく自由な雰囲気のサークルです。サッカーも学生生活も全力で楽しみたい新入生をお待ちしています。気になった方はぜひ、SNSの方から連絡をお待ちしております。",週3回　主に月、水、木/時間は不定期（主に13時〜15時）/小石川、落合、西戸山、代々木,150人,2009年,0人,あり,"https://www.waseda.jp/inst/weekly/assets/uploads/2023/12/GUSTA-3-940x705.jpg, https://www.waseda.jp/inst/weekly/assets/uploads/2023/12/GUSTA-2-940x705.jpg, https://www.waseda.jp/inst/weekly/assets/uploads/2023/12/GUSTA-1.jpg",https://www.waseda.jp/inst/weekly/circleguide/detail/?id=3775&lng=en,なし,なし,https://www.instagram.com/fcgusta_waseda/,https://twitter.com/fcgusta?s=21,なし,なし,なし,なし,なし,なし,なし,公式サイトから取得; リンク検証済み
C0013,3553,＠アットマーク,スポーツ（球技）,サッカー,"アットマークの良いところは誰でも楽しくサッカーができることです！大学からサッカーを始めた人もサッカーを小さいときからやってきた人も一緒に練習をしています。出席制度は無く練習に来たい人だけ来れる自由な雰囲気のサークルです。サークル員同士の仲も良く練習後にご飯を食べたり遊んだりしています。年に4回の合宿や夏キャンプなどのイベントも盛りだくさんです。またアットマークは学年同士の仲が良く3年生で引退などということはありません。4年間楽しめるサークルです。卒業生が参加するイベントもありOB、OGとも仲が良いです。
/
/
/
/ぜひみんなでサッカーしましょう！！",毎週水曜日、土曜日/15~17時/北野運動場、スポーツホール、航空公園,120人,情報なし,0人,なし,なし,https://www.waseda.jp/inst/weekly/circleguide/detail/?id=3553&lng=en,なし,なし,https://www.instagram.com/2023_ATMARK/,https://twitter.com/2023_atmark,なし,なし,なし,なし,なし,なし,なし,公式サイトから取得; リンク検証済み; 設立年なし; 写真URLなし
C0014,3409,蹴球同好会,スポーツ（球技）,フットサル,蹴球同好会の魅力は、近年実績を残しつつも、非レギュラー制で仲良くやっているところ！女子はマネージャーもプレイヤーも、ワイワイして盛り上げてくれます（笑）。週1・2回の練習や大会、イベントや飲み会も充実。ディズニー、ハロウィーン、クリスマスパーティー、スノボ合宿などなど...大学生だからこそできる楽しさを追求して活動してます！たくさんの先輩が待ってます！蹴球同好会で大学生最高の思い出を作ろう！,毎週水曜日/17時/豊島園,90人,1974年,0人,なし,"https://www.waseda.jp/inst/weekly/assets/uploads/2016/09/8d462ce3b993e7a6a02700afa4297f82-940x705.jpg, https://www.waseda.jp/inst/weekly/assets/uploads/2016/09/c2b59b061bb6fc84753decc4e968bb8f.jpg, https://www.waseda.jp/inst/weekly/assets/uploads/2016/09/bcb5af7486e5ea0fa04465efd2238fdf-940x705.jpg",https://www.waseda.jp/inst/weekly/circleguide/detail/?id=3409&lng=en,なし,なし,なし,https://twitter.com/wasedashukyu,なし,なし,なし,なし,なし,なし,なし,公式サイトから取得; リンク検証済み
C0015,3413,メインストリートF．C,スポーツ（球技）,フットサル,男子は早稲田、女子は各女子大の学生が集まっています。木曜日は高田馬場の西戸山公園、日曜日は都内のフットサルコートで練習しています。フットサルを楽しむことに重きを置くエンジョイ志向のチームです。試合に勝つことが第一である競技志向のチームではないので雰囲気も落ち着いており、初心者や女子でも気軽に楽しくフットサルをしています。大会になったら皆全力で、練習やサークル内大会はとにかく楽しく活動しています。サークル内大会や早稲田大学の他サークルとの交流戦も行なっています。普段の木日の練習に加え、年3回の合宿(5月:新歓合宿　夏休み:夏合宿　春休み:春合宿)のほかにも運動会、ウォークラリー、ドライブ、スノボなどの様々なレクリエーション企画も行なっています。,毎週木曜日・日曜日/15時半/西戸山公園、王子、錦糸町,62人,1996年,0人,なし,"https://www.waseda.jp/inst/weekly/assets/uploads/2020/04/c171_1-940x628.jpg, https://www.waseda.jp/inst/weekly/assets/uploads/2020/04/c171_2-940x705.jpg, https://www.waseda.jp/inst/weekly/assets/uploads/2020/04/C171_3-940x705.jpg",https://www.waseda.jp/inst/weekly/circleguide/detail/?id=3413&lng=en,ウェブサイト（サークル）アクセス制限,https://mainstreetfc.jimdofree.com/,https://www.instagram.com/mainstreet_fc_,https://twitter.com/mainstreet_fc,なし,なし,なし,なし,なし,なし,なし,公式サイトから取得; リンク検証済み; ウェブサイト（サークル）: アクセス制限 (403)
C0016,3586,PETIT ROYAL FC（プチロワイヤル　エフシー）,スポーツ（球技）,フットサル,所沢キャンパス最大級のフットサルサークルPETIT ROYAL FC(プチロワイヤルFC)です。原則は、1.初心者限定(女子は経験者OK)、2.サークル活動内での禁煙、3.サークル活動内での一気飲み強制禁止。毎週2日、所沢キャンパスのスポーツホールで男女学年関係なく、全員がプレーヤーでフットサルをしています。初心者限定なので、新しいスポーツをしてみたい方、ゆるくスポーツを楽しみたい方歓迎です。また、禁煙、一気強制禁止なのでタバコやお酒が苦手な方歓迎です。毎週のフットサル活動以外にも、年3回の合宿、夏冬の大会の主催、OB会などのイベントも行っています。男女学年関係なく外部の大会にも参加しています。,毎週水曜日/18〜20時/日曜日13〜17時/スポーツホール,100人,1997年,0人,なし,"https://www.waseda.jp/inst/weekly/assets/uploads/2017/03/PETIT-ROYAL-FC2-940x526.jpg, https://www.waseda.jp/inst/weekly/assets/uploads/2017/03/PETIT-ROYAL-FC3-940x705.jpg, https://www.waseda.jp/inst/weekly/assets/uploads/2017/03/PETIT-ROYAL-FC1-940x705.jpg",https://www.waseda.jp/inst/weekly/circleguide/detail/?id=3586&lng=en,なし,なし,なし,なし,なし,なし,なし,なし,なし,なし,なし,公式サイトから取得; リンク検証済み
C0017,3414,KatZwei,スポーツ（球技）,フットサル,キャッツバイは毎週2回、公園でフットサルをして汗を流しています。オール早稲田のサークルで、また女子もみんなマネジャーとしてではなくプレーヤーとして参加します。多くのメンバーが初心者であり、ガチガチでフットサルをしたり、レギュラーを勝ち取るために懸命に練習をしたりするというよりは、汗を流したいときや、みんなに会いたいときに顔を出して、楽しくフットサルをするというサークルです！ 一学年が20人程度で、同学年の仲も、先輩後輩の仲も非常にいいです。大会には月に1度程度の割合で一般の市民大会に出ています。社会人の方や時には子どももメンバーであるチームと戦うため、大会ではあっても終始和やかに試合をします！ みんな仲が良く、みんながみんなのことを考えて活動しているところがキャッツバイの魅力です!!,毎週水曜日・土曜日/13時〜18時/西戸山公園,71人,2003年,0人,なし,"https://www.waseda.jp/inst/weekly/assets/uploads/2016/09/KatZwei1-940x564.jpg, https://www.waseda.jp/inst/weekly/assets/uploads/2016/09/KatZwei2-940x564.jpg, https://www.waseda.jp/inst/weekly/assets/uploads/2016/09/KatZwei3-940x627.jpg",https://www.waseda.jp/inst/weekly/circleguide/detail/?id=3414&lng=en,なし,なし,なし,https://twitter.com/katz_official,なし,なし,なし,なし,なし,なし,なし,公式サイトから取得; リンク検証済み
C0018,3415,Espiga,スポーツ（球技）,フットサル,男子約35人、女子約35人で週一回、毎週金曜日に吉祥寺でフットサルをしています。練習の前半は男女含めてミックスで楽しく体を動かし、後半は男子だけ、女子だけでがっつりフットサルを楽しみます。また、年に数回大会に出ることもあり、今年の春には女子が早稲田の学内戦で準優勝を果たしました。もちろんフットサル以外のイベントも充実しており、ディズニー、キャンプ、年四回の合宿や、納涼船、クリスマスパーティーなどがあります。メンバー同士の仲が良いのもこのサークルの売りで、キャンパスライフを充実させてくれること間違いなし。金曜日はEspiga以外ありえない。,毎週金曜日/19時/吉祥寺,70人,2005年,0人,なし,"https://www.waseda.jp/inst/weekly/assets/uploads/2020/03/Espiga_200330-940x705.jpg, https://www.waseda.jp/inst/weekly/assets/uploads/2017/03/Espiga2-940x644.jpg, https://www.waseda.jp/inst/weekly/assets/uploads/2017/03/Espiga3-940x705.jpg",https://www.waseda.jp/inst/weekly/circleguide/detail/?id=3415&lng=en,なし,なし,https://www.instagram.com/espiga_waseda/?igshid=n04owouyjusc,https://twitter.com/espiga2020,なし,なし,なし,なし,なし,なし,なし,公式サイトから取得; リンク検証済み
C0019,3416,ディエンテ早稲田,スポーツ（球技）,フットサル,ディエンテは初心者から高校までサッカーをやっていた人、男子も女子も留学生も誰でもみんなで楽しめるフットサルサークルです。特にディエンテは留学生が多数在籍しているフットサルサークルです。留学生と交流し、遊びたい、外国語を学びたい、海外旅行について聞きたい、そんな人大歓迎です。またディエンテは毎年上級者から初心者までいますが、みんなで楽しく、そして真面目に練習しています。強くはないかもしれませんが、大会では毎回ドラマ作っちゃいます。雰囲気も飲みも超まったりでゆるーく楽しむサークルです。年に数回ある合宿や、他にもいろいろイベント充実しています！ディエンテのアットホームな雰囲気は早稲田1です！ぜひ一度練習に来てみてください！,毎週火曜日・木曜日・その他/18時/田端新町コミュニティアリーナ,81人,2009年,22人,あり,"https://www.waseda.jp/inst/weekly/assets/uploads/2016/09/7818e04f035a9052fbfbc4668df2196f-940x306.jpg, https://www.waseda.jp/inst/weekly/assets/uploads/2016/09/2d9fd5a0382c36aca7c5f0ead4bb9cb7-940x705.jpg, https://www.waseda.jp/inst/weekly/assets/uploads/2016/09/fa683587f7468019ed1d05e89d726e92-940x705.jpg",https://www.waseda.jp/inst/weekly/circleguide/detail/?id=3416&lng=en,なし,なし,なし,https://twitter.com/diente_waseda,なし,なし,なし,なし,なし,なし,なし,公式サイトから取得; リンク検証済み
C0020,3721,FC． TEMPESTA,スポーツ（球技）,フットサル,FC.TEMPESTAは所沢キャンパスを中心に活動しているフットサルサークルです。練習は男女mixで行いマネージャーはいません！早稲田も他大も初心者も経験者も男女も関係なく色々な人がフットサルを全力で楽しんでいます。大会にも年に数回参加して様々なところで好成績を残してきました！フットサルメインですが、イベントも充実しています！夏合宿やクリスマスコンパ、スノボ合宿などなど、、。ぜひ、気楽に参加してみてください！個性豊かなメンバーとともにみなさんをお待ちしております！,火曜日と金曜日,60人,2011年,0人,なし,"https://www.waseda.jp/inst/weekly/assets/uploads/2019/07/339291c30ecf69d7aa0e674e1e6b5390.jpg, https://www.waseda.jp/inst/weekly/assets/uploads/2019/07/9bca947f093094e5629e0bb62d687eed.jpg, https://www.waseda.jp/inst/weekly/assets/uploads/2019/07/0f0f6682695b1ea87c2504cb14a305ae-940x627.jpg",https://www.waseda.jp/inst/weekly/circleguide/detail/?id=3721&lng=en,サークルサイト閉鎖,http://tempesta.php.xdomain.jp,https://www.instagram.com/fc.tempesta/,https://twitter.com/FC_TEMPESTA,なし,なし,なし,なし,なし,なし,なし,公式サイトから取得; リンク検証済み; ウェブサイト（サークル）: リンク切れ (fetch failed)
C0021,3417,Tonsoku,スポーツ（球技）,フットサル,Tonsokuは2013年創立、早稲田大学公認のオール早稲田フットサルサークルである。若いサークルにもかかわらず、伝統あるサークルにも劣らぬ練習環境、合宿や各種イベントなども非常に充実している。創設1年目で早稲田大学公認となり、2年目で早稲田学内大会において優勝を果たすなど、目覚ましい成長を続けている。またこのサークルは横のつながりだけではなく、縦のつながりも強い。先輩からの一方的な関係ではなく、後輩から先輩への積極的な関係が非常に多いのも特徴の一つである。ただ、このサークルの最も特筆すべき特徴は、「見た目」である。われわれは『見た目から入れ。』をコンセプトとして掲げている。ユニホームの細部にわたるデザインへのこだわり、他のフットサルサークルにはないチームジャージーやトレーニングウエアの導入などは、『見た目から入れ。』を体現したものと言えよう。ここで言えるのが見た目がよくても結果が伴わなければ意味がないということである。しかしTonsokuは違った。創立1年目にして各大会の上位に入り、2014年度の早稲田フットサルリーグでは優勝、2015年度は3位に輝いている。さらに驚くべきは非レギュラー制を採用していることである。全員が真摯（しんし）にフットサルに向き合いトレーニングに励んでいるからこそ、チームで結果が出せるのだ。「名実ともに早稲田一になる」という目標を共に目指す仲間をわれわれは待っている。,毎週火・木曜日/16時〜18時/錦糸町・豊島園・目白台,50人,2013年,0人,なし,"https://www.waseda.jp/inst/weekly/assets/uploads/2017/03/Tonsoku3-940x705.jpeg, https://www.waseda.jp/inst/weekly/assets/uploads/2017/03/Tonsoku2-940x1254.jpeg, https://www.waseda.jp/inst/weekly/assets/uploads/2017/03/Tonsoku1-940x705.jpeg",https://www.waseda.jp/inst/weekly/circleguide/detail/?id=3417&lng=en,なし,なし,なし,https://twitter.com/tonsoku2013,なし,なし,なし,なし,なし,なし,なし,公式サイトから取得; リンク検証済み
C0022,3739,早稲田大学フットサル部,スポーツ（球技）,フットサル,"『Take The Initiative From WASEDA』というミッションを掲げ、早稲田が先頭に立ち、体育会、大学生、フットサルの常識を変え、未来を創ります。
/
/
/
/《競技面》
/
/早稲田大学で唯一、公式戦への出場が認められています。高校時代本気でフットボールに勤しんできた多くのフットボーラーにとって大学の名を正式に背負って戦う環境があり、セレクションや体育推薦なども無く、広く門戸を開いています。
/
/指導面においてもFリーグ（ペスカドーラ町田）での指導経験のある監督やコーチを筆頭に優秀な指導陣が揃っています。
/
/
/
/所属：東京都大学フットサルリーグ
/
/大会：全日本大学フットサル選手権/全日本フットサル選手権
/
/
/
/《事業面》
/
/入部後は５つのセクションに分かれ、事業面でも活躍の場を広げて参ります。創部初年度にして獲得協賛金は約300万円にも上り、監督をはじめ指導陣の招聘やスポンサーの獲得、全国大会の主催まで全て学生主体で行います。体育会でも味わうことの出来ない活動を行えます。
/
/
/
/競技面だけではなく、事業面でも他団体の追随を許さない有意義な活動を行えます。","【練習】月・水・金 21:00-23:00
/
/【練習試合・公式戦】土・日
/
/【練習会場】小豆沢体育館・赤塚体育館・早稲田アリーナ 等
/
/【試合会場】駒沢体育館・駒沢屋内球技場 等",35人,2019年,1人,なし,"https://www.waseda.jp/inst/weekly/assets/uploads/2021/08/C-275_1-940x940.png, https://www.waseda.jp/inst/weekly/assets/uploads/2021/08/C-275_2-940x626.jpg, https://www.waseda.jp/inst/weekly/assets/uploads/2021/08/C-275_3-940x704.jpg, https://www.waseda.jp/inst/weekly/assets/uploads/2023/03/C-275_2.jpg, https://www.waseda.jp/inst/weekly/assets/uploads/2023/03/C-275_3.jpg",https://www.waseda.jp/inst/weekly/circleguide/detail/?id=3739&lng=en,なし,https://wucfs.notion.site/6aff957c4cca4917971bb50bbb28fb23,https://www.instagram.com/wucfs_official/,https://twitter.com/w_u_c_f_s,なし,なし,なし,なし,なし,なし,なし,公式サイトから取得; リンク検証済み
C0023,3580,tokopan,スポーツ（球技）,フットサル,男女一緒にフットサルを楽しめます。大会やスノボ、ハロウィンパーティーなどイベントも盛りだくさん！,情報なし,40人,情報なし,情報なし,なし,なし,https://www.waseda.jp/inst/weekly/circleguide/detail/?id=3580&lng=en,なし,なし,なし,なし,なし,なし,なし,なし,なし,なし,なし,公式サイトから取得; リンク検証済み; 活動日時・場所なし; 設立年なし; 外国人学生の受け入れなし; 写真URLなし
C0024,3163,G.W.ラグビークラブ,スポーツ（球技）,ラグビー,1930年創部の伝統あるラグビークラブです。歴史が長いということでOBも非常に多く組織としてしっかりしているため、さまざまな面でサポートしていただいています。また、2014年度・2015年度と2年連続で学生クラブ日本一を達成しました！本年度は3連覇を目指して日々練習に取り組んでいます。真面目にラグビーに取り組みたいという経験者の人も、初めてラグビーをやってみたいという初心者の人も大歓迎です！マネージャーとしてチームを支えたいという人にも先輩が丁寧に教えるので全く問題ありません！「じーだぶ」のメンバー全員一丸となってチームを盛り上げているので、ラグビーもそれ以外の活動も充実していてとても楽しい学生生活を送っています。興味のある方はぜひご連絡ください！！,毎週水・土・日曜日,70人,1930年,1人,なし,"https://www.waseda.jp/inst/weekly/assets/uploads/2016/09/b5cd0f88f78fa2962f873c0efa691c03-940x705.jpg, https://www.waseda.jp/inst/weekly/assets/uploads/2016/09/92b96894c05fcafbf4ad2d3c94ae9341-940x705.jpg, https://www.waseda.jp/inst/weekly/assets/uploads/2016/09/b0f98a6d30afb102a78963019e0dc442-940x705.jpg",https://www.waseda.jp/inst/weekly/circleguide/detail/?id=3163&lng=en,なし,なし,なし,https://twitter.com/wasedagwrc,なし,なし,なし,なし,なし,なし,なし,公式サイトから取得; リンク検証済み
C0025,3407,こんぷれっくすラグビーチーム,スポーツ（球技）,ラグビー,関東学生クラブ選手権大会1部所属のこんぷれっくすラグビーチームは、早稲田大学の公認インカレラグビーサークルです。他大学のプレーヤー、マネージャーもたくさん所属しています。ぜひお気軽に練習見学に来てください。2011年関東学生クラブ選手権大会において「優勝＆学生クラブ日本一」、2016年東日本学生クラブセブンス大会において「優勝」と強さに自信があります。またBBQ、夏合宿、春旅行などイベントも豊富です。学生生活をエンジョイしたいならこんぷへ！,毎週水曜日/16時〜18時/吉祥寺　毎週土曜・日曜/14時〜16時/江戸川　（グラウンド状況により変更あり）,72人,1982年,0人,あり,"https://www.waseda.jp/inst/weekly/assets/uploads/2016/09/2f6233e21e260ccdf684201f65ff09fb-940x627.jpg, https://www.waseda.jp/inst/weekly/assets/uploads/2016/09/ba481fdad66812cc164844a2e8eea099-940x705.jpg, https://www.waseda.jp/inst/weekly/assets/uploads/2016/09/364be6ffe7121753132fe16122bed019-940x705.jpg",https://www.waseda.jp/inst/weekly/circleguide/detail/?id=3407&lng=en,なし,なし,なし,https://twitter.com/complex2016,なし,なし,なし,なし,なし,なし,なし,公式サイトから取得; リンク検証済み
C0026,3518,早稲田大学理工ラグビー部,スポーツ（球技）,ラグビー,私たちは電通大学ラグビー部とともに活動しています。経験者の方はもちろんのこと初心者も多く，みんなで楽しくラグビーをしています。去年は地区対抗関東1区2部を全勝で優勝しました。,毎週土曜日13:00〜(@電通大学多摩川グラウンド),30人,1986年,0人,あり,"https://www.waseda.jp/inst/weekly/assets/uploads/2016/09/8aab322dd12ff20c5e6371fdd17db675-940x625.jpg, https://www.waseda.jp/inst/weekly/assets/uploads/2016/09/498605b125d21fbd93c31ad897ef3ed6-940x625.jpg, https://www.waseda.jp/inst/weekly/assets/uploads/2016/09/53de5899390923337198678053fd2f79-940x625.jpg",https://www.waseda.jp/inst/weekly/circleguide/detail/?id=3518&lng=en,なし,なし,なし,https://twitter.com/uec_waseda,なし,なし,なし,なし,なし,なし,なし,公式サイトから取得; リンク検証済み
C0027,3515,理工ｱﾒﾘｶﾝﾌｯﾄﾎﾞｰﾙ部ﾊﾞｯｶｽ,スポーツ（球技）,アメリカンフットボール,"早稲田バッカスは、関東の大学の体育会/準体育会/同好会で構成される関東学生フットボールクラブ連盟に所属するアメリカンフットボールチームです。早稲田大学には3000以上のサークルがありますが、早稲田バッカスは数少ない理工学術院承認サークルの一つとして、戸山キャンパス学生会館（30号館）に部室を持ち、理工学術院のみならず早稲田大学全学部生（マネージャーは他大学を含む）が参加して活動しています。卒業後もOB/OGとしてバッカスとの交流は続きます。学生と500人以上のOB/OGは?All Bacchus?で、【毎年就職活動を全面的にバックアップ】しているのもバッカスの特徴です。
/
/
/
/【最近の戦績】
/
/2018　1部フロンティアDiv.　4勝1敗同率1位（得失点差で3位となり関東選手権出場ならず）
/
/2019　1部リバティDiv.　　　4勝1敗2位 関東選手権出場（３位）
/
/2020　特別リーグ戦　　　　2勝0敗1位　決勝トーナメント進出（2位）
/
/2021　特別トーナメント戦　4位
/
/2022　特別トーナメント戦　5-6位（順位つかず）
/
/2023　1部リバティDiv.　　　3勝1敗2位　関東選手権出場（3位）
/
/
/
/メールはこちらから： [email protected]",毎週土曜日、日曜日/9:00〜12:00/国分寺、American School in Japan（多摩）、武蔵野公園,37人,1972年,0人,なし,"https://www.waseda.jp/inst/weekly/assets/uploads/2020/04/en2_01-940x622.jpg, https://www.waseda.jp/inst/weekly/assets/uploads/2020/04/en2_03-940x627.jpg, https://www.waseda.jp/inst/weekly/assets/uploads/2020/04/en2_02-940x627.jpg",https://www.waseda.jp/inst/weekly/circleguide/detail/?id=3515&lng=en,なし,https://wasedabacchus.com/about/,https://www.instagram.com/waseda_bacchus/,https://twitter.com/WasedaBacchus,なし,なし,https://www.waseda.jp/inst/weekly/news/2020/08/05/77852/,なし,なし,なし,なし,公式サイトから取得; リンク検証済み
C0028,3172,米式蹴球同好会レブルス,スポーツ（球技）,アメリカンフットボール,こんにちは！僕たち早稲田レブルスはオール早稲田の大学公認アメリカンフットボールサークルです！週4回（火・木・土・日曜日）練習しており、平日は自由参加、土・日はみんなで多摩川の河川敷で活動しています。チームは関東学生フットボールクラブ連盟に所属していて、12月末にある関東選手権優勝を目指して日々トレーニングに励んでいます。レブルスは1978年に創設してからリーグ優勝12回、関東制覇10回を誇るという実績が売りです。もちろん実力重視で勝ちにこだわるチームではありますが、全くの初心者も多数在籍しています。（実際、選手の7割以上が初心者です。）そんな僕らのシーズンが始まるのは2月。4月下旬頃に慶應バイソンというチームと伝統の早慶戦があり、それに向けて春練を開始します。6月にはオープン戦。8月には夏合宿があります。そして9月から大会が始まるのです。そこから11月までがシーズン戦、12月には僕らの目標としている関東選手権があります。こんな僕らの活動ですがオフシーズンもあり、練習がないときもみんなで遊びにも行きます！こんな僕らの活動が気になる人はぜひInstagram(@waseda_revels)へ！選手・マネージャー・スタッフ大募集中です！！,"毎週火・木曜日　都内グラウンド
/
/
/
/毎週土・日曜日　多摩川丸子橋グラウンド",19人,1978年,1人,なし,"https://www.waseda.jp/inst/weekly/assets/uploads/2024/04/c5c55b242406283cb3ba201d87de61f5-940x766.jpg, https://www.waseda.jp/inst/weekly/assets/uploads/2024/04/a4684f3f675f09ab9bf5713d95b788be-940x705.jpg, https://www.waseda.jp/inst/weekly/assets/uploads/2024/04/a616545c4e085e682b6c7e8380ff9cd8-940x705.jpg",https://www.waseda.jp/inst/weekly/circleguide/detail/?id=3172&lng=en,なし,http://wasedarevels.com/,https://www.instagram.com/waseda_revels,https://twitter.com/wasedarevels,なし,なし,なし,なし,なし,なし,なし,公式サイトから取得; リンク検証済み
C0029,3594,RayBack,スポーツ（球技）,バスケットボール,早稲田大学所沢キャンパスのバスケットボールサークルです!! 2013年設立のフレッシュなサークルで、バスケを真剣に楽しむアットホームな雰囲気のサークルです。大会にも年に数回出場し、初心者から経験者まで、幅広いレベルのプレーヤーが一緒に活動しています。「初心者だけど大丈夫？」と不安に思う人もいるかもしれませんが、安心してください。優しく教えてくれるメンバーが非常に多くて、最終的には試合にもたくさん出られるようになります！ また、バスケだけでなく、イベントも充実しています！ 練習はもちろん、遊びに行ったりして、メンバーとも仲よくなって、一生の友達ができること間違いないでしょう!!!!,毎週火・金曜日/17時〜/所沢市民体育館、毎週木曜日/16時半〜/スポーツホール,70人,2013年,0人,なし,"https://www.waseda.jp/inst/weekly/assets/uploads/2016/09/Rayback1-940x705.jpg, https://www.waseda.jp/inst/weekly/assets/uploads/2016/09/Rayback2-940x705.jpg, https://www.waseda.jp/inst/weekly/assets/uploads/2016/09/Rayback3-940x706.jpg",https://www.waseda.jp/inst/weekly/circleguide/detail/?id=3594&lng=en,なし,なし,なし,なし,なし,なし,なし,なし,なし,なし,なし,公式サイトから取得; リンク検証済み
C0030,3552,バスケットボールサークルＪＡＷＳ,スポーツ（球技）,バスケットボール,毎年3月と8月の早稲田リーグ優勝を目標に、所沢で活動しているバスケを楽しむサークルです！,情報なし,48人,情報なし,情報なし,なし,なし,https://www.waseda.jp/inst/weekly/circleguide/detail/?id=3552&lng=en,なし,なし,なし,https://twitter.com/jaws_waseda,なし,なし,なし,なし,なし,なし,なし,公式サイトから取得; リンク検証済み; 活動日時・場所なし; 設立年なし; 外国人学生の受け入れなし; 写真URLなし
C0031,3395,早大テニスクラブ,スポーツ（球技）,テニス,"私たち早大テニスクラブ(通称:wtc、早庭)は最大最強そして最高のサークルです！
/
/
/
/その魅力は大きくわけて3つ！
/
/
/
/まず会員は皆個性豊か！オール早稲田で、全学部から会員が集まってます！そして年中入会を受け付けているので、もちろん留学生や9月入学の学生も！誰もがのびのび過ごせる、唯一無二のサークルです！
/
/
/
/次にテニス！初心者から全国大会出場経験のある経験者まで、様々なレベルの会員がいます！昨年はカップ準優勝、関東クラブ対抗女子団体準優勝などの結果を残しました！そして何より週５〜6日、平日は9:00〜16:30という圧倒的な練習環境の良さ！経験者の方は沢山テニスができて、初心者の方はゆっくり丁寧にテニスを教えてもらえます！
/
/
/
/また楽しいイベントも盛り沢山！そして早庭ではなんとプロの試合のボールパーソンができます！イベントや貴重な経験を通して、たくさんの仲間と仲良くなれること間違いなし！
/
/
/
/少しでも気になる方はぜひ練習にいらっしゃってください！ご入会お待ちしています！
/
/
/
/Enjoy everything to the fullest! The biggest and strongest circle! Beginners are very welcome!
/
/
/
/
/
/
/
/We， the Waseda University Tennis Club (commonly known as WTC or Soutei) are the biggest， strongest and simply the best club!
/
/
/
/There are three main attractions! Firstly， everyone here is unique. We are all Waseda students and come from all faculties! Not to mention， as we accept enrollment all year round， international students and September-entry students are always welcomed!
/
/
/
/Moving on to tennis， we have members of various levels， of course beginners! Last year， we won the cup runner-up and the Kanto club women's team runner-up! We also must not forget its desirable practice environment， having practice from 5 to 6 days a week from 9:00 to 16:30 on weekdays!
/
/
/
/WTC is not only known for its tennis but also for its fun events! We often host BBQ， bowling， and sports day events. Not only those， you can also become a ball person for professional games! WTC is the best circle for making friends and memories!
/
/
/
/If you have interests even a little bit， please come and try out!",月曜〜金曜/練習9時〜16時半/航空公園、土曜/練習17時〜21時/木場公園や城北中央公園,120人,1956年,6人,あり,https://www.waseda.jp/inst/weekly/assets/uploads/2023/03/C-153_1-940x733.jpg,https://www.waseda.jp/inst/weekly/circleguide/detail/?id=3395&lng=en,なし,https://wtc65th.wixsite.com/wasedatennisclub,https://www.instagram.com/wtc.since1957/,https://twitter.com/2022wtc,なし,なし,なし,なし,なし,なし,なし,公式サイトから取得; リンク検証済み
C0032,3532,理工硬式庭球部,スポーツ（球技）,テニス,私たち理工硬式庭球部(通称リコテ)はサークル員のほとんどが理工生なのでとても仲が良いです！練習は平日毎日と理工生には嬉しいナイターも！2019早大CUPでは第3位という結果で、上級者も初心者も大歓迎です！テニスももちろん全力ですが、遊びも全力なのがリコテです！イベントや企画(スノボ.花火.海など)も沢山あります！,平日:日中/ナイター:週1,60人,1960年,情報なし,なし,https://www.waseda.jp/inst/weekly/assets/uploads/2020/04/en019-940x582.jpg,https://www.waseda.jp/inst/weekly/circleguide/detail/?id=3532&lng=en,なし,なし,https://www.instagram.com/rikoshinkan/?igshid=1lgximj0r97t2,https://twitter.com/wasedarikotc,なし,なし,なし,なし,なし,なし,なし,公式サイトから取得; リンク検証済み; 外国人学生の受け入れなし
C0033,3384,ヤング庭球同好会（硬式部）,スポーツ（球技）,テニス,早大ヤングは早稲田大学公認の十二大サークルの一つです！公認サークルなので運営もしっかりしていて安心です。サークル員は男子は早稲田、女子は早稲田・日本女子・学習院女子大学から構成されています。ですが、男女・大学・学年に関係なくみんな仲良しです♪サークル員はビギナーと経験者半々です。初心者のサークル員にはビギナーのための練習もあるので、初心者の人も安心してテニスを楽しむことができます。また関東ベスト8とテニスの実績もあるので経験者でがっつりテニスをやりたいという人も大歓迎です。練習は平日の週5日やっているので授業のあいている時間に行くことができ、みんなで盛り上がった練習が楽しめます！また早大ヤングは毎年CUP、関東、アッセという団体戦に出場しており、それに向けてみな日々頑張ってます！みんなで結束して一体になる団体戦は、感動すること間違いなしです。またテニスの他にも海や川に行き、仮装してミックスダブルスをした後おしゃれなスカイラウンジでパーティーをするクリパなどの、毎月季節にあった企画を行っているのでテニス以外の面でもみんなと仲良くなれます。またみんなでワイワイ飲む飲み会も必見です。飲みはいっきなし、強制なし、お水テーブルもあるので安心、安全に誰でも気軽に楽しめる！皆さんも最高の大学生活をヤングで一緒におくりましょう！！入って絶対後悔させない！！,平日/高田馬場近辺のコート,120人,1962年,0人,なし,"https://www.waseda.jp/inst/weekly/assets/uploads/2017/03/f66a4f8558b4953173d17c3805bc2f46-940x705.png, https://www.waseda.jp/inst/weekly/assets/uploads/2017/03/58a09ce45d37586549cc608ccb0a5d3b-940x705.png, https://www.waseda.jp/inst/weekly/assets/uploads/2017/03/f66a4f8558b4953173d17c3805bc2f46-290x290.png",https://www.waseda.jp/inst/weekly/circleguide/detail/?id=3384&lng=en,なし,なし,なし,https://twitter.com/youngtennisclub,なし,なし,なし,なし,なし,なし,なし,公式サイトから取得; リンク検証済み
C0034,3385,ヤングテニス同好会（軟式部）,スポーツ（球技）,テニス,"こんにちは！ヤングです！
/
//ヤングはオール早稲田のソフトテニスサークルです！練習は週に2・3回程度、城北中央公園と浮間公園をメインに、早稲田大学の本キャンから30分程度の場所で練習しています。練習はいつもアットホームな雰囲気で、全員が満遍なく練習・ゲームができるようになっています。そのため、いろんな人と練習できたりペアを組んだいりして仲良くなったり刺激を受けたりしています。平日17時〜21時で練習しているため、授業後でも問題なく参加できます！
/
/
/
/ヤングは学同連という連盟に所属し、春・秋に他大学との対抗戦（春季学同連・秋季学同連）に出場しています。その試合で勝ち上がった人が出場できる関東オープンや関東インドア、８月には年間で最もビッグなイベントである全日本学生オープン（通称全日）に出場します。昨年は学同連男女団体個人共に優勝、全日は男子団体準優勝・個人優勝などの結果を残しました！大会はそれぞれ男女の団体戦個人戦で構成されており、技術に関係なく誰でも参加することができます！
/
/
/
/また、月に1回程度の楽しいイベントも盛りだくさん！BBQや小旅行、スポーツ大会、合宿など様々なイベントを開催しています。ヤングでしか出会えない最高の仲間たちと出会い、充実した早稲田ライフを送れること間違いなし！ヤングは皆さんの「居場所」になれるサークルです！少しでも気になる方はSNS等で気軽に連絡してください！",週2・3日　城北中央公園・浮間公園,50人,1962年,0人,なし,"https://www.waseda.jp/inst/weekly/assets/uploads/2017/03/cb4f2245bf534bece9fd2632fcd4594e-940x1254.jpg, https://www.waseda.jp/inst/weekly/assets/uploads/2017/03/eafc3eedb28e5e26fd8e84608a13032f-940x705.jpg, https://www.waseda.jp/inst/weekly/assets/uploads/2017/03/6277a635b13014fa5a3dabf82d646380-940x705.jpg",https://www.waseda.jp/inst/weekly/circleguide/detail/?id=3385&lng=en,なし,なし,https://www.instagram.com/young_softtennis/,https://twitter.com/young_softennis,なし,なし,なし,なし,なし,なし,なし,公式サイトから取得; リンク検証済み
C0035,3391,早稲田大学軟式庭球同好会,スポーツ（球技）,テニス,"軟式庭球同好会は、1962年に創立された、早稲田で最も歴史のあるソフトテニスサークルです。
/
/
/
/春・秋は六大学（早稲田・東大・明治・慶應・法政・立教）での対抗戦（通称「六連」）、春の六連で勝ち上がった選手と経験年数が3年以下の選手が出場できる「関東オープン」、
/
/
/
/夏は六大学と関西四大学（関西・関西学院・同志社・立命館）での対抗戦である「東西対抗」、全国のサークルと5部以下の体育会が参加する「全日本学生オープン」、
/
/
/
/そして1年の最後には関西学院大学との対抗戦「早関戦」など、1年を通してたくさんの大会に出場します。
/
/
/
/オフシーズンである冬にも、秋の六連で勝ち上がると出場できるインドアの大会もあります。
/
/
/
/個人戦・団体戦ともに、技術に関係なく試合に出場できる機会はたくさんあります！
/
/
/
/練習も週4〜6回設けているので、授業のない日に参加することができ、球数もたくさん打つことができます。年2回の合宿があり、夏は山梨県山中湖、春は千葉県白子で行います。
/
/
/
/実力は初心者からインターハイ経験者までさまざまで、技術に自信がない人でも必ず上達します。
/
/
/
/テニス以外の活動は、オフシーズンの温泉旅行・スキー旅行をはじめとして、同好会のメンバーで遊びにいくこともたくさんあります。",週4~6日（航空公園/城北中央公園）,24人,1962年,0人,なし,"https://www.waseda.jp/inst/weekly/assets/uploads/2016/02/7A-162_w_softtennis-940x705.jpg, https://www.waseda.jp/inst/weekly/assets/uploads/2016/09/c727ad8d15de1a9cfc494e108de44c4e-940x630.jpeg, https://www.waseda.jp/inst/weekly/assets/uploads/2016/09/86a91e8020a603123bf8adbbb7a7db69-940x705.jpeg",https://www.waseda.jp/inst/weekly/circleguide/detail/?id=3391&lng=en,なし,なし,https://www.instagram.com/waseda.nannteidou/,https://twitter.com/w_softtennis,なし,なし,なし,なし,なし,なし,なし,公式サイトから取得; リンク検証済み
C0036,3386,グリーンテニスクラブ,スポーツ（球技）,テニス,今年で創立61年目を迎える早稲田大学公認サークルで、12大連盟に所属！男女共にオール早稲田で全キャンパス員在籍しています！練習は月〜土の週6日＆週1ナイター練！全中やインターハイ経験者も多数在籍しており、レベルの高い練習ができます！また、サークル員の約半数は大学からテニスを始めた初心者で、テニスコーチ経験のある先輩などから1からテニスを教わることもできます！入会制限・期限なし！年3回の団体戦に出場しており、戦績多数！2016〜2019， 2023年度早大カップ第4位！ 2023年度ASSE団体戦第3位！テニス以外にも海企画や納涼船、新春企画といったイベントも年中用意しているので一年を通して充実した大学生活を送ることができます！テニスを真面目に取り組みたい人、テニスを好きになりたい人、何かを全力でやってみたいという人、大歓迎です！僕らと一緒にグリーンで最高の大学生活を送りましょう！！,毎週月曜から土曜/13時/都営テニスコート,110人,1963年,0人,あり,"https://www.waseda.jp/inst/weekly/assets/uploads/2020/04/c144_1-940x627.jpg, https://www.waseda.jp/inst/weekly/assets/uploads/2020/04/c144_2-940x705.jpg, https://www.waseda.jp/inst/weekly/assets/uploads/2020/04/c144_3-940x705.jpg",https://www.waseda.jp/inst/weekly/circleguide/detail/?id=3386&lng=en,サークルサイト閉鎖,https://waseda-green-tc.com/,https://www.instagram.com/wasedagreentc,https://twitter.com/greentennis2024,なし,なし,なし,なし,なし,なし,なし,公式サイトから取得; リンク検証済み; ウェブサイト（サークル）: リンク切れ (fetch failed)
C0037,3758,城北テニスクラブ,スポーツ（球技）,テニス,"こんにちは！城北テニスクラブです！
/
/
/
/僕たちは平日毎日4時間の練習を行なっています。自分の授業や予定に合わせて行きたいときに参加していつでも途抜けおっけーの自由参加型です。
/
/
/
/テニスのレベルはインターハイ出場者、選抜出場者、県ベスト4など上級者もいますが、大学から始めたビギナーのプレイヤーの方がたくさんいます！
/
/
/
/年3回の団体戦があり早大カップ上4への昇格を目指して頑張っています^ ^
/
/
/
/男女比は1:1で各学年30名ほどの中規模サークルです！
/
/
/
/テニスだけでなく、毎月あるイベントも盛りだくさん！クリスマスパーティー、ディズニー、お台場、納涼船etc...
/
/
/
/とにかく城北入っとけば間違いなし！
/
/
/
/Twitter、InstagramのDMでわからないことがあればなんでも聞いてください！",月火水木金13:00-17:00,107人,1965年,1人,なし,https://www.waseda.jp/inst/weekly/assets/uploads/2023/03/C-134_1-940x640.jpg,https://www.waseda.jp/inst/weekly/circleguide/detail/?id=3758&lng=en,なし,https://johoku55koho.wixsite.com/my-site,https://www.instagram.com/johoku2023/,https://twitter.com/johoku2023,なし,なし,なし,なし,なし,なし,なし,公式サイトから取得; リンク検証済み
C0038,3380,稲友テニスクラブ,スポーツ（球技）,テニス,僕たち稲友テニスクラブは経験者、初心者共に大歓迎でアットホームなサークルです!! 練習は週5日でやっていて、自由に参加可能なので自分の時間割で空いてる時間や暇で運動したいなってときに自由にテニスすることができます！ 初心者の人たちは最初はビギナー練といって経験者のうまい人たちがコート1面使って丁寧に教えてくれます！ その結果、ビギナーだけの大会で優勝者も輩出しています!! そして経験者の人たちも全中チャンピオンや埼玉県ベスト4などのレベルが高い人ばかりです！ なので経験者でも十分テニスが楽しめる環境が整っています！ しかもテニスだけではなく稲友では一年中楽しめるイベントが充実しています！ テニスも楽しみ、イベントも楽しめるのでサークルのみんな仲がよくアットホームな雰囲気が稲友の最大の魅力です!!,毎週月〜金/9時〜17時/早稲田近辺のテニスコート,64人,1966年,0人,なし,"https://www.waseda.jp/inst/weekly/assets/uploads/2016/09/0fa43e90cd22f602dadf59fb7c4b2817-940x705.jpg, https://www.waseda.jp/inst/weekly/assets/uploads/2016/09/c98c765b7f9580aeb5cf0bef89ac0dda-940x705.jpg, https://www.waseda.jp/inst/weekly/assets/uploads/2016/09/3f1492f4e097c9b540fc19c318a05a73-940x705.jpg",https://www.waseda.jp/inst/weekly/circleguide/detail/?id=3380&lng=en,なし,なし,なし,https://twitter.com/toyu2016,なし,なし,なし,なし,なし,なし,なし,公式サイトから取得; リンク検証済み
C0039,3642,オレンジテニスクラブ,スポーツ（球技）,テニス,オレンジテニスクラブはテニスというスポーツを中心とし、さまざまな活動を行っています。そして大学生活をより有意義なものにし、その中で自分を大きく成長させることのできるサークルです。オレンジは早稲田大学公認の連盟、12大サークルの一つであり、45年も続く長い歴史を持ちます。そしてテニス、イベント、遊びなどいかなるときでも全力で楽しむ事がモットーです。サークルをだらだらと続けていても本当の楽しさは味わえません。常にアツイ心で何事にもぶつかっています。12大サークルで順位を争う団体戦、早大カップがテニスのメインイベントです。選手も応援者も全員が勝利に向かって一丸となります。また、日々の通常練習は楽しく充実しています。また、オレンジの魅力の一つがテニスビギナーへ力を入れていることです。ビギナーは正しく教えてもらえれば、急激にテニスが上達する楽しさが味わえます。ビギナーにはコーチをする専属の役職があり、1から丁寧に教えます。その上、オレンジにはテニス上級者とも分け隔てなく練習する雰囲気があり、レベルを問わず強いつながりがあります。もちろん経験者のモチベーションも高く、オール早稲田や団体戦の勝利といった高い目標を目指しています。イベントでは合宿を始め、海企画や花火企画、クリスマスパーティーなど、1年を通して楽しい行事が充実しています。イベント一つ一つにも力を入れ、みんなが非常に楽しんでいます。オレンジならきっと、楽しいだけでなく充実した大学生活が送れるはずです。,毎週、月曜日・金曜日/9-11時/都営のテニスコート、火曜日・水曜日/13-17時/都営のテニスコート,32人,1973年,0人,なし,"https://www.waseda.jp/inst/weekly/assets/uploads/2018/03/orange02-940x705.jpg, https://www.waseda.jp/inst/weekly/assets/uploads/2018/03/orange01-940x529.jpg, https://www.waseda.jp/inst/weekly/assets/uploads/2018/03/orange03-940x705.jpg",https://www.waseda.jp/inst/weekly/circleguide/detail/?id=3642&lng=en,なし,なし,なし,なし,なし,なし,なし,なし,なし,なし,なし,公式サイトから取得; リンク検証済み
C0040,3372,オーストラリアンテニスクラブ,スポーツ（球技）,テニス,オーストラリアンテニスクラブは40年以上の歴史を誇る早稲田大学公認のサークルです。毎年5月に開かれる早大カップに焦点を置き、日々練習に励んでいます。経験者はもちろん、大学からテニスを始めたビギナーも多いのですが、コーチが丁寧に教えてくれるのですぐに上達できます。練習は週2回で曜日不定期なので、サークル員全員が参加しやすくなっています。通常練習では経験者とビギナーが混ざって基本的な練習を行い、レギュラー練習では大会に出場するメンバーでレベルの高い練習を行います。バーベキューやスノボなど、テニス以外のイベントも盛りだくさん！中規模サークルなので、先輩後輩問わずに仲が良いアットホームなサークルです！！,曜日不定週2回,34人,1974年,0人,なし,https://www.waseda.jp/inst/weekly/assets/uploads/2023/03/C-130_0-940x705.jpg,https://www.waseda.jp/inst/weekly/circleguide/detail/?id=3372&lng=en,なし,なし,https://www.instagram.com/australian.2023/,https://twitter.com/australian_49,なし,なし,なし,なし,なし,なし,なし,公式サイトから取得; リンク検証済み
C0041,3717,F．S．S．テニスクラブ,スポーツ（球技）,テニス,私たちF.S.S.テニスクラブは創立47年目の歴史ある、早稲田大学公認のテニスサークルです。日本女子大のテニスコートと浮間舟渡の都営コートを利用した火曜日と木曜日の週二回の練習を中心に、サークル全体のテニススキルの向上を目指しています。F.S.S.は初心者大歓迎のサークルです！大学からテニスを始めた人が多く在籍しており、経験者の指導のもと、実戦で戦えるまでに成長できます。学内リーグには属していないため、厳しいメニューは一切無く、楽しくまったりテニスができるのが魅力です。日々の練習の成果は、最大で年5回ある合宿でのトーナメント戦を通して発揮することができます。また、F.S.S.はサークルの仲を深められるイベントも豊富です！月一回の頻度で、花火大会やハロウィンパーティー、クリスマスパーティーなど、四季折々のイベントで大学生活を満喫できます！とにかくサークル員同士の仲が良く、アットホームな雰囲気が特徴のテニスサークルです！テニス初心者の方も、もちろん経験者の方もぜひ一度F.S.S.に遊びに来てください！,毎週火曜日・木曜日/17時/日本女子大テニスコート・浮間舟渡都営コート,80人,1975年,1人,なし,"https://www.waseda.jp/inst/weekly/assets/uploads/2019/04/IMG-4567-940x706.jpg, https://www.waseda.jp/inst/weekly/assets/uploads/2019/04/IMG-5029-940x1253.jpg, https://www.waseda.jp/inst/weekly/assets/uploads/2019/04/IMG-5031-940x1254.jpg",https://www.waseda.jp/inst/weekly/circleguide/detail/?id=3717&lng=en,なし,https://ameblo.jp/fss-tennis-club/,https://www.instagram.com/fss_tennis_2023/,https://twitter.com/fss_tennis_2023,なし,なし,なし,なし,なし,なし,なし,公式サイトから取得; リンク検証済み
C0042,3790,早稲田大学クレストテニスクラブ,スポーツ（球技）,テニス,"1975年設立の歴史ある早稲田公認のテニスサークルです！男女比は1:1で、経験者と初心者の人数比も半々なので誰でもテニスを楽しむことができるサークルです！サークル全体の人数は40人と少人数なため、みんなすぐに仲良くなれる馴染みやすいサークルです！また、12大という歴史ある組織にも所属しているため安心して最高のサークルライフを送れます！
普段の練習は週に2回、都内のテニスコートで練習しています！曜日不定なため自分の行きたい曜日の練習に行けます！練習では初心者面もあるので大学からテニスを始める人もすぐに上達できちゃいます！もちろん経験者の人も経験者同士がっつり練習もできちゃいます！
他にも月に1回あるイベントや年に4回ある合宿でテニス以外のことも楽しめちゃいます！少人数ならではのアットホームな雰囲気と充実したイベントで男女、先輩後輩関係なく仲良くなれます！クレストで最高の大学生活を送りましょう！！",曜日不定/17時から19時/浮間公園、木場公園、猿江恩賜公園など都内のテニスコート,40人,1975年,0人,あり,"https://www.waseda.jp/inst/weekly/assets/uploads/2025/03/1E23H054-3-1-202503251618-1-940x708.jpg, https://www.waseda.jp/inst/weekly/assets/uploads/2025/03/1E23H054-3-1-202503251618-2-940x625.jpg, https://www.waseda.jp/inst/weekly/assets/uploads/2025/03/1E23H054-3-1-202503251618-3-940x762.jpg",https://www.waseda.jp/inst/weekly/circleguide/detail/?id=3790&lng=en,なし,なし,https://www.instagram.com/waseda_crest.49th,https://x.com/crest2025_49th/,なし,なし,なし,なし,なし,なし,なし,公式サイトから取得; リンク検証済み
C0043,3381,早大フォーティラブ,スポーツ（球技）,テニス,"今年で 45 年目を迎える大学公認のテニスサークルです！男女比が1:1、1学年 25 人程度で、全体が100人規模のサークルです!同期との仲がいいのはもちろん、先輩・後輩の仲も良く 縦のつながりが強いアットホームな雰囲気が Forty-Love の最大の特徴(^^)
/
/
/
/男子が全員早稲田大学、 女子は早稲田・日本女子・東京女子だから 同じ大学はもちろん、ほかの大学の人ともつながりが 持てるのもいいところ!練習は月・木の週二回、午前と午後で行っているから 授業の空きコマを使ってテニスができる!ナイター練やビギナー練も行っているので、練習日が授業で埋まっていても練習できちゃいます！また、空いてる曜日が一緒の人同士でよくテニスをするのでテニスをする機会が少ないなんてことはありません！経験者と初心者の比率が1:1だから、 大学からテニスを始める人でも安心!テニスコーチ経験者もいるから、 テニス経験者でも切磋琢磨できる! 初心者もどんどん上手くなれますよ(^-^)
/
/
/
/猿江・城北・赤塚・篠崎・舎人・府中・木場・大宮など 様々なコートを使用しているから参加しやすい!歴史が長く、組織もしっかりしている 12 大という連盟に所属しているから 安心してサークル生活を送れます(^O^)
/
/
/
/去年は早大カップ5位!!",毎週月曜日・木曜日/9時〜17時（自由参加）/猿江・城北・赤塚・篠崎・舎人・府中・木場・大宮など/早稲田大学15号館ラウンジ,100人,1976年,0人,なし,https://www.waseda.jp/inst/weekly/assets/uploads/2020/06/20200630-940x626.jpg,https://www.waseda.jp/inst/weekly/circleguide/detail/?id=3381&lng=en,ウェブサイト（サークル）アクセス制限,https://forty-love43rd.jimdofree.com/,https://www.instagram.com/fortyshinkan20,https://twitter.com/@2020Forty,なし,https://lin.ee/lmMOHwc,なし,なし,なし,なし,なし,公式サイトから取得; リンク検証済み; ウェブサイト（サークル）: アクセス制限 (403)
C0044,3388,ギャラクシーテニスクラブ,スポーツ（球技）,テニス,ギャラクシーテニスクラブは1学年が25人程度で、男女比1:1の中規模テニスサークルです。メンバーは全員早稲田生で、さまざまな学部の友達がたくさんできます。半分以上がテニス初心者ですが、先輩が丁寧に教えてくれるので初心者も安心！ もちろん経験者も大歓迎です。一緒に楽しみながら上達していきましょう！ 先輩後輩の仲も良く、みんなで遊びに行ったり、お昼や空きコマではラウンジに集まって過ごしています。ギャラクシーでは、スポーツ企画や花火大会、早稲田祭など毎月さまざまなイベントを行っているので、みんなとの思い出がたくさんできますよ！ 私たちにとってのギャラクシーは、居心地のいい場所で大学生生活には欠かせたない存在です。みなさんギャラクシーで最高の仲間と最高の大学生活を送りませんか??,毎週月曜日・水曜日・金曜日/13〜17時/木場公園コート,70人,1978年,0人,なし,"https://www.waseda.jp/inst/weekly/assets/uploads/2016/09/a0466b644a0888563e1a39938edc0b6f-940x705.jpeg, https://www.waseda.jp/inst/weekly/assets/uploads/2016/09/89f39f484a36d19b14d43ccae1c02585-940x705.jpeg, https://www.waseda.jp/inst/weekly/assets/uploads/2016/09/402fff1efa49995f15e27d60e2d13bcf-940x705.jpeg",https://www.waseda.jp/inst/weekly/circleguide/detail/?id=3388&lng=en,なし,なし,https://www.instagram.com/waseda_galaxytc,https://twitter.com/waseda_galaxytc,なし,なし,なし,なし,なし,なし,なし,公式サイトから取得; リンク検証済み
C0045,3390,早稲田大学ホームテニスクラブ,スポーツ（球技）,テニス,大学に入学して何か新しいことを始めたい人、テニスをやりたい人、一緒に楽しいことをやりたい人、最高の仲間に出会いたい人、ホームテニスクラブでそんな夢、かなえませんか？ 私たちホームテニスクラブは、数多くあるテニスサークルの中でも珍しいオール早稲田の少人数サークルです！ だからこそ生まれる利点があります。少人数だからテニスをする上でも長くコートに立てるし、たくさんボールが打てます。そして新早稲田大学庭球同好会連盟3部に所属するホームは、他サークルとの交流戦や団体戦にも参加でき、選手たちの一つのモチベーションとなっています。テニスを新しく始める人も、一から教えてもらえて、レベル別にコートが割り振られるので安心です！ テニスに重きを置くサークルですが、イベントも盛りだくさん！ 東京の名所を練り歩きながらお題をクリアしていくウォークラリー、大きな公園に足を伸ばしてサッカーや“だるまさんがころんだ”をしたり、早慶戦を観戦したりなど1年を通して色んなイベントを楽しめます！ そしてテニスサークルで1番気になる飲み会についてですがホームは、まったり飲みをモットーにしています。イッキ強制などはもちろん無く、みんなで談笑して落ち着いた雰囲気の飲み会となっています！ そして最後に、1学年に15人程度という少人数制は、同期はもちろん、先輩や後輩とのつながりも深くなります。ホームで一生涯の友人と最高の4年間を過ごしませんか！,毎週月・火・水・木曜日のいずれか2日/17〜19時/哲学堂公園,60人,1999年,0人,なし,"https://www.waseda.jp/inst/weekly/assets/uploads/2016/09/d37dded67501ff66b973a97810dd5cdc-940x705.jpg, https://www.waseda.jp/inst/weekly/assets/uploads/2016/09/9ff33fcf6bd20408aa7a95de5a96eb50-940x705.jpg, https://www.waseda.jp/inst/weekly/assets/uploads/2016/09/7dcd224a4203df25131b18af943c470c-940x705.jpg",https://www.waseda.jp/inst/weekly/circleguide/detail/?id=3390&lng=en,なし,なし,なし,https://twitter.com/hometennisclub,なし,なし,なし,なし,なし,なし,なし,公式サイトから取得; リンク検証済み
C0046,3567,t:M（チーム）,スポーツ（球技）,テニス,私たちt;Mは所沢キャンパスで活動しているテニスサークルです。所沢キャンパスのテニスコートを使用して週に3回まったり、ゆる〜くテニスをしています。入会費が1000円という他のテニスサークルではあり得ないほどの安さです！ また、初心者歓迎サークルであり、毎年多くの初心者の子が入会してくれます。テニスは先輩たちが丁寧に教えてくれるのですぐに上達します。そしてイベントもたくさんあり、年に3回の合宿、クリスマスパーティーなど楽しいイベントが盛りだくさんです。ぜひt;Mに入って最高の大学生活を送りましょう！,毎週月曜日・木曜日・金曜日/13:00~19:30/所沢キャンパステニスコート,80人,2002年,0人,あり,"https://www.waseda.jp/inst/weekly/assets/uploads/2016/09/tM1-940x705.jpg, https://www.waseda.jp/inst/weekly/assets/uploads/2016/09/tM2-940x529.jpg, https://www.waseda.jp/inst/weekly/assets/uploads/2016/09/tM3-940x705.jpg",https://www.waseda.jp/inst/weekly/circleguide/detail/?id=3567&lng=en,なし,なし,なし,https://twitter.com/waseda_tim,なし,なし,なし,なし,なし,なし,なし,公式サイトから取得; リンク検証済み
C0047,3378,Truthテニスクラブ,スポーツ（球技）,テニス,こんにちは！私たちTruthテニスクラブは早稲田大学公認・オール早稲田のアットホームなテニスサークルです！各学年約20人、男女比は1:1の中規模サークルです！テニスしたいけど、早稲田のテニサーってちょっと怖い…という人にぴったりのサークルです！テニス初心者も経験者も大歓迎！練習は週3回、大学から15分程度のテニスコートで練習しています！初心者でも先輩が丁寧に教えてくれるので安心です！3カ月に1回程度の頻度で大きなテニスコートを借りて部内戦もやったりします！Truthではテニスの他に年間を通して、年3回の合宿、早慶戦観戦、早稲田祭、クリスマスパーティーなど楽しいイベントが盛りだくさん！そして、なんと言ってもTruthの1番いいところは最高の仲間と出会えることです！Truthの仲間たちは一生の友達になること間違いなし！そんな最高の仲間たちと最高の大学生活を送りましょう！,毎週月・木・金曜日/16時〜18時/池袋・赤羽,80人,2005年,0人,なし,"https://www.waseda.jp/inst/weekly/assets/uploads/2017/03/f60b1fda8833adbe5d314578cb394f66-940x627.jpg, https://www.waseda.jp/inst/weekly/assets/uploads/2017/03/267b79eee07ed6926f80271072ac8b35-940x705.jpg, https://www.waseda.jp/inst/weekly/assets/uploads/2017/03/7b1c4b07d5adb36cc1043cd5908bb3ed-940x627.jpg",https://www.waseda.jp/inst/weekly/circleguide/detail/?id=3378&lng=en,なし,なし,https://www.instagram.com/waseda_truthtc/,https://twitter.com/truthtc,なし,なし,なし,なし,なし,なし,なし,公式サイトから取得; リンク検証済み
C0048,3632,Laissez-Faire T．C．,スポーツ（球技）,テニス,理工生限定！テニスも勉学も頑張れる新早連所属のテニスサークルです！「No Drink、Money is important、We Love Tennis」をモットーにまじめに楽しく活動を行っています！練習は週2，3回、授業と被らないナイターに行っています。またテスト前には準備期間を設けているため、テニサーながら勉強にも力を入れられます！もちろん、逃走中やクリスマスパーティーなどのイベント、定期的に行われる交流戦、大盛り上がりの夏合宿などなど、楽しめる要素盛りだくさん！男女比は約1：1、初心者から経験者まで幅広く所属しています。大学でテニスしたいけどテニサーはついていけるかな、、というそこのあなた！ぜひ一度レッセフェールまでお越しください！！最高の大学生活を私たちと過ごしましょう！サークル員一同お待ちしています！,週2〜3回(金曜固定)、週2〜3回・城北公園など,150人,2014年,0人,なし,"https://www.waseda.jp/inst/weekly/assets/uploads/2018/03/Laissez-Faire-T.C.1.jpg, https://www.waseda.jp/inst/weekly/assets/uploads/2018/03/Laissez-Faire-T.C.2.jpg, https://www.waseda.jp/inst/weekly/assets/uploads/2018/03/Laissez-Faire-T.C.3.jpg",https://www.waseda.jp/inst/weekly/circleguide/detail/?id=3632&lng=en,なし,なし,なし,なし,なし,なし,なし,なし,なし,なし,なし,公式サイトから取得; リンク検証済み
C0049,3389,早稲田大学ファンタスティックテニスクラブ,スポーツ（球技）,テニス,"はじめまして！私たちは早稲田大学公認サークルのファンタスティックテニスクラブです。練習は月〜金の朝、午後の週10コマあり、学業やバイトなど自分の予定に合わせてテニスをすることができます！！また経験者とビギナーが1:1で、誰でもウェルカムのアットホームな雰囲気が特徴です！/
///
//テニスはレベル別の練習をしているため初心者から経験者までその人にあった練習をする事ができます！！経験者だけでなく、ビギナーの指導にも力を入れていて、ビギナーズカップ優勝経験も！/
///
//またテニスだけではなく夏合宿、スキーツアー、クリスマスパーティーなど一年中イベントをやっているため楽しめること間違いなし！！テニスに興味のない人もテニスを本気でやりたい人もファンタで最高の仲間と最高の大学生活送ってみませんか？",毎週月曜〜金曜/8時〜10時、13時〜17時/早稲田近辺のテニスコート,60人,情報なし,0人,なし,https://www.waseda.jp/inst/weekly/assets/uploads/2023/03/C-147_1-940x705.jpg,https://www.waseda.jp/inst/weekly/circleguide/detail/?id=3389&lng=en,なし,なし,https://www.instagram.com/fantastic46th/,https://twitter.com/fantastic46th,なし,なし,なし,なし,なし,なし,なし,公式サイトから取得; リンク検証済み; 設立年なし
C0050,3522,早稲田大学理工バレーボール部,スポーツ（球技）,バレーボール,理工バレーボール部はりこばれの愛称で長年親しまれています。理工学術院公認サークルで主に理工学部の生徒で構成されていることもあり、授業と極力かぶらないよう平日の夜と土曜の昼に練習日があります。メンバーは選手(男子のみ)とマネジャー(女子のみ)で構成。理系中心ですが文系も在籍しており、和気藹々（あいあい）としています。年に2回ある同好会リーグ(5月、11月)と理工リーグ(6月、12月)を軸に多くの大会に参加し、合宿は3回(8月、11月、3月)にあります。バレーをちゃんとやりたいけれども学業に支障をきたしたくない、合宿や飲み会、イベントも楽しみたいという人にはもってこいのサークルだと思います(＾◇＾)どこのサークルに入ろうか悩んでいる人、新しくバレーを始めたい人、勉強が忙しいけどバレーもやりたい人はぜひ一度見に来てください！！新規部員の募集は原則として新歓期間(4， 5月)のみです！,毎週月曜日・木曜日（大久保小学校：18時-21時）、土曜日（大久保小学校：9時-12時）,55人,1960年,0人,なし,"https://www.waseda.jp/inst/weekly/assets/uploads/2020/04/en9_01-940x705.jpg, https://www.waseda.jp/inst/weekly/assets/uploads/2020/04/en9_02-940x626.jpg, https://www.waseda.jp/inst/weekly/assets/uploads/2020/04/en9_03-940x715.jpg",https://www.waseda.jp/inst/weekly/circleguide/detail/?id=3522&lng=en,なし,なし,https://instagram.com/riko__volley/,https://twitter.com/rikovolley,なし,なし,https://www.waseda.jp/inst/weekly/news/2020/08/07/77913/,なし,なし,なし,なし,公式サイトから取得; リンク検証済み
C0051,3166,バレーボール同好会,スポーツ（球技）,バレーボール,バレーボール同好会は早稲田大学公認のバレーボールサークルです。毎週火曜と隔週で木曜、土曜の週2回、世田谷区や板橋区、清瀬市など都内の体育館を中心にして練習しています。活動は3年生が幹部として運営していて、声が大きい陽気な幹事長、何を言っているかよくわからない副幹事長、一発芸が得意な会計、ちゃらんぽらんなマネージャーなど様々な個性を持っている3年生が日々賑やかな練習を作り上げていて、年に2回行われる同好会リーグを目標に、初心者も経験者も楽しく、真剣にバレーボールに取り組んでいます。男女仲、先輩後輩の仲がとても良く、週末にはよくドライブや遊園地、ビーチバレーなどいろんなところに遊びに行っています。日々の練習の他にも、合宿やスノボ旅行、早慶戦、早関戦などイベントが盛り沢山です。合宿やスノボ旅行は泊まり行事なのでサークル会員みんなとても仲良くなることができます！「大学でバレーボールを始めたい！」、「大学でもバレーボールを続けたい！」また、｢大学で最高の友達を作りたい！｣という新入生の皆さんはぜひ練習や新歓合宿におこしください！,毎週火曜日/18時半〜21時/世田谷区立駒沢中学校/隔週木曜・土曜日/18時〜21時半/清瀬市民体育館・植村加賀記念スポーツセンター・和光市総合体育館など,64人,1962年,1人,なし,https://www.waseda.jp/inst/weekly/assets/uploads/2023/03/A-125_1-940x627.jpg,https://www.waseda.jp/inst/weekly/circleguide/detail/?id=3166&lng=en,なし,https://wsdvc.web.fc2.com/,https://www.instagram.com/wvc.60th/,https://twitter.com/wvc60th,なし,なし,なし,なし,なし,なし,なし,公式サイトから取得; リンク検証済み
C0052,3418,アンカー・バレーボールクラブ,スポーツ（球技）,バレーボール,私たちアンカー・バレーボールクラブは「バレーも遊びも全力で！」をモットーに活動しており、バレーボールの面では西荻窪で火・木、週2回の練習を中心に、世田谷での大会などさまざまな大会に精力的に参加しています。初心者から県選抜の経験者まで幅広く在籍しており、男女別々のコートでプレーしています。遊びの面ではバーベキューやビーチバレー、クリスマスパーティーにディズニーランドなど多くのイベントを企画しています。年に5回の合宿では大会に向けたバレーボールの強化練習の他に、夏には海水浴、冬にはスキー・スノーボードなど季節に合わせた活動も行い、夜にはサークル員同士の親睦を深めるためにレクリエーションも行っています。大学生活を楽しむならぜひアンカーへ！,毎週火曜日・木曜日/18時半〜21時/荻窪中学校,45人,1979年,0人,あり,"https://www.waseda.jp/inst/weekly/assets/uploads/2016/09/40b4803750a3b93e83fa1746efce650c-940x705.jpg, https://www.waseda.jp/inst/weekly/assets/uploads/2016/09/9b0a8d4e345f20903b70635aaf50fa0c-940x705.jpg",https://www.waseda.jp/inst/weekly/circleguide/detail/?id=3418&lng=en,なし,なし,なし,なし,なし,なし,なし,なし,なし,なし,なし,公式サイトから取得; リンク検証済み
C0053,3583,早大M+,スポーツ（球技）,バレーボール,皆さんこんにちは、バレーボールサークル早大M+です。私たちは所沢キャンパスを中心に毎週火・木曜日にバレーの練習を行っています。学年の隔てなく、全員が楽しくサークルに参加できることを魅力としているので経験者だけでなく、未経験者の方でも最近バレーに興味が湧いてきたなという人は気兼ねなくサークルに立ち寄ってみてください。バレーをする一方でお花見、バーベキューやウインタースポーツなど春夏秋冬、季節さまざまなイベントを多数催しています。また私たちのサークルは外国人留学生を積極的に受け入れていますので外国の言語や文化に触れてみたいという方も体を動かしつつもそうすることができるはずです。大学生活の始まり、何か新しいことを始めてみたいとは思ってもなかなか実行できないことも多いと思います。そんな方はぜひ私たちのサークルに入って多趣味な先輩方と接してみてください。きっと今までにない生活があなたのことを待っているはずです。会員一同新入生の入会を待っています！,毎週火曜日/16時半〜20時/所沢キャンパススポーツホール・毎週木曜日/17時半〜19時半/所沢市内の体育館,38人,2005年,1人,あり,なし,https://www.waseda.jp/inst/weekly/circleguide/detail/?id=3583&lng=en,なし,なし,なし,https://twitter.com/wasedamplus,なし,なし,なし,なし,なし,なし,なし,公式サイトから取得; リンク検証済み; 写真URLなし
C0054,3402,パディ・ゴルフクラブ,スポーツ（球技）,ゴルフ,"西荻窪駅の練習場で毎週月曜日と木曜日に活動しています！時間は17:00~19:00と19:00~21:00の2部制で、好きな時間に来ることができます！参加も自由です。
/
/
/
/また月に1度、月例を行い、ゴルフ場に行ってゴルフをしています。結果によっては豪華な景品ももらえます！
/
/
/
/合宿は年3回開催しています。夏休みと冬休みに1度ずつ行い、2月にはスキー・スノボに泊まりで行っています！！
/
/
/
/また、当サークルは東日本学生ゴルフ同好会連盟(HGA)に所属しているので、他大学とのゴルフサークルとの交流を図ることもできます。HGAでは春と秋にリーグ戦が開催されていて、パディは昨年、優勝しました！！
/
/
/
/他にも、HGAを通してプロの大会のお手伝いのアルバイト(泊まりこみの短期バイト)に参加することができます。
/
/
/
/間近でプロの迫力あるプレーを見ることができるので、とても貴重な経験ができます。パディに入ったらぜひ参加して下さい！！
/
/
/
/ゴルフ以外にも、納涼船やクリスマスパーティ、忘年会、新年会などのイベントを行っています。
/
/
/
/初心者も経験者も大歓迎です！半分以上は初心者ですので、お気軽に練習に来てください！
/
/
/
/パディに入って人生最高の思い出を作りましょう！！",毎週月曜日・木曜日/17:00~19:00、19:00~21:00/西荻ゴルフセンター,158人,1964年,5人,なし,"https://www.waseda.jp/inst/weekly/assets/uploads/2016/09/8403d2657cd16b78b8d438fd264bd600-940x665.jpg, https://www.waseda.jp/inst/weekly/assets/uploads/2016/09/710330af117d7b32684645711f0e2dd3-940x705.jpg, https://www.waseda.jp/inst/weekly/assets/uploads/2016/09/0cc4a8bca61dc0d71f68969cdfd51f7e-940x705.jpg",https://www.waseda.jp/inst/weekly/circleguide/detail/?id=3402&lng=en,サークルサイト閉鎖,https://paddygolfclub.boo.jp,https://www.instagram.com/paddygolfclub/,https://twitter.com/wasedapaddygolf,なし,なし,なし,なし,なし,なし,なし,公式サイトから取得; リンク検証済み; ウェブサイト（サークル）: リンク切れ (fetch failed)
C0055,3403,ボギーゴルフクラブ,スポーツ（球技）,ゴルフ,"本サークルは、大半が大学からゴルフを始めた人で構成されています！普段は水曜日16時〜新宿伊勢丹メンズ館で、金曜日は17時〜メトログリーン東陽町で行っています！
/
/
/
/ボギーの強みは比較的少人数であることから、学年を超えて、サークル員全員と仲良くなれることです！週二回の練習と月一回のラウンドに加えて様々なイベントも用意しています！合宿は新歓期の5月と8月、9月の年三回開催します！どの活動も自由参加なので、無理なく続けることができます！また、サークル員同士で個人的にラウンドに行くこともあり、充実した大学生活を送ることができます！
/
/
/
/入会も学年問わず、随時入会可能です！
/
/
/
/ぜひ一度足を運んでいただき、入会を検討してみてください！",毎週水曜日16時新宿伊勢丹メンズ館/毎週金曜日17時メトログリーン東陽町,40人,1982年,0人,なし,"https://www.waseda.jp/inst/weekly/assets/uploads/2016/09/16e2bcb3e94a99f011713504eb8f5a94-940x705.jpg, https://www.waseda.jp/inst/weekly/assets/uploads/2016/09/8be30a8ea9d6c7d5b1e6c5e48a6af68a.jpg, https://www.waseda.jp/inst/weekly/assets/uploads/2016/09/ccd0f62a29d46aeb45326a6ce36c7c1c-940x529.jpg, https://www.waseda.jp/inst/weekly/assets/uploads/2016/09/16e2bcb3e94a99f011713504eb8f5a94-290x290.jpg",https://www.waseda.jp/inst/weekly/circleguide/detail/?id=3403&lng=en,なし,https://bogeygolf2022.mystrikingly.com/,https://www.instagram.com/waseda_bogey/,https://twitter.com/waseda_bogey,なし,なし,なし,なし,なし,なし,なし,公式サイトから取得; リンク検証済み
C0056,3167,ボウリングクラブ,スポーツ（球技）,その他の球技,"早稲田ボウリングクラブ（WBC）は60年以上の歴史を誇る大学公認のボウリングサークルです。
/
/インカレでもあり、他大学の学生とも多く交流しています！
/
/私たちは、運営を学生自身が行う関東学生ボウリング連盟に早稲田大学として加盟しており、
/
/サークル員はチーム戦や個人戦などいろいろな大会に参加しています。
/
/2016年度、私たちは第6期の黄金期を迎えており、夏の関東学生ボウリング選手権の5人チーム戦で優勝、秋季レギュラーリーグ5人チーム戦で優勝、全日本大学5人チーム戦で準優勝と輝かしい成績を残すことができました。
/
/とはいっても、サークル加盟に必要な資格や経験は特にありません！
/
/大学からボウリングを始める初心者がほとんどなので、経験がなくても全く問題ありません、むしろ大歓迎です！！
/
/週に2回程度練習を行う他、慶應・東大・駒沢・専修・獨協大学などの学生と合同で練習をしたり、
/
/一緒にチームを組んで大会に出たりと他大学とも積極的に交流をしています。
/
/最初はどんなに下手でも、運動センスがなくても上達できるのがボウリングです。
/
/ボウリングの道具やマイボールなど、分からないことは先輩たちがサポートします！
/
/ボールを曲げて200以上のスコアを出してみませんか？ ？
/
/私たち早稲田ボウリングクラブは新歓期だけではなく、年中いつでもあなたのご連絡お待ちしております！",基本毎週月曜日・木曜日　19:00~21:00　　場所：（〜2023年3月）中野サンプラザボウル、（2023年4月〜）高田馬場グランドボウル,約20人,1952年,1人,なし,https://www.waseda.jp/inst/weekly/assets/uploads/2023/03/A-126_0-940x705.jpg,https://www.waseda.jp/inst/weekly/circleguide/detail/?id=3167&lng=en,なし,なし,https://www.instagram.com/waseda_bowlclub/,https://twitter.com/waseda_bowlclub,なし,なし,なし,なし,なし,なし,なし,公式サイトから取得; リンク検証済み
C0057,3168,ポーラーベアーズアイスホッケークラブ,スポーツ（球技）,その他の球技,"早稲田ポーラーベアーズは春秋2回のリーグ戦と決勝トーナメント優勝を目指して日々練習しています。
/
/
/
/経験者はもちろんのこと、初心者も大歓迎です！（初めのうちは経験者プレイヤーがマンツーマンで指導します！）週2回の練習は真剣に取り組んでいますが、練習を終えるとアットホームな雰囲気となっています。プレイヤーはもちろん、マネージャーも募集しております。インスタグラムやツイッターなどのSNSも試合結果の報告だけでなく日常的な投稿も随時更新しているので是非見に来てください！
/
/
/
/私たちと一緒に大学生活最高の思い出を作りましょう！",毎週木曜日/21:00-23:30/三井不動産アイスパーク船橋,40人,1961年,3人,あり,"https://www.waseda.jp/inst/weekly/assets/uploads/2021/01/20200226_073132150_iOS1.jpg, https://www.waseda.jp/inst/weekly/assets/uploads/2021/01/20201201_205738450_iOS1.jpg, https://www.waseda.jp/inst/weekly/assets/uploads/2021/01/20201222_212223960_iOS1.jpg, https://www.waseda.jp/inst/weekly/assets/uploads/2021/01/20201219_161831680_iOS2.jpg",https://www.waseda.jp/inst/weekly/circleguide/detail/?id=3168&lng=en,なし,なし,https://www.instagram.com/polar_____bears,https://twitter.com/polar__bears,なし,なし,なし,なし,なし,なし,なし,公式サイトから取得; リンク検証済み
C0058,3164,卓球同好会(WTTS),スポーツ（球技）,その他の球技,WTTSは創立58年目で早稲田大学唯一の公認卓球サークルです！卓球初心者からインターハイ経験者まで様々なレベルの人がいるので誰でも大歓迎！週2，3回ほどの練習があり、変わった企画を作り楽しく練習をしたり、緩く、時には真剣に卓球に励んでいます！また、初心者の方には専用の係がいるのでご安心を！また各地域で開催されるオープン戦の参加や首都圏にある大学のサークルが集まって試合をする「首都大戦」、サークル内最強を決める「会内試合」等、試合をする機会も多く存在します！そしてWTTSは日本女子大学からも公認で提携をしていて、女性の方や他大学の方も安心して入会でき、大歓迎です！また、早稲田の方も他大学の方と友達になれるチャンスです！色々な方と出会えます！またイベントにも真剣に取り組んでいて、4月の新勧期間には花見やBBQ、みなとみらいを巡る横浜ツアーなどの楽しいイベントがある他、スキー旅行や春・夏に行われる一週間程の合宿など卓球以外でもたくさん楽しい思い出を作れること間違いなし！WTTSに来れば大学生活が充実すること間違いなし！入会はいつでも受け付けています。ぜひ気軽にお越しください！,毎週木、火or金/15時または18時ごろから/学生会館会館E408/新宿コズミックスポーツセンターなど,100人,1962年,0人,なし,"https://www.waseda.jp/inst/weekly/assets/uploads/2016/09/7a760cbd2b5a95e8d4f86b31c71b40b1-940x705.jpg, https://www.waseda.jp/inst/weekly/assets/uploads/2016/09/23d01c826d5f5c054e2dd22199caaf9d-940x705.jpg, https://www.waseda.jp/inst/weekly/assets/uploads/2016/09/bcd1d02cf66a79c78bbd58c5a8c213a5-940x705.jpg",https://www.waseda.jp/inst/weekly/circleguide/detail/?id=3164&lng=en,サークルサイト閉鎖,https://www.waseda-tabletennis-wtts.com/,なし,https://twitter.com/wtts_2020,なし,なし,なし,なし,なし,なし,なし,公式サイトから取得; リンク検証済み; ウェブサイト（サークル）: リンク切れ (fetch failed)
C0059,3422,スポーツラバーズ,スポーツ（球技）,その他の球技,"スポーツラバーズは1972年に創設され、今の幹事代で42代を数える伝統あるサークルです。
/
/毎週火曜日・金曜日に早稲田大学の近くにある体育館でバスケとバレーをしています。
/
/時間は変動する事もありますが、大体17時から19時までの2時間で、バスケ1時間・バレー1時間という形で活動しています。
/
/もちろん経験者もいますが、未経験者もたくさんいるので「楽しむことが最優先」というスポラバルールで高校の体育の授業のようにゆるく楽しみながら活動しています。活動では笑いが絶えないほどみんなで楽しんでいますよ！
/
/男女比は大体半々で、インカレサークルなのでもちろん他大生も大歓迎です。
/
/一緒にスポーツラバーズでバスケ・バレーしませんか？お待ちしていまーす！",毎週火曜日・金曜日/17時/戸山サンライズ,50人,1972年,0人,なし,"https://www.waseda.jp/inst/weekly/assets/uploads/2016/09/a09498b3436e4d8e9f4ee3edc844a7ac-940x626.jpg, https://www.waseda.jp/inst/weekly/assets/uploads/2016/09/701c634c16a52337844badd852a22dd2.jpeg, https://www.waseda.jp/inst/weekly/assets/uploads/2016/09/f11a1cb386238c7afbe114615532d705.jpg",https://www.waseda.jp/inst/weekly/circleguide/detail/?id=3422&lng=en,なし,なし,なし,https://twitter.com/spo_love,なし,なし,なし,なし,なし,なし,なし,公式サイトから取得; リンク検証済み
C0060,3419,ミュンヘンハンドボール同好会,スポーツ（球技）,その他の球技,ミュンヘンはハンドボール好きが集う楽しいサークルです！男女先輩後輩関係なし！他大学、専門学校からの参加も受け付けており、誰でも楽しめるアットホームな雰囲気がウリです。春と秋のリーグ戦では、他大学との試合を勝ち抜き毎回好成績を収めています。レギュラー制をとっておらず全員が出場しており、全員ハンドで勝利も手にしているのがミュンヘンの自慢です！初心者もブランクのある人も大歓迎！大学の休み期間には夏合宿、2・3年生による夏旅行、スノボ合宿、春合宿とイベントも本気で楽しんでいます！練習は週に1回とちょうどよく、それ以外の日も有志でご飯を食べに行ったり遊んだりととても仲良しです！新歓期間だけでなく、1年中いつでも新規部員募集しています。ハンドボールをしたいなと思ったら東伏見に来てみてください！,毎週月曜日/18時〜21時/東伏見スポーツホール,60人,1978年,0人,あり,"https://www.waseda.jp/inst/weekly/assets/uploads/2017/03/215e69575ed8ef7bebd6b004b3dce200-940x626.jpg, https://www.waseda.jp/inst/weekly/assets/uploads/2017/03/06d4d2077eeac1c002157f21a6b78c3e-940x626.jpg, https://www.waseda.jp/inst/weekly/assets/uploads/2017/03/63d2e8d83c7195f8c299f3d1fee683ef-940x705.jpg",https://www.waseda.jp/inst/weekly/circleguide/detail/?id=3419&lng=en,なし,なし,なし,https://twitter.com/w_munchen_hand,なし,なし,なし,なし,なし,なし,なし,公式サイトから取得; リンク検証済み
C0061,3423,球愛会,スポーツ（球技）,その他の球技,野球、バスケ、サッカー、テニス、バレーの5種目を各競技月1で行います。早稲田大学内最大規模の多種競技サークルです。雰囲気はアットホームで、和やかなムードで活動しています。加えて、年に7回の合宿があるなど、イベントも盛りだくさんです。大規模サークルならではの、大掛かりな合宿は大いに盛り上がります。さらに、野球では早稲田リーグや統一戦にも毎年出場したり、バレーバスケでは毎年、他の2サークルと合同で早球杯という大会を開いて、日々の活動の成果を発揮しています。活動自体は和やかなため、軽く運動したい人や、運動が苦手な方でも楽しめます。さらに、37代続く長寿サークルでもあり、毎年OB・OG会も開かれ、社会人の先輩方に就職の相談もできます。,不定期,90人,1981年,0人,なし,なし,https://www.waseda.jp/inst/weekly/circleguide/detail/?id=3423&lng=en,なし,なし,なし,なし,なし,なし,なし,なし,なし,なし,なし,公式サイトから取得; リンク検証済み; 写真URLなし
C0062,3421,スカッシュクラブ,スポーツ（球技）,その他の球技,早稲田大学スカッシュクラブ、通称「早スカ」は早稲田大学唯一のスカッシュサークルです。スカッシュというスポーツは大学から始める人がほとんどなため、初心者の人が大半です。そしてサークルの会員は全員早稲田生であり、もちろんサークルの掛け持ちもOKです！練習も自分のペースで来たい時に参加してもらう形なので、気軽な気持ちでぜひ来てください！そして早スカは普段の練習だけでなく、バーベキューやクリスマスパーティーなどさまざまなイベントも実施します。何といっても目玉は9月に行われる夏合宿です。宿の目の前が海なので、スカッシュの練習もしながらみんなで夏を満喫します！さらに早スカでは全国大会出場者も多数おり、実績も残しています。スカッシュに本気で打ち込むもよし、みんなでイベントを楽しむもよし！それが早稲田大学スカッシュクラブです！,毎週月・水・木・金曜日/15時〜18時/赤羽・白金台・阿佐ヶ谷,140人,1983年,0人,なし,"https://www.waseda.jp/inst/weekly/assets/uploads/2017/03/fb70f284774ec9da40ca8d273f2f6084-940x705.jpg, https://www.waseda.jp/inst/weekly/assets/uploads/2017/03/87c03fcd5bc6c67e3291d3e887341eeb-940x705.jpg",https://www.waseda.jp/inst/weekly/circleguide/detail/?id=3421&lng=en,なし,なし,なし,https://twitter.com/squash_waseda,なし,なし,なし,なし,なし,なし,なし,公式サイトから取得; リンク検証済み
C0063,3169,ワイヴァーンズ　クリケットクラブ,スポーツ（球技）,その他の球技,"Wyverns Cricket Club（ワイヴァーンズ クリケットクラブ）は、早稲田大学唯一のクリケットサークルです！ 男子・女子ともに全日本学生選手権での優勝経験があり、競技に真剣に取り組みつつも、「日々を楽しもう」をテーマに活動しています。現在71名が所属しており、経験者はもちろん、大学から新しいスポーツを始めたい初心者も大歓迎です。
練習は週3回（水・金・日）行っていますが、強制参加ではありません。自分のペースで参加できるため、学業やバイトとの両立も容易です。 私たちの自慢は、学年や性別を問わない「仲の良さ」です。練習がない日でも一緒にランチを食べたり、合宿、ディズニー、ダーツの旅など、クリケット以外のイベントも盛りだくさんです。
また、留学生も在籍しており、国際交流が自然とできるのもクリケットならではの魅力です。他大学や社会人チームとの交流の機会も豊富にあります。 興味のある方は、ぜひ一度練習やイベントに遊びに来てください！SNS（Instagramなど）で最新情報を発信しています。選手・マネージャー一同、新しい仲間を待っています！",水曜日/13時半/高田馬場　金曜日/随時/早稲田　日曜日/13時/北千住,71人,1990年,2人,あり,"https://www.waseda.jp/inst/weekly/assets/uploads/2026/04/wai1-940x705.jpg, https://www.waseda.jp/inst/weekly/assets/uploads/2026/04/wai2-940x705.jpg, https://www.waseda.jp/inst/weekly/assets/uploads/2026/04/wai3-940x1670.jpg",https://www.waseda.jp/inst/weekly/circleguide/detail/?id=3169&lng=en,なし,なし,https://www.instagram.com/wyvernscc2026/,https://x.com/wyvernsCC,なし,なし,なし,なし,なし,なし,なし,公式サイトから取得; リンク検証済み
C0064,3165,バドミントン同好会,スポーツ（球技以外）,バドミントン,大学公認サークル！ オール早稲田で初心者から経験者まで楽しく練習しています。春は新歓レク夏はBBQなどバドミントン以外のイベントも充実！ 年2回の合宿もあります！ 毎年合宿には100人を超える人数が参加し、充実した1週間を過ごします。なんと！ 学生会館には専用の部室も！ 主な活動場所は、江東区スポーツ会館，赤羽体育館，戸田市スポーツセンター、和光市総合体育館です。主な年間行事は4月：新歓アフター、5月：新歓レク、早慶戦野球観戦、6月：シングルス大会、8月：ミックス大会、夏合宿、9月：団体戦、10月：幹事代最終コンパ、11月：ダブルス大会、12月：ミックス大会、2月：春合宿、追い出し試合、3月:最終担当など（1月、7月はテスト期間のため活動はなし）。まだまだここに書ききれないことが山ほどあります！ もちろん他サークルとの対外戦もあり！ 大所帯だからこそたくさんの出会いがある。ぜひ一度練習へ！,週1・2回/ 江東区スポーツ会館、赤羽体育館、戸田市スポーツセンター、和光市総合体育館など,200人,1966年,0人,なし,"https://www.waseda.jp/inst/weekly/assets/uploads/2020/04/A124_1-940x705.jpg, https://www.waseda.jp/inst/weekly/assets/uploads/2020/04/A124_2-940x705.jpg, https://www.waseda.jp/inst/weekly/assets/uploads/2020/04/A124_3-940x705.jpg, https://www.waseda.jp/inst/weekly/assets/uploads/2020/04/A124_1-290x290.jpg",https://www.waseda.jp/inst/weekly/circleguide/detail/?id=3165&lng=en,サークルサイト閉鎖,http://wubls43.chicappa.jp/index.html,https://www.instagram.com/wubls/,https://twitter.com/WUBLS,なし,なし,なし,なし,なし,なし,なし,公式サイトから取得; リンク検証済み; ウェブサイト（サークル）: リンク切れ (fetch failed)
C0065,3551,バドミントン同好会Ｊ−Ｂｉｒｄｓ,スポーツ（球技以外）,バドミントン,バドミントン同好会J-Birdsは早稲田大学所沢キャンパスにある唯一のバドミントンサークルです！初心者から熟練者までさまざまなレベルの人が在籍していますが、レベルに関係なく練習を行っています！ 1年に2回開催される早稲田大学内の大会、通称「ダカップ」や、関東バドミントンサークル連盟(UBF)主催の大会、その他地域の大会に向けて日々練習を重ねています。また練習だけではなく、J-Birds内での交流戦「J-Cup」や年3回行われる合宿、その他メンバー自主企画イベントなど、さまざまなイベントも開催しています。ガチあり、ゆるありの自由でアットホームなサークルなので誰でも楽しめること間違いなしです！,毎週火・木・土曜日/16時〜/所沢キャンパススポーツホール,90人,1990年,1人,あり,"https://www.waseda.jp/inst/weekly/assets/uploads/2016/09/c8ebbc795daae898508c396aa672d341.jpeg, https://www.waseda.jp/inst/weekly/assets/uploads/2016/09/695d447bf1efce36b7c968d5a51bfcb1-940x705.jpeg, https://www.waseda.jp/inst/weekly/assets/uploads/2016/09/abfba05df899f3061e7091c9ea916f74-940x705.jpeg",https://www.waseda.jp/inst/weekly/circleguide/detail/?id=3551&lng=en,なし,なし,なし,なし,なし,なし,なし,なし,なし,なし,なし,公式サイトから取得; リンク検証済み
C0066,3171,ちょこLet's,スポーツ（球技以外）,バドミントン,ちょこLet'sは飲みなしで、男女比、初心者・経験者比ともに1:1のオール早稲田のバドミントンサークルです。初心者がたくさんいて、経験者の人も優しく教えてくれるので、やったことはなくても少しでもバドミントンに興味があるという方はぜひ新歓練習に参加してみてください！普段の練習はダブルスの試合をしており、部活のようにランニングしたり、練習への参加を強制したり…ということは一切ありません！来たいときに来てバドミントンをする、というスタンスなので、学部や他のサークルなどが忙しい方でも両立できます！また普段の練習も大学近く(主に理工キャンパスの近く)で行っているので、練習場所に行くのに交通費や時間がかかる、ということはありません！バドミントン以外にもクリスマス会や運動会といったイベントも開催しているので、興味のある方はぜひ一度ホームページまでアクセスしてみてください！！,火、水、金、日のうち週2日ほど/夕方から夜にかけて/高田馬場近辺の体育館,200人,2002年,5人,なし,"https://www.waseda.jp/inst/weekly/assets/uploads/2016/07/1X14C125-1-14-201607151223-73.jpg, https://www.waseda.jp/inst/weekly/assets/uploads/2016/07/1X14C125-1-15-201607151223-73.jpg, https://www.waseda.jp/inst/weekly/assets/uploads/2016/07/1X14C125-1-16-201607151223-73-940x1253.jpg",https://www.waseda.jp/inst/weekly/circleguide/detail/?id=3171&lng=en,なし,なし,なし,なし,なし,なし,なし,なし,なし,なし,なし,公式サイトから取得; リンク検証済み
C0067,3420,ヤングバドミントン同好会,スポーツ（球技以外）,バドミントン,週に1、2回程度の練習をしています。季節にあったイベントも盛りだくさんで、メンバーは皆仲良しです!!,情報なし,50人,情報なし,情報なし,なし,なし,https://www.waseda.jp/inst/weekly/circleguide/detail/?id=3420&lng=en,なし,なし,なし,https://twitter.com/wybc0822,なし,なし,なし,なし,なし,なし,なし,公式サイトから取得; リンク検証済み; 活動日時・場所なし; 設立年なし; 外国人学生の受け入れなし; 写真URLなし
C0068,3196,競技ダンス部（WBDC）,スポーツ（球技以外）,ダンス,"社交ダンス＋スポーツ＝競技ダンス????
/
/
/
/男女でカップルを組み、踊る姿はまるで映画のワンシーンのよう?一度目にしたら虜になること間違いなしです！
/
/「競技」なので大会も多く行われており、早稲田大学競技ダンス部は関東大会、全国大会でも優秀な成績を納めています。
/
/全国大会ともなると日本中の大学が集まり熱く闘います！！
/
/卒部された先輩方曰く、就活に強いとかなんとか、、
/
/
/
/他大にもダンス友達が沢山できます！
/
/ダンス未経験でも大丈夫！部員の99%は大学から競技ダンスを始めています
/
/未経験からでも優勝を本気で目指せるのが競技ダンス部です！
/
/
/
/大会で着用する美しいドレスや燕尾服も競技ダンス部の魅力のひとつです！
/
/普段の生活では着ることのできない様なドレスや燕尾服を着ることができます。
/
/部員が一眼レフを持って大会に来てくれるので、かっこいい写真も沢山撮れちゃいます??
/
/
/
/優雅で、まるで舞踏会のように舞うスタンダードダンス。激しい愛と情熱を表すラテンダンス。
/
/競技ダンスに入ると姿勢が美しく、男性は凛々しく、女性は引き締まった美しいスタイルになれます！
/
/
/
/早稲田大学競技ダンス部は80年続く、歴史深い部活です！早稲田大学で過ごす学生生活を、競技ダンス部の仲間たちと一緒に熱く踊ってみませんか。
/
/ぜひ一度、気軽に見学に来てください！","練習会 : 毎週火曜@共立女子大学
/
/
/
/
/
/
/
/自主練 :
/
/
/
/木、土曜 @共立女子大
/
/
/
/いつでも @学生会館",55人,1943年,1人,あり,なし,https://www.waseda.jp/inst/weekly/circleguide/detail/?id=3196&lng=en,なし,https://ameblo.jp/waseda-ballroomdance/,https://www.instagram.com/wasedaballroom,https://twitter.com/wbdc_waseda,なし,https://line.me/ti/g2/w6zKhQKwnv6o4E-SIPYJ5HOI0wlgg4J578tfEQ,なし,なし,なし,なし,なし,公式サイトから取得; リンク検証済み; 写真URLなし
C0069,3755,早稲田大学阿波おどりサークル　早稲田連【Team A．W．A】,スポーツ（球技以外）,ダンス,私たち早稲田連は関東学生合同連の一員として慶應大学、上智大学、中央大学、東京理科大学、明治大学、東洋大学、横浜国立大学とともに徳島や高円寺などで開催されている阿波踊りに参加しています。徳島出身の学生だけでなく様々な地域出身の学生が所属しており、経験者はもちろん、今まで阿波踊りを知らなかった人、他大学や同郷の友だちを作りたい人、どなたでも大歓迎です！ぜひ盆踊りの代表格である阿波踊りに一緒に参加してみませんか？,不定期/学生会館,25人,1963年,0人,なし,なし,https://www.waseda.jp/inst/weekly/circleguide/detail/?id=3755&lng=en,なし,https://wasedaren.wixsite.com/wasedaren/blank-2,なし,https://twitter.com/wasedateamawa,なし,なし,なし,なし,なし,なし,なし,公式サイトから取得; リンク検証済み; 写真URLなし
C0070,3450,Waseda University　Breakerz（W.U.B）,スポーツ（球技以外）,ダンス,"W.U.B.は今年で創立41年を迎える早稲田で一番歴史のあるストリートダンスサークルです。普段はジャンルごとにスタジオや学生会館で練習をしています。他のサークルと異なり、複数のジャンルを掛け持つことがないので、自分の好きなジャンルを極めることができます。また、プロのダンサーのレッスンを受けることもできるので、初心者も経験者もスキルアップすることができます。W.U.B.ではイベント前だけでなく定期的に練習日を設けており、基礎練などの普段の練習にも仲間と一緒に取り組むことができます。バトルとショーケース両方に力を入れていて、幅広く活躍できるのも強みです。
早稲田祭に加えて単独公演やクラブでのショーケースイベントを行い、外部のイベントへの参加もしているので、好きなだけダンスをすることができます。また、六大学ストリートダンス連盟に所属しており、早慶戦やオールジャパンなどの大会にも出場します。
このサークルでは、自分の好きなダンスを自由に突き詰めることができます。緩さの中にストイックさがあるようなW.U.B.の独特な雰囲気をぜひ感じに来てください！
4月 ︎︎新歓RIDE
5月　新歓合宿
6月　早慶戦
7月　新入生発表会
8月　夏ナイト
9月　夏合宿、六大学リーグ
11月 早稲田祭
12月 引退公演
2月　冬ナイト
3月　オールジャパン
不定期：サークル内バトルイベント（3,4ヶ月に一回）",毎週月曜日・水曜日・金曜日/19:00~21:00/学生会館、スタジオ,185人,1985年,2人,あり,"https://www.waseda.jp/inst/weekly/assets/uploads/2026/03/a623c44a9538c60ad73e97d24114a4c0-940x528.jpeg, https://www.waseda.jp/inst/weekly/assets/uploads/2026/03/54ac629de6dcd1f2a1eb9244e640a813-940x627.jpeg, https://www.waseda.jp/inst/weekly/assets/uploads/2026/03/a6c6081d4826b48022a7c6692726825e-940x705.jpeg",https://www.waseda.jp/inst/weekly/circleguide/detail/?id=3450&lng=en,なし,なし,https://www.instagram.com/wub_1985?igsh=MWs4azl3bnQxbG1pZQ%3D%3D&utm_source=qr,https://twitter.com/w_u_b,なし,なし,なし,なし,なし,なし,なし,公式サイトから取得; リンク検証済み
C0071,3449,ﾌﾗﾒﾝｺ集団 iVAMOS!,スポーツ（球技以外）,ダンス,"毎週火曜の5〜7限に学生会館にて、プロのフラメンコダンサーでもある振付師に振り付けてもらいながら本格的にフラメンコを踊っています。レッスンでは基礎から習い、振りも付けてもらえるので初心者でも経験者でも楽しく活動できます。早稲田祭、冬ライブなど、色んなイベントで楽しく踊っています！本番で着る衣装は華やかで鮮やかで可愛く、ひと目見たら着たくなること間違いなしです！！また、フラメンコの学生連盟を通して他大学と関わるので、様々な大学の友達ができます！踊り手だけでなく、バックの歌い手やギターさんも募集中です！
/
/
/
/ご興味あればお気軽にレッスンの体験・見学にいらしてください！各SNSのDMから受け付けております。ぜひ私たちと一緒にフラメンコを踊りましょう♪",毎週火曜日/5〜7限/学生会館,8人,1990年,1人,あり,なし,https://www.waseda.jp/inst/weekly/circleguide/detail/?id=3449&lng=en,なし,なし,https://www.instagram.com/vamos_flamenco/,https://twitter.com/vamos_flamenco,なし,なし,なし,https://www.youtube.com/@vamos_flamenco,なし,なし,なし,公式サイトから取得; リンク検証済み; 写真URLなし
C0072,3452,Dance Team Brilliant Pinks,スポーツ（球技以外）,ダンス,"Brilliant Pinks、通称ブリピンは早稲田大学で唯一、女子のみで構成されるダンスサークルです！
/
/
/
/6月、12月の単独公演や、早稲田祭に向けて日々活動しています。主にgirls、hip、lock、punking の4つから、ステージごとにジャンルを選ぶことができます。やる気があり、ダンスに夢中になれる新入生をお待ちしています！初心者も大歓迎です！私たちと一緒に大学生活を充実させましょう！",毎週月水金、567限、学生会館や都内スタジオ,68人,1999年,0人,なし,https://www.waseda.jp/inst/weekly/assets/uploads/2023/03/C-210_1-940x529.jpg,https://www.waseda.jp/inst/weekly/circleguide/detail/?id=3452&lng=en,なし,なし,https://www.instagram.com/brilliantpinks/,https://twitter.com/brilliantpinks,なし,なし,なし,https://m.youtube.com/channel/UCP6306qt3UgpAEeHdGcCfXA,なし,なし,なし,公式サイトから取得; リンク検証済み
C0073,3451,早稲田大学ジャズダンスサークルOasis,スポーツ（球技以外）,ダンス,"Oasisは、早稲田大学公認のジャズダンスサークルで、他大学の学生も参加できるインカレサークルとなっています。そもそもジャズダンスとは、現代では多種多様なダンスや音楽が混ざり合い、自由な感性で踊られるダンスとされています。そのためOasisではジャンルに限定されることなく、多種多様なダンスに触れることができます。コーチの指導のもと基礎練習のやり方から丁寧に教わることができるので、初心者はもちろん、ダンス経験者もスキルアップすること間違いなしです！また大人数ですが男女・学年問わず仲が良く、温かいアットホームな雰囲気も自慢です！主な活動は、新歓ライブ開催（4月），文化・芸術祭出演（6月），自主公演開催（8月），早稲田祭出演，姉妹サークル対抗コンテスト参加（11月）です。夏の定期公演には、例年1200名以上のお客さまにお越しいただいています。舞台の上から見る景色と終演後に感じる達成感は、何事にも代えがたい、メンバーの宝物です。また都内9大学10サークルでダンスプロジェクト「α」を構成し、合同公演やコンテストを行っています。Oasisでは大勢のOBOGや他サークルの仲間とのつながりを作ることができ、充実した大学生活を送ることができます！より詳しい情報やダンスの動画はOasisの公式SNSアカウント（ツイッター，インスタグラム，YouTube）で配信していますので、是非ご覧ください！
/
/
/
/Thank you for visiting our page! Oasis is Jazz Dance Circle officially approved by Waseda University. To begin with， jazz dance in modern years is defined as dance that consists of diverse genres of dance and music with the sensibility of absolute freedom. Therefore， you will be able to choose what you dance from a variety of genres in Oasis: hip hop， street dance， R&B， ballet， contemporary dance as well as jazz. Our members also have diversity in their backgrounds; they may come from other universities， and in addition， some have rich experiences of dance in the past， and other had never danced before Oasis. Despite the fact， it is true that we perform on the same stage together， because we all practice very hard. Our coach supervises our regular practices two days a week， on Mondays and Thursdays at studios near Waseda， and there are more additional practices especially when we have forthcoming performances. Our major activities are listed below: live for freshmen (‘Shinkan Live’: April)， performance in Waseda Student Culture and Arts Festival (June)， Summer Live (August)， performance in Waseda Festival (November)， and a jazz dance contest (November). If you need more information and want to watch our dance videos， please visit our website and follow our SNS (Twitter， Instagram and YouTube) accounts shown below! We are recruiting both men and women in first or second year who enroll any universities. We look forward to seeing you all at our performances!",毎週火曜・金曜/18:00-21:00もしくは19:00-21:45/早稲田・高田馬場周辺施設,83人（新入生を含めず）,2001年,0人,なし,https://www.waseda.jp/inst/weekly/assets/uploads/2023/03/C-209_1-940x503.jpg,https://www.waseda.jp/inst/weekly/circleguide/detail/?id=3451&lng=en,なし,https://wsdoasis.wixsite.com/oasisjazz,https://www.instagram.com/oasis.waseda/,https://twitter.com/waseda_oasis,なし,なし,なし,https://www.youtube.com/channel/UCKQPbGbgpQsNgX3sFDzSQUQ/featured,なし,なし,なし,公式サイトから取得; リンク検証済み
C0074,3360,踊り侍,スポーツ（球技以外）,ダンス,早稲田！早稲田！しあわせだー！！時はさかのぼること2002年。よさこいが学生の領域ではいまだ普及していなかった時代に、ある一人の男が立ち上がる。創設者の吉田氏である。彼は初めてよさこいを見たときに衝撃を受けた。その思いから自分のチームを創設するに至る。それが踊り侍である。今年で15代目。伝統は受け継がれ続けている。私たちは、北は北海道から南は高知まで全国各地を飛び回り、踊り狂っている学生よさこいチーム。見てくださっているお客さまに元気、感動、そして衝撃を与えることを目標に日々活動をしている。また、本年度の演舞はROCK YOU。踊り侍の創り出す空間にお客さまを巻き込み、お客さまの心をそして世界を揺り動かすべく、自分自身の輝きを求めていく姿を、振りや楽曲、衣装をはじめ、踊り子の声や熱気など、持てる全てで表現する。?,毎週水曜日・土曜日/18時〜20時/主に世田谷区の体育館,280人,2002年,1人,あり,"https://www.waseda.jp/inst/weekly/assets/uploads/2016/09/9f5806752739a9dc1b05351beb2cfd9e.jpg, https://www.waseda.jp/inst/weekly/assets/uploads/2016/09/f517374bb114556c9de4cebdcfe6bf1b-940x529.jpg, https://www.waseda.jp/inst/weekly/assets/uploads/2016/09/96a9648df7448b1d71c958df7f7aeace.jpg",https://www.waseda.jp/inst/weekly/circleguide/detail/?id=3360&lng=en,なし,なし,なし,https://twitter.com/OdoriSamurai,なし,なし,なし,なし,なし,なし,なし,公式サイトから取得; リンク検証済み
C0075,3454,早稲田大学ハワイ民族舞踊研究会,スポーツ（球技以外）,ダンス,"Aloha〜！
/
/
/
/早稲田大学で唯一の公認フラダンスサークル、早稲田大学ハワイ民族舞踊研究会、通称wasehula（わせフラ）です！
/
/
/
/今年で創立20年目を迎え、早大生の女の子約80名で火曜日と金曜日の4，5限に学生会館で練習をしています。
/
/
/
/わせフラは夏公演、早稲田祭、単独公演に加え、大学主催イベントやスパリゾートハワイアンズやハワイでのステージにも参加しています！
/
/
/
/フラダンスをやってみたい方はもちろん、ハワイが好き、ダンスが好き、体を動かすことが好き、何か新しいことをしてみたい、どんな方でも大歓迎です！
/
/
/
/メンバーのほとんどが初心者なので、みんなが同じスタートラインから始められるのもわせフラならではです！
/
/
/
/新入生のみなさん！私たちと一緒に早稲田にハワイの風を吹かせましょう〜！！",毎週火曜日・金曜日/4，5限/学生会館,50人,2003年,0人,なし,"https://www.waseda.jp/inst/weekly/assets/uploads/2023/03/C-212_1-940x529.jpeg, https://www.waseda.jp/inst/weekly/assets/uploads/2023/03/C-212_2-940x526.jpg, https://www.waseda.jp/inst/weekly/assets/uploads/2023/03/C-212_3-940x529.jpeg",https://www.waseda.jp/inst/weekly/circleguide/detail/?id=3454&lng=en,なし,なし,https://www.instagram.com/wase_hula/,https://twitter.com/wase_hula,なし,なし,https://www.waseda.jp/inst/weekly/report/2016/07/07/9351/,https://www.youtube.com/@wase_hula,なし,なし,なし,公式サイトから取得; リンク検証済み
C0076,3363,早稲田大学よさこいチーム東京花火,スポーツ（球技以外）,ダンス,"私たちは、学生チームでは珍しい、高知系のよさこいチームです！
/
/
/
/高知系よさこいは、鳴子を持ちパレード形式で踊るのが特徴。力強い男振りと、扇子を取り入れた優雅な女振り、纏とが織りなす、優美な演舞が自慢です。
/
/
/
/1年に1度、衣装・曲・振り・MC全てを自分達で手掛けた演舞を制作し、高知よさこいをはじめとする全国各地のよさこい祭りに参加して披露しています。
/
/
/
/学年問わずとても仲が良く、和気あいあいとした温かい雰囲気の中で、真剣に踊りと向き合いながら日々練習に励んでいます！
/
/
/
/新しいことに挑戦したい方、何かに真剣に取り組んでみたい方、素敵な仲間と出会いたい方、踊ることが好きな方…もちろん、ダンス未経験者でも大丈夫！サークル員のほとんどが未経験者からのスタートです！
/
/
/
/全国各地のステージで、”花火っ子”として、観客の皆さんに笑顔を届けませんか！！学生生活最後の青春を、私たちと一緒に楽しみましょう！！",毎週火・土曜日/19時~/学生会館、大学周辺施設,150人,2005年,情報なし,なし,https://www.waseda.jp/inst/weekly/assets/uploads/2023/03/C-121_1-940x627.jpg,https://www.waseda.jp/inst/weekly/circleguide/detail/?id=3363&lng=en,なし,なし,https://www.instagram.com/tokyo_hanabi/,https://twitter.com/tokyohanabi4351,なし,なし,https://www.waseda.jp/inst/weekly/report/2017/07/05/23914/,https://www.youtube.com/@tokyohanabi4351new,なし,なし,なし,公式サイトから取得; リンク検証済み; 外国人学生の受け入れなし
C0077,3456,ＳｅｓＳｉｏｎ,スポーツ（球技以外）,ダンス,"新歓公演、早稲田祭、早慶戦、JDC（Japan Dancer’s Championship）など、年間を通してさまざまなイベントに出演しているほか、毎年9月には大規模な単独公演も開催しています。
/
/
/
/SesSionの大きな魅力の1つは、完成度の高いショーケースです。イベントごとに振り付け・構成・衣装・音楽を一から考え、日々高め合いながら練習しています。
/
/
/
/今年度のJDCでは関東予選を一位通過、ALL JAPAN（全日本ストリートダンス選手権）では大学対抗ショーケースコンテストで全国三位を獲得しました。
/
/
/
/近年はダンスバトルに挑戦するサークル員も増えています。ショーケースでみんなと楽しんで踊りたい！自分と向き合ってスキルを高めたい！など、それぞれの楽しみ方でダンスと関わることが出来るのがSesSionの良いところです。
/
/
/
/また、そんなダンスへの真剣な姿勢を持ちつつ、周囲の仲間とのつながりを大切にするアットホームな環境があるところも魅力の一つです！インカレサークルなので、早稲田生も他大生も個性豊かなメンバーが集まり楽しく活動しています！
/
/
/
/本気でダンスをするならSesSion！
/
/本気で大学生活楽しむならSesSion！
/
/みんなで踊ろう！！！",曜日不定、週2〜3回/ 19時-22時など、深夜練もあり/ 都内スタジオ,294人,2005年,1人,あり,https://www.waseda.jp/inst/weekly/assets/uploads/2023/03/C-214_0-940x922.jpg,https://www.waseda.jp/inst/weekly/circleguide/detail/?id=3456&lng=en,YouTubeリンク切れ,なし,https://www.instagram.com/session_dance/,https://twitter.com/session_dance,なし,なし,https://www.waseda.jp/inst/weekly/news/2020/11/05/79585/,https://www.youtube.com/@session2771,なし,なし,なし,公式サイトから取得; リンク検証済み; YouTube: リンク切れ (404)
C0078,3458,TAP-LOVERS　（タップラバーズ）,スポーツ（球技以外）,ダンス,TAP-LOVERSは、早稲田大学公認のタップダンスサークルです。定期公演や早稲田祭のステージを中心に活動しています。TAP-LOVERSに関する情報はX、Instagramをご覧ください。少しでもタップダンスに興味があるという方は、ぜひ遊びに来てください!! 体験に来てくださった方にはシューズをお貸しします。動きやすい服装だけ準備をして、いらしてください！ 練習に来られる際は、メールなどでのご連絡をお願いします。練習予定日はスケジュールをご覧ください！TAP-LOVERSでは2、3年生からの参加も受け入れております。実際に2年、3年から始める人も少なくありません。今からでも新たに特技を身に付けたい人、大学生活を充実させたい人、いつでもお越しください！,毎週火曜日・金曜日17:00~20:35/毎週日曜日13:10~16:45/学生会館,56人,2006年,4人,あり,"https://www.waseda.jp/inst/weekly/assets/uploads/2023/03/C-216_1-940x627.jpg, https://www.waseda.jp/inst/weekly/assets/uploads/2023/03/C-216_2-940x530.jpg, https://www.waseda.jp/inst/weekly/assets/uploads/2023/03/C-216_3-940x627.jpg",https://www.waseda.jp/inst/weekly/circleguide/detail/?id=3458&lng=en,なし,なし,https://www.instagram.com/tapdance.lovers/,https://twitter.com/TAP_lovers,なし,なし,なし,なし,なし,なし,なし,公式サイトから取得; リンク検証済み
C0079,3460,早稲田大学バレエサークル　Ｃiel,スポーツ（球技以外）,ダンス,早稲田大学唯一のバレエサークルCielは、初心者からブランクのある人、上級者までさまざまなメンバーで成り立っています。年1回の本公演、新歓公演、早稲田祭やその他のイベントに向けて、主に月・水・金の週3日、都内のスタジオや文化センターで練習しています。男性や他大学生も募集中！「小さいころから習ってみたかった」「受験で辞めてしまった」「同学年のメンバーで踊りたい」「新しいことに挑戦したい」という方、バレエを始めるチャンスです！バレエ大好きな方、とにかく踊りたいという方もぜひ一緒に踊りましょう！学生だけで作り上げる舞台は忘れられない思い出になるはず！あなたもみんなで作る舞台の感動を味わってみませんか？,月・水・金曜日(公演練習期間は土日も練習を行う場合があります。)/17時半/都内の文化センター,約100人,2007年,1人,あり,https://www.waseda.jp/inst/weekly/assets/uploads/2016/02/7D-230_Ciel-940x626.jpg,https://www.waseda.jp/inst/weekly/circleguide/detail/?id=3460&lng=en,なし,https://ciel2007.wixsite.com/wasedaballet,https://www.instagram.com/ciel_ballet/,https://twitter.com/Ciel_ballet,なし,なし,なし,なし,なし,なし,なし,公式サイトから取得; リンク検証済み
C0080,3459,早稲田大学　下駄っぱーず,スポーツ（球技以外）,ダンス,"おはようございます！私たちは早稲田の踊る下駄集団「下駄っぱーず」です！
/
/
/
/世界でも唯一無二の「下駄を履いたダンスチーム」として、大学内のイベントはもちろん、新潟や京都など全国各地の大きなお祭りにも多数出演しています。また、毎年大隈講堂にて世界観溢れる単独公演を主催し、日々たくさんの皆様に笑顔をお届けしています！
/
/
/
/煌びやかな和風の衣装に身を包んでいるため「よさこい」というジャンルにも見える「下駄っぱーず」ですが、鳴子ではなく「下駄」を身につけ、口上をしない点において、一線を画します。
/
/
/
/また、メンバーの多くは初心者な上に、専門とするダンスのジャンルも持ち合わせていないので、一般的な「ダンスサークル」とは大きな違いがあるかもしれません。
/
/
/
/ですが、それこそが「下駄っぱーず」の魅力です！
/
/
/
/下駄のパフォーマンスは「経験」とか「ジャンル」に縛られるものではなくて、自分自身が楽しんでいる姿でお客さんに楽しんでもらうことを大事にしています。「下駄っぱーず」は早稲田の「パフォサー」らしさ全開です。
/
/
/
/下駄を履いて踊ったことのある人はいますか？そう、文字通り全員が初心者からのスタート、ここでは「ステージに立ちたいあなた」に必ずチャンスがあるのです。
/
/
/
/下駄だから出逢えた仲間、下駄だから観れた景色、下駄だから得られた青春が、ここにはたくさんあります。一度しかない大学生活。一緒に下駄、履きませんか？",毎週月水金曜日 / 19時 / 学生会館・都内施設,約100人,2008年,0人,なし,"https://www.waseda.jp/inst/weekly/assets/uploads/2023/03/C-217_1-940x1924.jpg, https://www.waseda.jp/inst/weekly/assets/uploads/2023/03/C-217_2-940x627.jpg, https://www.waseda.jp/inst/weekly/assets/uploads/2023/06/getappers_thumbnail-940x705.jpg",https://www.waseda.jp/inst/weekly/circleguide/detail/?id=3459&lng=en,なし,https://getappers.wixsite.com/homepage,https://www.instagram.com/getappers/,https://twitter.com/getappers,なし,なし,https://www.waseda.jp/inst/weekly/feature/2020/06/15/75665/,なし,なし,なし,なし,公式サイトから取得; リンク検証済み
C0081,3588,aka Wa.Se.Da.,スポーツ（球技以外）,ダンス,"〇活動内容
/
/ストリートダンスサークルのaka Wa.Se.Da.です！
/
/new school hiphop， middle school hiphop， lock， waack， girls， pop， break， jazz， style， houseの10種類のジャンルの中から踊りたいものを自由に、複数とる（兼ジャン）ことも可能です！
/
/
/
/〇推しポイント
/
/雰囲気がアットホームなところ！！
/
/誰でも受け入れてもらえる、そんな安心とあったかさがあります。みんなaka大好きです。
/
/
/
/〇イベント（一部抜粋）
/
/年2回の自主公演の他、とこ祭や早稲祭など早稲田のイベントや、外部のダンスイベントにも複数出演しています！例年2回の合宿やBBQなどの楽しいイベントも盛りだくさんです。全部のイベントは参加自由なので自分のスケジュールで動くことができます！
/
/新入生はもちろん、新2年生の入会もokです！（新2年の方も学年が同じ代に入ることが出来ます！）みなさんと一緒に踊れるのを楽しみにお待ちしております！",ジャンル毎に曜日や時間、場所は異なります。公演の練習は各ジャンル週1.2回程度です！,現役（2学年）で170人程度,2008年,3人,あり,"https://www.waseda.jp/inst/weekly/assets/uploads/2023/03/ET-041_1-940x627.jpg, https://www.waseda.jp/inst/weekly/assets/uploads/2023/03/ET-041_2-940x706.jpg, https://www.waseda.jp/inst/weekly/assets/uploads/2023/03/ET-041_3-940x626.jpg",https://www.waseda.jp/inst/weekly/circleguide/detail/?id=3588&lng=en,なし,https://aka-waseda-dance2023.amebaownd.com/,https://www.instagram.com/aka_waseda/,https://twitter.com/akaWaSeDa2,なし,なし,なし,なし,なし,なし,なし,公式サイトから取得; リンク検証済み
C0082,3463,WASEDA　BALLERS,スポーツ（球技以外）,ダンス,早稲田発のフリースタイルバスケットボールサークル、WASEDA BALLERSです！学園祭や地域のイベントへの出演、大会への参加など早稲田内外で精力的に活動しています。巧みなハンドリングスキルを手に入れれば、人気者になれること間違い無し！指の上でボールを回すこともできちゃうかも！？バスケットボールの経験が無くても大歓迎！先輩たちが一から丁寧に教えます。ぜひ一度、練習に遊びに来てください。,毎週火・金曜日/6〜7限/学生会館,40人,2009年,2人,あり,"https://www.waseda.jp/inst/weekly/assets/uploads/2016/07/1X14C125-1-14-201607151223-77-940x683.jpg, https://www.waseda.jp/inst/weekly/assets/uploads/2016/07/1X14C125-1-16-201607151223-77-940x627.jpg, https://www.waseda.jp/inst/weekly/assets/uploads/2016/09/WASEDA-BALLERS2-940x627.jpg",https://www.waseda.jp/inst/weekly/circleguide/detail/?id=3463&lng=en,なし,なし,なし,https://twitter.com/waseda_ballers,なし,なし,なし,なし,なし,なし,なし,公式サイトから取得; リンク検証済み
C0083,3462,早稲田大学ベリーダンスサークル SARAH belly,スポーツ（球技以外）,ダンス,"早稲田大学初、唯一のベリーダンスサークルSARAHbellyです。「清く、正しく、美しく、色っぽく」をモットーに、女の子だけで仲良く楽しく活動しています！
/
/
/
/水曜日の全体練習に加え、土曜日はプロのベリーダンス講師の方にレッスンをしていただいています。早稲田祭など学内のイベントや、ディナーショーなど学外から依頼をいただいたイベントで絢爛な衣装を着て踊りを披露し、学内外を盛り上げています。メンバーのほとんどがベリーダンス初心者なので、ダンス未経験の方も大歓迎です！
/
/
/
/ありのままの自分を好きになりたい方、新しいことに挑戦したい方、夢中になれるものを見つけたい方、自分を磨きたい方、一緒にステージ上で輝けるのを楽しみにしています！",毎週水曜日6限・土曜日10:40〜15:00の間の1時間／学生会館,24人,2011年,0人,なし,"https://www.waseda.jp/inst/weekly/assets/uploads/2023/03/C-220_1-940x627.jpeg, https://www.waseda.jp/inst/weekly/assets/uploads/2023/03/C-220_2-940x529.jpeg, https://www.waseda.jp/inst/weekly/assets/uploads/2023/03/C-220_3-940x628.jpeg, https://www.waseda.jp/inst/weekly/assets/uploads/2023/03/C-220_4-940x529.jpeg, https://www.waseda.jp/inst/weekly/assets/uploads/2023/03/C-220_5-940x529.jpeg",https://www.waseda.jp/inst/weekly/circleguide/detail/?id=3462&lng=en,なし,https://sarahbellywaseda.wixsite.com/sarahbelly,https://www.instagram.com/sarahbelly_/,https://twitter.com/sarahbelly_,なし,なし,なし,なし,なし,なし,なし,公式サイトから取得; リンク検証済み
C0084,3464,早稲田大学チアダンスチームMYNX,スポーツ（球技以外）,ダンス,"こんにちは。
/
/
/
/私たちは、今年で創立12年目を迎える早稲田大学唯一のチアダンスサークルMYNXです！メンバーはオール早稲田生（オールワセジョ）で構成されています。
/
/
/
/「チアダンス界のトップになる」
/
/「大好きな早稲田で両想いのチアをする」
/
/を二大目標に掲げて日々活動しています。
/
/
/
/JCDA大会、USA大会などの大会に年2、3回ほど出場し、本気で全国制覇を狙いに行く一方で、単独公演並びに早稲田内外のイベントにも出演します！
/
/
/
/キラキラチアガール、汗と涙のチアガール。どちらにもなれるのがMYNXです！
/
/未経験者大大大歓迎！
/
/
/
/チアダンスを通じて、一緒に充実した大学生活を送りましょう！
/
/
/
/少しでも興味を持っていただけた方は本ページ搭載の公式SNSをチェックしてみてください。",週5日（月・火・水・金・土）/18:00〜21:00/大学近辺の体育施設,32人,2011年,0人,なし,https://www.waseda.jp/inst/weekly/assets/uploads/2023/03/C-222_1-940x705.jpg,https://www.waseda.jp/inst/weekly/circleguide/detail/?id=3464&lng=en,なし,https://ameblo.jp/wasedamynx/,https://www.instagram.com/wasejyomynx/,https://twitter.com/wasejyomynx,なし,なし,なし,なし,なし,なし,なし,公式サイトから取得; リンク検証済み
C0085,3466,早稲田大学フラッシュモ部,スポーツ（球技以外）,ダンス,早稲田唯一のフラッシュモブを行うサークルです。フラッシュモブとは一般人に扮（ふん）した演者が突然街中で踊りだし、周りに居合わせた人々に「驚き」と「感動」を与えるパフォーマンスであり、プロポーズやバースデー、結婚式を祝う際のサプライズに多く使われます！ ダンスの経験の有無は関係ありません！ダンス以外にも楽器や歌、その他何でも自分それぞれの「個性」を生かすことができます！誰かの笑顔のために頑張れる熱い方、大学で何か新しいことを始めたい方、いちから作品を作り上げることに興味がある創作意欲あふれる方を歓迎しています！ぜひともYouTubeで「早稲田大学フラッシュモ部」と検索してみてください。一目みたらあなたもそこからフラッシュモブのとりこです！あなたも誰かを驚きと感動の渦に巻き込んでみませんか？,企画がある時は、月・水・金曜日の中から週2日/5限後/早稲田周辺施設（企画ごとに随時変更の可能性あり）,150人,2013年,0人,あり,"https://www.waseda.jp/inst/weekly/assets/uploads/2016/09/a105f01e8202f77246ebd37dafe8db1d-940x626.jpeg, https://www.waseda.jp/inst/weekly/assets/uploads/2016/09/f9027e606654971297a417fdbde7faf6-940x626.jpeg, https://www.waseda.jp/inst/weekly/assets/uploads/2016/09/e9201d9d8a2e864e50f9679af0e42e08-940x627.jpeg",https://www.waseda.jp/inst/weekly/circleguide/detail/?id=3466&lng=en,YouTubeリンク切れ,http://waseda-flashmob.info/,https://www.instagram.com/flashmob.waseda,https://twitter.com/wsdfm,https://www.facebook.com/wasedaflashmob,なし,なし,https://www.youtube.com/@user-fh6yp8us5y,なし,なし,なし,公式サイトから取得; リンク検証済み; YouTube: リンク切れ (404)
C0086,3793,早稲田マイケル・ジャクソン研究会,スポーツ（球技以外）,ダンス,"早稲田マイケル・ジャクソン研究会は、早稲田大学公認のマイケル・ジャクソンコピーダンスサークルです。普段は早稲田祭や単独公演などのステージに向けた練習や、マイケル・ジャクソンに関連するイベントを行っています。ダンス初心者も経験者も、マイケル・ジャクソンファンも洋楽ファンもそうでない方も大歓迎！メンバーのほとんどが大学からダンスを始めています。また、M研は学年問わず一年中新入生を募集しています。M研に入ればみんなから注目される一芸を身につけられること間違いなし！あのムーンウォークもできるようになります。ちょっとでも関心のある方はM研公式SNS(YouTube, Instagram, X等)をチェックしてみてください。私たちのパフォーマンスをご覧いただけます。大学生活を充実させたい方、今から特技を身につけたい方、どなたでも遊びに来てください！DMからメッセージお待ちしております。",週２回以上(平日１回、週末１回)/17:00〜18:40/学生会館,30人,2013年,0人,なし,"https://www.waseda.jp/inst/weekly/assets/uploads/2025/08/dda19dbc427548d3eabe763b1cf81fdd-940x627.jpg, https://www.waseda.jp/inst/weekly/assets/uploads/2025/08/18e9c7f539a2db89c5ca75fe80c8df47-940x530.jpg, https://www.waseda.jp/inst/weekly/assets/uploads/2025/08/432a799e3a74d166842494ddce3cea33-940x626.jpg",https://www.waseda.jp/inst/weekly/circleguide/detail/?id=3793&lng=en,なし,なし,https://www.instagram.com/mj.waseda?igsh=Z3hmNG81NzZxOWg2&utm_source=qr,https://x.com/mj_waseda?s=21&t=EGjoGypDh0GBuJbpwimxfg,なし,なし,なし,https://www.youtube.com/channel/UCcYe2g-MxPsNYKCQtTAoecw?app=desktop,なし,なし,なし,公式サイトから取得; リンク検証済み
C0087,3723,ももキュン☆,スポーツ（球技以外）,ダンス,"UNIDOLというアイドルコピーダンスの大会での優勝を目指して日々邁進しています。
/
/
/
/ハロー！プロジェクトを中心として、Cheeky Paradeやスターダスト、48グループ、ヒロインズ等の幅広いアイドルのコピーダンスをしています。
/
/
/
/また、大会以外にも、早稲田祭や単独公演、イベントに出演しています。
/
/
/
/活動日は基本週3回(平日2日、休日1日)です。
/
/
/
/先輩、後輩関係なく、みんな家族のような雰囲気です。
/
/
/
/踊りたいという気持ちがある方は誰でも大歓迎です。ひとつの目標に集中できて、一緒に真剣に取り組める人にオススメです。
/
/
/
/公認サークルなので、学生会館で練習ができ、スタジオ等の費用を抑えることが出来ます。
/
/
/
/また、インカレサークルなので幅広い大学から人が集まり、交友関係も広がります。
/
/
/
/衣装・背景映像などクリエイティブな活動も可能です。
/
/
/
/メンバーだけでなく、裏方も募集しております。",原則毎週火曜日・金曜日・土曜日/19時/学生会館,28人,2014年,0人,あり,"https://www.waseda.jp/inst/weekly/assets/uploads/2019/07/8bad0b9b712803074392b760beaefe56-940x626.jpg, https://www.waseda.jp/inst/weekly/assets/uploads/2019/07/41cd9fef12364343d77546a9601a900c-940x626.jpg, https://www.waseda.jp/inst/weekly/assets/uploads/2019/07/17f6e08590e3e2e250deb0b8bb61e76c-940x704.jpg",https://www.waseda.jp/inst/weekly/circleguide/detail/?id=3723&lng=en,なし,https://lit.link/momokyunwaseda,なし,https://twitter.com/momokyun_waseda,なし,なし,なし,https://youtube.com/@momokyun_waseda,https://www.tiktok.com/@momokyun2023,なし,なし,公式サイトから取得; リンク検証済み
C0088,3741,Twinkle,スポーツ（球技以外）,ダンス,"Twinkleは「完コピ」にこだわるK-POPカバーダンスサークルです。K-POPアイドルの振り付けをカバーするだけでなく、衣装や表情、踊り方まで本人を意識して活動しています！4月の新歓公演、5月のサークル内発表会、8月の単独公演、11月の早稲田祭・引退公演、2月の単独公演が主な発表の場となっており、TiktokやYouTubeで動画も公開しています！ 有観客公演の告知や出演情報のお知らせはTwitterや Instagramで行っておりますので、ぜひフォローしてください:) 自主公演の他にも外部主催のイベントや大会にも参加していて、2022年の8月のK-POPコピーダンスユニット日本一決定戦ではガールズチームもボーイズチームもどちらも一位に輝きました。 K-POPオタクはもちろん、アイドルはわからないけど曲が好き、大学からダンスを始めたいという人まで、「K-POPを踊りたい」を共通点に色々な人が集まるサークルです。 「完コピ」がしたい！という方は新歓期間に、「完コピ」を見て楽しみたい！という方は今すぐに！YouTubeやTwitter、instagramなど各種SNSを通じてお会いしましょう！！
/
/
/
/“Perfectly” copied K-POP Cover Dance Circle
/
/
/
/Hello! we are the Kpop perfect-cover dance team，Twinkle! Twinkle is a K-POP cover dance circle that values “perfectness”. We not only cover K-POP idol dance， but also strive to copy their outfits，facial expressions， and how they dance! Our main performances are the freshman welcoming event in April， in-circle performance in May and， independent show in August and February， and the Waseda Festival and farewell performance in November. We also upload videos on YouTube and TikTok! Announcements for our performances will be made via Twitter and Instagram， so make sure to follow us :) Apart from our independent performance， we also participate in events and competitions outside the University. In the past， our girls team and boys team won the 1st place in a K-POP cover dance competition on August 2022. We are a circle of diverse students with a common purpose. Let's dance Kpop! Our circle has not only Kpop groups' fans， but also people who love songs and want to start dancing. If you want to join the dancing， please come to the welcome practice (新歓， Shin-kan). If you want to enjoy watching our performance， please visit our Youtube channel， Twitter， Instagram， and Tiktok! Looking forward to seeing you soon!!",毎週水曜日・土曜日/19時から22時/学生会館・都内スタジオ,105人,2014年,6人,あり,"https://www.waseda.jp/inst/weekly/assets/uploads/2023/03/C-277_1-940x626.jpg, https://www.waseda.jp/inst/weekly/assets/uploads/2023/03/C-277_2-940x705.jpg, https://www.waseda.jp/inst/weekly/assets/uploads/2023/03/C-277_3-940x627.jpg, https://www.waseda.jp/inst/weekly/assets/uploads/2023/03/C-277_4-940x627.jpg, https://www.waseda.jp/inst/weekly/assets/uploads/2023/03/C-277_5-940x627.jpg, https://www.waseda.jp/inst/weekly/assets/uploads/2023/03/C-277_6-940x627.jpg",https://www.waseda.jp/inst/weekly/circleguide/detail/?id=3741&lng=en,なし,なし,https://www.instagram.com/twinkle_waseda/,https://twitter.com/twinkle_waseda,なし,なし,なし,https://youtube.com/user/Twinklewaseda,https://www.tiktok.com/@twinkle_waseda,なし,なし,公式サイトから取得; リンク検証済み
C0089,3593,早稲田大学チアダンスチームMYNX所沢支部,スポーツ（球技以外）,ダンス,こんにちは！ 早稲田大学チアダンスチームMYNXです！ 私たちはワセ女のアイドルになること、チアダンス界のトップになること、の二つを軸に活動するオールワセ女のチアダンスチームです！ チアダンスとは、ポンポンを使って踊るポンダンス、ヒップホップ、ジャズダンス、ラインダンスの四つの踊りを組み合わせた競技です！ 練習は週4回、高田馬場周辺で行っています。学内イベントへの参加の他、大隈記念講堂での単独ステージや早稲田祭の出演もしています。年2回の大会には全国優勝を目指し出場しています。チームには初心者経験者問わず20名のワセ女が在籍しています。今、早稲田であつくなるならここ！ あなたも大好きな早稲田で両思いなチアを始めませんか？,週4日/18時〜/高田馬場周辺,20人,2015年,0人,なし,なし,https://www.waseda.jp/inst/weekly/circleguide/detail/?id=3593&lng=en,なし,なし,なし,なし,なし,なし,なし,なし,なし,なし,なし,公式サイトから取得; リンク検証済み; 写真URLなし
C0090,3722,バンカライズム-万色主義-,スポーツ（球技以外）,ダンス,バンカライズム−万色主義−は、「すべての人の野心に火をつける」を理念に活動する早稲田の学ラン雑技団です。自分の現状に満足していない人や心の中にモヤモヤを抱えている人、何か違和感を抱きながら生活している人。そんな燻っている人に対し、背中を押して新たな一歩を踏み出す「きっかけ」を与えられるような存在となりたい。そんな思いとともに、雑技とダンスを織り交ぜた枠に囚われないパフォーマンスを行っています。雑技とは、一人一人が持つ個性や色からなるパフォーマンスのことを言います。例えば、バンカライズムではヌンチャクやバトン、アクロバットのようなものに加え、動画編集、書道なども雑技と総称しています。私達はそんな一人一人の得意分野や個性を尊重しつつ、誰もが輝けることを証明するために、早稲田内外問わず様々なステージに出演しています。新歓は早稲田祭後の秋のみ行っております。公式Instagramで随時発信していきますので、ご確認ください。ぜひ一度、私たちのステージに足を運んでみてください！,毎週月木19:00-21:30/土10:40-13:30,44人,2016年,0人,あり,"https://www.waseda.jp/inst/weekly/assets/uploads/2019/07/3a975e2ff51da94ef9d34c4bb57683c6.jpg, https://www.waseda.jp/inst/weekly/assets/uploads/2025/03/1T220191-3-1-202503042017-1-940x627.jpeg, https://www.waseda.jp/inst/weekly/assets/uploads/2025/03/1T220191-3-1-202503042017-2-940x529.jpeg, https://www.waseda.jp/inst/weekly/assets/uploads/2025/03/1T220191-3-1-202503042017-3-940x529.jpeg",https://www.waseda.jp/inst/weekly/circleguide/detail/?id=3722&lng=en,なし,https://wasedabankara17.wixsite.com/bankaraizm,https://www.instagram.com/bankaraizm0425,https://twitter.com/bankaraizm0425,なし,なし,なし,なし,なし,なし,なし,公式サイトから取得; リンク検証済み
C0091,3805,早稲田大学踊ってみたサークル,スポーツ（球技以外）,ダンス,"「わせおど」こと早稲田大学踊ってみたサークルは、昨年公認化され、今年12年目を迎えるインカレダンスサークルです！
活動は週2回で、早稲田祭でのステージ発表や、年2回のサークル内ライブが主なイベントです。
普段はお互いにダンスの技術を教え合いながら、和気あいあいと練習を行っています！
わせおどは、J-POPやK-POP、ボカロ、アニソンなど、とにかく自由にジャンルや曲を選んで踊れることが魅力です！
既存の振り付けを踊ってみたい人も、自分で振り付けを作ってみたい人も、何を踊るかはあなた次第です。
また、当サークルはダンス初心者や他大学生、2年生以上から加入するメンバーも多く、どなたでも大歓迎です！
大学からダンスを始めてみたい人、「踊ってみた」が好きな人、趣味が合う仲間を見つけたい人などなど、あなたもわせおどで一緒に最高のステージを作り上げませんか？",毎週木曜日・土曜日/18時/都内ダンススタジオ,64,2016年,4,あり,"https://www.waseda.jp/inst/weekly/assets/uploads/2026/01/IMG_8346-940x529.jpeg, https://www.waseda.jp/inst/weekly/assets/uploads/2026/01/IMG_8348-940x730.jpeg, https://www.waseda.jp/inst/weekly/assets/uploads/2026/01/IMG_8347-940x434.jpeg",https://www.waseda.jp/inst/weekly/circleguide/detail/?id=3805&lng=en,なし,なし,https://www.instagram.com/waseodogram/,https://x.com/odottemita_w?s=21,なし,なし,なし,なし,なし,なし,なし,公式サイトから取得; リンク検証済み
C0092,3187,合気道会,スポーツ（球技以外）,武道,こんにちは、合気道会です！ 当会は、早稲田大学で唯一の合気会所属団体（合気道の創始者・植芝盛平先生直系の団体）で、早稲田大学最古にして最大規模の合気道サークルです。武道と聞くと激しい試合を想像する方も多いと思いますが、合気道は試合で優劣を決めることはありません！ お互いの習熟度にあわせて技を繰り返し稽古しますので、力に自信のない女性でも気軽に始められます。(ちなみに当会の男女比は6:4です。)当会の会員の9割は大学から合気道を始めました。高段位の師範からの指導のもと、基本の受け身からしっかりと稽古するので、初心者でも安心して安全に活動することができます。週6日の稽古のうち週1日〜から参加可能で、活動場所は全て大学から徒歩圏内です。授業や勉強、アルバイトとの両立、スケジュールも合わせやすいため、文系理系問わず様々な学部の学生が所属しています。あなたも合気道会で、私達と一緒に稽古をしませんか？ 入会はいつでも可能ですので、お気軽にお問い合わせください！,月水木曜日/16:45-18:15/合気道本部道場、火曜日/18:30-21:30/江戸川橋体育館、金曜日/15:20-16:50/合気道本部道場、土曜日/12:20-15:20/新宿コズミックセンター,40人,1960年,0人,あり,"https://www.waseda.jp/inst/weekly/assets/uploads/2020/04/S__41271348-940x705.jpg, https://www.waseda.jp/inst/weekly/assets/uploads/2020/04/S__41271351-940x767.jpg, https://www.waseda.jp/inst/weekly/assets/uploads/2020/04/S__41271350-940x423.jpg",https://www.waseda.jp/inst/weekly/circleguide/detail/?id=3187&lng=en,なし,https://aikidoshinkan.wixsite.com/waseda-aikidokai,なし,https://twitter.com/wasedaaikidokai,なし,https://lin.ee/uG3AYN9,なし,なし,なし,なし,なし,公式サイトから取得; リンク検証済み
C0093,3439,早稲田大学弓道同好会,スポーツ（球技以外）,武道,私たち弓道同好会は、週に1回、高段位の先生方にご指導いただきながら練習をしています。早稲田大学には弓道サークルが二つありますが、仲が悪いといったことはなく、交流もあります。日々の練習では同好会員は皆熱心に取り組んでおり、段級審査や他大学の弓道サークルとの射会においても良い結果を出しています。休日は遊びに行ったり飲みに行ったり、大学の授業の空きコマはたまり場でダラダラしたり、その後一緒にワセメシを食べたり、練習以外でもよく会うんです。みなさんもぜひ、一緒に大学生活を過ごしませんか？,毎週日曜日/浜田山の弓道場,100人,1961年,2人,なし,"https://www.waseda.jp/inst/weekly/assets/uploads/2016/09/0f748113c6e1469251bc5101272e2009-940x1253.jpg, https://www.waseda.jp/inst/weekly/assets/uploads/2016/09/b58d848b53f1e631c624e35ca26dc7d9-940x705.jpg, https://www.waseda.jp/inst/weekly/assets/uploads/2016/09/4bf86bb1bd37fa23164c5f7c998c521b-940x705.jpg",https://www.waseda.jp/inst/weekly/circleguide/detail/?id=3439&lng=en,なし,なし,なし,なし,なし,なし,なし,なし,なし,なし,なし,公式サイトから取得; リンク検証済み
C0094,3189,剣道同好会,スポーツ（球技以外）,武道,通常、新宿剣道連盟の先生方と一緒に稽古させていただいています。初心者から経験者までさまざまなレベルの会員が所属しており、稽古は自由参加なので、各自の実力や都合にあった稽古ができます。初心者に対しては、幹部会員が丁寧に指導するので、大学から剣道を始める方も安心です。大会には交流試合も含め年10回程度参加しており、毎年入賞などの成績を残しています。当会へ入会と同時に新宿区剣道連盟へ入会するため、当会からの段位の取得や新宿区の大会に出ることもできます。試合がない春季、夏季休業中には剣道合宿を行い、稽古のみに集中する充実したオフ期間を過ごしています。剣道以外にもスキー合宿や懇親会など各種楽しいイベントを頻繁に行っており、会員同士の結束力を高めています。一方でテスト期間中は稽古を行わず、学業やバイト、他のサークルの活動とも両立が可能です。剣道同好会で充実した学生生活を共に送りましょう！,毎週火・木・土曜日/18時半/新宿スポーツセンター4階 第二武道場,100人,1962年,5人,あり,なし,https://www.waseda.jp/inst/weekly/circleguide/detail/?id=3189&lng=en,なし,なし,なし,https://twitter.com/wsdkendodkk,なし,なし,なし,なし,なし,なし,なし,公式サイトから取得; リンク検証済み; 写真URLなし
C0095,3188,空手道誠心会,スポーツ（球技以外）,武道,私たち空手道誠心会は、本年度で創立54周年を迎える伝統のある空手サークルです。早稲田大学からは「学生の会」として公認されており、二部運動部として位置づけられています。現在1〜3年生30名ほどが在籍しており、中には空手歴10年以上の部員やインターハイ出場経験のある部員、大学から空手を始めた部員まで、流派・経歴・性別・大学を問わず共に和気あいあいと活動しています。流派は伝統派（寸止め）空手の四大流派の一つ「和道会」に所属しています。寸止めルールを採用しているので、女性や初心者の方でも安心です（部員の男女比はおよそ1:1で、約半数が初心者です）。稽古は週3回、戸山キャンパスの学生会館で行っており、うち週1回以上の参加を目安に、各自のペースで練習に励んでいます。普段の稽古では基本から形・組手までを全員が一緒に取り組み、1〜2カ月に一度の間隔で開催される大会前には、おのおのの出場種目に特化して稽古を行っています。加えて希望者は全日本空手道連盟加盟道場である和道会荒川道場に無料で通うことができ、初心者の方は在学中の黒帯取得を目指せます。週3回の正規練習と年3回の合宿を軸に、空手以外にも夏祭りに行ったり、旅行やスノボ合宿を企画するなど部員同士とても仲が良く、アットホームな雰囲気で大学生活を楽しんでいます。,毎週水・金・土曜日/5限（土曜は4・5限）/学生会館,30人,1963年,4人,あり,なし,https://www.waseda.jp/inst/weekly/circleguide/detail/?id=3188&lng=en,なし,なし,なし,https://twitter.com/seishinkai_w,なし,なし,なし,なし,なし,なし,なし,公式サイトから取得; リンク検証済み; 写真URLなし
C0096,3429,空手道糸東会,スポーツ（球技以外）,武道,サークル選び中の皆さん、一緒に「カラ充」しませんか!? 初めまして、早稲田公認の空手サークルの早稲田空手道糸東会です！ 空手というと、相手と戦う「組手」、演舞の美しさを競う「形」に分かれた「The 日本の武道」というイメージがあるかもしれませんが、2016年にはオリンピックの新競技として認められ、今や国際的にヨーロッパ、中東を中心に1億人以上の競技人口を誇る「インターナショナルスポーツ」として世界中で大人気なのです!! YouTubeで「karate」なんて調べたら、驚くほどの海外人気と、カッコよさを感じてもらえると思います！ また、私たちは防具をつけて寸止めで行う伝統派空手なので、とても安全です。他流派の経験者、全くの初心者、他大学生、留学生など関係なく、空手の練習をしたり、部室でまったりしたり、イベントを行ったり、遊びに行ったりと、楽しく活動しています！ 練習は月〜土曜日の放課後毎日やっていて、空いた時間に好きなだけ練習できるので、初心者でもほとんどの部員が黒帯を取得し、大会で上位入賞するほどうまくなれます！ 他大との交流や大会に出る機会もたくさんあるので経験者も上達する環境が整っていますよ！ また、男女比は1：1なので、女子も安心して練習できます！ さらに年会費などはありませんし、糸東会はいつでも部員を募集しているので、入会したいぞという方は1年生に限らずお気軽に連絡ください!! 一緒に空手しましょう!!,毎週月〜土曜日/16時半〜18時/学生会館、部室,35人,1966年,1人,あり,なし,https://www.waseda.jp/inst/weekly/circleguide/detail/?id=3429&lng=en,なし,なし,なし,https://twitter.com/waseda_karate,なし,なし,なし,なし,なし,なし,なし,公式サイトから取得; リンク検証済み; 写真URLなし
C0097,3524,早稲田大学理工柔道部,スポーツ（球技以外）,武道,早稲田大学理工柔道部柔道会には、初心者から柔道エリートまでのさまざまな人種が集まり、おのおのの目標に向かい日々練習に励んでおります。その目標は、受験による運動不足を解消するためであったり、さらに高位の段位を獲得するためであったりといろいろです。部全体の目標としては、1年間に2回開催される九校戦という大会で優勝する事です。初心者も経験者も、目標がある者もなんとなく興味がある者も、大学で柔道をやりたいという方なら誰でも歓迎しています！,毎週火・土曜日/19時〜21時/新宿スポーツセンター,50人,1968年,1人,あり,"https://www.waseda.jp/inst/weekly/assets/uploads/2016/09/860f201273ffbb8f95fd55b00c5a3671.jpeg, https://www.waseda.jp/inst/weekly/assets/uploads/2016/09/87ea4d901c51892c1b8c1668d3a5d011.jpeg, https://www.waseda.jp/inst/weekly/assets/uploads/2016/09/cecb978c59643eab7fbf34e176c4e597.jpeg",https://www.waseda.jp/inst/weekly/circleguide/detail/?id=3524&lng=en,なし,なし,なし,なし,なし,なし,なし,なし,なし,なし,なし,公式サイトから取得; リンク検証済み
C0098,3431,サジテリアス・アーチェリークラブ,スポーツ（球技以外）,武道,サジテリアスアーチェリークラブは今年で45年目を迎える早稲田大学＆実践女子大学の公認サークルです。週に1，2回新宿スポーツセンターなどの洋弓場にて練習を行っている他、他大学との交流戦、各種イベントなどの活動を行っています。「enjoy， archery!」の精神でまったりとアーチェリーをしながら自由なサークル参加を大切にしています。サジテリアスでは大学からアーチェリーを始めたという人がほとんどです。上級生の人やアーチェリー経験者の人、アーチェリー場の指導者の方などが1から教えてくれるので、初めてでも大丈夫です!もちろんアーチェリー経験者も大歓迎です!練習への参加の強制は無しです。また、飲みの強制も一切ありません。 自分の好きなようにサークルに参加してもらえればいいなー、と思います。でもたくさん参加したほうが楽しいですよー☆,毎週水曜日・日曜日/16時半/新宿スポーツセンター,106人,1970年,1人,なし,"https://www.waseda.jp/inst/weekly/assets/uploads/2017/03/92dd5a3f12104081dc647d56532333d4-940x705.jpg, https://www.waseda.jp/inst/weekly/assets/uploads/2017/03/06d6e42e31c29870c695689948d31130.jpg, https://www.waseda.jp/inst/weekly/assets/uploads/2017/03/50b531387ef1879e4a0ad6a38aae2964-940x705.jpg",https://www.waseda.jp/inst/weekly/circleguide/detail/?id=3431&lng=en,なし,なし,なし,https://twitter.com/sagittarius_w_j,なし,なし,なし,なし,なし,なし,なし,公式サイトから取得; リンク検証済み
C0099,3433,防具空手道会,スポーツ（球技以外）,武道,"防具空手道会へようこそ！私たちは運動経験がなくても2年で黒帯が取得できる、初心者も経験者も大歓迎のサークルです。防具空手って何？という方も多いと思いますので、以下で簡単に説明いたします。
/
/
/
/・歴史ある伝統空手の一種です。
/
/・防具をつけて組手をすることが特徴で、ケガを気にせず思い切り戦うことができます。
/
/・しっかりした土台から繰り出される力強く華やかな型も必見です！
/
/
/
/防具空手道会の魅力
/
/・初心者大歓迎！未経験スタートの部員が多数在籍しています。
/
/・男女問わず活躍できます。緑帯（白帯の次）からすぐ試合に出場可能です。
/
/・新入部員随時募集中！学年問わず、年中いつでも歓迎していますので、気軽にご連絡ください。
/
/・創立50年の伝統を誇るサークルです。有段者のOBから丁寧な指導を受けることができます。
/
/・本物の強さにこだわった指導を実施しています。強い土台がなければ、真の空手家は生まれません。
/
/・International Students Welcome! 留学生が多く在籍していることも本サークルの特徴です！！
/
/
/
/こんな人にオススメ！
/
/・空手をやってみたいけど、経験者が多いサークルは怖いと思っている方。
/
/・派手なサークルや多忙なサークルに入るのは不安だと思っている方。
/
/・理工系学生で、同じ趣味を持つ人たちと出会いたい方。
/
/・新しいサークルに入りたいけど、どこに入っていいか分からない方。
/
/・周りとは違うことをしてみたいと思っている方。","火曜日：18:55〜20:35/木曜日：18:55〜20:35/土曜日：12:50〜14:50
/
//
/
//場所：学生会館、戸山公園
/
//
/
//",23人,1973年,7人,あり,"https://www.waseda.jp/inst/weekly/assets/uploads/2023/03/C-191_1-940x705.jpg, https://www.waseda.jp/inst/weekly/assets/uploads/2023/03/C-191_3-940x705.jpg, https://www.waseda.jp/inst/weekly/assets/uploads/2023/03/C-191_2-940x705.jpg, https://www.waseda.jp/inst/weekly/assets/uploads/2019/04/5-min-940x705.jpg",https://www.waseda.jp/inst/weekly/circleguide/detail/?id=3433&lng=en,なし,なし,なし,https://twitter.com/waseda_boukukai,なし,なし,なし,なし,なし,なし,なし,公式サイトから取得; リンク検証済み
C0100,3545,早稲田大学心身統一合氣道会,スポーツ（球技以外）,武道,早稲田大学理工学術院承認のインカレ合氣道サークル。週2回を目安に理工キャンパス隣の新宿コズミックセンターにて稽古をしています。理工生はもちろん、文系学部生、院生、他大生も所属。ほとんどが合氣道初心者で、2年間で黒帯をとることを目標に和氣藹々と活動しています。当サークルは忙しい理工生にあわせて稽古日程を組んでおり、授業などで出られない稽古があっても大丈夫です。昇級に向けての稽古は一人一人のペースに合わせて練習していくので、運動経験がなくても心配ありません。春夏に合宿を行うほか、合氣道の稽古以外にもいろいろな企画をたてて遊んでいます。やる時はやる、遊ぶときは遊ぶ！とメリハリをつけられるのが、当サークルの特徴です！,毎週水曜日・金曜日/16:40-18:40/新宿コズミックセンター,21人,1976年,2人,あり,"https://www.waseda.jp/inst/weekly/assets/uploads/2016/07/1X14C125-1-14-201607151223-63.jpg, https://www.waseda.jp/inst/weekly/assets/uploads/2016/07/1X14C125-1-15-201607151223-63.jpg, https://www.waseda.jp/inst/weekly/assets/uploads/2016/07/1X14C125-1-16-201607151223-63.jpg",https://www.waseda.jp/inst/weekly/circleguide/detail/?id=3545&lng=en,なし,http://waikido.web.fc2.com/,https://www.instagram.com/aiki_waseda,https://twitter.com/aiki_waseda,なし,なし,なし,なし,なし,なし,なし,公式サイトから取得; リンク検証済み
C0101,3190,スポーツ合気道クラブ,スポーツ（球技以外）,武道,"スポーツ合気道クラブは30年以上の伝統を持つ公認サークルで、早稲田大学の17号館地下1階で週3〜4のペースで活動しています。
年に数回の大会や昇級審査を目標に練習しています。大会・審査だけでなく普段の練習も自由参加で拘束が弱く、各々好きなペースで活動できることが売りです！ほぼ全員が大学から合気道を始めるため、他の運動系サークルよりも活動を始めやすいと思います。
性別や運動の得意不得意に関わることなく楽しめて、最短1年半で黒帯を取ることも可能です。
新入生に限らず、上級生の方々も大歓迎です！
2・3年生から始める人もたくさんいます。またスポ合はインカレ歓迎なので他大学の方もぜひどうぞ！ 合気道に少しでも興味を持ったらSNSでご連絡いただくか、ぜひ道場（17号館地下1階）へ足をお運びください！ サークル員一同お待ちしております！",平日の活動日時は学期毎に変動・土曜12:30-14:40/17号館地下1階合気道場,20人,1979年,0人,あり,"https://www.waseda.jp/inst/weekly/assets/uploads/2025/11/S__105938955-940x705.jpg, https://www.waseda.jp/inst/weekly/assets/uploads/2025/11/S__105938954-940x1253.jpg, https://www.waseda.jp/inst/weekly/assets/uploads/2025/11/S__105938953-940x705.jpg",https://www.waseda.jp/inst/weekly/circleguide/detail/?id=3190&lng=en,なし,なし,https://www.instagram.com/supoai.wu?igsh=eTJvN3pyaGMxeHFl&utm_source=qr,https://x.com/supoai?s=21,なし,なし,なし,なし,なし,なし,なし,公式サイトから取得; リンク検証済み
C0102,3637,早稲田大学弓道サークル本陣,スポーツ（球技以外）,武道,"本陣は1984年に創立したインカレの弓道サークルで、早稲田大学の学生はもちろん、様々な大学の学生が在籍しています。アットホームな雰囲気で、お互いに教え合って弓の上達を目指しながら毎週楽しく活動しています。大学でも弓道を続けたい！という経験者の方、弓道を始めたい！という初心者の方どちらも歓迎です。
/
/
/
/　練習は週2回(大学長期休暇中のみ週3回)、弓道場を貸し切って練習しています。大学の授業期間中は金曜日・日曜日、長期休暇中は水曜日・金曜日・日曜日が練習日です。金曜日の練習場所は墨田区弓道場､水・日曜日は江東区スポーツ会館を使用しています。練習の他にも、「関東弓道サークル連合」主催の射会への参加や、友好サークルとの交流戦、サークル内の練習試合などを定期的に行なっています。また、東京都弓道連盟第二地区に所属しており、昇段審査の受審や、成人射会の参加ができます。また、5月・8月の年2回、弓道の強化合宿を行なっています。さらに、弓道合宿の他にもスキー・スノーボード合宿や、BBQなど様々なイベントを行なっており、大学生活を一緒に楽しむ仲間もできるサークルです！練習・合宿・各種イベントは参加/不参加は自由なので、自分のペースで活動できます。","毎週金曜日/17時半~21時/墨田区弓道場
/
/毎週日曜日/18時~21時/江東区スポーツ会館
/
/毎週水曜日/13時~17時/江東区スポーツ会館(2・3・8・9月の長期休暇中のみ)",103人,1984年,1人,なし,"https://www.waseda.jp/inst/weekly/assets/uploads/2018/03/honjin3-940x625.jpg, https://www.waseda.jp/inst/weekly/assets/uploads/2018/03/honjin2-940x625.jpg, https://www.waseda.jp/inst/weekly/assets/uploads/2018/03/honjin1-940x705.jpg",https://www.waseda.jp/inst/weekly/circleguide/detail/?id=3637&lng=en,なし,なし,なし,https://twitter.com/waseda_honjin,なし,なし,なし,なし,なし,なし,なし,公式サイトから取得; リンク検証済み
C0103,3558,早大スポーツ合気道同志会,スポーツ（球技以外）,武道,同志会は早稲田大学の所沢キャンパスを拠点とした、富木流の合気道サークルです。人間科学部設立と同年に生まれ、歴史を人間科学部と共に歩んできました。決して大きなサークルではありませんが、その分雰囲気はアットホームです！ 合気道は大学から始める人がほとんど！ 始めて最短1年半で黒帯も巻けることも魅力の一つです。さらに、富木流は柔道のような試合形式の乱取があり、より実践的な技が学べます！ 練習は週1回から参加可能です。練習だけでなく、各種イベントや定期的に飲み会もあります。イッキとかコールとか一切なし！ 練習は真剣、遊ぶときは遊びます。本気でやりたい人も、合気道を知らない人も、運動が苦手な人も、性別、運動経験問わず誰でも大歓迎！ ぜひぜひ同志会を見に来てください！,毎週月・火・金曜日/16時半〜19時/所沢キャンパス第二スポーツホール,13人,1987年,0人,あり,なし,https://www.waseda.jp/inst/weekly/circleguide/detail/?id=3558&lng=en,なし,なし,なし,https://twitter.com/doushikai_sodai,なし,なし,なし,なし,なし,なし,なし,公式サイトから取得; リンク検証済み; 写真URLなし
C0104,3430,早稲田大学大道塾,スポーツ（球技以外）,武道,早稲田で唯一の総合格闘技サークルです。空道という競技を行っており、防具をつけて試合をするため誰でも安全に強くなることができます。今までに全国大会優勝者を輩出するなど実績を残しており、現在も試合での勝利に向けて日々鍛錬しています。総合格闘技は大きく打撃、投げ、寝技に分けることができ、それぞれを練習することで、実戦で自分の思った通りに使えるよう技を磨いていきます。また、空道は極真空手から派生した「武道」であるため、身体の強化だけでなく精神面での成長も大事にしています。大学で何か新しいことを始めたい人、スポーツは続けておきたい人などにはおすすめのサークルです。加えて、部員の多くは他のサークルと兼部をしており、遊びとスポーツの両立をすることができます。興味のある方はぜひホームページをご覧ください。,毎週月・水・土曜日/学生会館、新宿スポーツセンターなど,13人,1988年,3人,あり,"https://www.waseda.jp/inst/weekly/assets/uploads/2016/09/cbe090a8c3e1ca7584891b771d930d11-940x705.jpeg, https://www.waseda.jp/inst/weekly/assets/uploads/2016/09/b7f90682c3a3cefeed6a7eb33ef48282-940x705.jpeg, https://www.waseda.jp/inst/weekly/assets/uploads/2016/09/0cfab18b3d905e8b446dacd93daffb9a-940x705.jpeg",https://www.waseda.jp/inst/weekly/circleguide/detail/?id=3430&lng=en,なし,なし,なし,https://twitter.com/wasedaido,なし,なし,なし,なし,なし,なし,なし,公式サイトから取得; リンク検証済み
C0105,3191,早稲田ITFテコンドークラブ,スポーツ（球技以外）,武道,私たち早稲田ITFテコンドークラブは早稲田で唯一のテコンドーの公認サークルです。メンバーは基本的に大学生になるまで武道や格闘技の経験がありませんでした。初心者、格闘技未経験者の方でも大丈夫です。練習は水曜日と土曜日の週2回行っています。また、月に1回程度、黒帯の指導員の方に教えに来ていただいています。そこでは、普段とは一味違った本格的な指導を受けられます。サークルの雰囲気は、程よくゆるく練習は真面目にという感じです。本格的に格闘技をやってみたい人、軽く運動したい人、ダイエットのためなど、どのような目的にも対応できるサークルです。私たちと一緒に華麗な足技を磨きましょう。,毎週水曜日・土曜日/17:00〜20:35/学生会館,20人,1991年,1人,なし,"https://www.waseda.jp/inst/weekly/assets/uploads/2023/03/A-150_1-940x705.jpg, https://www.waseda.jp/inst/weekly/assets/uploads/2023/03/A-150_2-940x705.jpg, https://www.waseda.jp/inst/weekly/assets/uploads/2023/03/A-150_3-940x705.jpg, https://www.waseda.jp/inst/weekly/assets/uploads/2023/03/A-150_4-940x705.jpg, https://www.waseda.jp/inst/weekly/assets/uploads/2023/03/A-150_5-940x699.jpg",https://www.waseda.jp/inst/weekly/circleguide/detail/?id=3191&lng=en,なし,http://wasedataekwondo.web.fc2.com/,https://www.instagram.com/waseda_itf_taekwondo/,https://twitter.com/WasedaTaekwondo,なし,なし,なし,なし,なし,なし,なし,公式サイトから取得; リンク検証済み
C0106,3639,早稲田大学躰道会,スポーツ（球技以外）,武道,「躰道（たいどう）」とは、一言でいえば、空手と体操が混ざったような新しい武道です！昭和40年に創始されて以来、日本全国の道場や大学で普及しています。この武道の特徴として、型の中にバク転やバク宙などのアクロバティックな動きが登場します。また、組手競技では、 独特の体勢から放たれる変幻自在の蹴り技や、間合いを自由自在に制御する不思議な歩法｢運足｣を見ることができます！ほとんどの人が大学から始めるうえ、躰道歴20年超の指導者が丁寧に教えてくれるので初心者でも全く問題ありません！年数回の大会を通して、他大学の躰道部との交流も盛んで、幅広く友達を作ることができます。会員は、授業や勉強、他サークル、アルバイトと両立しながら練習に励んでいて、スノボ合宿を企画するなど部員同士はとても仲が良く、アットホームな雰囲気で大学生活を楽しんでいます。体験や入会は一年中受け付けておりますので、お気軽にどうぞ！,毎週水木土日/水木 18:30〜21:00近所の中学校/土日 随時 早稲田キャンパス周辺,30人,2002年,0人,あり,"https://www.waseda.jp/inst/weekly/assets/uploads/2018/03/taido1-940x705.jpg, https://www.waseda.jp/inst/weekly/assets/uploads/2023/03/C-258_2-940x705.jpg, https://www.waseda.jp/inst/weekly/assets/uploads/2018/03/taido3.png",https://www.waseda.jp/inst/weekly/circleguide/detail/?id=3639&lng=en,なし,なし,https://www.instagram.com/w_taido/,https://twitter.com/wtaido,なし,なし,https://www.waseda.jp/inst/weekly/report/2017/11/16/35238/,なし,なし,なし,なし,公式サイトから取得; リンク検証済み
C0107,3436,早稲田大学居合道部,スポーツ（球技以外）,武道,"こんにちは！早稲田大学居合道部です。
/
/
/
/居合道部は日本刀を使用した居合術を学び、各々で技を磨き上げていくサークルです。日本刀、と言っても刃の潰れた模造刀なので安全安心です。入部が決まったらまず自分の刀を注文することになります。鞘や鍔、刃紋など自分好みの刀をカスタマイズして買うことができます！
/
/
/
/私たちは居合道の中でも最大の流派のひとつである「無双直伝英信流（むそうじきでんえいしんりゅう）」と「全日本剣道連盟居合」を、教士八段畠中篤美先生の下で学んでいます。?平成22年度より東日本学生居合道連盟へ加盟しました。東日本学生居合道連盟に英信流での加盟校は少なく、東日本において英信流を修めた最初の大学となります。
/
/
/
/居合は大学から始める学生が多く， 事実当部の学生の大半が大学から始めています。また、2年生になってから始める学生もいます。
/
/
/
/基本的に対戦相手とは接触しないので運動経験の少ない方でも始められます。また個人競技となるので、自分のペースでの稽古ができます。分からないことや難しいことがあったら、先輩や仲間、先生がその都度丁寧にお教えします。
/
/
/
/是非1度、Twitterやインスタで部の雰囲気を感じてみてください！見学・体験・入部は通年、どの学年でも大歓迎です！いつでもご連絡お待ちしてます♪",毎週月・水・土or日…四谷ひろば(四谷三丁目) / 毎週金…学生会館,30人,2005年,4人,なし,https://www.waseda.jp/inst/weekly/assets/uploads/2023/03/A-184_1-940x628.jpg,https://www.waseda.jp/inst/weekly/circleguide/detail/?id=3436&lng=en,なし,なし,https://www.instagram.com/wasedaiaido/,https://twitter.com/wasedaiaido,なし,なし,なし,なし,なし,なし,なし,公式サイトから取得; リンク検証済み
C0108,3712,スポーツチャンバラ剣隼会,スポーツ（球技以外）,武道,"私たちは早稲田大学で唯一のスポーツチャンバラサークルです。スポーツチャンバラ、略してスポチャンは約50年前に日本で生まれた新しい武道です。空気を入れた柔らかい剣を使ってコートの中で一対一で戦い、先に相手の体を打ったら勝ちです。マイナースポーツゆえに誰でも全国レベルの大会に出場できます。また、サークルの枠を超え、全国のチャンバラ仲間とも交流があります。///
///////
////メンバーのほとんどは大学からスポーツチャンバラを始めましたが、男子・女子とも全国大会での優勝など毎年多数の戦績を残しています。一方で練習は週2日、授業後の時間帯に行うため、文系理系問わず多数のメンバーが在籍しています。大学で新しいことを始めてみたい方、運動不足を解消したい方など、どなたでも大歓迎ですので、いつでもお気軽にお問い合わせください！",毎週月曜日・水曜日/19時〜21時半/(月)池袋第一小学校(板橋駅)・(水)明豊中学校(千川駅),64人,2005年,0人,あり,"https://www.waseda.jp/inst/weekly/assets/uploads/2021/01/kenshunkai1-1-940x529.png, https://www.waseda.jp/inst/weekly/assets/uploads/2021/01/kenshunkai2-940x529.png, https://www.waseda.jp/inst/weekly/assets/uploads/2021/01/kenshunkai3-1-940x529.png",https://www.waseda.jp/inst/weekly/circleguide/detail/?id=3712&lng=en,なし,http://wasedaspochan.accela.jp/,https://www.instagram.com/sportschanbara.kenshunkai/,https://twitter.com/kenshunkai,なし,https://lin.ee/egmwZqe,なし,なし,なし,なし,なし,公式サイトから取得; リンク検証済み
C0109,3474,乗馬倶楽部,スポーツ（球技以外）,乗馬,週に1回日曜日に乗馬レッスンを受けたり自然の中で馬に乗ったりする活動をしています。全くの初心者が多く、中にはかなりの経験者もいます。行きたいとき、余裕があるときに自分のペースで参加するスタイルを取っているため、無理せず続けることができます。男女比は2:8と女性の方が多いですがメンバー間の仲が良く、ご飯会や飲み会の企画も多いです。歴史あるサークル故にOBOGとの交流の機会も大切にしています。今まで全く馬に興味が無かったという人でも先輩方から経験談、アドバイスを聞いて乗馬の楽しみを知ったメンバーもいるかと思います。また、合宿は年3回設けており、乗馬スキルの向上を目指したり、みんなでレジャーを楽しんだりと充実した内容になっております。サークル外の活動でもっとうまくなりたい、メンバーともっと仲良くなりたい、と自分から進んで企画を立てる方が最近増えてきています。みんなが楽しむことがモットーとしての当サークルにおいて大変うれしい限りだと感じております。,毎週日曜日/14時〜/サンヨーガーデン(乗馬場),55人,1980年,5人,あり,"https://www.waseda.jp/inst/weekly/assets/uploads/2016/09/3bc8618a777cc7f299e3757f95d67c44-940x705.jpg, https://www.waseda.jp/inst/weekly/assets/uploads/2016/09/02ee74afc5f4dabb6ea91dd6b8ae516e-940x705.jpg, https://www.waseda.jp/inst/weekly/assets/uploads/2016/09/4327a1dedfa7075017bb598cbe7b5671-940x705.jpg",https://www.waseda.jp/inst/weekly/circleguide/detail/?id=3474&lng=en,なし,なし,なし,https://twitter.com/wasedajoba,なし,なし,なし,なし,なし,なし,なし,公式サイトから取得; リンク検証済み
C0110,3748,早稲田マリンヨットクラブ,スポーツ（球技以外）,ヨット,早稲田マリンヨットクラブは毎週日曜日に江ノ島でヨットを楽しむサークルです！皆さんはヨットとは何かご存知ですか？ヨットとは、風の力で走る船のことです。風を感じながら走るので、雄大な江ノ島の海と一体となる感覚を味わうことができますよ！天気が良ければヨットに乗りながら富士山を見ることもできます！さらにヨットは楽しむだけでなく、スピードを競うスポーツとしての一面もあります。ヨットの操船に慣れてきたら、全国大会に出場することもできますよ！実際、サークル員の中には全日本大会で上位入賞を果たした人もいます。皆さんの中には「ヨット見たこともないから不安」とか「泳ぐのが苦手だから海のスポーツは…」と考えている方もいるかもしれません。しかし、その心配は全く無用です。まず、このサークルの会員はほとんどが未経験者で大学からヨットを始めた人ばかりです。OBの方々に教えてもらいながら練習ができるので、楽しく操船を学ぶことができます！また、ヨットの上ではしっかりとライフジャケットを着ますし、何かあった時のために救助艇も近くにいるので泳ぐのが得意でなくても安心です。ヨット以外にもクルーザーに乗ったり、その上でバーベキューをしたり、江ノ島を楽しんだり、楽しいことが盛り沢山です！一度、ヨットを体験してみませんか？試乗会も行っているのでぜひご参加ください！江ノ島のハーバーで皆さんを待っています！,毎週日曜日/9時〜16時/江ノ島ヨットハーバー,32人,1967年,０人,なし,"https://www.waseda.jp/inst/weekly/assets/uploads/2023/03/C-283_1-940x610.jpg, https://www.waseda.jp/inst/weekly/assets/uploads/2023/03/C-283_2-940x1254.jpg, https://www.waseda.jp/inst/weekly/assets/uploads/2023/03/C-283_3-940x627.jpg",https://www.waseda.jp/inst/weekly/circleguide/detail/?id=3748&lng=en,なし,なし,https://www.instagram.com/wasedamarine/,https://twitter.com/wasedamarine,なし,なし,なし,なし,なし,なし,なし,公式サイトから取得; リンク検証済み
C0111,3472,ウィンドサーフィン部,スポーツ（球技以外）,ヨット,"ウィンドサーフィンとは風の力で海上を滑走するマリンスポーツです。サーフボードにヨットの帆をつけたような道具に乗ります。
/
/
/
/私たちは、風上と風下にある2つのマークを回って着順を競います。インカレ団体戦優勝を目指し、土曜日・日曜日に由比ヶ浜で練習をしています。
/
/
/
/よく「初心者なので心配」という声を聞きますが、このスポーツを始めるほぼ100%が大学生から始める初心者なので大丈夫です。また、泳げなくてもライフジャケットの着用が義務付けられているので大丈夫です。
/
/
/
/現在、インカレ個人戦優勝や団体戦入賞の実績があります。大学から始めても努力次第で日本一になることができます！また、1年目の選手はビギナーとして扱われ、ビギナーだけでレースをするので1年目から活躍できます！！
/
/
/
/部の雰囲気はとても良く、同期だけでなく先輩ともとても仲良くなれます。夏休みや春休みの大型連休には西湖、本栖湖、浜名湖などの普段は行けないような場所に合宿に行きます。2年目からは沖縄でウィンドサーフィンをする機会もあります。また、レースや練習を通して他大学の選手とも友達になることができ、関東だけでなく全国に友達を作ることができます。
/
/
/
/大学で新しいことに挑戦してみたい！本気でスポーツをしたい！そんな思いを持っている人にぴったりのスポーツです。
/
/
/
/最後の学生生活、早稲田大学ウインドサーフィン部で日本一を目指して一緒にアツくなりませんか？",毎週土日正規練・平日自主練/9:00-16:00/鎌倉坂ノ下、由比ガ浜,28人,1975年,0人,なし,"https://www.waseda.jp/inst/weekly/assets/uploads/2024/04/3bc3b148a0baf25b4ead5184d8d3db3f-940x627.jpg, https://www.waseda.jp/inst/weekly/assets/uploads/2024/04/a88227a29ba86ceb351a8d15175f86ce-940x1253.jpg, https://www.waseda.jp/inst/weekly/assets/uploads/2024/04/00b5f8ad9bde13038ae51aa33a06112e-940x1254.jpg",https://www.waseda.jp/inst/weekly/circleguide/detail/?id=3472&lng=en,なし,https://wasedawindsurfing.com/,https://www.instagram.com/wasedawindsurfing.shinkan.2024,https://twitter.com/wasedawind53,https://www.facebook.com/waseda.windsurfing.team,なし,https://www.waseda.jp/inst/weekly/report/2014/06/30/11919/,なし,なし,なし,なし,公式サイトから取得; リンク検証済み
C0112,3441,スキー同好会（W．S．S．）,スポーツ（球技以外）,スキー,早稲田に現存するスキーサークルで最も歴史のあるサークルです。 メンバー全員が早大生によって構成されるサークルで、メンバーの学部も政治経済学部、理工学部やスポーツ科学部など多種多様で、さらには大学院生まで所属しています。冬休み春休みのスキーシーズンをメインとして、合宿をしながら練習に励み、大会に参加しています。オフシーズンは週2回のトレーニングでシーズンに向けて体を調整しています。海にいったり花火をしたりさまざまな早慶戦を見に行ったり、イベントも盛りだくさんです。学業やバイトとバランスを取って活動している人が多く、体育会や複数のサークルに所属している人もいます。スキー初心者も経験者も、楽しくスキーをしています！大学に入って初めてスキーする人でもうまくなれて、スキーをしたことある人はもっと上達できます。,週２回/１７時〜/戸山公園,90人,1950年,2人,なし,"https://www.waseda.jp/inst/weekly/assets/uploads/2023/06/wss_pic1-940x705.jpg, https://www.waseda.jp/inst/weekly/assets/uploads/2023/06/wss_pic2-940x705.jpg, https://www.waseda.jp/inst/weekly/assets/uploads/2023/06/wss_pic3-940x627.jpg",https://www.waseda.jp/inst/weekly/circleguide/detail/?id=3441&lng=en,なし,https://wssski.wordpress.com,https://www.instagram.com/waseda.ski.society/,https://twitter.com/wss_info,なし,なし,なし,なし,なし,なし,なし,公式サイトから取得; リンク検証済み
C0113,3199,スガ・スキークラブ,スポーツ（球技以外）,スキー,創部から50年以上の歴史を持ち全国トップクラスの規模を誇るスキーサークルです。全国大会で活躍する猛者だけでなく雪を知らない未経験者も多く所属しており、大会の優勝を目指して日々活動しています。現在オール早稲田大会男子総合5連覇中！ 名実ともに早稲田を代表するスキーサークルの一つです。オフシーズンでは、毎週行っている任意のトレーニングや企画、夏合宿を通じて身体と心を鍛え、仲間たちとの絆を深め合っています。幽霊部員はおらず、100人が一年中飽きることなく活動をすることができます。冬は主に尾瀬岩鞍、菅平、白馬岩岳などのスキー場で合宿を行っており3月の全国大会、オール早稲田大会に出場します。誰にも負けないアツい大学生活を送りたいならスガで決まり！,毎週月〜金曜日/16時50分/戸山公園,100人,1962年,0人,なし,"https://www.waseda.jp/inst/weekly/assets/uploads/2016/09/eecf474428a529e3e781dc018f10be18-1-940x528.png, https://www.waseda.jp/inst/weekly/assets/uploads/2016/09/9d869ba5f516803a5390d21454771ca0-940x627.jpeg, https://www.waseda.jp/inst/weekly/assets/uploads/2016/09/d0a7b29a83b300767be53df916802ad2-940x627.jpeg",https://www.waseda.jp/inst/weekly/circleguide/detail/?id=3199&lng=en,なし,なし,なし,https://twitter.com/sugarskiclub,なし,なし,https://www.waseda.jp/inst/weekly/news/2021/06/25/88075/,なし,なし,なし,なし,公式サイトから取得; リンク検証済み
C0114,3444,モンブラン　スキークラブ,スポーツ（球技以外）,スキー,"オフシーズンはBBQや花火大会、キャンプなどの部員同士の仲を深めるイベントが多数行われます。スキー上達に向けての合宿としてインライン合宿や芝スキー合宿などがあります。シーズン中は両班共にプロのコーチからの指導を受けられるほか、全国学生大会やオール早稲田大会出場を通しレベルアップができます。各地のスキー場で住み込みとして働かせていただき、スキー場のお客さまや、講師の方々と交流することは他ではできない貴重な経験でしょう。スキー初心者でもシーズンを通して、スキー検定に挑戦できるレベルまで達することができます。
/
/部室は学生会館にあり、立ち寄ると誰かに会えるためいつもにぎわっています。トレーニングは毎日開催されているため、勉強やバイト、他サークルとの両立が可能です。部員同士の仲の良さ、OB、OGの方々とのつながりも大切にしています。
/
/スキー経験の有無を問わず、誰もが楽しめるサークルです。",毎週1日/16時半〜/戸山公園・部室(学生会館E301),50人,1963年,0人,なし,"https://www.waseda.jp/inst/weekly/assets/uploads/2016/07/1X14C125-1-15-201607151223-51-940x627.jpg, https://www.waseda.jp/inst/weekly/assets/uploads/2016/07/1X14C125-1-16-201607151223-51-940x705.jpg, https://www.waseda.jp/inst/weekly/assets/uploads/2016/07/1X14C125-1-14-201607151223-51-940x705.jpg",https://www.waseda.jp/inst/weekly/circleguide/detail/?id=3444&lng=en,なし,なし,なし,なし,なし,なし,なし,なし,なし,なし,なし,公式サイトから取得; リンク検証済み
C0115,3442,ツェルマット・スキークラブ,スポーツ（球技以外）,スキー,ツェルマットの部員は9割がスキー初心者ですが、平日のトレで楽しく体を動かしたり、先輩が基礎スキーの理論を分かりやすく講習したりしながら日々技術力の向上に励んでいます。冬の合宿ではコーチによる講習を受けながら全力で練習に取り組んでいます。その結果男女ともに全国学生岩岳スキー大会、オール早稲田スキー大会での優勝を経験するまでの成長を遂げることができました。もちろん、練習だけのオフシーズンではありません。毎週日曜日、BBQやボーリング大会などの企画を開催しており、遊びにも常に全力です。企画やトレではみんなと仲良くなれて、一生ものの仲間を作ることができます。オフシーズンを通して作り上げた絆がシーズンへの原動力となるのがツェルマットの強みです。全力で遊び、全力で練習し、駆け抜けた先にはツェルマットでしか得ることができない、最高の思い出があります。一度しかない大学生活を目いっぱい楽しむべく、今日もツェルマットは全力で走り続けます！,毎週月〜金曜日/5限/西戸山公園,116人,1969年,0人,なし,"https://www.waseda.jp/inst/weekly/assets/uploads/2017/03/652211b02f1cbbe4e2a89237aed4497a-940x627.jpg, https://www.waseda.jp/inst/weekly/assets/uploads/2017/03/080caa6bf0e35384bba16cb97242a6c1-940x627.jpg",https://www.waseda.jp/inst/weekly/circleguide/detail/?id=3442&lng=en,なし,なし,なし,https://twitter.com/zermattskiclub,なし,なし,なし,なし,なし,なし,なし,公式サイトから取得; リンク検証済み
C0116,3447,シュプリンゲンスキークラブ,スポーツ（球技以外）,スキー,オフシーズンの夏は大学の近くで色々なスポーツをしながら楽しくトレーニングをしています。参加は自由なので、学業との両立や兼サーも可能です！他にも皆でBBQをしたり、ドライブに行ったりと楽しいイベント盛りだくさんです！冬になると北海道や長野県の野沢温泉で行われる合宿で練習に励み、大会に出場しています！合宿は原則自由参加で、自由に日程を決めることができます。お財布事情や他の予定と相談しながら、無理なく練習可能です！シュプリンゲンは未経験者も大歓迎です。プロのコーチや経験豊富な先輩が1から指導してくれるのですぐに上達できます。道具貸出あり。ぜひ一緒に楽しい大学生活を送りましょう！いつでも連絡お待ちしております。,毎週火・金/18:30〜/戸山公園,25人,1970年,0人,あり,"https://www.waseda.jp/inst/weekly/assets/uploads/2020/04/C205_04-940x529.jpg, https://www.waseda.jp/inst/weekly/assets/uploads/2020/04/c205_01-940x705.jpg, https://www.waseda.jp/inst/weekly/assets/uploads/2020/04/c205_02-940x626.jpg, https://www.waseda.jp/inst/weekly/assets/uploads/2020/04/C205_04-290x290.jpg",https://www.waseda.jp/inst/weekly/circleguide/detail/?id=3447&lng=en,なし,https://springenski.wixsite.com/homepage,なし,https://twitter.com/springen_waseda,なし,なし,なし,なし,なし,なし,なし,公式サイトから取得; リンク検証済み
C0117,3202,ネージュ・スキークラブ,スポーツ（球技以外）,スキー,オール早稲田基礎スキー連盟加盟。冬は全力でスキー、夏はイベント盛りだくさん！早稲田三大イベント、100キロハイク・早慶戦・早稲田祭に全部参加している唯一の基礎スキーサークル。オフシーズンは週2回のトレーニングで体力づくり/スキー陸トレーニング。月に2回はたこ焼きパーティーや遊園地企画などイベントを開催してます。冬は岩岳学生大会とオール早稲田大会を目指して技術を磨きます！初心者も経験者も大歓迎です。実際にアルペン出身者もいます。合宿中はコーチの指導あり、合宿以外の居候でも先輩が丁寧に指導してくれます。大学から始めても大会入賞を狙えます！サークル内の雰囲気には定評があるので、ぜひ一度遊びに来てください！,毎週月・金曜日（月1回土曜日）/17時/西戸山公園・学生会館E831部室,35人,1978年,0人,なし,"https://www.waseda.jp/inst/weekly/assets/uploads/2016/09/6ba0c60f2c4ef7f0bba1411b2493f00b-940x627.jpg, https://www.waseda.jp/inst/weekly/assets/uploads/2016/09/19691cb8fe665631886f2541d2f1abc3-940x627.jpg, https://www.waseda.jp/inst/weekly/assets/uploads/2016/09/4ac2eeea6812e037d6aabf9510126e9f-940x705.jpg",https://www.waseda.jp/inst/weekly/circleguide/detail/?id=3202&lng=en,なし,なし,なし,https://twitter.com/neigeskiclub,なし,なし,なし,なし,なし,なし,なし,公式サイトから取得; リンク検証済み
C0118,3445,ベル・スキークラブ,スポーツ（球技以外）,スキー,1978年に創立された早稲田大学公認のスキーサークルです！ オール早稲田基礎スキー連盟に加盟しています。“belle”はフランス語の“美しい”に由来しているのですが、フランス語履修者的にはおかしいとか何とか…（笑）。シーズン中は12月、2月、3月と3回の合宿があります。いくつかの講習班に分かれ、先輩やコーチの方にスキーを教わります。12月合宿はスキー検定（1〜3級）、2月合宿は部内戦、3月合宿はAW大会があります。合宿期間外も岩岳で行われるスキーの全国大会に出場したり、インストラクターとしてスクールで働いたりすることができます。中にはスキーに対する愛故に、2カ月近く山にこもりっぱなしの人もいるとかいないとか…！ オフシーズンでは、週に3回（火・木・土曜日の5限）、新宿スポーツセンター前にてトレーニングを行っています。基本的に鬼ごっこや大縄など緩いもので体力作りをしていきます。また月に1回、企画班がイベントを企画して皆で遊びます。過去にはBBQやドライブなど、みんなでわいわい楽しんでいます！ ゴールデンウィーク中に新歓合宿（志賀高原）、夏休みには海もしくは山に行って合宿しています。スキー初心者大歓迎です！ アットホームな雰囲気でまったりスキーができます！ ぜひ一度遊びに来てください！,毎週火・木・土曜日/16時半〜/新宿スポーツセンター前,60人,1978年,0人,なし,"https://www.waseda.jp/inst/weekly/assets/uploads/2016/09/d043146d0794ebc844ba88adb19e59c7-940x627.jpg, https://www.waseda.jp/inst/weekly/assets/uploads/2016/09/2cde89d65cd9b4a90c17d0fecba26c6d-940x627.jpg, https://www.waseda.jp/inst/weekly/assets/uploads/2016/09/89e7ae80542ae0b3626335636daf4096-940x627.jpg",https://www.waseda.jp/inst/weekly/circleguide/detail/?id=3445&lng=en,なし,なし,なし,https://twitter.com/belleskiclub,なし,なし,なし,なし,なし,なし,なし,公式サイトから取得; リンク検証済み
C0119,3443,ベーシック・スキークラブ,スポーツ（球技以外）,スキー,オフシーズンはトレーニングにインラインスケート、そしてたくさんのイベントで盛り上がり、シーズンインからは本気モードでスキーに打ち込みます！ 運動経験なし、スキー初心者から始めて全国に挑めるのはベーシックだけ。長い合宿や厳しい団体戦の練習を乗り越えて培う仲間との絆は大学生活の他の過ごし方では得られない、ベーシックだけのものです。もちろん厳しいだけではやってられないので、大学生らしく夏は遊ぶ！ スキーに本気なのに、ドライブに行ったり島に行ったりコンパもあったり、成人式も祝っちゃう。大学生活をエンジョイするのもベーシックならでは。今まで頑張ってきた人もそうでない人も、みんなまとめて最高の達成感を得られる大学生活になります！,毎週水・土曜日/17時半〜（土曜日は15時半〜）/西早稲田キャンパス横の戸山公園,50人,1980年,0人,なし,"https://www.waseda.jp/inst/weekly/assets/uploads/2016/09/61bbc53e3badf24a67bf7ab28f929e15.png, https://www.waseda.jp/inst/weekly/assets/uploads/2016/09/2b93c71706772c464d553653c22a261a-940x627.jpg, https://www.waseda.jp/inst/weekly/assets/uploads/2016/09/df180c28a0a47ce5d73b6c8f362ef0a0-940x705.jpg",https://www.waseda.jp/inst/weekly/circleguide/detail/?id=3443&lng=en,なし,なし,なし,https://twitter.com/basicskiclub,なし,なし,なし,なし,なし,なし,なし,公式サイトから取得; リンク検証済み
C0120,3467,水中クラブ,スポーツ（球技以外）,水泳,"ダイビングをあなたの生涯の趣味にしませんか？
/
/
/
/水中クラブはダイビングを中心に沖縄や小笠原、伊豆半島などで活動しているサークルです。年2回の長期合宿や、短期合宿、日帰りダイビングが主なイベントです。南の島で長い間仲間と過ごす経験とダイビングという趣味は一生の宝物になること間違いなし！一緒に世界の残り七割を見に行こう。
/
/
/
/ダイビング以外にも各メンバーの趣味にあわせてアウトドアな活動を行っており、年中飽きないサークルです！
/
/
/
/★水中クラブのここが凄い★
/
/◎熱意
/
/メンバー全員、ダイビングが大好き。日常的にダイビングをしているサークルです。水中カメラも多いので、たくさんの映え写真が残ります！　強制イベントはなく少人数ですが、参加率が高く幽霊もいないサークルです?
/
/
/
/◎安心
/
/水中クラブは創立55年。数十年間お世話になっているショップや宿泊先、ダイビングサービスが沢山あります。また、サークルにはダイビング経験が豊富なメンバーがいる状態で存続しています。先輩がしっかりサポートするので初心者でも大丈夫！
/
/
/
/◎充実
/
/毎回行く島をみんなで決める水中クラブは、リーチが広くいろいろな島の体験が可能！また、秋や春にも合宿があり、日帰りダイビングは随時企画されています。ダイビング以外でも旅行をしたりスキーに行ったりとメンバーそれぞれがダイビング仲間と楽しんでいます。部室もあるのでキャンパスライフも充実！？",不定期/ 沖縄・伊豆など/部室あり,26人,1968年,1人,あり,"https://www.waseda.jp/inst/weekly/assets/uploads/2023/03/C-225_1-940x627.jpg, https://www.waseda.jp/inst/weekly/assets/uploads/2023/03/C-225_2-940x627.jpg, https://www.waseda.jp/inst/weekly/assets/uploads/2023/03/C-225_3-940x705.jpg, https://www.waseda.jp/inst/weekly/assets/uploads/2023/03/C-225_4-940x671.jpg, https://www.waseda.jp/inst/weekly/assets/uploads/2023/03/C-225_5-940x627.jpg",https://www.waseda.jp/inst/weekly/circleguide/detail/?id=3467&lng=en,なし,なし,https://instagram.com/suikurawaseda,https://twitter.com/suikurawaseda,なし,https://page.line.me/771bgxsb,なし,なし,なし,なし,なし,公式サイトから取得; リンク検証済み
C0121,3468,水泳同好会（早水会）,スポーツ（球技以外）,水泳,"”早水会” と呼ばれる５０年以上の歴史ある公認の水泳サークルです。
/
/
/
/練習は週に3回、戸山キャンパスの高石記念プールで練習を行っています。
/
/
/
/全国大会経験者から初心者まで、幅広く在籍しているので誰でも大歓迎です。
/
/
/
/久しぶりに泳ぐ人や泳げるようになりたい人もぜひ早水会に遊びに来てください。
/
/
/
/競泳だけではなく水球の活動もあるので、そちらに興味のある方もぜひ来てください。
/
/
/
/BBQや合宿、遠泳大会などイベントも多数予定しているのでお楽しみに。
/
/
/
/気になることや質問がありましたら、遠慮なくご連絡ください。
/
/
/
/皆さんに会える日を楽しみにしています。",週３(曜日未定) / 2限 / 高石記念プール（戸山キャンパス）,38人,1972年,2人,あり,"https://www.waseda.jp/inst/weekly/assets/uploads/2016/09/84aab51752d38999fb1ad7e5e6acaac6-940x1253.jpeg, https://www.waseda.jp/inst/weekly/assets/uploads/2016/09/f656bb16d06beb11ae0b90586077d8cc.jpeg, https://www.waseda.jp/inst/weekly/assets/uploads/2016/09/8140a141dd4b704a2db6097c7663fa1b-940x705.jpeg",https://www.waseda.jp/inst/weekly/circleguide/detail/?id=3468&lng=en,サークルサイト閉鎖,https://sousuikai.wixsite.com/home,https://www.instagram.com/sousuikaiwaseda,https://twitter.com/sousuikai50,なし,なし,なし,なし,なし,なし,なし,公式サイトから取得; リンク検証済み; ウェブサイト（サークル）: リンク切れ (404)
C0122,3471,早稲田大学フィンスイミングチーム SIX BEAT,スポーツ（球技以外）,水泳,"フィンスイミングは、フィン(足ひれ)を履いてタイムを競う水中競技です。SIXBEATには初心者から日本代表まで、幅広いレベルの選手が在籍しています。競泳経験者も、全く泳いだことがない人も大歓迎。普段の活動は月曜日〜土曜日の1限の時間帯で、戸山キャンパス内の高石記念プールで練習しています。練習は自由参加なので、各自のスケジュールにあわせて活動できます。
/
/
/
/フィンスイミングの大会に出場するほか、夏合宿やクリスマスパーティーなど、楽しいイベントも盛りだくさんです！！
/
/
/
/ぜひ、InstagramでSIXBEATを覗きに来てください。マネージャーも大募集。高石記念プールでの見学はいつでも受け付けています！",毎週月曜日〜土曜日　1限　高石記念プール,60人,2003年,0人,あり,"https://www.waseda.jp/inst/weekly/assets/uploads/2021/03/thumbnail_image_6483441-940x626.jpg, https://www.waseda.jp/inst/weekly/assets/uploads/2021/03/thumbnail_image_6483442-940x626.jpg, https://www.waseda.jp/inst/weekly/assets/uploads/2021/03/thumbnail_image_6483443-940x704.jpg",https://www.waseda.jp/inst/weekly/circleguide/detail/?id=3471&lng=en,なし,なし,https://www.instagram.com/waseda_sixbeat_2024/,https://twitter.com/finsixbeat,なし,なし,なし,なし,なし,なし,なし,公式サイトから取得; リンク検証済み
C0123,3534,早稲田山岳自転車倶楽部WFR（理工山岳自転車部）,スポーツ（球技以外）,サイクリング,"活動内容：
/
/WFRはマウンテンバイク(MTB)やスノーボードなどといったアクティビティを行う公認サークルです。現在は、マウンテンバイク部門とスノーボード部門の2部門が存在しており、両方の部門に所属しても、片方の部門だけでもOKです。単独では敷居の高いMTBやスノーボードもWFRに所属すれば、時間の許す限り好きなだけ楽しむことができるでしょう！！
/
/
/
/・MTB部門
/
/MTBは山道の未舗装路を走るのに特化した自転車を使うスポーツです。そして、WFRは日本で唯一のMTBサークルです。我々は関東近郊に位置する山道や、グリーンシーズンのスキー場に設置されたMTBコースを自転車で駆け抜けます。オフロードのサイクリングで目的地を目指すことから、キッカーで華麗なジャンプを決めるまで、幅広い楽しみ方を体験できます！
/
/
/
/・スノーボード部門
/
/WFRのスノーボード部門である『WGTA(早稲田大学グランドトリック協会)』はグラトリに特化したスノボサークルです。ちなみに、グラトリとは平凡な斜面で、跳ぶ、回るといった技を楽しむ滑走スタイルです。我々は「籠り」といわれるような、一軒家を貸し切って連日スノボを行うというよりかは、短期で滑りに行くことがメインです。そのため、多忙な方や春休みに外せない用事があるような方はWGTAをおすすめします。
/
/興味のある方は、下記URLよりメッセージでその旨をお伝えください。",スキー場(ウィンター、グリーンシーズン両方)及び関東近郊の山/週1,36人,1961年,3人,あり,"https://www.waseda.jp/inst/weekly/assets/uploads/2024/04/WFR-2-940x529.jpg, https://www.waseda.jp/inst/weekly/assets/uploads/2024/04/WFR-3-940x627.jpg, https://www.waseda.jp/inst/weekly/assets/uploads/2024/04/WFR-1.jpg",https://www.waseda.jp/inst/weekly/circleguide/detail/?id=3534&lng=en,なし,なし,https://www.instagram.com/waseda_mtb/,https://twitter.com/wfr_bot,なし,なし,なし,なし,なし,なし,なし,公式サイトから取得; リンク検証済み
C0124,3176,サイクリングクラブ,スポーツ（球技以外）,サイクリング,皆さんは「自転車で旅をする」と聞いて、どのようなイメージを持ちますか？ 「楽しそう」と思う方もいれば、「大変そう」「体力的にきつそう」と思う方もいることでしょう。 確かに、何日間も自転車に乗り続けるということは、そうたやすいことではありません。 それでも私たちが自転車に乗るのは、仲間と共に完走できたときの喜びが何にも変えがたいものだからです。そして、合宿や日帰りランを経験する度に、また新たな目的地を目指しペダルを漕（こ）ぎたくなるのです。 私たちと一緒に自転車で旅に出ませんか。 興味のある方は、気軽にE327の部室のドアをノックしてください。また、ホームページやブログ、X、Instagramで私たちの活動を公開しているのでぜひご覧ください。 皆さんと共に自転車に乗るのを部員一同楽しみにしています。,毎週水曜日/16時半～/学生会館,24人,1963年,0人,あり,"https://www.waseda.jp/inst/weekly/assets/uploads/2026/02/eb7470a4bb82305dd83c4ae0b99eb06f-940x627.jpg, https://www.waseda.jp/inst/weekly/assets/uploads/2026/02/da46ff3fd769971f77821374660905b4-940x627.jpg, https://www.waseda.jp/inst/weekly/assets/uploads/2026/02/0b9c0f779ab894ff1afe63bab9af38e5-940x625.jpg",https://www.waseda.jp/inst/weekly/circleguide/detail/?id=3176&lng=en,なし,https://wccob.net/,https://www.instagram.com/waseda_cycling/,https://x.com/wcc_62nd,なし,なし,なし,なし,なし,https://note.com/grand_condor5156,なし,公式サイトから取得; リンク検証済み
C0125,3186,ワンダーサイクリング同好会,スポーツ（球技以外）,サイクリング,メーンとなる活動は合宿で、夏と春の長期休暇を利用して夏は北海道、春は四国・九州を自転車でキャンプツーリングします。合宿の期間は一週間ほどで、人数が多いので班に分かれて行動しキャンプ場で合流します。毎日班構成は変えています。普段は毎週水曜日の6限の時間に学生会館や教室でミーティングを行っています。ミーティングでは合宿やさまざまなイベントについて話し合います。イベントはスポーツ企画、クリスマスパーティー、月例ラン、OB会などがあります。また2014年度からは早稲田祭に模擬店を出店するようになりました。このように自転車に乗る以外の活動も多く行っており、サークル員を常に楽しませるためにたくさんの企画を考えています。,毎週水曜日/18時15分/学生会館,66人,1966年,0人,なし,"https://www.waseda.jp/inst/weekly/assets/uploads/2016/09/d44baf535211003c7b6b5d81e10dbc56-940x705.jpg, https://www.waseda.jp/inst/weekly/assets/uploads/2016/09/1bce760b36044ca1e17ffb930466f57e-940x705.jpg, https://www.waseda.jp/inst/weekly/assets/uploads/2016/09/3affbd370fbbb165d4c331ea6064d1f9-940x517.jpg",https://www.waseda.jp/inst/weekly/circleguide/detail/?id=3186&lng=en,なし,なし,なし,https://twitter.com/wandercycling,なし,なし,なし,なし,なし,なし,なし,公式サイトから取得; リンク検証済み
C0126,3177,山岳アルコウ会,スポーツ（球技以外）,アウトドア,山岳アルコウ会は早稲田大学公認の登山サークルです。夏の長期縦走や冬山活動、サークル所有の山小屋でのイベントを軸に一年中活動しています！会のメインイベントである夏合宿では、北アルプスや南アルプス、北海道や四国の山に10日間前後かけて登りに行きます。夏合宿完走の達成感は言葉では表せないほどです！大学から登山を始めた人が7、8割を占めていますので、大学で新しいことを始めたいと考えてるそこの君！高校山岳部というそこの君！みなさんの入会お待ちしております。,随時、学生会館E413,40人,1952年,1人,あり,なし,https://www.waseda.jp/inst/weekly/circleguide/detail/?id=3177&lng=en,なし,なし,https://www.instagram.com/arukougram,https://twitter.com/wak_twi,なし,なし,なし,なし,なし,なし,なし,公式サイトから取得; リンク検証済み; 写真URLなし
C0127,3193,釣の会,スポーツ（球技以外）,アウトドア,"当会は早稲田大学公認サークルであり、その中でも実績を認められたサークルのみ指定を受ける「学生の会」に所属しています。 入会費・年会費は0円！ 学生会館E306号室に専用部室も完備しています。 創立は1954年と、早稲田の数あるサークルの中でも有数の歴史を誇ります。創立70周年を迎え、さらに「釣り」の楽しさと奥深さを追求するべく活動をしております。
/
/
/
/普段は月に一度、船や堤防での企画を行っているほか、早稲田祭への出店や、サークル全体での新歓合宿を含めた年数回の合宿（伊豆・離島・管理釣り場をはじめ実績多数）があります。詳しい活動はブログをご覧ください。また、休日や授業終わりに 有志で誘い合っての釣行など、釣り仲間ができることで今までより釣りの幅が広がること間違いなしです！
/
/
/
/初心者でまだ全然釣りをしたことがない、釣りに興味はあるけど始めるのに敷居が高かったり知識が無いので迷っているという方でも先輩が買い出しから実釣に至るまでレクチャーをいたしますので、どうぞお気軽にご相談ください。また、 沖堤防や離島、地磯などの企画もあるので、ベテラン・経験歴の長い方でも楽しむことができます！ また、釣り以外にも飲み会、BBQなどイベントも行っております。 年中入会を受け付けておりますので、ご興味のある方、相談してみたい方はX(twitter)からぜひご連絡ください！お待ちしています！",随時/学生会館E306・魚のいるところならどこでも,90人,1954年,0人,あり,なし,https://www.waseda.jp/inst/weekly/circleguide/detail/?id=3193&lng=en,なし,なし,https://www.instagram.com/waseda_fishing,https://twitter.com/waseda_fishing,なし,なし,なし,なし,なし,なし,なし,公式サイトから取得; リンク検証済み; 写真URLなし
C0128,3182,山の会,スポーツ（球技以外）,アウトドア,山の会は、オール早稲田の登山サークルです。夏は日本アルプスのテント縦走や沢登り、ロッククライミングを、冬は雪山登山やスキーを行っていて、1年を通してさまざまな登山形態を行っています。それぞれの活動が強制参加ではないので、ハイキングや夏山縦走のみの参加もできます。危険を伴う活動では、経験豊富な先輩とOBが指導をしています。高額な登山道具などは、OBからの資金提供により、貸し出し用の物を学生会館にある部室にそろえています。山での活動日程は土日か長期休暇のみで、授業やバイトなどで忙しい人でも参加することができます。加えて平日には、山に関しての講習会やクライミングジムでのトレーニングなども行っています。また、メンバーは大学から登山を始めた人が多いので、初心者も経験者も大歓迎です。2年生以上からの参加も歓迎しています。飲み会はあまり行っていないため、お酒が好きではない人も安心して参加できます。登山に興味がある人はぜひ参加してください！,土・日・随時/山・学生会館3階E338,30人,1956年,2人,なし,"https://www.waseda.jp/inst/weekly/assets/uploads/2023/03/A-141_0-940x705.png, https://www.waseda.jp/inst/weekly/assets/uploads/2023/03/A-141_1-940x1253.png, https://www.waseda.jp/inst/weekly/assets/uploads/2023/03/A-141_2-940x705.png, https://www.waseda.jp/inst/weekly/assets/uploads/2023/03/A-141_3-940x705.png, https://www.waseda.jp/inst/weekly/assets/uploads/2023/03/A-141_4-940x705.png",https://www.waseda.jp/inst/weekly/circleguide/detail/?id=3182&lng=en,なし,なし,https://www.instagram.com/soudaiyamanokai/,https://twitter.com/yamanokaiwas,なし,なし,なし,なし,なし,なし,なし,公式サイトから取得; リンク検証済み
C0129,3072,ローバース,スポーツ（球技以外）,アウトドア,私たち早稲田ローバース（ボーイスカウト新宿二団）は、現在部員27名（インカレ含む）で活動しています。年間を通じキャンプやオーバーナイトハイク、スキー合宿といったアウトドア活動の他、新宿を中心とする地域の奉仕活動（東京マラソン、隅田川花火大会奉仕、明治神宮篝火奉仕など）に携わっています。早稲田唯一のボーイスカウトサークルとして、同年代スカウトとの交流も積極的に実施しています。経験未経験は問わず、大学から始めようと思っている方・他大学の方も大歓迎です！ 少しでも気になった方はInstagram・Twitterなどを通してご連絡ください！,活動による,27名 (内16名が早大生）,1957年,0人,なし,"https://www.waseda.jp/inst/weekly/assets/uploads/2023/03/A-031_1-940x704.png, https://www.waseda.jp/inst/weekly/assets/uploads/2023/03/A-031_2-940x705.png, https://www.waseda.jp/inst/weekly/assets/uploads/2023/03/A-031_3-940x696.png",https://www.waseda.jp/inst/weekly/circleguide/detail/?id=3072&lng=en,サークルサイト閉鎖,http://waseda-rovers.com/,https://www.instagram.com/waseda_rovers/,https://twitter.com/wasedarovers,なし,なし,なし,なし,なし,なし,なし,公式サイトから取得; リンク検証済み; ウェブサイト（サークル）: リンク切れ (fetch failed)
C0130,3179,旅の会,スポーツ（球技以外）,アウトドア,旅の会は2023年で64年目を迎えるオール早稲田の旅サークルです。大学生の今しか出来ない旅を目標として日本全国様々な場所へ旅をします。何度も共に旅をするからこそできる仲間がいます。1か月から2か月に1度旅をしますが基本的参加は自由です！大学生活を後悔したくない！本当の友達を作りたい！そんな旅好き、アウトドア好きな皆さんを待っています！！,不定期。学生会館E324に部室有り。,35人,1959年,0人,なし,"https://www.waseda.jp/inst/weekly/assets/uploads/2023/04/A-138_1-940x705.jpg, https://www.waseda.jp/inst/weekly/assets/uploads/2023/04/A-138_2.jpg, https://www.waseda.jp/inst/weekly/assets/uploads/2023/04/A-138_3.jpg",https://www.waseda.jp/inst/weekly/circleguide/detail/?id=3179&lng=en,なし,なし,なし,https://twitter.com/wasetabi,なし,なし,なし,なし,なし,なし,なし,公式サイトから取得; リンク検証済み
C0131,3175,岳文会,スポーツ（球技以外）,アウトドア,岳文会は、登山を中心に活動しているアウトドアサークルです。体力に自信が無い初心者、女性でも大丈夫！ 春から夏へ向けて、BBQやキャンプなど簡単なアウトドアから活動を始め、徐々に1000m級の低山ハイキングから2000m級の本格的な夏山登山へとステップアップして体を慣らしていきます。メインイベントは、毎年8月下旬に3000m以上の山々が連なる北アルプスを縦走する、夏合宿です。またその他にも、沖縄旅行やスキー合宿など、年間を通してさまざまなアウトドア活動を行っています。岳文会は現在100名以上が所属していますが、毎月の企画を通して仲良くなれるので、サークル員の顔と名前がわからない！なんてことはまずありません。 学生会館E303の部室にはいつも多くのサークル員がおり、一緒に食事に出掛けたり遊びに行ったりしています。また毎週金曜日の6限(18:15〜)に学生会館にて行っている定例会では、サークル員が一堂に会するので、メンバー全員と深く交流できるのも外せないポイントです！大人数ながらも部員同士の仲も良く、アットホームな雰囲気のサークルです。早稲田の学生だけではなくインカレ生も参加しているので、気軽に立ち寄ってみてください！毎週金曜日6限(18:15〜),毎週金曜日6限(18:15〜)/学生会館,125人,1960年,0人,なし,"https://www.waseda.jp/inst/weekly/assets/uploads/2016/09/9b152b93d0042b875cf5c5b95429d312-940x1253.jpg, https://www.waseda.jp/inst/weekly/assets/uploads/2016/09/a566cccfb7fd79151b51aaa043034b93-940x705.jpg, https://www.waseda.jp/inst/weekly/assets/uploads/2016/09/8e5cc0d3d2632b3918da285179f54458-940x705.jpg",https://www.waseda.jp/inst/weekly/circleguide/detail/?id=3175&lng=en,なし,なし,なし,なし,なし,なし,なし,なし,なし,なし,なし,公式サイトから取得; リンク検証済み
C0132,3173,歩行会,スポーツ（球技以外）,アウトドア,歩行会では、登山や街道歩きを始め中華街や鎌倉へぶらりと出掛ける町歩き、自転車企画などいろいろな企画を行っています。サークル会員のほとんどが登山などの経験のない初心者です。歩行会では全国いろいろなところへ出掛けてその土地のおいしいものや地元の方々と仲良くなれたりとてもいい経験ができるサークルです。サークル会員同士の仲もよくアウトドア活動ができない冬などは週に何回か飲み会が開催されたり部室で遊んだりしています。,土日,50人,1961年,0人,あり,"https://www.waseda.jp/inst/weekly/assets/uploads/2016/07/1X14C125-1-16-201607151223-96-940x705.jpg, https://www.waseda.jp/inst/weekly/assets/uploads/2016/07/1X14C125-1-15-201607151223-96-940x705.jpg, https://www.waseda.jp/inst/weekly/assets/uploads/2016/09/b035c5691de93161f66279bb5b98c55d-940x940.jpg",https://www.waseda.jp/inst/weekly/circleguide/detail/?id=3173&lng=en,なし,なし,なし,なし,なし,なし,なし,なし,なし,なし,なし,公式サイトから取得; リンク検証済み
C0133,3095,名所古蹟研究会,スポーツ（球技以外）,アウトドア,"名所古蹟研究会（めいこけん）は、設立から半世紀以上の歴史を持つ公認旅行サークルです。めいこけんの活動を大きく分けると、合宿・定例会・個人企画の3つからなります。
めいこけんのメインイベントである合宿では、日本全国を旅します。年間最大6回の合宿があり、参加はすべて自由です。夏休みの合宿では、北海道・中国四国・九州をローテーションして旅し、3年間で日本一周を目指します。春休みの合宿では、京都を中心にして、関西をまわります。このほか1泊2日といった短期の合宿があり、関東近郊を訪れます。
定例会は、授業期間中の毎週火曜と木曜に開催しています。自分の好きなテーマを語ったり、ゲームで遊んだりします。常時まったりとした雰囲気です。火曜か木曜どちらかの週1回参加する会員が多く、参加頻度は自由です。参加するほどお互いのことを知ることができ、絆を深めるきっかけにもなります。
個人企画は、会員がやりたいことを自由に企画化し、みんなで楽しむものです。謎解きやバーベキュー、ドライブといった日帰りの企画が多く、合宿に次ぐめいこけんの重要な活動です。
めいこけんは長い歴史を持っていますが、その形は変化し続けており、自由度がとても高いサークルです。何といってもゆるくて、まったりしています。兼サーもしやすいです。旅好きな人はもちろん、これからたくさん旅がしたい人もぜひ来てください！最高の仲間と一緒に旅をしましょう！",毎週火曜日・木曜日/18:00~20:00/学生会館,56人,1966年,0人,なし,"https://www.waseda.jp/inst/weekly/assets/uploads/2025/03/1A231439-3-1-202502221102-1-940x705.jpg, https://www.waseda.jp/inst/weekly/assets/uploads/2025/03/1A231439-3-1-202502221102-2-940x705.jpg, https://www.waseda.jp/inst/weekly/assets/uploads/2025/03/1A231439-3-1-202502221102-3-940x1253.jpg",https://www.waseda.jp/inst/weekly/circleguide/detail/?id=3095&lng=en,なし,なし,https://www.instagram.com/meikoken.new,https://x.com/meiko_official,なし,なし,https://www.waseda.jp/inst/weekly/news/2019/10/03/66489/,なし,なし,なし,なし,公式サイトから取得; リンク検証済み
C0134,3185,登歩の会,スポーツ（球技以外）,アウトドア,登歩の会では土日と長期休みを中心に登山をしています！日帰りの登山から一泊二日のテント泊、夏合宿まで幅広い山行を実施しています。大学から登山を始めたサークル員も多いので初心者大歓迎です！夏合宿での北アルプス登頂を目指して仲間とともにステップアップをしていきます。登頂の達成感、最高の景色、みんなで作るご飯、… 生涯の思い出を登歩の会の仲間と作りましょう！インカレサークルなので他大学からも様々なサークル員が集まっています。登山サークルには珍しく女子の比率も高いので気軽に来てみてください。また島旅行やスキー合宿など、登山以外の企画も盛りだくさんです。登歩に入れば最高の青春間違いなし！活動の様子はぜひSNSからチェックしてください。新歓イベントはZOOM説明会と新歓ハイクを予定しています。入会は新歓イベント参加者限定なので皆様の参加をお待ちしております！！！,土日祝日随時、任意参加、関東近郊や日本アルプスの山岳地帯,88人,1967年,0人,あり,https://www.waseda.jp/inst/weekly/assets/uploads/2023/03/A-144_1-940x627.jpg,https://www.waseda.jp/inst/weekly/circleguide/detail/?id=3185&lng=en,なし,https://sites.google.com/view/tohonokai/,https://www.instagram.com/tohonokai1967/,https://twitter.com/tohonokai1967,なし,なし,なし,なし,なし,なし,なし,公式サイトから取得; リンク検証済み
C0135,3184,山小屋研究会,スポーツ（球技以外）,アウトドア,こんにちは！！早大山小屋研究会です！！通称「やまけん」といい、登山を中心に活動するアウトドアサークルです。早稲田大学公認のサークルであり、1969年の創設から今年で57年目を迎えます。山研のメンバーは登山初心者がほとんど！！高校まで全く違うことをしてきた個性豊かな仲間たちと、協力して登山を楽しもう！！合同合宿が、春・夏・秋にあり、サークルのみんなで登山をしに行きます。イベントも一年を通じて充実しています！また、サークルで所有している山荘があり、年に数回遊びに行きます。冬山は危ないので登りません。そのかわりに冬の時期はスキー合宿などレクが充実しています！！大学に入って新しいことをしたいと考えている人はおすすめです！もちろん登山経験者も大歓迎です。適度に登って、適度に遊んで。あなたの実家になれますように！,毎週金曜日/18:00/ぷらんたん（本キャン近くの喫茶店）,45人,1969年,0人,なし,なし,https://www.waseda.jp/inst/weekly/circleguide/detail/?id=3184&lng=en,なし,なし,https://www.instagram.com/waseda.yamaken,https://twitter.com/sodaiyamaken2,なし,なし,なし,なし,なし,なし,なし,公式サイトから取得; リンク検証済み; 写真URLなし
C0136,3537,Trial and Error Association（T.E.A.）,スポーツ（球技以外）,アウトドア,"【基本的な活動について】
日帰り登山を基本とし、夏合宿では泊まりで登山にいくこともあります。その他にもバーベキューやスキー合宿などなどアウトドア活動を行ってます！会員の提案をもとに活動内容を決めていくので、君が登りたい山、行きたい場所、やりたい活動を叶えます！
【活動頻度】
活動頻度は月3回登山、月一イベントという割合で進めていきます。また、強制参加の活動などはなく毎月活動したい日に投票する形で自由に参加できます！
【構成メンバー】
また、T.E.A.は早稲田大学・法政大学・日本女子大学を中心とした学生で構成されてますので、様々な大学の人達と交流することができます。
現役生も大学から登山を始めた人が多く、自然が好きな方であれば経験の有無は問わず大歓迎です！
2年生以上からの加入も歓迎しています。
【活動実績（2025年度）】
4月：高尾山、人馬山
5月：山手線一周、高尾山、都民の森、大岳山
6月：秩父観光、西沢渓谷ハイキング、総会
7月：日向山、BBQ
8月：夏合宿（アルペンルート）、スイカ割り大会、日光白根山、飯能ハイキング
9月：都民の森、景信山、運動会
10月：陣馬山、ハロパ
11月：筑波山、箱根観光
12月：クリパ、忘年会
1月：初詣
2月：スキー合宿、スケート大会
3月：湯河原観光、花見
【その他】
少しでも興味を持ちましたら、インスタや公式LINEに連絡をください！",毎週日曜日/関東近郊の山,40人,1971年,1人,あり,"https://www.waseda.jp/inst/weekly/assets/uploads/2026/03/eb7bb9dec33a2a96859bf161f984532a-940x705.jpg, https://www.waseda.jp/inst/weekly/assets/uploads/2026/03/9feaaf3b86fc21664b8aed4a4c746118-940x1253.jpg, https://www.waseda.jp/inst/weekly/assets/uploads/2026/03/4a81af0d0f2e37136deb291cc091690e-940x705.jpg",https://www.waseda.jp/inst/weekly/circleguide/detail/?id=3537&lng=en,なし,なし,https://www.instagram.com/teashincan2026?igsh=a3FiZ3RqNmFnYWVo&utm_source=qr,https://x.com/teashincan2026?s=21,なし,https://lin.ee/zuHjFYi,なし,なし,なし,なし,なし,公式サイトから取得; リンク検証済み
C0137,3178,世界旅行研究会,スポーツ（球技以外）,アウトドア,一人旅サークル「世旅研」！ バックパックを担いで世界中を一人旅！ 帰国後の報告会を中心に活動しています。,情報なし,60人,情報なし,情報なし,なし,なし,https://www.waseda.jp/inst/weekly/circleguide/detail/?id=3178&lng=en,なし,なし,なし,https://twitter.com/wasedaSRK,なし,なし,なし,なし,なし,なし,なし,公式サイトから取得; リンク検証済み; 活動日時・場所なし; 設立年なし; 外国人学生の受け入れなし; 写真URLなし
C0138,3180,探検部,スポーツ（球技以外）,アウトドア,世界中の未知を追い求め、探検しています。授業期間中は週末に活動を行い、休暇中に長期遠征を行っています。,情報なし,21人,情報なし,情報なし,なし,なし,https://www.waseda.jp/inst/weekly/circleguide/detail/?id=3180&lng=en,なし,なし,なし,なし,なし,なし,なし,なし,なし,なし,なし,公式サイトから取得; リンク検証済み; 活動日時・場所なし; 設立年なし; 外国人学生の受け入れなし; 写真URLなし
C0139,3181,なべの会,スポーツ（球技以外）,アウトドア,東京近郊の公園で野草調理などのアウトドア活動を行うサークルです。いつもまったり楽しくやってます！,情報なし,25人,情報なし,情報なし,なし,なし,https://www.waseda.jp/inst/weekly/circleguide/detail/?id=3181&lng=en,なし,なし,なし,https://twitter.com/soudainabenokai,なし,なし,なし,なし,なし,なし,なし,公式サイトから取得; リンク検証済み; 活動日時・場所なし; 設立年なし; 外国人学生の受け入れなし; 写真URLなし
C0140,3481,早稲田大学水上スキー部,スポーツ（球技以外）,その他のスポーツ,【新入部員募集中！】1954年創部の伝統を誇る早稲田大学水上スキー部です。 大学で何かを始めたい人、学生日本一を目指したい人、サークルにしっくりこない人、どんな人でも歓迎です。 最後の青春を水上スキーにかけてみませんか？,毎週土日/利根川,22人,1954年,0人,あり,"https://www.waseda.jp/inst/weekly/assets/uploads/2016/09/adcf4fd64ea278e52becb6511fab75db-940x705.jpg, https://www.waseda.jp/inst/weekly/assets/uploads/2016/09/4565270c178cdfa72a6e21710cfc5f0b-940x705.jpg, https://www.waseda.jp/inst/weekly/assets/uploads/2016/09/5e93ff907bf53d7ecce6625bc9272cf5-940x705.jpg",https://www.waseda.jp/inst/weekly/circleguide/detail/?id=3481&lng=en,なし,なし,なし,https://twitter.com/waterski_waseda,なし,なし,なし,なし,なし,なし,なし,公式サイトから取得; リンク検証済み
C0141,3195,バーベルクラブ,スポーツ（球技以外）,その他のスポーツ,"バーベルクラブは早稲田大学唯一のトレーニングサークルです。2016年に創立54年になります。基本的な活動はトレーニングそのものです。しかし、部として決められたトレーニングの日は存在しません。部員は皆、授業の合間などの暇な時間に部室に立ち寄り、身支度を調えトレーニングセンターに向かいます。トレーニングセンターでは他の部員と協力しあいながら自分に課したトレーニングを課していきます。また、ただ単に体を鍛えるだけでなく部員はボディビルやパワーリフティングなどの競技を一つの目標としています。早稲田祭では「ミスター早稲田」というボディビルのコンテストも開催しています。
/
/部員になるとトレーニングセンターの器具だけでなくバーベルクラブ専用のトレーニングマシンなどを使うこともできます。
/
/公式行事としては5月にパワーリフティングの大会、6月ごろにOB総会、8月に夏合宿、納会、10月にはボディビルの大会、11月には早稲田祭でのミスター早稲田、12月に納会、3月追いコンといったものがあります。",指定なし／学生会館B2トレーニングセンター,65人,1962年,2人,あり,"https://www.waseda.jp/inst/weekly/assets/uploads/2016/09/d5e7aac244cc0314ff5efd9e69e0f90c-940x705.jpg, https://www.waseda.jp/inst/weekly/assets/uploads/2016/09/dd3cea5bf468986efd06a11103236a88-940x705.jpg, https://www.waseda.jp/inst/weekly/assets/uploads/2016/09/79ba0e4ea3ab4b0a1e20582b54ac1674-940x705.jpg",https://www.waseda.jp/inst/weekly/circleguide/detail/?id=3195&lng=en,なし,なし,なし,https://twitter.com/wbc1962,なし,なし,https://www.waseda.jp/inst/weekly/report/2016/11/25/14397/,なし,なし,なし,なし,公式サイトから取得; リンク検証済み
C0142,3514,早稲田大学理工漕艇部,スポーツ（球技以外）,その他のスポーツ,"私たち理工漕艇部は授業とボートの両立を目指して活動しています。忙しい理工学生も授業の合間に集まり練習しています（文系も大歓迎！ 文系部員も10人ほど活躍しています）。大学日本一に真剣に挑戦している部員から週一程度でボートを楽しむ部員まで幅広く所属しています。春には隅田川で開催される早慶レガッタにも出場します。大歓声の中、東京スカイツリーのそばを漕（こ）いでいきます。一生の思い出になること間違いありません。このように大きな大会にも出場する選手も90%以上は大学からボートを始めています。監督や先輩がしっかり指導するのでオールを握った事の無い人も上達できます。大学から始めて早慶戦に出られるのサークルはおそらく理工漕艇部だけです。新しい事に挑戦したい人、早慶戦に出場したい人、勉強と両立しつつスポーツを楽しみたい人ぜひ理工漕艇部へ！
/
/
/
/Seeking people who want to try new things in college and who really want to play sports!
/
/We， the Science and Engineering Rowing Club， are working to balance classes and rowing. Busy science and engineering students also get together to practice in between classes (humanities students are also welcome! (About 10 members of the humanities club are also active in the club). Members range from those who are seriously challenging to be the best in Japan to those who enjoy rowing only once a week. In spring， we also participate in the Waseda-Keio Regatta held on the Sumida River. We row alongside the Tokyo Skytree amidst loud cheers. It will surely be a memorable experience of a lifetime. More than 90% of the athletes who participate in such big competitions started rowing at university. Even those who have never held an oar before can improve because the coaches and seniors guide them well. The Science and Engineering Rowing Club is probably the only club that allows students who started rowing at university to participate in the Waseda-Keio Rowing Competition. If you want to challenge something new， compete in the Waseda-Keio Rowing Championships， or enjoy sports while balancing your studies， join the Rowing Club!",毎週水・金曜日/18時15分〜/理工キャンパス51号館地下,30人,1962年,0人,あり,"https://www.waseda.jp/inst/weekly/assets/uploads/2023/03/EN-001_1-940x627.jpg, https://www.waseda.jp/inst/weekly/assets/uploads/2023/03/EN-001_2-940x627.jpg, https://www.waseda.jp/inst/weekly/assets/uploads/2023/03/EN-001_3-940x627.jpg",https://www.waseda.jp/inst/weekly/circleguide/detail/?id=3514&lng=en,なし,なし,https://www.instagram.com/rikorowing/,https://twitter.com/wserc,なし,なし,なし,なし,なし,なし,なし,公式サイトから取得; リンク検証済み
C0143,3194,トランポリン同好会,スポーツ（球技以外）,その他のスポーツ,スポーツとしてのイメージはあまりないかもしれませんが、トランポリンは夏季オリンピックの正式種目。自分の体一つで、より高く、より美しく飛ぶことを目指します。部員のほとんどは初心者から始めていますので、ハードルが高そう・・・と思っている方でも安心です。最初は真っすぐジャンプをする練習から始まりますが、先生の指導の下1年も練習を続ければ、宙返りも夢ではありません。練習をしていれば、1年生でも歴史あるインカレや早慶戦に出場することができます。入るサークルが見つからない人、体育会には入れないけれど真剣にスポーツがやりたい人、何か新しいことが始めたい人、兼部先がほしい人、どんな人でも大歓迎です！ トランポリンを跳んで、他の人とは一味違った大学生活を送ってみませんか？,毎週月・水17〜20時、土13時〜16時/所沢スポーツホール2,26人,1967年,0人,あり,"https://www.waseda.jp/inst/weekly/assets/uploads/2016/09/e9289c1088a26955d732d5332cf0dbe5-940x1254.jpg, https://www.waseda.jp/inst/weekly/assets/uploads/2016/09/33bfdc1c01db22eec651bc3b54d7757d-940x1254.jpg, https://www.waseda.jp/inst/weekly/assets/uploads/2016/09/f6f699071a3e7cb5f7ffd0b76c3b65ce-940x1254.jpg",https://www.waseda.jp/inst/weekly/circleguide/detail/?id=3194&lng=en,なし,なし,なし,https://twitter.com/tra_waseda,なし,なし,なし,なし,なし,なし,なし,公式サイトから取得; リンク検証済み
C0144,3562,トランポリン同好会,スポーツ（球技以外）,その他のスポーツ,情報なし,毎週月・水曜日/17:00〜20:00、土曜日/13:00〜16:00/所沢スポーツホール2,26人,1967年,0人,あり,なし,https://www.waseda.jp/inst/weekly/circleguide/detail/?id=3562&lng=en,なし,なし,なし,なし,なし,なし,なし,なし,なし,なし,なし,公式サイトから取得; リンク検証済み; 活動内容なし; 写真URLなし
C0145,3200,陸上競技同好会,スポーツ（球技以外）,その他のスポーツ,陸上競技同好会は初心者から全国大会出場者が所属した会員数150人を超える早稲田大学唯一の公認陸上競技サークルです。早大生はもちろん、他大学の学生も多数在籍しています。関東選手権や日本選手権を目指し、日々練習に打ち込む競技志向の人から、自分のペースでジョグをする人など、さまざまな人がいます。 陸上競技、マラソンなどを通して会員同士交流し、また個人の競技力の向上を目的とした活動を行っています。毎週月曜・水曜・金曜の練習や月に一度の練習会を軸とし、個々の競技会出場、秋に行われるクラブ対抗戦や冬のクラブ対抗駅伝などに団体出場します。 また夏に早大同記録会、秋に早大同挑戦会という陸上競技大会を主催します。春夏には｢中長合宿」や「スプリント合宿」など、ブロックごとの合宿をはじめとした計7回の合宿が行われます。,毎週月曜日・水曜日・火曜日/17:30/織田フィールドなど,165人,1974年,2人,なし,"https://www.waseda.jp/inst/weekly/assets/uploads/2016/09/fe28b58b0592d79f4f69d799284f3e64.jpg, https://www.waseda.jp/inst/weekly/assets/uploads/2016/09/1aab0c86e1f0fcf3c9e5295a0c57f386.jpg",https://www.waseda.jp/inst/weekly/circleguide/detail/?id=3200&lng=en,サークルサイト閉鎖,https://new-rikudo.com/,https://www.instagram.com/waseda_rikudo/,https://twitter.com/rikudo_waseda,なし,なし,なし,なし,なし,なし,なし,公式サイトから取得; リンク検証済み; ウェブサイト（サークル）: リンク切れ (fetch failed)
C0146,3559,早稲田大学陸上競技同好会,スポーツ（球技以外）,その他のスポーツ,早稲田大学陸上競技同好会は、初心者から経験者まで所属した早稲田大学唯一の公認サークルです。陸上競技、マラソンなどを通じて会員同士の交流を図り、個人の競技力向上を目指した活動を行っています。早大生はもちろん、他大生の学生も多く在籍しています。関東選手権や日本選手権をはじめとした大きな大会を目指し、日々練習に打ち込む競技志向の人から自分のペースでジョグする人など、さまざまな人がいます。毎週の練習と月に一度の練習会を軸とし、個々の競技会出場、秋に行われる対抗戦に団体出場します。夏に「早稲田大学陸上競技同好会記録会」、秋に「早稲田大学陸上競技同好会挑戦会」という年2回の主催大会も行います。年間ブロックごとのさまざまな合宿が行われており計7回行われます。,毎週月曜日/16時〜/所沢キャンパス陸上競技場,30人,1974年,0人,あり,"https://www.waseda.jp/inst/weekly/assets/uploads/2016/09/4c3b03769be580e39314d1a61618a46a-940x627.jpg, https://www.waseda.jp/inst/weekly/assets/uploads/2016/09/e3f8b1d13f8aa422bc73a4c155f143a9-940x626.png, https://www.waseda.jp/inst/weekly/assets/uploads/2016/09/b3d6d7437ae2a97a0b11c07f76c03366-940x627.png",https://www.waseda.jp/inst/weekly/circleguide/detail/?id=3559&lng=en,なし,なし,なし,なし,なし,なし,なし,なし,なし,なし,なし,公式サイトから取得; リンク検証済み
C0147,3470,スクーバダイビングチームあんこう,スポーツ（球技以外）,その他のスポーツ,早稲田大学公認のスキューバダイビングサークルです！夏休みに八丈島、小笠原諸島で長期合宿を行っています！奇麗な海のなかで行うダイビングは、多くの大学生が知らない世界。日常生活では味わうことのできない経験をしてみたいとは思いませんか？また、あんこうでの楽しさはダイビングだけではありません！ドライブもスイカ割りも肝試しもBBQも！夏っぽいこと全部やります！そして時には美しい夕日を眺めたり、満天の星の下で語り合ったり。あんこうは、人生最後の夏休みを全力で楽しむことができるサークルです！,特になし,23人,1975年,0人,なし,なし,https://www.waseda.jp/inst/weekly/circleguide/detail/?id=3470&lng=en,なし,なし,なし,https://twitter.com/waseda_ankou,なし,なし,なし,なし,なし,なし,なし,公式サイトから取得; リンク検証済み; 写真URLなし
C0148,3174,オリエンテーリングクラブ,スポーツ（球技以外）,その他のスポーツ,オリエンテーリングは北欧発祥の「知力」×「走力」のスポーツです。森の中で地図を読み、情報を取捨選択しナヴィゲーションを行い設定されたコースへの所要時間を競います。ただ足が速いだけでは頂点へは立てない、足が速くなくとも勝てる奥深さがあります。私たちオリエンテーリングクラブ、通称OCはそんなオリエンテーリングに挑戦し、アウトドアを楽しむ人から日本代表として世界で戦う人まで一緒になって楽しくオリエンテーリングに取りくんでいます。普段の活動ではランニングや読図講習のような活動をして週末は出掛けてオリエンテーリングをします。競技特性上、森などで行うことが多いので旅行がてら遠征へ行くことも多いことも特徴で、アウトドアや旅行好きにはうってつけ！悲しいことにマイナースポーツに分類されてしまうことから、早稲田を飛び越え全国各地の大学生と活動することも多く、全国各地にオリエンテーリングを通じて仲間ができます。大学から新しいスポーツを始めたい！地図、旅行やアウトドアが好き！世界を目指してみたい！という冒険心や好奇心、挑戦心をお持ちの皆さまをお待ちしています！,毎週月〜金曜日/18時半/学生会館 週末/全国各地の森、山、公園,50人,1976年,0人,あり,"https://www.waseda.jp/inst/weekly/assets/uploads/2016/07/1X14C125-1-14-201607151223-81-940x625.jpg, https://www.waseda.jp/inst/weekly/assets/uploads/2016/07/1X14C125-1-16-201607151223-81-940x705.jpg, https://www.waseda.jp/inst/weekly/assets/uploads/2016/07/1X14C125-1-15-201607151223-81-940x705.jpg",https://www.waseda.jp/inst/weekly/circleguide/detail/?id=3174&lng=en,なし,なし,なし,https://twitter.com/waseda_oc,なし,なし,なし,なし,なし,なし,なし,公式サイトから取得; リンク検証済み
C0149,3776,潜水会,スポーツ（球技以外）,その他のスポーツ,"【潜水会の基本情報】
/
/・男子はオール早稲田、女子はインカレ
/
/・毎年、新一年生を１０名まで募集（安全上の観点から）
/
/・活動はすべて自由参加！
/
/
/
/【活動内容】
/
/4月　新歓キャンプ
/
/5月　ライセンス合宿
/
/6月　夏日帰り
/
/8月上旬　夏大島
/
/8月中・下旬　沖縄合宿（隔年で西表島と座間味島へ）
/
/9月　秋大島
/
/10月　秋日帰り
/
/11月　八丈島引退合宿
/
/3月　小笠原諸島
/
/また、ダイビングの活動がない冬も、クリスマス会や同期ディズニーなどダイビング以外の活動も盛りだくさん！
/
/
/
/【潜水会のいいところ】
/
/◎安心・安全
/
/潜水会では、セルフダイビングとガイドダイビングの2種類を行います。沖縄や小笠原ではガイドダイビング。ありがたく代々お世話になっているショップさんにお願いしています。
/
/セルフダイビングでは安全性を確保するため、必ず幹部代にプロライセンスを持つダイバーが存在し、レスキューダイバーの有資格者も多数在籍します。
/
/
/
/◎自由
/
/潜水会はすべての活動が自由参加。なのでみんな自分のお財布事情も考えながら“自由に”潜水LIFEを楽しんでいます！
/
/
/
/◎伝統・文化
/
/潜水会にはたくさんの受け継がれる「文化」があります。
/
/島でおすすめのカフェ、夕日や星の見える絶景スポット、潜水ソングなど。詳しくは入ってからのお楽しみ！
/
/
/
/潜水会は大学生活の全てを捧げてもいいと思える最高の場所です。ご応募、心よりお待ちしています。","ダイビングは不定期(詳細は上記)
/
/
/
/普段は早稲田キャンパスの15号館ラウンジがたまり場となってよくみんなでしゃべっています。",20人,1976年,0人,あり,"https://www.waseda.jp/inst/weekly/assets/uploads/2023/12/sensuikai-1-1-940x823.jpg, https://www.waseda.jp/inst/weekly/assets/uploads/2023/12/sensuikai-2-940x529.jpg, https://www.waseda.jp/inst/weekly/assets/uploads/2023/12/sensuikai-1.jpg",https://www.waseda.jp/inst/weekly/circleguide/detail/?id=3776&lng=en,なし,https://scubadivingsensuikai.wixsite.com/waseda,https://www.instagram.com/sensuikai_w2024/,https://twitter.com/sensuikai_w,なし,なし,なし,なし,なし,なし,なし,公式サイトから取得; リンク検証済み
C0150,3479,ハング・パラグライダークラブ,スポーツ（球技以外）,その他のスポーツ,都会の喧騒（けんそう）を離れて、静かな空で鳥と一緒に飛んでみませんか。活動場所は茨城県石岡市足尾山。主に土日に活動していますが、参加ペースは人それぞれです。活動場所の足尾山では、早稲田大学だけでなく、東京大学、東京工業大学、慶応大学、立教大学など10以上の大学とも交流しています（このサークル自体もインカレです）。 空を飛ぶということは、今や学生でも気軽に行えるスポーツです。初めは斜面で浮く練習をし、経験を積んだら山の上から飛べます。飛べば飛ぶほど遠くまで長時間飛ぶことができ、見たことのない景色を見ることができます。長期休みのときには、他エリアへも行きます（福岡、新潟、静岡、北海道などなど）。 他には、春夏の合宿やハロウィーンパーティー、クリスマスパーティーもします!!,随時/部室,30人,1980年,0人,なし,"https://www.waseda.jp/inst/weekly/assets/uploads/2016/09/a21005d4e3822d6c22b9d785e5dea26a-940x706.jpeg, https://www.waseda.jp/inst/weekly/assets/uploads/2016/09/3943130e846000aeaf4b97e35da3de90-940x706.jpeg, https://www.waseda.jp/inst/weekly/assets/uploads/2016/09/cc63ababd43349cf9721758f5880fde6-940x705.jpeg",https://www.waseda.jp/inst/weekly/circleguide/detail/?id=3479&lng=en,なし,なし,なし,https://twitter.com/wasehan,なし,なし,なし,なし,なし,なし,なし,公式サイトから取得; リンク検証済み
C0151,3476,ライフセービングクラブ（W.L.S.C.）,スポーツ（球技以外）,その他のスポーツ,"ライフセービングとは、主に水辺の事故を未然に守る活動です。夏の期間は主に海水浴場の監視活動を行っています。オフシーズンには、海でトレーニングをしたり、波乗りを楽しんだり、毎週大学プールや周辺で、プール練習、陸トレを行ったりしています。
/
/
/
/ライフセービングには競技もあります。インカレや全日本選手権ももちろんあります。2023年度はインカレ2位を獲得しました。また、ライフセービングの普及活動として、小学生に海の安全教室を行ったりもしています。救命・スポーツ・教育・環境・福祉、この五つがそろってライフセービングです。多くの人が大学から始めています。大学に入って、新しいことに挑戦してみたい人、人のためになる唯一のスポーツ、ライフセービングをぜひ始めてみませんか？大学生だからできることが詰まったサークルです。お待ちしています！","毎週火曜日/5〜6限/大学周辺、学生会館
/
/毎週木曜日・金曜日/1限/高石記念プール
/
/毎週土日/日中/各海水浴場",43人,1985年,0人,あり,"https://www.waseda.jp/inst/weekly/assets/uploads/2016/09/04111b56b98b55b77d0b53f6937cbbb9-940x623.jpg, https://www.waseda.jp/inst/weekly/assets/uploads/2016/09/023edff5e3f541dd641d3bdd31128ca2.jpg, https://www.waseda.jp/inst/weekly/assets/uploads/2016/09/bed557678084ea7d6fbce04a8475d871.jpg",https://www.waseda.jp/inst/weekly/circleguide/detail/?id=3476&lng=en,なし,なし,https://www.instagram.com/waseda_lsc/,https://twitter.com/waseda_lsc,なし,なし,なし,なし,なし,なし,なし,公式サイトから取得; リンク検証済み
C0152,3197,トライアスロンチーム　ノースウエスト,スポーツ（球技以外）,その他のスポーツ,"ノースウエストは早稲田大学唯一のトライアスロンサークルです！トライアスロンとは、Swim， Bike， Runの3種目を連続して行うスポーツです。水泳部や陸上部だけではなく、サッカー部や野球部など出身スポーツはさまざまです。高校時代帰宅部や文化部の学生もトライアスロンを完走しています！ゴール後の達成感は言葉では言い表せないものです！
/
/またノースはインカレサークルなので早稲田大学以外の大学生も在籍しています！マネジャーさんも大歓迎です！
/
/トライアスロンというときついスポーツと思われがちですが、1時間程で完走できる距離もあります。様々な地域で開催されるレースに旅行や観光を兼ねて楽しむトライアスロンもオススメです！また水泳や自転車ロードレースやマラソンなど、トライアスロン以外の大会に出場している学生もいます！ 楽しみ方は皆さん次第です！
/
/ノースの良いところは自由で明るいところです！日本選手権に出場する人やインカレで入賞する人から完走が目標の人まで多様な人がいますが、みんなが「今しかねぇ！」というスローガンの下、いつ行っても仲良く活動しています！大学4年間でサークル以外にも勉強やバイトや留学などやりたいことと両立させることもできます！サークルなので練習も自由参加です！せっかくの大学4年間、充実した学生生活としてノースを選んでみてはいかがでしょうか？皆さんのご連絡をお待ちしています！",スイム練：毎週火曜日・木曜日20時〜22時＠オリンピックセンター / バイク練：毎週日曜日（・土曜日）9時〜11時＠彩湖・多摩 / ラン練：毎週水曜日18時〜20時（・土曜日9時〜11時）＠代々木公園陸上競技場・済美山運動場,68人,1987年,0人,なし,"https://www.waseda.jp/inst/weekly/assets/uploads/2023/03/A-156_1-940x627.jpg, https://www.waseda.jp/inst/weekly/assets/uploads/2023/03/A-156_2-940x627.jpg, https://www.waseda.jp/inst/weekly/assets/uploads/2023/03/A-156_3.jpg, https://www.waseda.jp/inst/weekly/assets/uploads/2023/03/A-156_4-940x705.jpg",https://www.waseda.jp/inst/weekly/circleguide/detail/?id=3197&lng=en,なし,なし,https://www.instagram.com/waseda_triathlon_northwest/,https://twitter.com/tri_northwest,なし,なし,なし,なし,なし,なし,なし,公式サイトから取得; リンク検証済み
C0153,3201,アルティメット部　ソニックス,スポーツ（球技以外）,その他のスポーツ,"創部1992年　/　学生の会昇格2013年
【競技の魅力】
アルティメットは個人の身体能力と集団の戦術が求められる競技スポーツで、高校までの運動経験を存分に発揮できます。一方で、日本では殆どの選手が大学入学後に始める点も大きな魅力です。弊部は男女ともU24日本代表選手を多数輩出しており、大学卒業後もA代表や実業団、米国プロリーグで競技を続行する者も珍しくありません。
【弊部の魅力】
男子は全日本大学選手権4連覇、女子は3位・4位入賞各3回の強豪です。部員たちで話し合いを重ねながら、学生主体で戦術や練習方法を決定しており、このような組織文化が今の「強い早稲田」に繋がっています。留学する部員も多く、過去には留学先の国で代表に選抜された部員もいるなど、個性や多様性を重んじるのも特徴です。また、OB会が一般社団法人であることもあり、各世代のOBによる就活指導は組織的かつ懇切丁寧です。例年、総合商社、デベロッパー、メガバンク、戦略系コンサル、TV局、広告代理店などに多くの卒業生が就職しています。その他官公庁・公的機関や大学教授(先進理工学部古井健二教授は弊部OB)、弁護士、公認会計士、税理士試験合格者も多数います。様々なサポートを受けながら競技に集中できる環境が弊部には整っています。
必ず充実した4年間が待っています。共に日本一を目指しましょう！","【授業期間中】
火・木：大学近辺グラウンド（8:30〜）
土・日：小岩江戸川河川敷（9:00?15:00）
【長期休暇期間中】
火・水・土・日：小岩江戸川河川敷（終日または半日練習）
【その他】
随時ミーティング",65人,1992年,0人,あり,"https://www.waseda.jp/inst/weekly/assets/uploads/2024/08/1A201G04-3-1-202407301907-3-940x626.jpg, https://www.waseda.jp/inst/weekly/assets/uploads/2024/08/1A201G04-3-1-202407301907-2-940x627.jpg, https://www.waseda.jp/inst/weekly/assets/uploads/2024/08/1A201G04-3-1-202407301907-1-940x626.jpg",https://www.waseda.jp/inst/weekly/circleguide/detail/?id=3201&lng=en,なし,https://www.wasedaultimate.com/,https://www.instagram.com/wasedasonics_women/,https://x.com/waseda_ultimate,https://facebook.com/wasedaultimate,なし,https://www.waseda.jp/inst/weekly/news/2020/07/02/76150/,なし,なし,なし,なし,公式サイトから取得; リンク検証済み
C0154,3477,早稲田大学チアリーダーズFALCONS,スポーツ（球技以外）,その他のスポーツ,"年に3回の大会をメインに活動しています。
/
/早稲田祭などのイベントやバスケ、サッカー応援にも挑戦中！
/
/これからのファルコンズを引っ張る経験者のみんなも、チアなんてやったことない初心者のみんなも大歓迎！ 運動音痴でも体が硬くても気合と笑顔があれば大丈夫！
/
/ファルコンズで、かけがえのない仲間と最高の思い出を作りませんか？
/
/
/
/We are the only competitive cheerleading team at Waseda University. Join us for the experience of a life time!
/
/We participate in three competitions every season， as well as Waseda Sai and sporting events outside of school. Both experienced and non-experienced are welcome. We look forward to having a blast with you in our team!",毎週火・木・土・日曜日/9時〜or18時〜/早稲田アリーナor首都圏の体育館,41人,1993年,4人,あり,"https://www.waseda.jp/inst/weekly/assets/uploads/2023/06/falcons-3-940x627.jpg, https://www.waseda.jp/inst/weekly/assets/uploads/2023/06/falcons-2-940x528.jpg, https://www.waseda.jp/inst/weekly/assets/uploads/2023/06/falcons-1-940x627.jpg",https://www.waseda.jp/inst/weekly/circleguide/detail/?id=3477&lng=en,なし,なし,https://www.instagram.com/waseda_falcons/,https://twitter.com/waseda_falcons,なし,なし,なし,https://youtube.com/@waseda_falcons,なし,なし,なし,公式サイトから取得; リンク検証済み
C0155,3564,Waseda Athletic Training Society （WATS）,スポーツ（球技以外）,その他のスポーツ,"WATSは早稲田大学唯一のアスレチックトレーニングサークルです。将来スポーツトレーナーとして活躍することを目指す人、学生トレーナーとしてチームに貢献したい人、マネジャーとしてチームを支えたい人、選手として自身の競技力向上に努めたい人、スポーツ医学など関連分野に興味のある人、様々な人が所属しています。活動はセミナーなどの情報共有、勉強会、トレーナー派遣、他大学との交流会などです。学生が主体となって、先生や院生、卒業生、外部講師の方々のご協力を頂きながら活動しています。トレーナーに興味のある方、成長したい方、人脈を広げたい方、WATSで活動しませんか。
/
/
/
/Waseda Athletic Training Society (WATS) is only athletic training study group in this university， which aims to provide athletic training students， students staff of athletic teams including trainers and managers， collegiate athletes， and all students interested in fields relevant to athletic training， with various opportuinities to develop their professional skills and to network with other people. We share each other educational information， have study workshops and meetups with trainers' societies in other universities， as daily and irregular activities.",不定期・オンラインまたは対面,約60人,2000年,0人,あり,"https://www.waseda.jp/inst/weekly/assets/uploads/2016/09/Waseda-Athletic-Training-SocietyWATS1JPG-940x705.jpg, https://www.waseda.jp/inst/weekly/assets/uploads/2016/09/Waseda-Athletic-Training-SocietyWATS2.jpg, https://www.waseda.jp/inst/weekly/assets/uploads/2016/09/Waseda-Athletic-Training-SocietyWATS3.jpg",https://www.waseda.jp/inst/weekly/circleguide/detail/?id=3564&lng=en,なし,https://wats-for-athletes.jimdofree.com/,https://www.instagram.com/wats_for_athletes/,https://twitter.com/WATS_for_All,なし,なし,なし,なし,なし,なし,なし,公式サイトから取得; リンク検証済み
C0156,3549,早稲田大学ライフセービングクラブ（W.L.S.C）,スポーツ（球技以外）,その他のスポーツ,ライフセービングは、ひとことで表すと海でお客さんの安全を守る活動です。しかし活動内容はとても広く、奥が深いです。救命活動の他に、ライフセービングの競技会やビーチクリーンによる環境保全活動、子供への水辺の安全に関する教育活動など、数多くあります。ライフセービングには競技もあります。いろいろな種目があるのですが、場所によって大きく分けると3種類になります。海で行うオーシャン、砂浜で行うビーチ、プールで行うインドア、の三つです。この奥深い活動内容がこれまでの経験を生かすことのできる場面を提供します。みなさんのこれまでのスポーツ、勉強、経験が必ずこの活動に,毎週火曜/6限/学生会館,40人,2003年,0人,あり,なし,https://www.waseda.jp/inst/weekly/circleguide/detail/?id=3549&lng=en,なし,なし,なし,https://twitter.com/waseda_lsc,なし,なし,なし,なし,なし,なし,なし,公式サイトから取得; リンク検証済み; 写真URLなし
C0157,3364,SHOCKERS,スポーツ（球技以外）,その他のスポーツ,こんにちは、僕たち早稲田大学男子チアリーディングチームSHOCKERSは男だけでチアリーディングをしている世界的にも珍しいチームです。男子ならではの迫力のある技、仲間と一緒に必死にバカをできるところが魅力です。活動内容としては、秋4回の練習を基本にイベントに出演したり、体育各部の応援を行ったりなどします。今年は沖縄国際映画祭で演技をしてきました！自分が動けばどんなイベントにも出ることができる可能性を持っていると思います。また春に行われる大会、SHOCKERSSTAGEという大隈講堂を使用しての自主公演なども行っております。アニメ化もされ今後さらなる期待が高まっていくことが予想されます。男のチアというものを広めていくべく日々がんばっています☆！！,毎週月曜日・水曜日・金曜日・日曜日/18時・19時/都内の体育館,56人,2004年,0人,あり,"https://www.waseda.jp/inst/weekly/assets/uploads/2016/08/1X14C125-1-16-201607151223-92-940x705.jpeg, https://www.waseda.jp/inst/weekly/assets/uploads/2016/08/1X14C125-1-15-201607151223-92.jpeg, https://www.waseda.jp/inst/weekly/assets/uploads/2016/08/1X14C125-1-14-201607151223-92-940x705.jpeg",https://www.waseda.jp/inst/weekly/circleguide/detail/?id=3364&lng=en,なし,なし,https://www.instagram.com/waseda_shockers/,https://twitter.com/shockers_waseda,なし,なし,なし,なし,なし,なし,なし,公式サイトから取得; リンク検証済み
C0158,3585,WILD359ers（ワイルドスリーフィフティーナイナーズ）,スポーツ（球技以外）,その他のスポーツ,毎週土曜日に小学生の子どもたちと一緒にニュースポーツを体験するfun-土と、子どもたちにフラッグフットボールを教えるflagsを行なっているボランティアサークルです。Fun-土では、子どもたちがより良い環境で活動できるように指導者さんと協力し、子どもたちの活動の補助を行なっています。Flagsでは、春と秋に子どもたちのフラッグフットボールの試合が行われるため試合を想定し、我々大学生も練習に参加しています。その他にも、クリスマスイベントや卒業イベントなど我々大学生が企画した遊びを子どもたちと一緒にするイベントや、休み期間中では、合宿をしたり、出かけたりなど、大学生だけで遊びに行くこともあります！,毎週土曜日/12:30~17:00/三ヶ島小学校体育館,24人,2004年,0人,なし,"https://www.waseda.jp/inst/weekly/assets/uploads/2016/08/1X14C125-1-16-201607151223-102-940x627.jpg, https://www.waseda.jp/inst/weekly/assets/uploads/2016/08/1X14C125-1-15-201607151223-102-940x627.jpg, https://www.waseda.jp/inst/weekly/assets/uploads/2016/08/1X14C125-1-14-201607151223-103-940x627.jpg",https://www.waseda.jp/inst/weekly/circleguide/detail/?id=3585&lng=en,なし,http://wild359ers.main.jp,https://www.instagram.com/waseda.wild359ers/,https://twitter.com/Wild359ers2,なし,https://lin.ee/KFIWiDJ,なし,なし,なし,なし,なし,公式サイトから取得; リンク検証済み
C0159,3480,早稲田大学ジャグリングサークル〜infinitｙ〜,スポーツ（球技以外）,その他のスポーツ,学園祭、地域のお祭りなど、さまざまな場でジャグリングパフォーマンスを披露するサークルです。普段は戸山公園や学生会館等でジャグリングの練習を行っています！自分にしかできないワザを見つけるのもアリ ！チームで最高のステージに立つのもアリ！ ここでしかできない、人をワクワクさせられるジャグリングにあなたも挑戦してみませんか？ さまざまな道具、さまざまなワザ、さまざまな組み合わせ。ジャグリングには無限の可能性があります。その可能性を信じて私たちとジャグリングの魅力を追求していきましょう！ 依頼などはホームページからの依頼用フォームから受け付けています。気軽にご依頼ください！ また、練習見学、練習体験も大歓迎です。百聞は一見にしかず。ぜひ一度お越しください！,毎週木・土曜日/15時〜/学生会館など,96人,2006年,0人,なし,"https://www.waseda.jp/inst/weekly/assets/uploads/2016/09/c2fd8f149de383f039128019f3c165ce-940x628.jpg, https://www.waseda.jp/inst/weekly/assets/uploads/2016/09/941ba5b3194bdf9935fd2d1661ae54d6-940x628.jpg, https://www.waseda.jp/inst/weekly/assets/uploads/2016/09/6b6560905568d4bd7a456dbf7790fd27-940x628.jpg",https://www.waseda.jp/inst/weekly/circleguide/detail/?id=3480&lng=en,なし,なし,なし,https://twitter.com/w_infinity,なし,なし,なし,なし,なし,なし,なし,公式サイトから取得; リンク検証済み
C0160,3483,早稲田スタンドアップパドル,スポーツ（球技以外）,その他のスポーツ,"早稲田スタンドアップパドルは早稲田大学公認サークルです。SUPを流行らせたい！という思いから日々奮闘中です。朝練で自分を追い込む日もあれば、二人乗りで日向ぼっこしたり様々な形で楽しんでいます。
/
/
/
/イベントやオフ会もあり他大のサークルとも仲良く活動中。生涯の仲間を得たいならココ！是非ご連絡ください。
/
/
/
/【新入生へ】
/
/早稲田大学ご入学おめでとうございます！新しいことをしたい、部活は忙しすぎるけどスポーツに打ち込みたい、マリンスポーツに興味がある、そんなあなたに早稲田SUPはピッタリです。すぐに代表選手になれるかも！
/
/2年生も大歓迎です！いつでもお待ちしております。
/
/
/
/【アピールポイント】
/
/私たち早稲田SUPは全日本学生SUP選手権夏大会で優勝しました。日々の練習、月1のイベントや慶應や横浜市立大学との交流もあり、私生活も充実してます！
/
/
/
/【新歓の活動内容】
/
/体験会では実際に川の上を漕いでいただき、Supの楽しさや魅力に触れてもらいたいです。
/
/
/
/【体験会日程】
/
/4/6、13、14、20 @平塚
/
/(5月以降もやってます！詳しくはSNSをチェック↓)",チーム練：月3回（土日いずれか） 朝練：好きな曜日に参加可@相模川（平塚） 横浜、東京にも練習拠点あり,13人,2014年,1人,あり,"https://www.waseda.jp/inst/weekly/assets/uploads/2023/03/C-241_1-940x1253.jpg, https://www.waseda.jp/inst/weekly/assets/uploads/2023/03/C-241_2-940x1253.jpg, https://www.waseda.jp/inst/weekly/assets/uploads/2016/09/35f438f421a596c3a3ffbb13c01e0461.jpg",https://www.waseda.jp/inst/weekly/circleguide/detail/?id=3483&lng=en,なし,https://wasedasup.wixsite.com/wasedasup,https://www.instagram.com/waseda.sup/,https://twitter.com/wasedasup,なし,なし,https://www.waseda.jp/inst/weekly/report/2016/04/14/2052/,なし,なし,なし,なし,公式サイトから取得; リンク検証済み
C0161,3785,早稲田大学カバディ同好会,スポーツ（球技以外）,その他のスポーツ,"早稲田大学カバディ同好会（WASEDA MONSTERS）は、早稲田大学唯一のカバディサークルです。「カバディ」という名に聞き覚えのない方でも問題ありません！会員のほとんどが大学からカバディを始めております。安心して体験にお越しください！カバディというスポーツについて丁寧に説明させていただきます！また、本会はインカレサークルであるため、他大生も大歓迎です！
定期練習は週2回、戸山公園で行っており、不定期で早稲田アリーナ等の体育館を利用しています。大会には数ヶ月に一度の頻度で参加しており、複数チームで出場するため、新入生にも活躍していただけます！
入会費・年会費は受け取っておりません。所属大学・学年問わず、年中会員募集していますので、気軽にご連絡ください！",毎週土曜日/10時/戸山公園（大久保地区）、毎週日曜日/14時/戸山公園（大久保地区）、不定期/早稲田アリーナ多目的運動場、ふるさと千川館,41人,2015年,0人,あり,"https://www.waseda.jp/inst/weekly/assets/uploads/2025/03/1J22F103-3-1-202411302325-1-940x997.jpg, https://www.waseda.jp/inst/weekly/assets/uploads/2025/03/1J22F103-3-1-202411302325-1-290x290.jpg",https://www.waseda.jp/inst/weekly/circleguide/detail/?id=3785&lng=en,なし,なし,なし,https://x.com/wasedamonsters?t=gDWK6pIKMAL3AzYfgKkjfQ&s=03,なし,なし,なし,なし,なし,なし,なし,公式サイトから取得; リンク検証済み
C0162,3791,早稲田大学アルティメットサークル青空,スポーツ（球技以外）,その他のスポーツ,"こんにちは！
早稲田大学アルティメットサークル青空です！青空ではフリスビーを使ったアルティメットという競技を行なっています。アルティメットはルールがとても簡単ですぐに始められるのが魅力です。ほぼみんなが未経験から始めるので仲間共に上達していくのが楽しいです！大学に入ったら新しいスポーツを始めてみたい人にもおすすめです。青空はオール早稲田のサークルなので大学内や同じ学部、学科の人とも関わりやすいです！
普段のアルティメットの練習以外にも毎月1回以上のレクと休み期間には合宿もあるので楽しい思い出作りができること間違いなし！去年度のレクは川にBBQに行ったり、廃坑を貸し切ってみんなで楽しみました。合宿は年に3回、新歓合宿・夏合宿・冬合宿があります。新歓合宿では本格的なアルティメットの試合や運動会を通じて新入生同士、先輩後輩の仲がとても深まります！夏合宿ではアルティメット以外にもBBQや肝試しなど楽しいイベントで溢れてます！冬合宿では主にスノボを楽しみます！仲良くなったサークルのメンバーと行くスノボは格別に楽しいです！
それ以外にもサークル外での遊びもとても充実しています。仲良くなった先輩がどこか遊びに連れて行ってくれるはず！
青空に入って最高の大学生活を一緒に楽しみましょう！","毎週 水曜日/15:00?17:00/戸山公園
土曜日/11:00?14:00/戸山公園or北千住",54人,2022年,4人,あり,https://www.waseda.jp/inst/weekly/assets/uploads/2025/03/1W232361-3-1-202503252052-1-940x705.jpeg,https://www.waseda.jp/inst/weekly/circleguide/detail/?id=3791&lng=en,なし,https://www.waseda-aozora.com/,https://www.instagram.com/waseda_aozora,https://x.com/waseda_aozora,なし,なし,なし,なし,なし,なし,なし,公式サイトから取得; リンク検証済み
C0163,3063,雄弁会,学問,政治,"早稲田大学雄弁会は1902（明治35）年設立の政治サークルです。まだメディアが発展途上だった当時、足尾銅山鉱毒事件の惨状に心を痛めた学生たちと共に、早稲田大学建学の母たる小野梓が結成し、大隈重信公が初代総裁となって当会は生まれました。以来100年以上にわたり、雄弁会は会の結成趣旨を忘れず、常に「社会の進運に寄与する真の雄弁家」を目指して活動して来ました。
/
/
/
/雄弁会員の主な活動は会旨に基づいた「演練・研究・実践」です。「演練」では弁論の作成と技術の向上を目指します。弁論大会に出場し、実際に演台から自らの意見を発信することもあります。「研究」では主に勉強会を行い、各会員の興味分野を会に共有することもできます。「実践」は社会に出て様々な取組を行うことで、議員インターンをしている会員もいますし、ボランティアに参加する会員もいます。
/
/
/
/雄弁会は、学生という立場から政治や社会に関われることに何でも取り組もうという「進取の精神」を持つ学生の集まりと言えます。数多くの弁論大会での優勝・入賞や、5人の総理大臣経験者を始めとした各界で活躍される先輩方の存在は会の特長が表れていると言えるでしょう。
/
/
/
/入会に際しては、学年や学部、これまでの経験といったものは一切不問です。少しでも気になりましたら、ぜひ遠慮なくお問い合わせください。様々な新歓イベントも行っているのでお待ちしております！",学生会館E512及び貸会議室など,30人,1902年,0人,なし,"https://www.waseda.jp/inst/weekly/assets/uploads/2019/03/yuben1.jpg, https://www.waseda.jp/inst/weekly/assets/uploads/2019/03/yuben2.jpg, https://www.waseda.jp/inst/weekly/assets/uploads/2019/03/yuben3.jpg",https://www.waseda.jp/inst/weekly/circleguide/detail/?id=3063&lng=en,なし,https://www.yu-ben.com,なし,https://twitter.com/yubenkai,なし,なし,なし,なし,なし,なし,なし,公式サイトから取得; リンク検証済み
C0164,3062,政治経済攻究会,学問,政治,"政治経済攻究会は1911年に創設された、早稲田大学でも屈指の伝統とレベルを誇る総合学術サークルです。のびのびとした自由な雰囲気の下で、好きな学問に打ち込むことができます。創立以来 100 年以上にわたり、2人の早稲田大学総長をはじめ、多くの研究者を輩出してまいりました。会員の卒業後の進路は、例年数人ほど大学院への進学する他、一般企業への就職や教員を目指す者など、多岐に渡ります。
/
/
/
/普段の活動としては分野ごとに独立した勉強会（自主ゼミ）を、それぞれ毎週実施しています。会員が選定した文献の読書会を中心に、共に学ぶ場として学生が運営しており、現在は政治思想・経済学・法哲学の３コースが活動しています。各コースは初心者を意識したものなので、前提知識はあまり必要としません。周りのサポートを適宜受けながら、少し背伸びをしたらついていける内容となっています。興味・関心に応じて複数のコースを掛け持ちすることも可能です。また、その他の活動としては会誌『ましら』『攻究』の発行や、卒業生との懇談会などのイベントの開催があります。
/
/
/
/所属大学・学部・学年・経歴は不問です。「学問に興味がある」「学問で自分を磨きたい」「教養を身につけたい・真面目に勉強したいが、何をするべきなのかわからない」など学ぶことに興味のある方を、攻究会はいつでも歓迎します。初心者の方も大学の授業に飽き足らない方も、一緒に学びませんか？",2024年度の日時は未確定（原則平日夕方または週末）/学生会館E706、オンライン,35人,1911年,0人,なし,"https://www.waseda.jp/inst/weekly/assets/uploads/2016/09/c5830400d8c0079a6385f3868ff335a4-940x705.jpg, https://www.waseda.jp/inst/weekly/assets/uploads/2016/09/af51d16440ccdebdb0aab61a4b1c1dd9-940x527.jpg, https://www.waseda.jp/inst/weekly/assets/uploads/2016/09/678f337e01d6ad6e714b1ca0c6b96e57-940x705.jpg",https://www.waseda.jp/inst/weekly/circleguide/detail/?id=3062&lng=en,なし,https://sites.google.com/view/kokyukai,なし,https://twitter.com/KokyukaiWaseda,なし,なし,なし,なし,なし,なし,なし,公式サイトから取得; リンク検証済み
C0165,3064,國策研究會,学問,政治,"毎週火曜日に会員が発表を行う形での勉強会を開いています。扱うテーマは政治思想から歴史、経済、安全保障と幅広く、発表の後に設けられる質疑応答によって自身の知見を深めることができます。講演会も開催しており、自分たちがぜひ会ってみたい学者や言論人を講演者として招いています。また学外の保守系政治サークルとも交流があり、その学生サークルと共に皇居勤労奉仕に参加しています。
/
/最後となりますが、私たちは保守系政治サークルと自らを定義付けており、不偏不党を名乗ってはいません。しかし韓国からの留学生も所属しており決して排他的な思想を持っている訳ではなく、人種差別的な言動も常々不快に思っています。皇室を尊重するのであれば、快く受け入れたいと思っております。",毎週火曜日/18時半/学生会館,15人,1944年,１人,あり,"https://www.waseda.jp/inst/weekly/assets/uploads/2016/09/a821cdbccff69dd38f8283276cf3c47c-940x1670.jpg, https://www.waseda.jp/inst/weekly/assets/uploads/2016/09/4156a0766c83e12a728857e948c3b97b-940x529.jpg, https://www.waseda.jp/inst/weekly/assets/uploads/2016/09/1ba64317d4251eba3f1972bde6cc84aa-940x1410.jpg",https://www.waseda.jp/inst/weekly/circleguide/detail/?id=3064&lng=en,なし,なし,なし,https://twitter.com/wkokusakuken,なし,なし,なし,なし,なし,なし,なし,公式サイトから取得; リンク検証済み
C0166,3065,政友会,学問,政治,政友会は、「不偏不党」「理論と実践のバランス」「学生と政治の架け橋」の理念を掲げて活動している、1960年創立の大学公認サークルです。基本活動は週2~3回の勉強会で、政治のみならず経済やジャーナリズム、国際関係といった幅広いテーマで開催しています。勉強会では、会員同士が相互にプレゼンやディスカッション、読書会などを行っています。会員それぞれの興味関心、主義主張に合わせた勉強会が行われるので、今まで自分では考えたことがなかったテーマや自分とは異なる主張に接することができ、新たな学びのきっかけになります。さらに座学のみならず、政治家・有識者をお招きしての講演会や会誌『BRIDGE』の作成などを通じ、外の世界に触れて学ぶ機会も大切にしています。また勉強だけでなく、六大学野球の観戦会や年二回の合宿など交流の機会も充実しており、会員同士の親睦を深めています。,週2~3回不定期/19時/学生会館会議室,90人,1960年,1人,あり,"https://www.waseda.jp/inst/weekly/assets/uploads/2026/03/6d0cf7afeaeccf966dfa6b7c6951a162-940x529.jpg, https://www.waseda.jp/inst/weekly/assets/uploads/2026/03/e998ee51a09013200b49b0e13a5a3555-940x529.jpg, https://www.waseda.jp/inst/weekly/assets/uploads/2026/03/8d466b83da02dc51bc53d5279410e9aa-940x627.jpg",https://www.waseda.jp/inst/weekly/circleguide/detail/?id=3065&lng=en,なし,https://www.wasedaseiyukai.com/,https://www.instagram.com/sodaiseiyukai/,https://x.com/sodaiseiyukai,なし,なし,なし,なし,なし,なし,なし,公式サイトから取得; リンク検証済み
C0167,3074,鵬志会,学問,政治,国会議員のインターンシップを中心に、政治の舞台に直接足を運んで学ぶことを重視しています。普段、議員が行う政務活動のお手伝いや国政から地方選挙のお手伝い、北方領土へのビザなし交流、年に２回開催する著名な政治家をお呼びした講演会の主催など、他では味わうことができない貴重な経験を積むことができます。社会の最前線で活躍する方々と出会いは、一生の宝物になることでしょう。,議員会館や地元事務所での週１程度のインターン(曜日や時間は人によりけり)・月に１度の総会など,80人,1987年,情報なし,なし,"https://www.waseda.jp/inst/weekly/assets/uploads/2020/04/A33_2.jpg, https://www.waseda.jp/inst/weekly/assets/uploads/2023/03/A-033_1-940x627.jpg, https://www.waseda.jp/inst/weekly/assets/uploads/2023/03/A-033_2-940x628.jpg, https://www.waseda.jp/inst/weekly/assets/uploads/2023/03/A-033_3-940x628.jpg, https://www.waseda.jp/inst/weekly/assets/uploads/2023/03/A-033_4-940x627.jpg",https://www.waseda.jp/inst/weekly/circleguide/detail/?id=3074&lng=en,サークルサイト閉鎖,https://hoshikaiwaseda.wixsite.com/website,なし,https://twitter.com/wasedahoshikai,なし,なし,https://www.waseda.jp/inst/weekly/news/2019/07/11/65139/,なし,なし,なし,なし,公式サイトから取得; リンク検証済み; 外国人学生の受け入れなし; ウェブサイト（サークル）: リンク切れ (404)
C0168,3066,経済学会,学問,経済,1915年に創立され、もうすぐ110周年を迎える経済学会は、【勉強も遊びも全力で！】をモットーに日々活動しています。早稲田大学の公認サークルであり、早稲田大学内、また国内においても最大規模のアカデミックサークルです。学習面では、企業分析やマーケティング手法に主軸を置き、課題解決や事業立案のグループワークを中心に活動をしています。年間を通して水曜日に通常活動の講座を行っており、それに加えて年に4回ほど開催されるOB・OGの方々との交流会、外部の方をお招きしての講義など、非常に充実した日々を送ることができています！また夏合宿・冬合宿を始めとして、BBQやクリスマス会など非常に多くのイベントも開催しており、それらの活動を通して【1年生から4年生まで学年問わず仲が良い】というのもサークルの大きな魅力となっています！貴重な大学生活の4年間、ぜひ私たちと一緒に楽しく充実した日々を送りましょう!!,"通常講座：毎週水曜日/17時〜19時/早稲田キャンパス
/
/
/
/イベントは週末を中心に開催しています！",200人,1915年,5人,なし,"https://www.waseda.jp/inst/weekly/assets/uploads/2016/09/be58d6a2e269f068c2f0617dafe30c83-940x702.jpg, https://www.waseda.jp/inst/weekly/assets/uploads/2016/09/a4ed9e6f9cced6b43cebece08daf8bdf-940x705.jpg, https://www.waseda.jp/inst/weekly/assets/uploads/2016/09/ffba6421e545e746e6bbf08550126917-940x705.jpg",https://www.waseda.jp/inst/weekly/circleguide/detail/?id=3066&lng=en,なし,なし,https://www.instagram.com/wasedakeizaigakkai,https://twitter.com/wkg_waseda,なし,なし,なし,なし,なし,なし,なし,公式サイトから取得; リンク検証済み
C0169,3068,マーケティング研究会,学問,経済,早稲田大学マーケティング研究会、通称まーけんは、今年創立68年を迎えた歴史ある公認サークルです。「『まなびであそぶ』がここにある。」をキャッチコピーに掲げ、マーケティングを学び、実践することを目的として活動しています。その軸となる活動は、月曜日と木曜日の週2回開催される、サークル員主催の勉強会です。この勉強会を通して、基礎から専門的な分野まで、幅広いビジネススキルの習得を目指します。ここで学んだ知識は、企業様と協業して開催するビジネスコンテストや講演会・プロジェクトなどの実践の場を通じてアウトプットします。また、年2回の合宿や季節ごとの企画など、サークル員同士の仲が深まる楽しいイベントも盛り沢山です。まーけんで勉強も遊びも充実した大学生活を送りましょう！,毎週月・木曜日/19:00〜(5限終わり)/早稲田キャンパス・貸し会議室,122人,1956年,0人,なし,"https://www.waseda.jp/inst/weekly/assets/uploads/2023/03/A-027_1.jpg, https://www.waseda.jp/inst/weekly/assets/uploads/2023/03/A-027_2.jpg, https://www.waseda.jp/inst/weekly/assets/uploads/2023/03/A-027_3.jpg, https://www.waseda.jp/inst/weekly/assets/uploads/2023/03/A-027_4.jpg",https://www.waseda.jp/inst/weekly/circleguide/detail/?id=3068&lng=en,なし,https://wasedamarketing.net/,https://www.instagram.com/wasedamarketing/,https://twitter.com/wasedamarketing,なし,なし,https://www.waseda.jp/inst/weekly/news/2020/05/14/73329/,なし,なし,なし,なし,公式サイトから取得; リンク検証済み
C0170,3751,早稲田大学株式投資サークルForward,学問,経済,早稲田大学株式投資サークルForwardは、株式投資を中心に幅広く金融に関する勉強と実践ができるサークルです。週１回の定例会に加え、外部講師をお招きする講演会で学びを深めるほか、ご飯会や四季報合宿、忘年会など遊びも充実しています！いつもゆる〜く活動しており、気が向いたときにふらっと立ち寄ることができます！学部学年問わず院生も含めて多様性に富んだサークルでもあり、経済ニュースに関する意見交換が日々活発に行われています。入会者の９割は投資未経験者ですので、投資や資産形成に少しでも興味があればぜひ活動を覗きに来てください！質問などがあればtwitterのDMを通じてご連絡ください。期中入会いつでも大歓迎です!!,毎週土曜21:00〜/オンライン,150人,2003年,3人,なし,"https://www.waseda.jp/inst/weekly/assets/uploads/2022/08/139690-940x627.jpg, https://www.waseda.jp/inst/weekly/assets/uploads/2022/08/139689-940x528.jpg, https://www.waseda.jp/inst/weekly/assets/uploads/2022/08/139691-940x705.jpg",https://www.waseda.jp/inst/weekly/circleguide/detail/?id=3751&lng=en,なし,なし,なし,https://twitter.com/forward_waseda,なし,なし,なし,なし,なし,なし,なし,公式サイトから取得; リンク検証済み
C0171,3753,NEW （Next Entrepreneurs Waseda）,学問,経済,"NEW(Next Entrepreneurs Waseda)は、ベンチャー稲門会直下のサークルです。
/
/
/
/■目的
/
/早大卒の経営者や起業に関心を持った同世代との交流を通して、起業を身近なものにし、早稲田大学から起業家を輩出する一助とする。
/
/
/
/■活動内容
/
/早稲田出身の経営者を中心に、さまざまな方をお呼びして交流会を行っています。また、起業家志望の学生同士の交流会も行っており、コミュニティとしての役割も担っております。
/
/過去には、上場企業経営者、早稲田大学教授、ブロックチェーン先進企業の取締役の方々などと企画を行って参りました。
/
/今後、ベンチャー稲門会と連携して起業を多面的に支援できるような体制を作っていく予定です。
/
/ベンチャー稲門会……早稲田出身ベンチャー経営者の会　https://v-tomonkai.org
/
/
/
/■活動形態
/
/大学のガイドラインに則った感染対策の上、対面もしくはオンラインで活動を行っております。
/
/
/
/■備考
/
/オール早稲田のサークルです！",不定期/月１?2回,50人,2021年,0人,なし,なし,https://www.waseda.jp/inst/weekly/circleguide/detail/?id=3753&lng=en,なし,なし,なし,なし,なし,なし,なし,なし,なし,なし,なし,公式サイトから取得; リンク検証済み; 写真URLなし
C0172,3772,早稲田キャリア研究会,学問,経済,"早稲田キャリア研究会(通称：キャリ研)は、早稲田大学初の就活とキャリアに特化したサークルです。ともすると社会から隔絶されがちな学生に、「社会との接点を増やすことで自らのキャリアの選択肢を増やす」ことを標榜し、ビジネスの勉強会やイベント運営など様々な活動を行っています。
/
/
/
/主な活動内容としては、就活には勿論、社会人になった時も素養として抑えるべき学びを提供する「通常講座」、単なる就活コミュニティでは決して出すことのできない大学生らしい交流を提供する「内部イベント」、そして一大学生には得難い、経営者を含む社会人とラフな雰囲気で交流する機会を提供する「外部イベント」の３種類があります。
/
/
/
/今年度は、通常講座ではフェルミ・ケース講座や財務諸表講座、業界研究講座など多くの講座を開講しました。内部イベントとしては夏合宿・冬合宿を始め、ドライブや温泉旅行など多くの企画が行われました。外部イベントとしては、経営者交流会や1・2年生向けのインターンシップイベントなど、外部企業と協賛し様々なイベントを実施しました。
/
/
/
/学年・経験問わず常時入会募集中です！少しでも将来に不安のある早稲田生は、是非キャリア研究会へ！
/
/
/
/さらに詳細な活動内容等はInstagramを中心に、X(旧Twitter)やホームページ等でも発信していますのでチェックしてくださいね！",毎週水曜日/17:30-20:00/早稲田キャンパス,80人,2022年,4人,あり,"https://www.waseda.jp/inst/weekly/assets/uploads/2023/12/1A211021-3-1-202312080139-1-940x705.jpg, https://www.waseda.jp/inst/weekly/assets/uploads/2023/12/1A211021-3-2-202312080139-1-940x708.png, https://www.waseda.jp/inst/weekly/assets/uploads/2023/12/1A211021-3-3-202312080139-1-940x880.jpg",https://www.waseda.jp/inst/weekly/circleguide/detail/?id=3772&lng=en,なし,https://www.waseda-career-society-wcs.com/,https://www.instagram.com/waseda_c_s/,https://twitter.com/waseda_c_s,なし,なし,なし,なし,なし,なし,なし,公式サイトから取得; リンク検証済み
C0173,3256,歴史文化研究会,学問,歴史,"歴史文化研究会は1950年設立のアカデミックサークルです。歴史が中心的ですが、哲学や宗教など他の人文系学問に興味のある部員もいます。入会は何年生でも、どの期間でも可能です。また早稲田生以外も歓迎しています。
/
/活動内容
/
/1．部会
/
/　中心的な活動です。週に1〜2回開催します。日程は担当者に合わせるため不定ですが、平日は18時、休日は15 時を目途に行っています。内容は部員の関心のある分野について調査し発表してもらうという感じになります。興味のある分野や暇なときだけ参加するというのでもOKです。
/
/2. 遠足、合宿
/
/　半期ごとに遠足、合宿を1回ずつ行います。遠足は東京近辺の日帰り旅行です。去年は横須賀や小田原に行きました。合宿は2泊3日程度の旅行です。ここ数年はコロナの影響で行えていなかったのですが、過去には平泉や佐渡島に行っていました。
/
/3. 早稲田祭
/
/　早稲田祭には毎年参加しています。出し物としては、「歴史検定」としてクイズを出題し参加者に解いてもらうということをしていました。ただし、次からは違う出し物にすることを検討中です。
/
/　興味を持たれた方はぜひ部室や部会にいらしてください。またTwitterやホームページで随時新歓やイベント等の情報を更新しているのでご確認ください。",曜日不定/平日18時・休日15時/学生会館,36人,1950年,2人,なし,"https://www.waseda.jp/inst/weekly/assets/uploads/2016/09/fc271eff056f233d0593ad131e0df062-940x940.png, https://www.waseda.jp/inst/weekly/assets/uploads/2016/09/ad2c178acc8790671caf3a062ee933f7-940x705.jpg, https://www.waseda.jp/inst/weekly/assets/uploads/2016/09/0fd1e4cbfc3fa750dfac51e017e917ab-940x705.jpg",https://www.waseda.jp/inst/weekly/circleguide/detail/?id=3256&lng=en,なし,https://w-rekibunken.amebaownd.com/,なし,https://twitter.com/wrekibunken,なし,https://lin.ee/Y5qHfU6,なし,なし,なし,なし,なし,公式サイトから取得; リンク検証済み
C0174,3257,地理学研究会,学問,歴史,"早稲田大学地理学研究会は今年で74年目を迎える歴史あるインカレ地理学サークルです。/
///
//地理学というと学問的な固い印象がつきがちですが、サークル内では都市、自然、商業、交通…などなど、身の回りに関わるあらゆる事象を「地理」に含めているので心配はご無用！/
///
//地理を愛してやまない会員から、ちょっとだけ覗いてみたという会員まで、個性豊かに活動しており、どなたでも楽しんでいただけます。/
///
//当会の活動は月1回以上を目安に行う巡検、年1～2回の合宿、不定期の部会・イベントゲームからなります。/
///
//巡検は日帰りで東京近郊のまちを散策し、ナビゲーター（巡検主催者）による案内のもと地理の視点でまちの魅力に迫ります。/
///
//合宿は全国特定の地域で数日をかけて巡検を行います。近年ですと、山陰、伊豆、阿蘇など…/
///
//テーマを限定せずに会員の研究を発表する場として部会もたまに行ってます。/
///
//そして、最近人気なのが、東京周辺をフィールドに、チーム対抗であちこちのスポットを巡るゲーム（リアル桃鉄、地理クエスト、路線バス乗り継ぎの旅、謎解きなど）！　単に遊ぶだけでなく、知識を能動的に組み合わせ、空間的地理把握のアウトプットが出来る機会です！/
///
//そのほか、早稲田祭への出展やそれに向けた部誌の作成、特定の「好き」を極める集まりであるサークル内サークルも充実しています。/
///
///
///
//私たちと一緒に、日々の景色をちょっと高級な見方で捉えてみませんか？",毎週火曜日・木曜日・金曜日/時間不定期/学生会館E910号室,110人,1950年,0人,なし,"https://www.waseda.jp/inst/weekly/assets/uploads/2021/03/c1f24ea9690e83c22872ba6735178d42.png, https://www.waseda.jp/inst/weekly/assets/uploads/2021/03/1615124678655-940x705.png, https://www.waseda.jp/inst/weekly/assets/uploads/2021/03/1615124675661-940x705.png",https://www.waseda.jp/inst/weekly/circleguide/detail/?id=3257&lng=en,なし,https://geowaseda1950.localinfo.jp/,https://instagram.com/geo.waseda,https://twitter.com/geo_waseda,なし,https://line.me/R/ti/p/%40839vhqqk,なし,なし,なし,なし,なし,公式サイトから取得; リンク検証済み
C0175,3054,考古学研究会,学問,歴史,"考古学研究会は年中会員を募集しております！「考古学研究会」なので考古学に興味のある方はもちろん大歓迎ですが、歴史や宗教学、言語学などに興味のある方も大歓迎です！そこら辺に興味のある先輩もたくさんいます！また、部室が普通のサークルの2倍広くて快適なので会員は空きコマなどで部室に集うため、会員同士すぐ仲良くなれます！しかも！！新入生は半期会費無料です！！主な活動は週1～2回の勉強会です！他にも新歓期は日帰り遠足を行ったり、春夏に泊まりで全国の史跡をめぐったり、自治体の考古学イベントにボランティアで参加もしたりしています！少しでも興味のある方はお気楽に学生会館E501にお越し下さい！会員は早稲田の文学部の方が多いですが、他学部の方ももちろんいますし、インカレ・留学生の方もいらっしゃいますので大歓迎です！SNSはX（＠waseda_koukoken）とInstagram（waseda_koukoken）どちらもやっておりますし、Gmail（ [email protected] ）でもご連絡承っています。早稲田生の皆様、考古研で楽しい大学生活を送ってみませんか？お待ちしております！/
///
///
///
//メールはこちらから： [email protected]",会員が希望する曜日で週1～2日/18～20時/学生会館E501,50人,1956年,1人,あり,"https://www.waseda.jp/inst/weekly/assets/uploads/2016/09/dc37857c5dba9205e00b91ef194d1eb6-940x1253.jpg, https://www.waseda.jp/inst/weekly/assets/uploads/2016/09/bf57359cb6f7d746431678f26b7084a9-940x627.jpg, https://www.waseda.jp/inst/weekly/assets/uploads/2016/09/ccc653cf4612aec1217e3b92c0cc9141-940x705.jpg",https://www.waseda.jp/inst/weekly/circleguide/detail/?id=3054&lng=en,なし,なし,https://www.instagram.com/waseda_koukoken,https://twitter.com/waseda_koukoken,なし,なし,なし,なし,なし,なし,なし,公式サイトから取得; リンク検証済み
C0176,3255,史学舎,学問,歴史,史学舎の主な活動は、週3回の部会と呼ばれる発表会です。月曜部会、水曜部会、金曜部会に分かれています。部会では、所属する舎員たちが興味のある歴史テーマについて、発表します。参加者は発表者に対して質問したり、感想を述べたりして、テーマを深めます。週3で活動しており、活動頻度は自由なので、参加の都合がつきやすいです。舎員は、３つの部会のうち、どれか１つに所属しており、週１で参加する人が多いです。部会に参加する際、事前連絡は不要なので、学生会館E612に18:30まで来ていただければ、部会に参加できます。史学舎の最大の特徴は、スバリ「多様性」です。日本史、世界史の垣根がなく、また人物史、文化史などテーマが多岐にわたっているので、視野が広がり、歴史を再発見することができます。また、歴史を専門的に勉強している人から、歴史に興味があるから入ったという人まで幅広く所属しています。部会では、発表者が丁寧に解説してくれるので、予備知識なども必要ありません。誰でも入りやすい歴史サークルです。部会終了後は、自由参加でご飯を食べに行きます。また、部会以外にも、春夏年2回で、歴史的観光地を巡る合宿を行ったり、交流を深めるイベントを行ったりしています。早稲田祭でも企画を行います。歴史好きも、歴史初心者も、どんな人でも気軽に参加できる歴史サークルです。私たち史学舎と一緒に、歴史の面白さを体感しましょう！,毎週月曜日・水曜日・金曜日/18時半/学生会館E612,48人,1967年,0人,なし,https://www.waseda.jp/inst/weekly/assets/uploads/2020/04/c013-940x705.jpeg,https://www.waseda.jp/inst/weekly/circleguide/detail/?id=3255&lng=en,サークルサイト閉鎖,http://shigakusha.hotcom-web.com/,https://www.instagram.com/shigakusha_official/,https://twitter.com/shigakusha,なし,なし,なし,なし,なし,なし,なし,公式サイトから取得; リンク検証済み; ウェブサイト（サークル）: リンク切れ (fetch failed)
C0177,3055,エジプト文化研究会,学問,歴史,"古代〜現代のエジプトの歴史や、中東・イスラームの文化/歴史などについて幅広く学んでいます。エジ研には世界各地の歴史・文化に興味を持つ人が集まっています！
/
/
/
/〈勉強会〉
/
/メインの活動は週に1、2回程度の勉強会です。Discordというアプリを活用して、21時から行っています。オンライン開催なので、各自のペースで参加しやすいのが特徴です！ (不定期で早大・学生会館での対面勉強会も開催しています)
/
/定期的に行っている「フリーテーマ勉強会」では興味のあることについて自由に発表することができます。エジプト以外のテーマを選ぶ人も多いです。新入生も発表できます！
/
/
/
/〈そのほかのイベント〉
/
/休日には博物館・展覧会見学などのイベントがあります。古代エジプトや考古学に関する展示を見に行くことが多いです。
/
/また、不定期で中東料理店での食事会も行っています！
/
/早稲田祭では、エジプトに関する企画を作り上げます！2023年度は古代エジプトの世界観を再現する教室展示や模擬ミイラ作り体験、小冊子の作成・販売などを行いました。
/
/夏休みには合宿があります！BBQ、花火、ボートなどを楽しみます。
/
/
/
/大学・学年を問わず、通年で会員募集中です！",学生会館部室(E509)、Discord(アプリ)　水曜・土曜21:00〜22:00(オンライン上),54人,1987年,0人,あり,"https://www.waseda.jp/inst/weekly/assets/uploads/2016/09/032ae92dc7d1bd3be24ecbf208e41522-940x705.jpeg, https://www.waseda.jp/inst/weekly/assets/uploads/2016/09/bfae4852b38dfa4806706c92c95729fd-940x705.jpeg, https://www.waseda.jp/inst/weekly/assets/uploads/2016/09/bf065778f67fe38f6e5624d7a030d805.jpeg",https://www.waseda.jp/inst/weekly/circleguide/detail/?id=3055&lng=en,なし,なし,https://www.instagram.com/ejiken_wsd,https://twitter.com/ejiken2,なし,なし,https://www.waseda.jp/inst/weekly/news/2019/04/24/59970/,なし,なし,なし,なし,公式サイトから取得; リンク検証済み
C0178,3258,早稲田大学戦史研究会,学問,歴史,早稲田大学戦史研究会は1994年に設立された公認サークルです。歴史や軍事、国際政治などに興味を持つ学生が、毎週金曜日6限からの研究発表を中心に活動しています。その他にも、毎年1回の機関紙発行や夏合宿、早稲田祭などを通じて活発に活動しています。名前こそ戦史を冠してはいますが、必ずしも軍事に限らず、広範な活動が行なわれています。また、同じ戦史研究会という名前を持ち、歴史や軍事について研究しているサークルは全国様々な大学で設立されており、合同の研究発表会や合同合宿などを通して活発に交流しています。他大生や院生の入会も歓迎です。当会の活動を知りたい方はツイッターやホームページの他、コミックマーケット等で頒布している機関紙『烽火』もご覧ください。皆さんと活動できる日をお待ちしてます！,毎週金曜日(開講期間)/18時15分〜/学生会館・3号館など,41人,1994年,1人,あり,なし,https://www.waseda.jp/inst/weekly/circleguide/detail/?id=3258&lng=en,サークルサイト閉鎖,https://sites.google.com/site/wsenshiken/home,なし,https://twitter.com/wsenshiken,なし,なし,なし,なし,なし,なし,なし,公式サイトから取得; リンク検証済み; 写真URLなし; ウェブサイト（サークル）: リンク切れ (404)
C0179,3774,早稲田大学三国志研究会,学問,歴史,"早稲田大学三国志研究会は、断絶を挟み2023年に中高した歴史サークルです。三国志をはじめとして、漢代や五胡十六国時代など古代中国について幅広い活動を行っています。入会資格は早稲田生であることで、学年や入会期間などに関する制限はありません。
/
/
/
/活動内容
/
/（１）発表
/
/サークル員が関心のある分野に関する発表を行います。取り扱う題材は学術的なものからKOEIのゲームまで、古代中国に関連していればなんでもありです。オンラインでも参加可能です。
/
/
/
/（２）レクリエーション
/
/現在は主にボードゲームをしています。発表と合わせて中心的な活動内容であり、一週間に１〜２回を目安に活動しています。
/
/
/
/（３）学外活動
/
/２０２３年度は三国志学会の運営する三国志大文化祭に参加し、劉備に関するディスカッションを行わせていただきました。来年度以降は未定ですが、継続的に学外活動を行っていきたいと考えています。
/
/
/
/活動情報は基本的にXで発進しているので、興味があればぜひDMでご連絡ください。",毎週1?2回/19時/学生会館,21人,2023年,0人,なし,https://www.waseda.jp/inst/weekly/assets/uploads/2023/12/sangokushi.jpg,https://www.waseda.jp/inst/weekly/circleguide/detail/?id=3774&lng=en,なし,なし,なし,https://twitter.com/Wasedauniv_3594,なし,なし,なし,なし,なし,なし,なし,公式サイトから取得; リンク検証済み
C0180,3051,佛教青年会,学問,宗教,"当会は国や宗派、学派に関わらず仏教思想を勉強する学問サークルです。1886年創立、小野梓に起源を持つ早稲田大学最古の歴史を誇っております。
/
/
/
/はらそーぎゃーてーぼーじーそわかー般若心経?とはよく聞くものですが、これは一体何を意味した文なのかご存じですか？
/
/私たちは、こう言ったお経を読んでいます。読むというのは声に出して読むというような、信仰的なものではもちろんありません。
/
/1000年以上前のはるか昔に書かれた仏教漢文を、学術的に読み解いて意味を正しく理解し、奈良・平安・鎌倉以降など日本の文化や芸術、社会に大きな影響を与えた仏教思想とはどういう思想なのか、典拠に忠実に基づいて勉強しています。
/
/そして、日本語には今でも仏教語がたくさんあります。
/
/摩訶（まか）不思議、一大事、因縁、他力本願、世間、醍醐味（だいごみ）…
/
/かつての日本人の生活に根ざしていた仏教思想から、たくさんの言葉が流れてきたのでした。こういった言葉の意味もしっかり取れるようになるので、仏教思想を受けた文学なども面白く読めるようになります。
/
/
/
/また、他の活動としては座禅会を開いたり、仏教美術を見に美術館に行ったり、他校との仏教青年会との交流があったり…仏教のアレを知りたい！コレがやりたい！をかなえられる自由なサークルです。",隔週曜日不定、学生会館にて,28人,1886年,1人,なし,なし,https://www.waseda.jp/inst/weekly/circleguide/detail/?id=3051&lng=en,なし,なし,なし,https://twitter.com/waseda_bussei,なし,なし,なし,なし,なし,なし,なし,公式サイトから取得; リンク検証済み; 写真URLなし
C0181,3728,早稲田大学済蔭団,学問,宗教,"はじめまして！早稲田大学済蔭団(さいいんだん)と申します。名前からはどんなサークルなのか想像がつきにくいかと思いますが、活動内容はごくごく簡単です。坐禅をします。それだけです。時は遡ること大正11年(1922年)、北鎌倉の円覚寺まで坐禅をしに行っていた早大生により結成されました。現在までなんとか続き、2022年に百周年を迎えました。具体的な活動としては、毎週木曜に大学で坐禅会を開催したり、都内や北鎌倉の禅寺の各種坐禅会に参加したりしています。
/
/
/
/※2024年度より所沢でも坐禅会を始めました！詳細は下記リンクよりご覧ください。
/
/
/
/【木曜坐禅会について】学生会館の茶室を借りて授業期間中に毎週開催している坐禅会です。坐禅および禅に関する簡単な勉強会を行っています。東洋思想や瞑想に関心がある、心を落ち着けたい……興味はなんでも結構です。メンバーが固定されているというよりかは人の流動が多めの坐禅会です。途中参加・途中抜け歓迎ですので、事前連絡なしで気軽にお越しください。サークルの性質上、参加を始める学年は人によってさまざまです。上下関係もあまりなくゆるやかに活動して居ります。興味のある方は試しに一回木曜坐禅会に足を運んでみてください。
/
/
/
/We do Zazen (Zen meditation)?no more， no less.
/
/",毎週木曜日/5限/学生会館茶室106、毎週火曜日/17：30-19:10/小手指公民館分館,26人,1922年,1人,あり,"https://www.waseda.jp/inst/weekly/assets/uploads/2023/03/C-012_1-940x1253.jpg, https://www.waseda.jp/inst/weekly/assets/uploads/2023/03/C-012_2-940x1253.jpg",https://www.waseda.jp/inst/weekly/circleguide/detail/?id=3728&lng=en,なし,https://mokuyouzazen.jimdofree.com/,https://www.instagram.com/saiindan_zazen/,https://x.com/waseda_saiindan,なし,なし,なし,なし,なし,なし,なし,公式サイトから取得; リンク検証済み
C0182,3052,キリスト者学生会(K.G.K.),学問,宗教,早稲田大学キリスト者学生会（WKGK）は、早稲田大学で唯一の公認キリスト教学生団体です。キリスト教について知りたい、授業に「ペテロ」って出てきたけど誰よ？ クリスチャンてどんな人？ 聖書って難しそう、でも興味あるんだよね…そんなあなたにぜひ来てほしい！ 部室で聖書読んで、祈って、笑って、まったりして。毎日、部室開いてます。お菓子とか置いてます。あめちゃんもあります。誕生日パーティーとかもします。ギターやキーボードも置いてます。ゆっくりじっくり語り合える仲間がいます。いつでも誰でも、1年生も4年生も留学生も、みんなwelcome！ ※本キャン、理工キャンでも活動してます！ 詳しくはブログをチェック！,毎週月〜金曜日/随時/学生会館10階E1008,40人,1947年,6人,あり,https://www.waseda.jp/inst/weekly/assets/uploads/2016/02/1B-004_K_G_K_-940x706.jpg,https://www.waseda.jp/inst/weekly/circleguide/detail/?id=3052&lng=en,なし,なし,なし,なし,なし,なし,なし,なし,なし,なし,なし,公式サイトから取得; リンク検証済み
C0183,3049,現代思想研究会,学問,哲学,"私たちは、日々まきおこる社会問題を出発点に、現代思想を考えるサークルです。
/
/
/
/　プーチン・ロシアのウクライナ侵略、イスラエルによるパレスチナ人民の凄惨なジェノサイド、そしていま日本では岸田政権によって米国とともに先制攻撃を行なう軍事強国づくりが急ピッチで進められています。現代思想研究会は今年、〈戦争の時代のファシズムに抗して〉をテーマに、危機の時代に向き合う研究をすすめます。
/
/
/
/　“日本で進む憲法改悪”や“大学での軍事研究・学問への国家の介入”、“資本主義の矛盾”や“トランプをはじめとした強権的な権力者の跋扈”など…。こうした問題をサークルの仲間と話し合い、自分の社会観をつくることは、受験勉強とは違った面白さがあります。
/
/
/
/　定例の活動は、週に一回の部会です。ニュースや新聞記事を持ちより話し合うので、予備知識はいりません。他にも、有志の会合や研究発表、フィールドワークなども予定しています。対面でのサークル説明を随時行なっています。少しでも興味のある方は、ぜひご連絡ください！　お待ちしています。",週１回／学生会館会議室,21人,1960年,0人,あり,https://www.waseda.jp/inst/weekly/assets/uploads/2020/04/a008-940x705.jpg,https://www.waseda.jp/inst/weekly/circleguide/detail/?id=3049&lng=en,なし,なし,なし,https://twitter.com/w_genshiken,なし,https://lin.ee/tyJr1cB,なし,なし,なし,なし,なし,公式サイトから取得; リンク検証済み
C0184,3252,東洋思想研究会(東思研),学問,哲学,情報なし,毎週月・木・金曜日/朝8時/カフェなど,50人,1980年,1人,あり,"https://www.waseda.jp/inst/weekly/assets/uploads/2016/09/b7e48fcd12b1fdfb3c9b9bc4116978a5-940x529.jpg, https://www.waseda.jp/inst/weekly/assets/uploads/2016/09/48bfa3a519d9ecc14d8af299a524a3f0-940x705.jpg, https://www.waseda.jp/inst/weekly/assets/uploads/2016/09/a508c8556d3aa95b57406b5dff331726-940x529.jpg",https://www.waseda.jp/inst/weekly/circleguide/detail/?id=3252&lng=en,なし,なし,なし,なし,なし,なし,なし,なし,なし,なし,なし,公式サイトから取得; リンク検証済み; 活動内容なし
C0185,3275,哲学・批評研究会,学問,哲学,哲学・批評研究会は、各勉強会が選定した文献を精読し、担当者が週に1回発表することで、難解な思想書を読み進める活動をしています。勉強会は、新歓後、新規入会者同士でグループを作り、精読する文献を選定し、活動日時を決定することで新しく結成されます。新歓期間終了後の入会も随時歓迎しています。その場合、既存の勉強会から参加する勉強会をお選びください。勉強会間の交流は、年4回開催される総会と年1回の合宿、普段の部室利用での交流がメーンとなります。会員は政経・法・教育・社学・文・文構・理工と多岐にわたり、他大学の学生も毎年参加する傾向にあります。学部や大学を横断して学ぶ場を提供できることが当会の強みであると言えます。入会の条件はシンプルです。勉強会に責任を持ち、総会および新歓活動に参加し、部室を使ったらキレイにする。この三つをお守りいただけることで、会員同士が心地良く活動し、次年度も新たな会員を迎えることができます。入会金はございません。以上が当会の概説となります。しかし、ここではお伝えできる事に限りがございます。ぜひ一度、部室にいらしてください。コーヒーと紅茶をご用意して、お待ちしています。,毎週/随時,34人,2011年,0人,なし,"https://www.waseda.jp/inst/weekly/assets/uploads/2016/09/f07cfc98ec0aec195091a39a8869253b-940x705.jpg, https://www.waseda.jp/inst/weekly/assets/uploads/2016/09/28ccc91d2b0d65149f2e416db85bc50a-940x1253.jpg, https://www.waseda.jp/inst/weekly/assets/uploads/2016/09/b435f69ad869fd3d9d7b6796cafcf507-940x705.jpg",https://www.waseda.jp/inst/weekly/circleguide/detail/?id=3275&lng=en,なし,なし,なし,https://twitter.com/TeppiWaseda,なし,なし,なし,なし,なし,なし,なし,公式サイトから取得; リンク検証済み
C0186,3744,ゆるりと！てつがく！,学問,哲学,"いきなりですが、「哲学」とはなんでしょうか。「文学部に設置されて、難しくてムダなことをひたすら考えている学問」という認識をお持ちの方も多いのではないでしょうか。
/
/
/
/確かに、その認識は間違いではありません。2500年にわたる哲学史において、多くのことが考えられました。その過程で、ある理論は自然科学へと、またある理論は社会科学へと家出してしまいました。そしてまたある理論は下火になってしまいました。もしかすると、現代において「哲学を学ぶ意義」はそこまで大きくないのかもしれません。
/
/
/
/しかし、それだけなのでしょうか。私たちの周りには、まだまだ考えるべき思考の沃野が広がっているように思えます。たとえば、「意義」とはなんでしょうか。「ムダ」とはどのようなものでしょうか。もっと日常的なテーマでいえば、「大学」とはなんでしょうか。「早大生」とはどのような存在でしょうか。
/
/
/
/こういった「日常に広がるあれこれ」を「てつがく」していくことを目標に、「ゆるりと！てつがく！」は発足しました。当会では、哲学対話と哲学学習を通して、自分なりの世界に対する考え方を構築していくことを目標にしています。哲学に興味のある方も、見物目的の方もぜひいらしてください。歓迎いたします。","毎週木曜日・金曜日/21時/ZOOM
/
/対面での活動も企画中！",46人,2020年,０人,なし,https://www.waseda.jp/inst/weekly/assets/uploads/2021/08/C-280.png,https://www.waseda.jp/inst/weekly/circleguide/detail/?id=3744&lng=en,なし,なし,なし,https://twitter.com/yuru_sophia,なし,なし,なし,なし,なし,なし,なし,公式サイトから取得; リンク検証済み
C0187,3497,緑法会,学問,法律,緑法会は日本最大級の規模を誇る法律サークルです。10個のゼミに別れて毎週活動します。5・6限で法律科目のレクチャーを行い、そのあとはアフターとして皆が楽しめるイベントを行います。野球の早慶戦応援や年に2回の合宿、早稲田祭への出店など年間を通してたくさんの行事があり飽きさせません。ぜひ、ゼミ説明会へお越しください。それぞれのゼミに特色があり自分に合ったゼミを見つけることができると思います。新歓期には花見やコンパなどを開催します。2・3年生が駆け付けますので気軽に参加してください。今年で80周年を迎える緑法会は、10月に著名なOB・OGを招いてパーティーを執り行います。この大きな節目を多くの新入生の皆さんと迎えられることを心待ちしています。法学部で学生生活を充実させるには緑法会に所属することに間違いありません。どうぞよろしくお願いします！?,水・木・金曜日,800人,1936年,20人,あり,なし,https://www.waseda.jp/inst/weekly/circleguide/detail/?id=3497&lng=en,なし,なし,なし,https://twitter.com/ryokuhoukai2017,なし,なし,なし,なし,なし,なし,なし,公式サイトから取得; リンク検証済み; 写真URLなし
C0188,3496,創法会,学問,法律,こんにちは！ 早稲田大学三大公認法律サークルの1つ、創法会です！ 創法会は設立68年目の非常に歴史のある法律サークルです！ 当サークルでは週3回、3年生による質の高い法律レクチャーから、各種イベント何でもやります！ 年3回の合宿（夏合宿・冬合宿・新歓合宿）、学内法律討論会や他大学と合同で行う法律討論会、各界で活躍されている創法会の先輩方をお招きするOB・OG会、卒業する4年生を見送る追いコン…ここには書ききれないくらいたくさんのイベントがあります!! そして何よりも創法会の売りは、入った後定着してくれる子が多いことです！ それだけ同期内でも、先輩後輩も仲がいいです！ 一度しかない大学生活、ぜひ創法会で過ごしてみませんか???,レクチャー：火・水・木曜日/16:30〜18:00（今年度春）,100人,1948年,0人,あり,"https://www.waseda.jp/inst/weekly/assets/uploads/2016/09/16598fa58199c4d69a04e8ab3019ec75-940x705.jpeg, https://www.waseda.jp/inst/weekly/assets/uploads/2016/09/ba8e6a28a3d39fc594aad8065773a588-940x705.jpeg, https://www.waseda.jp/inst/weekly/assets/uploads/2016/09/f6c04b1c725c52922db1e0e2b3d84862-940x1253.jpeg",https://www.waseda.jp/inst/weekly/circleguide/detail/?id=3496&lng=en,なし,なし,なし,https://twitter.com/sohokai_waseda,なし,なし,なし,なし,なし,なし,なし,公式サイトから取得; リンク検証済み
C0189,3499,民法研究会,学問,法律,私たち民法研究会はわかりやすいレクチャーと充実した試験対策であなたの勉強面をしっかりサポートします。レジュメの質は法学部1との呼び声も高く、みんなが欲しがる学部生必携レジュメです。でも民研って勉強ばかりしているのでは？と思われがちですが楽しいイベントも多数！ 春夏の合宿に加え、月1回のアフターや、水族館ディズニー、動物カフェなどさまざまな場所にみんなででかけます。アットホームな法学部のオアシスを目指して日々活動しています。一緒にみんけんで最高の大学生活を送りましょう！ 民法研究会は、早稲田大学の法律サークルです。 試験対策を始め、週1回のレクチャーや先輩によるサポートなどにより、法学部に所属する学生のみなさんと法律の距離を縮めます。 レクチャーの後にはみんなでご飯を食べに行ったり、遊びに行ったりします。また、合宿や早稲田祭、模擬裁判などの楽しいイベントも盛りだくさんです。 しっかりと勉強することを前提とするのはもちろんですが、遊ぶ時はがっつり遊びましょう！ 民法研究会はあなたの法学部ライフを豊かにします。,毎週火曜日/16時半〜/3・11号館,120人,1949年,0人,なし,"https://www.waseda.jp/inst/weekly/assets/uploads/2016/09/3f01e4fefc1e68d83af24e5eb475ccbb.jpg, https://www.waseda.jp/inst/weekly/assets/uploads/2016/09/d9aaaf780d8bfff4eb8258adf77f64fe-940x705.jpg, https://www.waseda.jp/inst/weekly/assets/uploads/2016/09/c2d2e86746261962150020612a8afaa8-940x705.jpg",https://www.waseda.jp/inst/weekly/circleguide/detail/?id=3499&lng=en,なし,なし,なし,https://twitter.com/minken2016,なし,なし,なし,なし,なし,なし,なし,公式サイトから取得; リンク検証済み
C0190,3500,刑事法研究会,学問,法律,"刑事法研究会は1949年から続く大変伝統のある法律サークルであり、われわれの諸先輩方には裁判官や弁護士、検察官はもちろんのこと国家総合職や大学教授、都庁職員など幅広く活躍されております。そのような伝統を胸に、会員たちは楽しく大学生活を送っています。
/
/現会員は40名ほどで特に2年生が多く、とても面白いが、どこかほんわかしたような雰囲気を持つ子が非常に多いです。大学のサークルはチャラそうだとか、飲みがすごそうだ、などそういった心配をしてるそこのあなたにこそ、オススメしたい、ぜひ来てほしいサークルです。
/
/活動としては週に1回の刑法のレクチャーを大学院生にお願いしており、質の高いレクチャーを受ける事ができます。ここでの勉強が2017年に行われる模擬裁判へと役立つことになります。 勉強以外でも、年2回の合宿や（ユルい）飲み会、納涼船や裁判傍聴など楽しいこともめじろ押しです。法律サークルでどこにもしっくり来ないあなたにも満足してもらえるような自由度の高いサークルだと思います。
/
/昨年度は民研（※民放研究会）さんと隔年で行われている模擬裁判が刑事法研究会で催されたため、夏合宿頃から模擬裁判の台本作りや役決め、リハーサルなどが毎週のように行われ、そちらの活動に力を入れていました。法学部生の方はいつでも大歓迎です。",毎週金・土・日曜日/不定期/学生会館,40人,1949年,0人,なし,"https://www.waseda.jp/inst/weekly/assets/uploads/2016/09/3161b184b21c807b43ccbc5c6d541810-940x1253.jpg, https://www.waseda.jp/inst/weekly/assets/uploads/2016/09/aec4b29741f777ef345fb0fb24dee716-940x705.jpg, https://www.waseda.jp/inst/weekly/assets/uploads/2016/09/577c5053b2ff71aa318fd3bc639807ae.jpg",https://www.waseda.jp/inst/weekly/circleguide/detail/?id=3500&lng=en,なし,なし,なし,https://twitter.com/keiken2016,なし,なし,なし,なし,なし,なし,なし,公式サイトから取得; リンク検証済み
C0191,3505,法社会学研究会,学問,法律,法社会学研究会は、法律学を学ぶ学生が、法律を学問することを通して相互に親睦を図ることを目的とした学生の団体です。いわゆる「中小法サー」とよばれるあまり規模の大きくない法律サークルではありますが、むしろ、大きな法サーにはないきめ細やかなコミュニケーションをとることができる点が魅力です。法社会学研究会では、法社会学やこれを始めとした基礎法に関する学習のみならず、実定法に関する学習にも積極的に取り組んでいます。特に、法律の初学者である1年生向けには、とりわけ必修科目である憲法・民法・憲法を中心とした学習会を開催し、新入生の学びをサポートするとともに、上級生の法律学に関する理解の向上にも役立てています。他にも、合宿や、裁判所見学といった活動も行っています。また、学生会館8階にある会室は、会員に対して常に開かれており、法学の学習をはじめとした日々の活動の場として活用しています。本棚には、法律書をはじめとした専門書や実用書だけでなく、小説などの一般文芸作品なども幅広く、かつ数多く取りそろえられています。会室は、学習の場としてだけでなく、会員相互の親睦を深める場としても、居心地の良い空間を目指しています。,毎週水曜日/5限/学生会館,32人,1950年,1人,なし,なし,https://www.waseda.jp/inst/weekly/circleguide/detail/?id=3505&lng=en,なし,なし,なし,https://twitter.com/w_hosyaken,なし,なし,なし,なし,なし,なし,なし,公式サイトから取得; リンク検証済み; 写真URLなし
C0192,3498,公法研究会,学問,法律,"公法研究会は法学部の学生を中心とした法律サークルです。法学部の学生さんはもちろん、法学部以外の方も募集しています。
/
/公法研究会は多くの法律サークルとは異なる点が多々あります。まず、公法研究会では主に憲法問題について扱います。また、一般的に法律サークルは授業の復習的な内容をレクチャー形式で行いますが、公法研究会ではディスカッション形式で行います。
/
/公法研究会の最大の魅力はやはり、このディスカッションにあります。一般的に勉強というと、先生の話を聞く、本を読むなどインプットを思い浮かべますが、我々はディスカッションを通じて、自分の考えを言葉にする、他人に説明する、といった勉強をします。この勉強では法律的な勉強だけでなく、さまざなな分野で役立つ能力を養えます。
/
/もちろん、互いに議論することで会員同士の中は良くなりやすく、非常にアットホームなサークルです。この機会に大学らしい勉強をしてみませんか？",毎週金曜日/18時半〜/3号館・学生会館,43人,1952年,0人,あり,なし,https://www.waseda.jp/inst/weekly/circleguide/detail/?id=3498&lng=en,なし,なし,なし,https://twitter.com/koken_1954,なし,なし,なし,なし,なし,なし,なし,公式サイトから取得; リンク検証済み; 写真URLなし
C0193,3495,蛍法会,学問,法律,蛍法会、通称「ほたる」では、週3回のレクチャー（月曜日：刑法、水曜日：憲法、金曜日：民法）により、単位取得が困難と言われる法学部の試験を乗り切る手助けをします。普段の活動では真面目に法律を勉強する一方、活動後にはみんなでごはんを食べに行ったりおよそ月1回の頻度で開催されるイベントでみんなで遊んだりと、勉強と遊びのメリハリがしっかりとつけられていることがほたるの長所です。また、人数も多すぎず少なすぎずのちょうどいい人数なため、大規模サークルの幅広い交流・小規模サークルのアットホーム感という両方の長所を兼ね備えた中規模サークルとなっています。なにより、大学生活のほとんどを8号館で過ごす法学部生にとって、8号館での居場所を得られるというのが法律サークルの強みだと思っています。ぜひ充実したほたるライフを共に歩みましょう！,毎週月・水・金曜日/18時〜/学生会館・3号館など,50人,1956年,3人,あり,なし,https://www.waseda.jp/inst/weekly/circleguide/detail/?id=3495&lng=en,なし,なし,なし,https://twitter.com/hotaru_1956,なし,なし,なし,なし,なし,なし,なし,公式サイトから取得; リンク検証済み; 写真URLなし
C0194,3501,犯罪学研究会,学問,法律,"犯罪は社会を知る手がかりの一つです。
/
/　私たちは毎年、犯罪や刑事政策に関する論題を一つ決め、それについて週に1度程集まって勉強しています。秋にはその成果の発表も行います。昨年は「非行少年・若年犯罪者に対する就労支援〜再犯・再非行防止に向けて〜」というテーマでした。詳しい報告内容についてはブログに掲載していますので関心のある方はご覧ください。
/
/　また、書物の上での学習だけでなく、関連する施設を参観したり実務家の方々にお話を伺いに行ったりすることもあります。昨年は少年鑑別所や犯罪者を雇用している企業を訪ねました。犯罪は人々の興味の的になりがちでありながら、その実態を知る機会は少なく、印象や想像で語られることも少なくありません。現実から遊離しないためにも実際の現場に足を運ぶことも大切です。この様な実地調査は当サークル活動の特徴の一つです。",週に一度集まりますが、曜日は皆で話し合って決めています。場所は主に学生会館の会室です。,39人,1978年,0人,あり,なし,https://www.waseda.jp/inst/weekly/circleguide/detail/?id=3501&lng=en,なし,なし,なし,なし,なし,なし,なし,なし,なし,なし,なし,公式サイトから取得; リンク検証済み; 写真URLなし
C0195,3509,国際法研究会,学問,法律,当サークルは日本および世界で開催されている国際法を用いた模擬裁判大会に参加するサークルです。過去5年間連続で、日本代表チームとして最も著名な大会であるJessup Cupに出場しています。1年生は、週1回のゼミで、3年生からレクチャーしてもらい、国際法の基礎知識を楽しく学びます。1年の冬から2年生にかけて本格的に大会に出場します。2月には宇宙に関する国際法を用いた大会に参加し、1年生は初めて公式大会に出場し、他校と実力を競います。7月には、2度目の公式大会であるJapan Cupがあり、京大や東北大、上智大といった強豪校とも対戦します。夏休みにはAsia Cupがあり、外国の大学のチームと英語弁論で競います。後期に入ると先述のJessup Cupの国内予選に参加し、世界大会出場を目指します。この大会はそれまでの活動の集大成となるものです。,毎週月〜金曜日（内1日）/14：00〜/学生会館など,120人,1988年,1人,あり,"https://www.waseda.jp/inst/weekly/assets/uploads/2016/09/b49af1378edf9e0cc5972e7e8c0e80c7-940x705.jpg, https://www.waseda.jp/inst/weekly/assets/uploads/2016/09/744a5cba40c72a5948e8911fb0940ffc.jpg, https://www.waseda.jp/inst/weekly/assets/uploads/2016/09/8353187100f5f4283a855b03ec697fe7.jpg",https://www.waseda.jp/inst/weekly/circleguide/detail/?id=3509&lng=en,なし,なし,なし,https://twitter.com/waseda_wilc,なし,なし,なし,なし,なし,なし,なし,公式サイトから取得; リンク検証済み
C0196,3510,現代司法研究会,学問,法律,現代司法研究会（通称げんしけん)は、早稲田大学の公認サークルです。法学部にある法律サークルの一つであり、サークル員は早稲田大学法学部の学生で構成されています。現代司法研究会の活動は試験前には勉強会を行うこと、それ以外には日々のサークル員同士の交流や弁護士事務所訪問、学内法律討論会、そして現役弁護士たちと毎年厚生労働省前で行われる薬害根絶デーに実行委員として参加していることです。他のサークルに比べると各学年10人ほどの少人数のサークルではありますが、早稲田大学内での活動はもちろんのこと、それ以外にも薬害根絶デー実行委員を通して、弁護士と共に行う仕事といった学外のものまで幅広く活動を行っています。,情報なし,43人,1988年,0人,なし,"https://www.waseda.jp/inst/weekly/assets/uploads/2016/09/53d22025986be977190bf33f729daedb.jpg, https://www.waseda.jp/inst/weekly/assets/uploads/2016/09/622858d58beeba784e3def120e0c57b4.jpg, https://www.waseda.jp/inst/weekly/assets/uploads/2016/09/630703b2cddd502c07e8791d0544a818.jpg",https://www.waseda.jp/inst/weekly/circleguide/detail/?id=3510&lng=en,なし,なし,なし,https://twitter.com/genshiken_wsd,なし,なし,なし,なし,なし,なし,なし,公式サイトから取得; リンク検証済み; 活動日時・場所なし
C0197,3599,Welcome-Law School,学問,法律,大学院法務研究科へ入学した学生を対象にした新入生歓迎会や修了生祝賀会の開催を通じて、司法試験合格やその後に有意義なつながりを築くきっかけを提供しています。上記催し物は準公式の伝統行事として、毎年非常に多くの学生や先生方、OB・OGの法曹として活躍されている先輩方にご参加いただいています。また近年は、ロースクール稲門会とも協力を深め、一層縦のつながりを深めることを図っています。司法試験合格は長く苦しい道のりという一面を待ちますが、互いに励まし合い切磋琢磨（せっさたくま）する仲間との出会い、恩師や諸先輩方からの激励によって、乗り越えることができるものと考えます。いばらの道を選んだ者同士、支え合っていける環境作りの一助になりたいと願い、活動を続けています。,不定期,30名,2004年,0人,なし,https://www.waseda.jp/inst/weekly/assets/uploads/2017/03/Welcome-Law-School1-940x705.jpg,https://www.waseda.jp/inst/weekly/circleguide/detail/?id=3599&lng=en,なし,なし,なし,なし,なし,なし,なし,なし,なし,なし,なし,公式サイトから取得; リンク検証済み
C0198,3601,Law&Practice,学問,法律,法学論文雑誌（ローレビュー）『Law&Practice』の編集・発刊を行っています。具体的には、本研究科の教員や卒業生の弁護士等の方々に論文執筆や座談会の依頼をして、その内容を雑誌にまとめて『Law&Practice』として発刊します。執筆等の依頼、編集、発刊、全国への発送、活動資金の調達を、学生が主体となって行っています。普段あまり会う機会のない先生や、弁護士、裁判官、検察官などと関わることができます。活動の成果が雑誌という形で残りますし、調べ物をしてて『Law&Practice』から引用された文献があったりして、とてもやりがいがあると思いますよ！雑誌『Law&Practice』の入手を希望される方、また、当サークルへの参加を希望される方はお気軽にご連絡ください！,7月・1月を除き月1回/27号館,約20人,2006年,0人,あり,なし,https://www.waseda.jp/inst/weekly/circleguide/detail/?id=3601&lng=en,なし,なし,なし,なし,なし,なし,なし,なし,なし,なし,なし,公式サイトから取得; リンク検証済み; 写真URLなし
C0199,3605,法学教室　Street Law,学問,法律,"初めまして。私たち法学教室Street Lawは、中学生・高校生を対象に、法教育の授業を行っている法務研究科承認団体です。
/
/法教育とは、「法的なものの考え方」や「憲法の理念」「ルールって必要？」などについて考えてもらう授業です。一方向的な授業ではなく、中・高生に届く言葉で、対話を通して考えてもらえるよう工夫しています。
/
/選挙権年齢の引き下げ、憲法をめぐる議論の活発化、若い世代が声を上げる機会が増えた一方で、政治や司法に無関心な若い人たちが多いのも現実です。私たちの授業が、法律について考えるキッカケ、材料になる事を期待しています。
/
/授業研究、講師をお招きしての勉強会、授業先の先生方との打ち合わせを重ねながら授業の準備に全力を挙げております。
/
/どうぞよろしくお願い致します。",不定期/早稲田キャンパス27号館,18人,2015年,0人,なし,なし,https://www.waseda.jp/inst/weekly/circleguide/detail/?id=3605&lng=en,なし,なし,なし,なし,なし,なし,なし,なし,なし,なし,なし,公式サイトから取得; リンク検証済み; 写真URLなし
C0200,3735,ジェンダー法研究会,学問,法律,法務研究科の公認サークルです。ジェンダー全般の課題について研究発表や討論を行っています。,不定期,20人,2020年,0人,なし,なし,https://www.waseda.jp/inst/weekly/circleguide/detail/?id=3735&lng=en,なし,なし,なし,なし,なし,なし,なし,なし,なし,なし,なし,公式サイトから取得; リンク検証済み; 写真URLなし
C0201,3795,WLSキャリアキャンバス,学問,法律,"WLSキャリアキャンバスは、早稲田大学法科大学院公認の事務所訪問サークルです。全体で150人以上のメンバーがおり、学期中・長期休みに活動を行っています。法律事務所訪問企画は、公式イベントと比較して、より事務所や弁護士の先生のカジュアルな面を拝見できると好評です。法律事務所に限らず、企業の法務部や官庁への訪問も積極的に行っています。様々な事務所に訪問する機会は、法律家になってからは難しい面もあります。ぜひ弊サークルの活動に参加して、どのような法律家になりたいか、どのような組織に入りたいか探求し、充実した早稲ローライフを過ごしましょう！
例年入学者に対して、キャリアイベントを開催しておりますので、ご興味がある方はぜひご参加ください。",不定期,150,2022年,情報なし,なし,なし,https://www.waseda.jp/inst/weekly/circleguide/detail/?id=3795&lng=en,なし,なし,なし,なし,なし,なし,なし,なし,なし,なし,なし,公式サイトから取得; リンク検証済み; 外国人学生の受け入れなし; 写真URLなし
C0202,3080,生物同好会,学問,自然科学,私たち生物同好会は、水、虫、鳥、両爬の四つの班に分かれ、それぞれがフィールドに出向き好きな生き物に触れ合うという活動形態をとっています。例えば水班は海釣りや磯採集、虫班は昆虫採集や標本作成、鳥班はバードウォッチング、両爬班は野外観察や自宅での生体飼育などの活動に取り組んでいます。といってもサークル内が完全にバラバラになって活動しているというわけではなく、春は新歓合宿、夏は夏合宿、秋は早稲田祭出展、冬はクリスマス会という形で全体活動も積極的に行っています。また、毎月班の活動を報告しあう定例会を開催しています。詳しくはサークルのWebサイト、Twitter、Facebookなどをご覧ください。「生き物は好きだけど、フィールドワークはやったことがないなぁ…」という初心者の方も、「高校では生物部に入っておりました、今年は房総の方まで昆虫採集をしに行きたいです！」という玄人の方も、私たちと一緒に自然の偉大さ、その魅力を感じに行きましょう！,"活動日時：不定期
/
/
/
/活動場所：自然、学生会館部室（E723号室）",70人,1949年,0人,あり,なし,https://www.waseda.jp/inst/weekly/circleguide/detail/?id=3080&lng=en,なし,https://wasedaseibutsu.blogspot.com/,なし,https://twitter.com/w_sdk,なし,なし,なし,なし,なし,なし,なし,公式サイトから取得; リンク検証済み; 写真URLなし
C0203,3081,天文同好会,学問,自然科学,"まったり星空を眺めることが好きな人が集まって活動しています。毎週の例会では、サークル所有の望遠鏡で学生会館の屋上から空を見てみたり、プラネタリウムに行ったり、天文台に行ったりなど、星や宇宙に関することをいろいろしています。早稲田祭に向けて大きなプラネタリウムを作ったりもします。/
///
// また、星を見るための合宿もたくさん行っています。長野や伊豆大島など、都心から離れたところでは満天の星空が見られますよ！星に詳しい人はもちろん、知識はないけどきれいな星空が見てみたい人も大歓迎です。ゆったりしたサークルなので、それぞれのペースで来てくれれば大丈夫です。一緒に天の川や流れ星、たくさんの星座を観測しましょう！",毎週水曜日/18:30~/学生会館11階,80人,1960年,2人,なし,"https://www.waseda.jp/inst/weekly/assets/uploads/2016/07/1X14C125-1-14-201607151223-74-940x626.jpg, https://www.waseda.jp/inst/weekly/assets/uploads/2016/07/1X14C125-1-15-201607151223-74-940x626.jpg, https://www.waseda.jp/inst/weekly/assets/uploads/2016/07/1X14C125-1-16-201607151223-74.jpg",https://www.waseda.jp/inst/weekly/circleguide/detail/?id=3081&lng=en,サークルサイト閉鎖,http://waxatenmon.wp.xdomain.jp/,https://www.instagram.com/waxa_tenmon/,https://twitter.com/waxa_souten,なし,なし,なし,なし,なし,なし,なし,公式サイトから取得; リンク検証済み; ウェブサイト（サークル）: リンク切れ (fetch failed)
C0204,3288,化石鉱物研究会(化鉱研),学問,自然科学,"化石鉱物研究会（化鉱研）は、化石や鉱物の採集・観察を通じて地球の姿を追い求めているサークルです！
/
/
/
/主な活動内容
/
/・採集会：月に１度実施。関東近郊の産地に行き、日帰りで化石や鉱物を採集します。安全な場所を選んでおり、経験豊富な先輩のサポートもあるため、化石・鉱物採集の経験がない人でも安心です。
/
/・合宿：主に夏休みに実施予定。普段の採集会では行けない遠くの産地に行き、採集を行います。関東とは違う現地の雰囲気を楽しめる点、時間をかけて思う存分採集できる点が魅力です。
/
/・早稲田祭：化石・鉱物の展示と販売を行います。
/
/・ミネラルショーや博物館などの見学：東京国際ミネラルフェア（新宿）、東京ミネラルショー（池袋）、国立科学博物館の特別展など、化石・鉱物の展示や販売が行われているイベントを見学します。
/
/・部室での活動：コロナ禍以前に行っており、現在復活を検討中です。採集品や購入品をみんなで観察・品評したり、化石や鉱物について勉強をしたりしながら、のんびりと楽しく過ごせる場をつくるために動き出しています。
/
/
/
/採集に慣れている方はもちろん、化石や鉱物に興味はあるけれど自分で採集に行くのは不安、産地についてはよく知らない…という方でも大丈夫です！現会員の多くは化鉱研に入って初めて採集をした人たちです。
/
/化石・鉱物が好きな方であれば、学年や経験問わずどなたでも大歓迎です。お気軽にいらしてください！","月に１回程度/関東各地の化石・鉱物産地
/
/
/
/部室での活動は現在検討中",30人,2009年,0人,あり,"https://www.waseda.jp/inst/weekly/assets/uploads/2017/03/cd35ca7252d4b9ab26d79c95b9340bfb-940x705.jpg, https://www.waseda.jp/inst/weekly/assets/uploads/2017/03/679c49aa356eb074835129575f3abe42-940x705.jpg, https://www.waseda.jp/inst/weekly/assets/uploads/2017/03/b021f681fd5a4e77279d3d5bda1001bd-940x705.jpg",https://www.waseda.jp/inst/weekly/circleguide/detail/?id=3288&lng=en,なし,https://kasekikoubutu.wixsite.com/kakouken,なし,https://twitter.com/kakoken2013,なし,なし,なし,なし,なし,なし,なし,公式サイトから取得; リンク検証済み
C0205,3736,iGEM - Waseda,学問,自然科学,"私たちは合成生物学の国際コンペティションiGEM(International Genetically Engineered Machine competition)という大会に出場するため、研究活動や合成生物学の普及活動をしています。合成生物学とは遺伝子組み換え技術などを用いて、生物に望むような機能を持たせるといった「作る生物学」のアプローチを通して、より生物システムへの理解を深めようとする学問です。代表的な例としては蛍光色に点滅したり、果物の匂いを発したりする大腸菌の作成があります。また、iGEMでは実験をするだけではなく、合成生物学を通した社会への貢献も求められます。私たちは附属の高校生に対して合成生物学の講義を行うことや、合成生物学の技術を用いた企業プロジェクトについても取り組んでいます。これらの活動を通して、学部生のうちからチームで研究することや他分野融合の大切さ、さらには科学技術と社会との関わりについて深く学ぶことができます。活動に参加するに当たって、生物に関する深い知識は必要ありません。大切なのは熱意と責任感のみです。文系理系問わず、みなさまの参加をお待ちしております。
/
/
/
/We are conducting research and promoting synthetic biology in order to participate in the iGEM (International Genetically Engineered Machine competition)， an international synthetic biology competition.
/
/We are conducting research and promoting synthetic biology in order to participate in the iGEM (International Genetically Engineered Machine competition)， an international synthetic biology competition. Synthetic biology is a discipline that seeks to deepen our understanding of biological systems through the approach of “creating life? in which genetic recombination technology is used to give organisms the desired functions. A typical example is the creation of E. coli bacteria that flash fluorescent colors and emit fruit smells. In addition to conducting experiments， iGEM students are also expected to contribute to society through synthetic biology. We give lectures on synthetic biology to the high school students， and we also work on entrepreneur projects that use synthetic biology technology. Through these activities， you can learn the importance of conducting research in a team and， as well as the relationship between science and technology and society. You do not need to have a deep knowledge of biology to participate in these activities. All that is important is enthusiasm and responsibility. We are looking forward to your participation， regardless of whether you are a humanities or science major.
/
/",授業期間：週一回ミーティング。時間等は応相談　長期休み：Twinsで実験、および毎週月曜18:00-19:30 ミーティング,18人,2020年,0人（英語学位プログラム在籍1人）,あり,"https://www.waseda.jp/inst/weekly/assets/uploads/2023/03/EN-040_1.png, https://www.waseda.jp/inst/weekly/assets/uploads/2023/03/EN-040_2-940x529.jpg, https://www.waseda.jp/inst/weekly/assets/uploads/2023/03/EN-040_3-940x518.jpg",https://www.waseda.jp/inst/weekly/circleguide/detail/?id=3736&lng=en,なし,https://igem-waseda.netlify.app/,https://www.instagram.com/igemwaseda/,https://twitter.com/Wasedaigem,なし,なし,なし,なし,なし,なし,なし,公式サイトから取得; リンク検証済み
C0206,3207,邦文速記研究会,学問,言語,"私たちは特殊な文字を使って朗読音声を書き取る「速記」という技術の練習をしているサークルです。/
///
///
///
//練習は平日5限に行っており、都合に合わせて好きなタイミングで参加できます。上級生が一人一人の進度に合わせて教えるので、あまり練習に参加できなくても自分のペースで速記を習得することができます。また、活動は速記の練習だけでなく、季節ごとに行うキャンプやクリスマス会、お出かけ会などイベントもたくさん開催しています。練習やイベントは全て自由参加です。そのため、学業や他の活動との両立も十分可能です。/
///
///
///
//何か特技がほしい人、変わったことをしたい人、大学に居場所がほしい人、どんな人でも大歓迎です。少しでも興味のある方はぜひ見学にいらしてください！皆さん一緒に速記を楽しみましょう！！",毎週月曜～金曜/17:00～18:40/学生会館,23人,1930年,0人,あり,"https://www.waseda.jp/inst/weekly/assets/uploads/2016/09/0912fdae884c2ec7ca4ce10c284f9929-940x704.jpg, https://www.waseda.jp/inst/weekly/assets/uploads/2016/09/81913d91f68b12bf1931eda631d58908-940x705.jpg, https://www.waseda.jp/inst/weekly/assets/uploads/2016/09/95bd949fa9428b71cd1a8c7ee3728373.jpg",https://www.waseda.jp/inst/weekly/circleguide/detail/?id=3207&lng=en,なし,なし,https://www.instagram.com/waseda_steno,https://twitter.com/waseda_steno,なし,なし,なし,なし,なし,なし,なし,公式サイトから取得; リンク検証済み
C0207,3208,英語部 (WESA),学問,言語,"皆さんこんにちは！英語部(WESA)は創立70年以上を誇る公認サークルで、1年生から3年生まで100人以上が所属しています！当サークルは英語力の向上と部員全員の親睦を目的に活動しています。メインの活動はディベート、ディスカッション、スピーチ、レッスンの4つです。またこれらの活動に関する日本有数の規模の大会を運営しています。年4回の合宿に加え、数多くの企画を行っており、規模の大きいサークルにもかかわらず、全員と親睦を深めることができます！遊びも英語も全力で楽しみたい、学生生活を楽しみたいというそこの君！WESAで待ってます！
Hello! We are an official circle with over 100 members， aiming to brush up our English skills， and build bonds between members.? / /Our activities are debate， discussion， speech， and lesson. We hold practices and even organize tournaments! There are 4 camps and other fun events throughout the year! / /Want to have a blast? Come to WESA!",週5日(月〜金)/13時〜18時(参加時間や参加頻度は各自で決められます)/学生会館,120人,1951年,2人,あり,https://www.waseda.jp/inst/weekly/assets/uploads/2026/03/b2dee5968b7160cd9912e8a0bbcbb2a5-940x705.jpg,https://www.waseda.jp/inst/weekly/circleguide/detail/?id=3208&lng=en,なし,https://kj0576.github.io/wesa./,https://www.instagram.com/wesa_2026/,https://x.com/wesa_shinkan,なし,https://lin.ee/KgQol1s,なし,なし,なし,なし,なし,公式サイトから取得; リンク検証済み
C0208,3206,スペイン語研究会,学問,言語,スペイン語研究会は1960年設立の早稲田の中でも歴史あるサークルです。ほとんどの人が第2外国語を学び始めるのは大学に入ってからのことが多いと思います。どうやって勉強していけばいいのか、おすすめの辞書や参考書は…？と不安なことも多々あるでしょう。そんなお悩みはスペイン語研究会に入れば一発解決！分からないところを自称「できる先輩」たちと考え、共に学ぶ仲間を作りましょう。語学勉強にとどまらず、お祭りのボランティアやスペイン料理作りなど活動は多岐にわたります。近年から会長に教育学部複合文化学科の教授、後藤先生をお迎えしました。大変スペイン語に熱い先生ですので、きっと相談にも乗ってもらえるかも！？ちょっとでも興味があれば、ぜひ一度部室へお越しくださいませ。,日時は学期ごとに部員の予定を聞き相談して決めます。学生会館E536の部室で活動しています。,10人,1960年,0人,あり,"https://www.waseda.jp/inst/weekly/assets/uploads/2017/03/c871b1820fe6d4220bf8fd237b30b7f2.jpg, https://www.waseda.jp/inst/weekly/assets/uploads/2017/03/1f424d1df3bf4e47a9288bd6426e0b6d.jpg",https://www.waseda.jp/inst/weekly/circleguide/detail/?id=3206&lng=en,なし,なし,なし,https://twitter.com/supekenwaseda,なし,なし,なし,なし,なし,なし,なし,公式サイトから取得; リンク検証済み
C0209,3516,早稲田大学理工英語会,学問,言語,"私たちのサークルの良さは主に「英語を使って活動できること」「他大学交流できること」の2点です！
/
/
/
/〇英語の活動：主に4つの活動があります！
/
/1.Value Discussion
/
/ディスカッションでは簡単な自己紹介から哲学的な話、社会問題までさまざまなテーマについて英語で話し合います。英会話力が伸びるだけではなく、同時に論理的に物事を考える力がつきます。何か1つのものごとについて仲間と議論を交わすというのは面白いものです。
/
/
/
/2.Guide
/
/その名の通り外国人の方の観光案内(ガイド)する活動です。場所は皇居や浅草、明治神宮で日本の有名な観光地です。ネーティブの方と会話をすることで生の英語に触れるだけでなく、会話を通じてその国の文化に触れることもできます！
/
/
/
/3.Speech
/
/スピーチ大会では英語の流ちょうさに加えてスピーチの内容、話しぶりなどさまざまな要素を評価されることになるため、本気でスピーチに取り組めば、英語力がぐんと伸びるだけではなくプレゼンテーションや論理的思考力などさまざまな能力に磨きがかかります！
/
/
/
/4.PDD Discussion
/
/決められた社会などのテーマに対して、英語で意見をぶつけ合います。チャート用紙を使うのが特徴的で英語力だけでなく、プレゼン能力も格段に上がります。ランクと呼ばれる賞をとることもできますよ！
/
/
/
/〇他大交流
/
/このサークルの魅力はずばり、『他大の人と交流を持てること』です！
/
/いわゆるESS(English Speaking Society)は他の大学にもあり、ディスカッション大会やガイドをすることで他大ESSの人たちと仲良くなれます。
/
/
/
/きっと、楽しいサークルライフを楽しめますよ！",毎週、月水金のうち2回,40人,1962年,0人,あり,"https://www.waseda.jp/inst/weekly/assets/uploads/2016/07/1X14C125-1-14-201607151223-50-940x705.jpg, https://www.waseda.jp/inst/weekly/assets/uploads/2016/07/1X14C125-1-15-201607151223-50-940x705.jpg, https://www.waseda.jp/inst/weekly/assets/uploads/2016/07/1X14C125-1-16-201607151223-50-1-940x705.jpg",https://www.waseda.jp/inst/weekly/circleguide/detail/?id=3516&lng=en,なし,なし,なし,https://twitter.com/webwress,なし,なし,なし,なし,なし,なし,なし,公式サイトから取得; リンク検証済み
C0210,3488,中国語学習会,学問,言語,"中国語でゆるーくおしゃべりやゲームをしています。一緒に中検やHSKなどの検定対策をすることも可能。ときどき映画にお出かけ，料理パーティーもやってます！
/
/
/
/参加者は多種多様。メンバーには初心者も上級者もいます。中国語圏出身の人や，日本生まれの中国系家庭の人も大歓迎です。また，大学生活の途中から入会する人も数多くいます。
/
/
/
/活動は週に2回で，長期休みは主にイベントをする予定です。来たいときだけ来るのもOKです。
/
/
/
/友だちづくりをしながら同時に言語学習もしたい人にはぴったりのサークル。まずは一度体験にいらしてください！
/
/
/
/We learn Chinese by communicating with students from China and other Chinese-speaking countries.
/
/
/
/We have a fun conversation and play games in both Chinese and Japanese in a relaxed atmosphere. We also offer training for Chinese qualification exams such as HSK. We also sometimes go to the cinema， hang out or have a cooking party!
/
/
/
/Our members come from a variety of backgrounds. Some are beginners and some are advanced. We also have members from Chinese-speaking countries or Chinese families in Japan.
/
/
/
/We meet twice a week and have events during the holidays. You are welcome to join the activities only when you are free.
/
/
/
/Our club is for those who want to learn languages and make friends at the same time. Anyway， come and try our activities.",週2回（曜日不定）/16時半〜19時/学生会館,85人,1972年,34人,あり,"https://www.waseda.jp/inst/weekly/assets/uploads/2016/09/4910f42fa9067071ee84b891c5247ac1-940x705.jpeg, https://www.waseda.jp/inst/weekly/assets/uploads/2016/09/8baab2d95d9c4a19e8b56c74893bef88-940x627.jpeg, https://www.waseda.jp/inst/weekly/assets/uploads/2016/09/b37a10596f7414e9b3df0d6ba040f481-940x705.jpeg",https://www.waseda.jp/inst/weekly/circleguide/detail/?id=3488&lng=en,なし,なし,https://www.instagram.com/wasechaiken_2021/,https://twitter.com/wasechaiken,なし,なし,なし,なし,なし,なし,なし,公式サイトから取得; リンク検証済み
C0211,3076,手話さあくる,学問,言語,早稲田大学手話さあくるは、1982年に設立された早稲田公認のサークルです。部室は戸山キャンパスの学生会館(E203)にあります。春学期活動の中心である「企画」は毎週月曜日・金曜日の6限の時間帯（18:55〜20:35）に学生会館で行われています。講師をお招きするのではなく、上級生が教えています。インカレもできるので早稲田生だけでなく、多くの他大生も楽しく活動に参加できます。秋学期は手話を使ったイベントをするための練習を主な活動としています。春学期企画では1年生は上級生と一緒に手話を学び、秋学期で春学期に学んだ手話を使う場としてイベントを行うので1年間で手話が上手になります。ほとんどのメンバーが大学から手話を始めていますが、手話で楽しんで会話ができるようになっています。,毎週月・金曜日/6限(18:55-20:35)/学生会館,58人,1982年,3人,なし,"https://www.waseda.jp/inst/weekly/assets/uploads/2026/05/28877232bc04e6a07ff3c16eb0a4f0e4-940x638.jpg, https://www.waseda.jp/inst/weekly/assets/uploads/2026/05/012bb4b824e4f13f06790af0e02b531a-940x313.jpg",https://www.waseda.jp/inst/weekly/circleguide/detail/?id=3076&lng=en,なし,なし,https://www.instagram.com/syuwaseda/,https://twitter.com/syuwaseda,なし,なし,なし,なし,なし,なし,なし,公式サイトから取得; リンク検証済み
C0212,3487,Paddy Fielders' Tea Party（実用英語）,学問,言語,"Paddyは国内で英語力を身に着けたい！という思いを持った人のインカレサークルです。ではPaddyでなにが得られるのかお答えします！
/
/
/
/1.実践的な英語力
/
/TOEFL TOEICのスコアが上がった、満点近くを取れたという人もいます！英会話が中心なので外国の方と英語で話せるようになっちゃいます（笑）
/
/
/
/2.留学生の友達
/
/毎秋留学生を募集します。母国語が英語の人と英語で話せて実践的な英語を教えてくれるので英語力が上がるのはもちろん、仲良くなって留学生の友達が作れちゃいます！ 1年後留学生は帰りますが、旅行する時はガイドしてくれたり家に泊めてくれたりとても楽しいです！
/
/
/
/3.他大学の友達
/
/Paddyはインカレサークルでさまざまな大学（立教　明治　日本女子　家政　聖路加看護　東京女子医 etc.）から人が集まります！ 早稲田にいただけではつながれないような人たちが多くいます。
/
/
/
/4.最高の思い出
/
/英会話サークルか…すごく真面目なのかなーって思いますよね？ 活動自体はちゃんとやります。活動の間は英語を練習しましょう！（笑）でもそれ以外の時間はいっぱい遊びます！週末に誰かが企画してドライブしたり家に集まったりして遊んでます。先月はパラグライダーしてきました！（笑）
/
/
/
/5.豊富なイベント
/
/個人的な企画だけでなく年4回の合宿（春夏秋冬）納涼船 ハロウィーンパーティー クリスマスパーティー お花見などPaddyの企画チームがさまざまなイベントを開催します！",毎週火・金曜日/18時半〜20時半/学生会館,60人,1992年,5〜10人,あり,"https://www.waseda.jp/inst/weekly/assets/uploads/2016/07/1X14C125-1-16-201607151223-95-940x1254.jpg, https://www.waseda.jp/inst/weekly/assets/uploads/2016/07/1X14C125-1-15-201607151223-95-940x628.jpg, https://www.waseda.jp/inst/weekly/assets/uploads/2016/09/f79a1bf578c25ddd4da1b84f8f7d63b0-940x628.jpg",https://www.waseda.jp/inst/weekly/circleguide/detail/?id=3487&lng=en,なし,なし,なし,https://twitter.com/paddy_waseda,なし,なし,なし,なし,なし,なし,なし,公式サイトから取得; リンク検証済み
C0213,3281,Waseda Association Of Debaters,学問,言語,"WADは英語で即興ディベートをするサークルです。ディベートのテーマは身近な社会問題から国際的な政治課題まで幅広く取り扱っています。スピーチ時間の中で自分たちのパラダイム（世界観）を言語で表現できるのがディベートの魅力です。ディベート経験者であったり、英語がペラペラである必要はありません。WADは比較的純ジャパ（※海外の長期滞在経験がない）、ディベート初心者が多い中でも、英語ディベート界では強豪であり国内外の大会で優秀な成績を収めています。ディベートを続けるうちに批判的思考力、プレゼン力、論理力が自然に身に付きます。また、国際関係について知識を多く持った先輩方や、他大学の同期と大会で交流するチャンスも多く、刺激のある学生生活を送ることもできます。大学で新しいことに挑戦してみたいあなたも、ディベートを始めてみませんか？
/
/
/
/
/
/We are an English Debating Circle specializing in Parliamentary debate!
/
/
/
/WAD is a circle for Parliamentary debates in English. Debate topics range from familiar social issues to international political issues. The appeal of debate is that we can express our paradigm (worldview) in the language during our speech time. You do not need to be an experienced debater or a fluent speaker of English to join WAD. WAD is a strong institution in the English debate world and has achieved excellent results in national and international competitions， despite the fact that many of our members are relatively pure Japanese (*no long-term overseas experience) and beginners. As you continue to debate， you will naturally acquire critical thinking， presentation， and logic skills. You will also have many chances to interact with seniors who have a lot of knowledge about international relations and with your classmates from other universities at tournaments， and you will also be able to lead a stimulating university life. If you want to try something new in university， why don't you start debating?",毎週火・木・金曜日/17時00分〜(5限〜)/早稲田キャンパス10号館もしくは7号館,90人,2008年,5人,あり,"https://www.waseda.jp/inst/weekly/assets/uploads/2017/03/Waseda-Association-Of-Debaters1-940x627.jpg, https://www.waseda.jp/inst/weekly/assets/uploads/2017/03/Waseda-Association-Of-Debaters2-940x627.jpg, https://www.waseda.jp/inst/weekly/assets/uploads/2017/03/Waseda-Association-Of-Debaters3-940x705.jpg",https://www.waseda.jp/inst/weekly/circleguide/detail/?id=3281&lng=en,なし,https://wasedadebate.weebly.com/,なし,https://twitter.com/WasedaDebate,なし,なし,なし,なし,なし,なし,なし,公式サイトから取得; リンク検証済み
C0214,3212,早稲田文芸会,学問,日本文学,"早稲田文芸会、縮めて「わせぶん」は1911年
/
/創立の早稲田最古を自称する文芸サークルです！ わせぶんでは主に文芸作品の創作と、その合評を中心に活動しています。執筆機会は多く、文化祭で販売する冊子『裸婦餓鬼』の製作や、春と秋の文学フリマへの出店など精力的に活動しています。サークル内でも月に1度の頻度で部内合評会を開催しています。また文芸作品の創作以外にも読書会や勉強会を開いており、既存の文芸作品に対してもアプローチを行っています。扱っているジャンルは、小説、漫画、詩歌、映画など文字媒体に関わっている文化的作品なら何でも。小説のジャンルも幅広く、純文学、大衆文学、日本文学、海外文学、哲学、現代批評などさまざまな分野を範囲としています。書きたい人も書かない人も、大歓迎！ それぞれの部員が自分の興味分野に取り組んでいるサークルなので、とてもまったりとした雰囲気です。合宿やレクリエーションも行っています。「わせぶんよいとこいちどはおいで！」",随時/学生会館E728,75人,1911年,1人,なし,"https://www.waseda.jp/inst/weekly/assets/uploads/2016/09/f1eb01a54a68c3f84d2a8dd83a18a7d7-940x705.jpg, https://www.waseda.jp/inst/weekly/assets/uploads/2016/09/3ad94506a416651dcc6d92a60af0ca0c-940x705.jpg, https://www.waseda.jp/inst/weekly/assets/uploads/2016/09/48f95c62b8fee1df7940452e0cca0729-940x627.jpg",https://www.waseda.jp/inst/weekly/circleguide/detail/?id=3212&lng=en,なし,なし,なし,https://twitter.com/wasebun,なし,なし,なし,なし,なし,なし,なし,公式サイトから取得; リンク検証済み
C0215,3213,短歌会,学問,日本文学,"短歌会（通称「わせたん」）では毎週火または金曜日の18時半より早稲田大学戸山キャンパス学生会館の会議室で歌会という短歌の批評会や勉強会を行っています。年に1度『早稲田短歌』という機関誌を発表し、短歌の連作作品や評論、一首評なども発表することが可能です。また、春と夏には全国の学生短歌会と合同での合宿も行い、わせたんでは夏の合宿幹事を担当し、合宿を盛り上げていきます！
/
/OB・OGには角川短歌などの新人賞を受賞した先輩方も多く、経験者はもちろん、初心者の方も短歌に対する興味関心を高めていくことが可能です。学生であれば他大学の学生も大歓迎ですのでぜひ一度お気軽に足をお運びください。",毎週火または金曜日/学生会館会議室,約30人,1926年,0人,なし,"https://www.waseda.jp/inst/weekly/assets/uploads/2016/09/05126a963cc32f9d629c08780c794f68.jpg, https://www.waseda.jp/inst/weekly/assets/uploads/2016/09/591f5aae16956287b8cbdb49a6a0042a.jpg, https://www.waseda.jp/inst/weekly/assets/uploads/2016/09/3ff511383e7ee9ff6131d3897b30a2f7.png",https://www.waseda.jp/inst/weekly/circleguide/detail/?id=3213&lng=en,なし,なし,なし,https://twitter.com/wasetan,なし,なし,なし,なし,なし,なし,なし,公式サイトから取得; リンク検証済み
C0216,3209,早稲田大学現代文学会,学問,日本文学,春・秋の年2回行われる文学フリマ東京での販売に向けたサークル誌『Mare』の製作（創作・批評・編集）を軸に、文学一般・批評理論・哲学・映画・音楽・演劇など多分野にわたる勉強会や、文芸作品をじっくりと読み込む読書会、会員の興味分野に沿った人をお招きしてお話を伺う講演会を行っています。その他夏には合宿があります。皆さん、好きな作家や好きな作品がおありだと思います。それらのどこが好きなのか、なぜ好きなのかを考えられる場です。お世辞にも大きな団体とは言えませんが、 全く違うことをやっている人から多大な刺激を受けたり、方向が似た人と一緒に勉強会を開いたりすることで、会員の皆さんが今一番やりたいこと、勉強したいことを支えることができるサークルです。他大学の方、留学生の方も大歓迎です。,会員の都合に合わせて/学生会館,22人,1938年,0人,あり,なし,https://www.waseda.jp/inst/weekly/circleguide/detail/?id=3209&lng=en,なし,なし,なし,https://twitter.com/genbun_second,なし,なし,なし,なし,なし,なし,なし,公式サイトから取得; リンク検証済み; 写真URLなし
C0217,3217,ワセダミステリ・クラブ,学問,日本文学,ミステリはもちろん、ＳＦ、ファンタジー、ラノベ何でもありの総合文芸サークルです。初代顧問はかの江戸川乱歩。卒業生には北村薫、宮内悠介などプロとして活躍している方もいます。読み専も創作したい人もゆるく活動しています。,不定期/13時/学生会館,80人,1957年,0人,なし,"https://www.waseda.jp/inst/weekly/assets/uploads/2016/07/1X14C125-1-14-201607151223-87.jpg, https://www.waseda.jp/inst/weekly/assets/uploads/2016/07/1X14C125-1-15-201607151223-87.jpg, https://www.waseda.jp/inst/weekly/assets/uploads/2016/09/fe2936e97c602c8164b08a36e68aca46.jpg",https://www.waseda.jp/inst/weekly/circleguide/detail/?id=3217&lng=en,なし,なし,なし,https://twitter.com/wasemisu,なし,なし,なし,なし,なし,なし,なし,公式サイトから取得; リンク検証済み
C0218,3210,詩人会,学問,日本文学,月に1〜2回、おのおのの作品を持ち寄って評し合う合評会を中心に、その時々の有志で詩作品を読む座談会なども開催。文学フリマ東京では部誌を発刊・頒布。あとは学生会館11階でソファに寝そべり、スカイツリーを眺めながらおのおの好き勝手にのんびりやっています。創作と読書に関してだけは活発に、ですがその他の義務や制約は破綻しない程度に緩くがモットー。兼サーももちろん可。執筆に本気で身を投ずるも、読むだけ読んで帰るも、何となく流れ着いてぼーっとしているも良し。いわゆる現代詩とその創作が主軸にはありますが、小説や戯曲、音楽、批評などに比重のある方の加入もお待ちしている他、部誌編集のできる方も随時募集しております。,不定期/学生会館,33人,1960年,0人,なし,なし,https://www.waseda.jp/inst/weekly/circleguide/detail/?id=3210&lng=en,なし,なし,なし,https://twitter.com/w_shijin,なし,なし,https://www.waseda.jp/inst/weekly/news/2019/06/12/62968/,なし,なし,https://note.com/waseda_shijinkai/,なし,公式サイトから取得; リンク検証済み; 写真URLなし
C0219,3218,児童文学研究会,学問,日本文学,児童文学研究会は文芸、絵本・工作、詩、評論、読み聞かせの五つのパートで構成される総合文芸サークルです。各パートの活動は曜日ごとに異なり、文芸パートは小説の創作と合評を、絵本・工作パートはお絵描きや工作を、詩パートは決められたテーマに沿って詩、短歌、俳句など、それぞれ自由な形での詩の創作・合評を、評論パートはレポーターと呼ばれる人が選んだ文学作品について、みんなで感想・批評・解釈の語り合いを、読み聞かせパートは新宿区立鶴巻図書館にてそこに来る子どもたちに紙芝居や絵本の読み聞かせを、行っています。また、子どもを対象とした読み聞かせのイベントや、早稲田祭に向けた冊子制作も行います。創作活動に興味がある人、子どもと遊びたい人、好きなものを語りたい人が集まって、自由で楽しい雰囲気の中で活動しています。,毎週月･水･木･金曜日/18時半/学生会館　毎週土曜日/14時/学生会館,77人,1972年,1人,なし,"https://www.waseda.jp/inst/weekly/assets/uploads/2016/08/1X14C125-1-14-201607151223-113-940x569.jpg, https://www.waseda.jp/inst/weekly/assets/uploads/2016/08/1X14C125-1-16-201607151223-113-940x575.jpg, https://www.waseda.jp/inst/weekly/assets/uploads/2016/09/b5b92258daf5b86cf708b67de515d599-940x680.jpg",https://www.waseda.jp/inst/weekly/circleguide/detail/?id=3218&lng=en,なし,なし,なし,https://twitter.com/jibunken_waseda,なし,なし,なし,なし,なし,なし,なし,公式サイトから取得; リンク検証済み
C0220,3749,愁文会,学問,日本文学,愁文会はテーマに沿った2000字〜5000字の競作と呼ばれる短編小説を執筆し、それを会員内で共有して感想会を行うことを主な活動とするサークルです。競作の頻度は月に1〜2回で、今まで開催した競作のテーマ例としては「注文」「再○○」「教育」など様々です。また、年に2回会誌の『白紙』を制作しています。制作した『白紙』は早稲田祭や文学フリマで頒布を予定しています。通常の競作以外にも、字数の制限を無くして自由に好きなだけ書く字数無制限競作も年に2回程開催しています。競作の提出や感想会への出席に毎回の参加は必須ではなく、会員それぞれが都合の合う時にさらっと参加している感じです。「書く」創作活動や編集作業など文字に興味がある人が、創作経験や読書経験の多少に関わらず和気あいあいと活動しています！,随時/オンライン上あるいは学生会館,70人,2020年,0人,なし,"https://www.waseda.jp/inst/weekly/assets/uploads/2022/01/logo0040-940x940.png, https://www.waseda.jp/inst/weekly/assets/uploads/2022/01/IMG_1628-940x705.jpg, https://www.waseda.jp/inst/weekly/assets/uploads/2022/01/IMG_1629-940x705.jpg",https://www.waseda.jp/inst/weekly/circleguide/detail/?id=3749&lng=en,なし,なし,なし,https://twitter.com/shuubunkai_1005,なし,なし,なし,なし,なし,なし,なし,公式サイトから取得; リンク検証済み
C0221,3132,虚竹会,学問,日本文化,虚竹会は琴古流の尺八サークルです。J-POPから古典本曲まで、いろんな曲を演奏できるのが魅力です！ 毎週月曜日にプロの指導を、年会費無料で受けられます。創立100周年を超える伝統あるサークルです。いつでも入会可能で、兼サーも全然大丈夫です。またインカレサークルなので他大学の方も入れます。尺八は竹に5つの穴を空けて作られたシンプルな楽器です。構造がシンプルな分、さまざまな音色を出すことができ、吹く人によっても音色が変わるので、皆それぞれの音作りができるのが魅力です。最初は音を出すのに少し苦労しますが、師範の先生や先輩が丁寧に教えるのですぐに音が出るようになります。大学で一生続けられる趣味を始めてみませんか？,毎週月曜日・金曜日/13時〜18時/学生会館,25人,1906年,1人,あり,"https://www.waseda.jp/inst/weekly/assets/uploads/2016/09/26eb3952a2e01c9bba194ad29a2d09f4-940x705.gif, https://www.waseda.jp/inst/weekly/assets/uploads/2016/09/718f8da7611491456fb39f677c0a365e.gif, https://www.waseda.jp/inst/weekly/assets/uploads/2016/09/4203b7f17c3e538962f3a8d574e77adc-940x705.gif",https://www.waseda.jp/inst/weekly/circleguide/detail/?id=3132&lng=en,なし,なし,なし,https://twitter.com/kochikukai1003,なし,なし,なし,なし,なし,なし,なし,公式サイトから取得; リンク検証済み
C0222,3135,竹友会,学問,日本文化,"早稲田大学竹友会は1920（大正9）年に創立した純古典邦楽を扱う団体です。古典芸能と聞くと「堅い」「暗い」「渋い」といったイメージを持たれるかもしれませんが、いままでの先輩たちは皆まったく古典芸能に触れてこなかった人たちばっかりです！初心者大歓迎！！さらに最近はさまざまな団体とコラボしているので、どんどん演奏したい人には出演機会も多々あります！（ただ会としての演奏は前期の勉強会と後期の演奏会のみになりますので、それだけしか出たくない人も忙しいひとも大丈夫です。というかそういう人がほとんどです。）
/
/　早稲田大学で唯一、箏（そう）尺八三味線を一つの団体で行っています。竹友会は春学期に行われる勉強会と秋学期の竹友会単独演奏会を目標に練習を行っています。また合宿は春と夏に年に2回あります。普通のサークルの合宿では行かないようなところにもいけますよ！
/
/　竹友会は「早稲田大学古典芸能連盟」と「関東学生三曲連盟」に加盟しています。早稲田大学古典芸能連盟では年2回、春の演奏会と早稲田祭での演奏会を合同で行っています。協力して新歓を行ったり懇親会を行ったりして、早稲田大学内の古典芸能系サークル間での交流を盛んにしています。関東学生三曲連盟は、年2回の演奏会と年2回の合宿を中心に、さまざまなイベントがあります。25を超える大学が参加していて他大学と交流ができますよ。
/
/　竹友会は96年目の団体なので縦の交流もさかんです。とにかくアットホームでだれでもウエルカムです！！広い部室もあります！少しでも古典芸能に興味がある方はぜひお稽古に来てみてください！基本的には毎週土曜日にお稽古を行っています。いつでも練習ができる環境にありますので、勉強やバイト、他のサークルに忙しいひとでも両立できます！皆さんと共に演奏ができること、楽しみにしております！！！",毎週土曜日午後（調整可能）/学生会館,35人,1920年,2人,なし,"https://www.waseda.jp/inst/weekly/assets/uploads/2016/09/26186bf9bc941e1efdb66234ebbd86ac-940x705.jpg, https://www.waseda.jp/inst/weekly/assets/uploads/2016/09/c96257c2dc2b7a9e3274cc96f3b9fa21-940x624.png, https://www.waseda.jp/inst/weekly/assets/uploads/2016/09/fb3ec5a74b0102f7b77070db8c91145f.png",https://www.waseda.jp/inst/weekly/circleguide/detail/?id=3135&lng=en,なし,なし,なし,https://twitter.com/chikuyukai,なし,なし,なし,なし,なし,なし,なし,公式サイトから取得; リンク検証済み
C0223,3789,早稲田大学宝生会,学問,日本文化,能楽サークル早稲田大学宝生会です！室町時代から今まで伝わる日本の伝統芸能「能」の舞と謡をゆるりとお稽古しています。600年続く能楽の魅力に皆さんも早稲田大学で触れてみませんか？プロの能楽師による指導ですぐに能舞台で美しく舞うことが出来るようになりますし、落ち着いた雰囲気の謡をみんなで謡えば忙しい大学生活で疲れた心も段々穏やかに..........新入生はお月謝無料！年会費も頂いていません。必要な物は足袋だけ！舞台に用いる着物は弊会でご用意致します。楽しい大学生活のスキマ時間に学生会館能舞台へぜひお立ち寄り下さい！高砂や?此浦舟に帆をあげて?月もろともに出でしほの?　サークル会員一同お待ちしております！,毎週水曜日15時?学生会館能舞台B107 葛西能楽師稽古舞台(不定期),24人,1936年,1人,あり,https://www.waseda.jp/inst/weekly/assets/uploads/2025/03/1J23E161-3-1-202503042200-1-940x640.jpg,https://www.waseda.jp/inst/weekly/circleguide/detail/?id=3789&lng=en,なし,なし,https://www.instagram.com/waseda_noh_housho,https://x.com/w_houshoukai,なし,なし,なし,なし,なし,なし,なし,公式サイトから取得; リンク検証済み
C0224,3130,観世会,学問,日本文化,"週２回の自主稽古と月２回の師範稽古を中心に、稽古、研究、普及活動を行っています。
/
/
/
/月１回のペースで発表会がありますが、参加は自由。稽古のペースも自由です。早ければ半年で舞囃子、１年半で能の稽古を始められます。
/
/
/
/設立時から、研究誌「切戸口」を発行しており、OBには数多くの研究者、演劇関係者がいる他、当会出身の能楽師も活躍を続けています。
/
/
/
/１２の他大能楽サークルと舞台を共にしており、話し下手でも分かり合える仲間ができます。","月曜日　110板の間／木曜日　B107能舞台
/
/
/
/師範稽古　銕仙会能楽研修所（表参道）",22人,1946年,情報なし,なし,"https://www.waseda.jp/inst/weekly/assets/uploads/2019/04/kwanze-940x665.jpg, https://www.waseda.jp/inst/weekly/assets/uploads/2019/04/yoshinomai-940x705.jpg, https://www.waseda.jp/inst/weekly/assets/uploads/2019/04/tsunemasa-940x705.jpg",https://www.waseda.jp/inst/weekly/circleguide/detail/?id=3130&lng=en,サークルサイト閉鎖,https://wasedakwanze.com/,なし,https://twitter.com/waseda_kwanze,なし,なし,なし,なし,なし,なし,なし,公式サイトから取得; リンク検証済み; 外国人学生の受け入れなし; ウェブサイト（サークル）: リンク切れ (fetch failed)
C0225,3133,金春会,学問,日本文化,"金春会では、能の「仕舞」と呼ばれる舞や、謡をお稽古しています！不定期でプロの先生にもご指導いただいています。
/
/大学で能のお稽古ができるのは、とても珍しく、人生においてとても貴重な経験となること間違いなしです！
/
/活動日は週3です！が、授業やバイトなどの都合によって空いている時間に活動することができますし、そもそも週3で来られる部員のほうが少ないです。（兼サーの部員も多数です！）
/
/夏と春に合宿があり、毎年秋に、大隈講堂で定期公演や、能楽のワークショップなども行っているので、やりがいもありますし、大学生活の良い思い出となることでしょう！
/
/普段は部員同士ご飯に行ったり、まったり過ごすことも多いですよ！
/
/能ってなんだろう？やったことないけど大丈夫？と心配される方も多いですが、現在の部員は、全員が大学に入ってから、初めて能を実際にやってみた、という人たちしかいません！
/
/日本の文化がギュギュっと凝縮された「能」に、あなたも触れてみませんか？
/
/見学、入部は随時受け付けています。お気軽におたずねください！",火・水曜日 2〜3限、金曜日 6〜7限　早稲田大学 学生会館 地下一階B107(能舞台)にて,23人,1946年,0人,あり,"https://www.waseda.jp/inst/weekly/assets/uploads/2016/07/1X14C125-1-15-201607151223-76-940x528.jpg, https://www.waseda.jp/inst/weekly/assets/uploads/2016/07/1X14C125-1-16-201607151223-76-940x528.jpg, https://www.waseda.jp/inst/weekly/assets/uploads/2016/07/1X14C125-1-14-201607151223-76-940x705.jpg, https://www.waseda.jp/inst/weekly/assets/uploads/2016/09/4deb292ec6f6e9f2b3443b142841fa5f-940x705.jpg",https://www.waseda.jp/inst/weekly/circleguide/detail/?id=3133&lng=en,なし,なし,なし,https://twitter.com/wakomparu,なし,なし,https://www.waseda.jp/inst/weekly/report/2016/05/19/5134/,なし,なし,なし,なし,公式サイトから取得; リンク検証済み
C0226,3137,長唄研究会,学問,日本文化,"歌舞伎のBGMから生まれた「長唄」を毎週木曜日、吉住流の先生をお招きして練習しています。優しい先生の、丁寧なご指導のもと、楽しく伝統文化に触れることができます。
/
/年2回の演奏会の他、春夏の合宿や他大学の長唄研究会との交流行事などイベントは盛り沢山！初心者・2年生以上の方も大歓迎です！少しでも長唄三味線に興味を持たれた方は、お気軽におこしください。会員一同、心よりお待ちしています！
/
/
/
/A club to enjoy Nagauta ; Japanese traditional music performance
/
/
/
/Nagauta is Japanese traditional music performance， originally played for Kabuki.
/
/We plactice Nagauta together with a teacher from a Yoshizumi-ryu school on every Thursday evening.
/
/You can make great experiences throughout many events including regular concert (twice a year)， training camp in every summer and winter， and gathering of Nagauta club in other universities.
/
/Come and be a member to enjoy singing and playing shamisen with us!",毎週木曜日/16時半〜21時頃まで/学生会館和室,約10人,1946年,0人,あり,"https://www.waseda.jp/inst/weekly/assets/uploads/2023/03/A-096_1-940x705.jpg, https://www.waseda.jp/inst/weekly/assets/uploads/2023/03/A-096_2-940x1253.jpg, https://www.waseda.jp/inst/weekly/assets/uploads/2023/03/A-096_3-940x529.jpg",https://www.waseda.jp/inst/weekly/circleguide/detail/?id=3137&lng=en,なし,なし,なし,https://twitter.com/w_nagaken,なし,なし,なし,なし,なし,なし,なし,公式サイトから取得; リンク検証済み
C0227,3156,落語研究会,学問,日本文化,こんにちは！ 早稲田大学落語研究会、通称ラッケンです。ラッケンは70年以上続くサークルで、「わせだ寄席」という大きな寄席の主催を、約90回も続けてきました！この「わせだ寄席」、名だたる大物落語家さんに多数出演いただいているだけに、落語好きの間では有名だとか……！ 現在は、落語の?鑑賞?と?実演?の二本柱で活動しています！鑑賞では、約2月に1度の「鑑賞会」と年1度の「わせだ寄席」で、プロの落語家さんをお呼びして間近で落語を観るという、落語を?深く楽しむ?活動をします。一方実演では、約2月に1度の「部員ライブ」で日頃の稽古の成果をお客さんの前で披露するという、?腕を磨く?活動をします。落語を見たい人も演じたい人も一緒になって、お互い刺激しあって落語を知っていきましょう！知識なんて、楽しめば自ずと付いていくもの。落語は大衆娯楽ですから難しく考えずに飛び込んでみよう！ 未経験者・知識がない人も、どんどんいらっしゃい！,毎週水曜日・土曜日/14時半/学生会館,46人,1948年,0人,あり,"https://www.waseda.jp/inst/weekly/assets/uploads/2020/04/A115_02-940x626.jpeg, https://www.waseda.jp/inst/weekly/assets/uploads/2020/04/A115_03-940x529.jpeg, https://www.waseda.jp/inst/weekly/assets/uploads/2020/04/A115_01-940x626.jpeg",https://www.waseda.jp/inst/weekly/circleguide/detail/?id=3156&lng=en,なし,http://www.waseda-rakugo.org/,なし,https://twitter.com/waseda_rakugo,なし,なし,なし,なし,なし,なし,なし,公式サイトから取得; リンク検証済み
C0228,3316,下懸宝生会,学問,日本文化,ワキ方専門サークル「下懸宝生会」です！ワキ方とは、能におけるキャラクターの一つの専門職のことを指します。では、そのキャラクターとは一体何か。シテがあの世のものだとしたら、ワキはこの世のもの（人間）を演じています。そのため、ストーリーテラー的な役割を持っています。さて、そんなワキですが、大学のサークルとしてワキの稽古ができるのは日本中探しても「下懸宝生会」だけなのです。しかも、毎週プロの先生方から無料でお稽古をつけていただいております。いつものお稽古ですが、謡という能の合唱の部分を練習します。そして、能の舞台にワキとして実際に出演するためのお稽古もしています。お稽古は毎週月曜日18時から板の間110にて。いつでも見学・体験可能です！,毎週月曜日/18時/学生会館板の間110,20人,1948年,0人,なし,"https://www.waseda.jp/inst/weekly/assets/uploads/2017/03/850e4d1294b9ca3baad6f5fee053ab5f-940x655.jpg, https://www.waseda.jp/inst/weekly/assets/uploads/2017/03/80f90cd4dfd6b6b458c79822ab1de00b-940x529.jpg, https://www.waseda.jp/inst/weekly/assets/uploads/2017/03/0879bc1929872d90a2a51f1a147aeba4-940x1670.jpg",https://www.waseda.jp/inst/weekly/circleguide/detail/?id=3316&lng=en,なし,なし,なし,https://twitter.com/WSimohou,なし,なし,なし,なし,なし,なし,なし,公式サイトから取得; リンク検証済み
C0229,3131,狂言研究会,学問,日本文化,「狂言」は、600年以上の歴史を持つ日本の喜劇です。私たちはその狂言を習い、稽古し、年2回の自主公演ほか多くの舞台で発表しています。このサークルを作ったのはあの野村萬斎先生のお父さま・野村万作先生です。今も万作の会の先生方に稽古を付けていただき、活発な交流が続いています。狂言の笑いを楽しみ、それを学生の表現力で現代でも広めていくのも目標です。小規模ですが、インカレ、掛け持ちの学生がほとんどで、自由度が高いのも魅力です。早稲田内から全国までのさまざまな狂言・能楽サークルとの交流も盛んで、人のつながりが広がります。稽古は完全自由ですので、いつでもお気軽に遊びに来てください！,毎週火曜日・学生会館B107能舞台/毎週金曜日・学生会館110板の間/18時〜22時（自由参加）,約15人＊他大の狂言研員もたくさん参加します,1950年,2人,あり,なし,https://www.waseda.jp/inst/weekly/circleguide/detail/?id=3131&lng=en,なし,なし,なし,https://twitter.com/waseda_kyogen,なし,なし,なし,なし,なし,なし,なし,公式サイトから取得; リンク検証済み; 写真URLなし
C0230,3093,漫画研究会,学問,日本文化,"■主な活動：
/
/合宿：春・夏の2回＋やる気が漲（みなぎ）ってる場合、冬もあり
/
/機関誌：年に2回早稲田漫を制作・発行
/
/他、時期ごとにイベントもりもり盛りだくさん。
/
/■部費：永年無料！
/
/●部費タダなんて、そんなウマい話があるわけないです。
/
/→鋭いですな。半分当たってます。秋の早稲田祭で似顔絵を描きまくって部費を捻出しているのです。描き手も呼び込みも大変に疲れます。
/
/
/
/●じゃあ似顔絵描けない人は役に立たないじゃないですか！
/
/→当日は似顔絵を描けない人も全力で呼び込みに回ってもらうのでその心配はありませんです。",毎日/部室,150人,1955年,5人,なし,"https://www.waseda.jp/inst/weekly/assets/uploads/2016/08/1X14C125-1-14-201607151223-116.jpeg, https://www.waseda.jp/inst/weekly/assets/uploads/2016/08/1X14C125-1-15-201607151223-115.jpeg, https://www.waseda.jp/inst/weekly/assets/uploads/2016/08/1X14C125-1-16-201607151223-115.jpeg",https://www.waseda.jp/inst/weekly/circleguide/detail/?id=3093&lng=en,なし,https://soudaimanken.wordpress.com/,https://www.instagram.com/soudai_manken/,https://twitter.com/soudaimanken/,なし,なし,なし,なし,なし,なし,なし,公式サイトから取得; リンク検証済み
C0231,3136,稲吟会,学問,日本文化,"こんにちは！稲吟会は伝統芸能サークルとして詩吟・剣舞・扇舞の練習、発表を行っています。詩吟って何？と思う人はインターネットで調べてみよう！剣舞は詩吟に合わせて刀をぶん回します！カッコイイ！扇舞は扇を使い優雅に舞います！美しい！会員やOBOGが優しく教えます。初心者大歓迎！会員のほとんどが未経験から始めています！年2回の合宿では、神戸にある師範の先生の道場にお邪魔します。合宿以外でも師範の先生が大学まで来て教えてくださる機会があります。
また、稲吟会は大学のサークルには珍しく友好サークルが4つもあり、思惟の森の会・早慶戦支援会・鵬志会・早稲田精神昂揚会（全て公認サークル）の方々と交流しています。そのため稲吟会では早稲田的イベントをコンプリートできちゃいます！早慶戦・百ハイ・早稲田祭etc.楽しいイベントがめじろ押しです。もちろん他大学の詩吟サークルとも交流の機会が多く、東は慶応義塾大学・明治大学・東京大学から、西は関西大学・龍谷大学・岡山大学まで！
さらに広々過ごせる部室を完備！あなたのキャンパスライフの拠点にどうぞ。あまりに居心地がよく、部室に住み着いている会員がいるとかいないとか……。
伝統芸能と聞くと堅苦しいイメージがあるかもしれませんが、普段の活動はゆるーく行っております！「強制」の無い、自分に合ったサークルライフを、是非稲吟会で！",毎週金曜日/3?5限（13:10?18:40）/学生会館,25人,1955年,1人,あり,"https://www.waseda.jp/inst/weekly/assets/uploads/2020/04/42569-940x626.jpg, https://www.waseda.jp/inst/weekly/assets/uploads/2020/04/42568-940x626.jpg, https://www.waseda.jp/inst/weekly/assets/uploads/2020/04/42570-940x1254.jpg",https://www.waseda.jp/inst/weekly/circleguide/detail/?id=3136&lng=en,なし,https://ameblo.jp/toginkai/,なし,https://twitter.com/touginkai,なし,なし,https://www.waseda.jp/inst/weekly/report/2018/05/17/42836/,なし,なし,なし,なし,公式サイトから取得; リンク検証済み
C0232,3149,生花研究会,学問,日本文化,生花研究会では毎週火曜日に生花（池坊）のお稽古をしています。時間は17時から20時で、毎回池坊の先生をお呼びして教えていただいています。お稽古場所は学生会館の茶室で、畳の部屋で落ち着いた雰囲気の中お稽古をしています。サークルの人数も20人弱と比較的少人数なので、皆仲が良く、お稽古の際にはしっかりと先生に見ていただくことができます。当会は学年・大学、経験・未経験問わず入会することができ、近年では留学生も多数所属しています。そのため、日本文化を学びたい留学生や留学生と交流を深めたい学生にもオススメです！ 普段のお稽古以外にも、早稲田祭や大きな花展など、さまざまなイベントで作品を展示しています。さらには定期的にお食事会を開催し、会員同士の親睦を深める機会も用意しています。随時体験・見学を受け付けているので興味のある方はぜひ当会のメールアドレス（ [email protected] ）や、X（@ikeken_waseda）、Instagram（@ikeken_waseda）のDMにご連絡ください！ 会員一同お待ちしています。,毎週火曜日/17時から20時/学生会館茶室106,20人,1956年,5人,あり,なし,https://www.waseda.jp/inst/weekly/circleguide/detail/?id=3149&lng=en,なし,なし,https://www.instagram.com/ikeken_waseda/,https://twitter.com/ikeken_waseda,なし,なし,なし,なし,なし,なし,なし,公式サイトから取得; リンク検証済み; 写真URLなし
C0233,3729,早稲田大学筝曲研究会,学問,日本文化,箏曲研究会は、創立から60年を超える伝統ある生田流の箏サークルです。本サークルでは、古典箏曲から現代曲までいろいろな曲に取り組むことができます。経験者はもちろん、初心者も大歓迎です。また、留学生や2年生以上の学生、他大学の学生も積極的に受け入れています。兼サーもOKです。普段の活動は、週に1回のお稽古もしくは練習会がメインになります。お稽古では、プロの先生から丁寧なご指導を受けることができます。お稽古のない週には練習会を行います。先輩後輩問わず、みんなで仲良く和気あいあいと練習に励んでいます。みんなで練習に励むことで、初心者の人もすぐに上達することができます。演奏会を年に1回催す他、夏には合宿に行ったり早稲田祭で演奏したりと行事も盛り沢山です。また、本サークルは「早稲田大学古典芸能連盟」並びに「関東学生三曲連盟」に加盟しており、早稲田大学や他大学のサークルとの交流も盛んです。これらの交流を通じて、古典芸能や和楽器に親しんでいる仲間に出会うことができます。お箏に少しでも興味がある皆さん！サークルであれば気軽にお箏を始めることができます。また、お箏は末長く続けていくことができる趣味でもあります。皆さんも、箏曲研究会で楽しい学生生活を送りましょう！皆さんからのご連絡、お待ちしています。（メール： [email protected] ）,毎週金曜日/15時〜19時/学生会館,28人,1956年,3人,あり,"https://www.waseda.jp/inst/weekly/assets/uploads/2020/01/line_549955662200248-940x705.jpg, https://www.waseda.jp/inst/weekly/assets/uploads/2020/01/line_550308572344487-940x433.jpg, https://www.waseda.jp/inst/weekly/assets/uploads/2020/01/line_553677878486344-940x1254.jpg",https://www.waseda.jp/inst/weekly/circleguide/detail/?id=3729&lng=en,なし,http://soukenwaseda.web.fc2.com/,なし,https://twitter.com/souken_w,なし,なし,なし,なし,なし,なし,なし,公式サイトから取得; リンク検証済み
C0234,3353,早稲田寄席演芸研究会,学問,日本文化,われわれ早稲田寄席演芸研究会は、漫才・コントなどによるお笑いライブの開催を主な活動としております。定期ライブは大学周辺の会場にて年に4〜5回、2日間開催しています。他のお笑いサークルとの合同ライブを開催することもあります。ライブで披露するネタは全てサークル員の自作であり、ネタ作りの難しさを痛感しながらも、見に来ていただいたお客さまにたくさん笑っていただけるように日々努力しております。ライブ以外にも、夏季休暇中は日本各地の病院を複数訪問し、ボランティアでお笑い公演を行うという活動も実施しております。11月に開催される早稲田祭では、1教室をお借りしましてサークル員が入れ替わり立ち替わりで途切れることなくネタを披露する「7時間ぶっ通しライブ」を行っております。,毎週火曜日・金曜日/16時半/学生会館,30人,1960年,0人,あり,"https://www.waseda.jp/inst/weekly/assets/uploads/2016/09/076e5dddff08402add6886d8a9d09996-940x1671.png, https://www.waseda.jp/inst/weekly/assets/uploads/2016/09/4fd129e29fd977201138a8893205ea79-940x1671.png, https://www.waseda.jp/inst/weekly/assets/uploads/2016/09/38ee868d8076494ee4d8e8d0fa7af666-940x1671.png",https://www.waseda.jp/inst/weekly/circleguide/detail/?id=3353&lng=en,なし,なし,なし,https://twitter.com/waseda_yoseken,なし,なし,なし,なし,なし,なし,なし,公式サイトから取得; リンク検証済み
C0235,3358,いじけっ子マンガ集団,学問,日本文化,"一次創作サークル、通称「いじまん」です！
未経験でも自信がなくても大歓迎！　マンガ・イラスト・小説などの一次創作を行い、それらを一冊の本として発行しています！
●活動内容
〇年9~10回の部誌「ソランジュ」の制作・発行
団員の一次創作作品をまとめた部誌「ソランジュ」を発行しています。マンガ・イラスト・小説など、紙面上で表現可能な作品であればなんでもOK！
〇夏・冬コミケ、COMITIA、早稲田祭への出展・ソランジュ頒布
制作したソランジュは、各同人誌即売会でも頒布します！　2種類の即売会に夏と冬に参加しているので、1年間に計4回も参加しています！
早稲田祭では、教室を丸々使って、様々な企画を行なっています！　書き下ろし作品の展示、ソランジュやグッズの頒布、ライブドローイングなど、団員たちで協力して準備・運営します！
〇夏・冬合宿
夏と冬の年２回、2泊3日の合宿を行っています！　夏は海沿いの地域で、冬は温泉地が多いです！
観光をしたり、ゆっくりしたり、創作をしたり、各々が好きなようにゆる～く過ごしています！
〇それ以外にも、ワンドロ会・部室創作会・ご飯会など、他イベントも盛り沢山！
活動はすべて任意参加のため、自分のペースに合わせて、自由に創作を楽しむことができます！！
●団費
新入生：年会費5000円＋入会金1000円
部誌発行のため少々お高めです……ご了承ください！",不定期（曜日不定）／部室（学生会館E827）・Discord,74人,1977年,1人,なし,"https://www.waseda.jp/inst/weekly/assets/uploads/2023/03/C-116_0-940x662.jpeg, https://www.waseda.jp/inst/weekly/assets/uploads/2025/04/1Y23D003-3-1-202504052135-2-940x1100.jpg, https://www.waseda.jp/inst/weekly/assets/uploads/2025/04/1Y23D003-3-1-202504052135-3-940x883.jpg",https://www.waseda.jp/inst/weekly/circleguide/detail/?id=3358&lng=en,なし,https://www.easyman827.com/,なし,https://x.com/easyman827,なし,なし,なし,なし,なし,なし,なし,公式サイトから取得; リンク検証済み
C0236,3157,少女マンガ研究会,学問,日本文化,少女漫画を始めとして、漫画・アニメ・2.5次元ミュージカルなど、さまざまなものを愛好しています。定期活動はなく、平常時はおのおのが好きな時間に部室に集まり親交を深めています。部室には漫画・テレビ・パソコンがそろっており、空きコマの憩いの場になっています。年中行事としては、新歓・早慶戦観戦・前期終了飲み・後期終了飲み・早稲田祭企画展示・クリスマスコンパ・会誌発行などを行っています。発行した会誌は夏冬のコミックマーケットなどで販売しています。イベントは全て任意参加なので、兼サーも大歓迎です！会誌への寄稿も初心者大歓迎です！2年生以上の方の入会や新歓期以降の入会も承っておりますので、興味のある方はお気軽にご連絡ください！,不定期/学生会館E531,59人,1981年,3人,なし,"https://www.waseda.jp/inst/weekly/assets/uploads/2016/09/e6c7537db19e08dd9289f10db18ad6dd-940x705.jpg, https://www.waseda.jp/inst/weekly/assets/uploads/2016/09/7ec340442036883488a54618021731f9-940x705.jpg, https://www.waseda.jp/inst/weekly/assets/uploads/2016/09/33d8171934e8afcf042d2e3cac9b8a56-940x528.jpg",https://www.waseda.jp/inst/weekly/circleguide/detail/?id=3157&lng=en,なし,なし,なし,https://twitter.com/wsmk_official,なし,なし,なし,なし,なし,なし,なし,公式サイトから取得; リンク検証済み
C0237,3161,早稲田大学宝塚歌劇を愛する会 (早宝会),学問,日本文化,年に3回、雑誌『夢の花束』を企画から制作まで全て行っています。夏には本場宝塚大劇場へ合宿に行きます。もともとファンだった方はもちろん、一度も見たことのない方、男性の方も気軽に遊びに来てください！,不定期/学生会館・日比谷,35人,1982年,0人,あり,"https://www.waseda.jp/inst/weekly/assets/uploads/2016/09/807b63bbfea9d9f84822f2b3a5e4717a-940x705.jpg, https://www.waseda.jp/inst/weekly/assets/uploads/2016/09/dd5f2e90b80576d7cf680602f38dad98.jpg, https://www.waseda.jp/inst/weekly/assets/uploads/2016/09/4dec1aa63acb63ce5fa43465ee3a5a3e-940x1253.jpg",https://www.waseda.jp/inst/weekly/circleguide/detail/?id=3161&lng=en,なし,なし,なし,なし,なし,なし,なし,なし,なし,なし,なし,公式サイトから取得; リンク検証済み
C0238,3159,津軽三味線愛好会　三津巴,学問,日本文化,「津軽三味線の楽しさを伝える」ことをモットーに日々活動している、全国でも珍しい津軽三味線のみでの合奏を行うサークルです。メンバーのほとんどが大学から三味線を始めていますが、部室で好きな時に自主練習ができるので各自のペースで進めることが出来ます。技術面は先輩や、全国大会入賞経験もあるOB.OGから教えて頂き、後輩から質問もしやすい雰囲気です！いつも一緒に練習をしているためサークル員同士の仲もとても良く、インカレサークルなので様々な大学の人がいます！大会では数々の賞を頂き、青森県弘前市にて毎年開催されている津軽三味線世界大会においては、2016年から2019年まで、団体A部門にて4年連続で優勝を達成しました。経歴だけ見ると、練習がキツいのかなと思うかもしれませんが、普段はゆるーく楽しく皆で津軽三味線を弾いています。早稲田祭を始めとした大学内のイベントだけでなく、デイサービスなどの福祉施設や、地域のお祭り、企業様のイベントへの出演、更には年に数度海外での演奏依頼も受けて遠征も行うなど、国内外を問わず精力的に活動をしております。三津巴は、津軽三味線を「みんなで楽しむ」という心さえあれば、どなたでも歓迎いたします。YouTubeにて動画も公開しているので、そちらもぜひチェックしてみてください。きっとこの楽器の魅力のとりこになるはずです。,毎週金曜日/17時半～19時半/近隣の施設,58人,2000年,2人,あり,"https://www.waseda.jp/inst/weekly/assets/uploads/2020/04/A118_1-940x625.jpg, https://www.waseda.jp/inst/weekly/assets/uploads/2020/04/A118_2-940x622.jpg, https://www.waseda.jp/inst/weekly/assets/uploads/2020/04/A118_3-940x626.jpg",https://www.waseda.jp/inst/weekly/circleguide/detail/?id=3159&lng=en,なし,https://mitsudomoe.wixsite.com/mitsudome,https://instagram.com/wasedamitsudomoe?igshid=17xrefoznb7hm,https://twitter.com/mitudomoetugaru,なし,なし,なし,https://www.youtube.com/user/mitsudomoe33,なし,なし,なし,公式サイトから取得; リンク検証済み
C0239,3116,琵琶サークル　琵沙門,学問,日本文化,日本随一の学生琵琶サークルです。力強い音色が特徴の鶴田流薩摩琵琶を扱っています。プロの先生の指導の下、自分のペースで楽しく琵琶を弾けます。メンバー全員が大学から始めた初心者なので安心です。『祇園精舎』、『本能寺』、『敦盛』、『那須与一』などの日本の歴史を題材とした古典曲はもちろん、現代曲や合奏、創作曲などさまざまなジャンルに挑戦できます。通常の活動の他にも、3・6・11月に年3回の演奏会を開き、古典芸能連盟の合同演奏会「和楽」や図書館コンサートにも出演しています。さらに、夏には河口湖などに合宿へ出かけます。冷蔵庫、電子レンジなどの生活設備を完備した快適な部室もあります！ しかも楽器購入は不要！ ゆったりサークル生活を送りたい方、和楽器、邦楽に興味のある方、とにかく音楽が好きな方... 学年、学校を問わず誰でも大歓迎です！,毎週火曜日/4-6限/学生会館1階和室,35人,2000年,2人,あり,"https://www.waseda.jp/inst/weekly/assets/uploads/2016/02/6B-019_bishamon-940x528.jpg, https://www.waseda.jp/inst/weekly/assets/uploads/2016/08/1X14C125-1-15-201607151223-52-940x705.jpeg, https://www.waseda.jp/inst/weekly/assets/uploads/2016/09/a6511cb73d8fe58d222e547c1191ee08-940x1253.jpg",https://www.waseda.jp/inst/weekly/circleguide/detail/?id=3116&lng=en,なし,なし,なし,https://twitter.com/biwacircle,なし,なし,https://www.waseda.jp/inst/weekly/report/2018/07/04/44984/,なし,なし,なし,なし,公式サイトから取得; リンク検証済み
C0240,3365,早稲田大学ドラえもん研究会,学問,日本文化,普段はドラえもんや他の藤子作品の漫画やアニメを鑑賞しています。4〜5月は新入生歓迎会を行い、ここではドラえもんの映画を見ることができます。6月は川崎市にある藤子・Ｆ・不二雄ミュージアムを訪問します。夏休み中は夏合宿に行きます。これまでの夏合宿ではさまざまな所に行きました。ドラえもんの原作者藤子・Ｆ・不二雄先生生誕の地・富山県やドラえもんわくわくスカイパークがある北海道、ドラえもんのスタンプラリーをやっていた箱根などドラえもんにまつわる場所から、愛知県などのようにドラえもんとは関係がない場所までさまざまな所に行きました。また、ドラえもんの誕生日である9月3日には、ドラえもんの誕生日をお祝いします。ここ数年はその日に藤子・Ｆ・不二雄ミュージアムを訪問しています。夏休みが終わると、11月初旬に行われる早稲田祭に向けての準備が始まります。例年、早稲田祭では「ドラえもん検定」を開催し、来場者の皆さまにドラえもんに関するクイズを解いてもらっています。早稲田祭が終わった後は普段の活動に戻ります。12月には同窓会が開かれ、卒業生の方々とも触れ合うことができます。そしてクリスマス前後には藤子・Ｆ・不二雄ミュージアムを訪問します。春休みに入ってからは毎年3月公開の新作映画の鑑賞に行きます。ドラえもん好きな方、ぜひともお待ちしております!,毎週曜日不定期/18時15分〜/学生会館,25人,2005年,0人,あり,なし,https://www.waseda.jp/inst/weekly/circleguide/detail/?id=3365&lng=en,なし,なし,なし,https://twitter.com/wdoraken,なし,なし,なし,なし,なし,なし,なし,公式サイトから取得; リンク検証済み; 写真URLなし
C0241,3350,わかものきもの会,学問,日本文化,わかものきもの会では、月に1?2回、学生会館和室にて着物や浴衣の着付け練習を行っています！ 他にも着物を着て浅草や鎌倉、川越などに散策に行ったり、着物関連のイベントに参加したりなど、まったり緩く活動しています！ 初めて着物を着る方でも2・3回練習すれば簡単に着られるようになるので、とても楽しいですよ♪ 男性や留学生の方ももちろん大歓迎です！ 活動内容としては、4月：新歓で着物着付け体験とお食事会、5月頃：ICCジャパニーズカルチャーイベントに参加し留学生に浴衣の着付けを体験してもらう、6月頃：アジサイが見頃の鎌倉へ散策、8月：浴衣で納涼会や花火大会、9月：京都や日光、秩父などへの合宿、プロの先生に着付けを習う会、川越の風鈴イベント、11月：早稲田祭で来場者に着物の着付けを体験してもらう…などなどです！,曜日指定無し/16:30〜/学生会館和室,60人,2008年,5人,あり,"https://www.waseda.jp/inst/weekly/assets/uploads/2016/09/eb091c82d3cafd28bef840d74d7b8c78-940x705.jpeg, https://www.waseda.jp/inst/weekly/assets/uploads/2016/09/1ae91660577f4fd27ca210ac6992e6ce-940x1253.jpeg, https://www.waseda.jp/inst/weekly/assets/uploads/2016/09/cbaa30bcb616ed0932698f2805f9f415-940x705.jpeg",https://www.waseda.jp/inst/weekly/circleguide/detail/?id=3350&lng=en,なし,なし,なし,https://mobile.twitter.com/wakamono_kimono,なし,なし,なし,なし,なし,なし,なし,公式サイトから取得; リンク検証済み
C0242,3607,チーム茶道,学問,日本文化,大学院の文化系サークルでは、早稲田大学初の茶道サークルとして、七カ国以上の留学生たちと共に、日々茶道の稽古に励んでいます。チーム茶道は、学研都市にある三大学の日本人学生と留学生たちが国籍・年齢・大学に関係なく一つのチームとして活動しています。毎年「留学生による男茶会」という大きな茶会を開催し、北九州の名物となっています。最近では海外遠征も行いました。日本伝統文化を通じ、国を超えて人と人がつながることができます。,毎週水〜金曜日/11時〜16時/学研都市留学生支援ネットワーク FORSNET事務所内,30人,2008年,25人,あり,なし,https://www.waseda.jp/inst/weekly/circleguide/detail/?id=3607&lng=en,なし,なし,なし,なし,なし,なし,なし,なし,なし,なし,なし,公式サイトから取得; リンク検証済み; 写真URLなし
C0243,3621,ポケモンだいすきクラブ早稲田支部,学問,日本文化,早稲田大学に一つしかないポケモンの公認サークルです！毎週ある通常活動ではポケモンのゲームやカードをするのはもちろん、ポケモンに関するさまざまなことを行います。毎月月末にはポケモンのゲームを使ってサークル全員で大会を開きます。他大のポケモンサークルとの交流会もあるのでポケモン好きの友達がたくさんできます！ポケモンに関することだけではなく食事会やカラオケ大会、バーベキューなどのイベントや夏休みと春休みには合宿などもあります。今年はサークル員がゲームもカードも国内予選を勝ち進み、世界大会へ行くことができました！「ポケモンをがっつりやりたい！」という人も「ポケモンが単純に好き」という人もいる楽しいサークルです！興味がある人はぜひご連絡ください！,毎週水曜日/16時半〜/学生会館,155人,2010年,0人,あり,https://www.waseda.jp/inst/weekly/assets/uploads/2017/04/cf2088a7ab696eed5f17ab66c661cdaa-940x705.jpg,https://www.waseda.jp/inst/weekly/circleguide/detail/?id=3621&lng=en,なし,なし,なし,https://twitter.com/wasepoke,なし,なし,なし,なし,なし,なし,なし,公式サイトから取得; リンク検証済み
C0244,3738,早稲田大学装束研究会,学問,日本文化,浴衣や着物を着付けられる人は少なくありませんが、狩衣や衣冠を着付けられるという人はなかなかいないのではないでしょうか。狩衣とは、鷹狩や蹴鞠などの際に着る、比較的アクティブな服装で、衣冠とは参内時に着る装束のなかでは簡略化された服装になります。私たち装束研究会は、普段の生活では、なかなか触れることのない平安装束を実際に着せたり、着たりすることの出来るサークルです。基本の結び方から始めるので、事前の知識は一切必要なく、練習をすれば誰でも着装ができるようになります。装束はサークルで所有しているものを使うので、個人で用意することはありません。主な活動内容は着装の練習で、早稲田祭ではお客様に着装をする機会もあります。私たちと一緒に、雅な世界を楽しみましょう!,週1回・不定期/(平日の場合)18時から/学生会館和室,25人,2015年,0人,なし,https://www.waseda.jp/inst/weekly/assets/uploads/2021/03/bed12535bf74d07635202cf755c3081c-940x627.jpg,https://www.waseda.jp/inst/weekly/circleguide/detail/?id=3738&lng=en,なし,なし,https://www.instagram.com/shokenwaseda/,https://twitter.com/shozoku_wsd,なし,なし,https://www.waseda.jp/inst/weekly/report/2018/12/12/54423/,なし,なし,なし,なし,公式サイトから取得; リンク検証済み
C0245,3061,国際問題研究会,学問,学問,"今年の研究テーマは「ロシアのウクライナ侵略、イスラエルのガザ侵攻、緊迫する東アジア――米−中・ロが激突する戦乱の世界を問う」です。
/
/
/
/　ロシアのウクライナ侵略から2年を経た世界はいま、米中の対立の深まりと絡み合いながら、ますます激動しています。昨年10月からイスラエルのガザ侵攻がはじまり、東アジアでは台湾・朝鮮半島を焦点にして核戦争の危機が一気に高まっています。
/
/
/
/　戦争や分断、貧困、圧政に多くの民衆が苦しんでいる現代世界と向き合うことが今ほど大切な時はありません。吹き荒れるナショナリズムに抗して、これらの問題をいかに解決するのか、一緒に研究しましょう。
/
/
/
/　普段の活動は週一回の部会です。新聞やニュースを題材に最新の国際問題を共同で研究します。研究の成果は、早稲田祭で展示発表します。共同研究をつうじて、自分の世界観がつくれることが、国問研の醍醐味です。前提知識は不要です。興味のある方はまずは公式ラインに登録してください。",週1回/学生会館,21人,1947年,0人,なし,https://www.waseda.jp/inst/weekly/assets/uploads/2023/03/A-020_1-940x561.jpg,https://www.waseda.jp/inst/weekly/circleguide/detail/?id=3061&lng=en,なし,https://kokumonkenwaseda.jimdofree.com/,なし,https://twitter.com/kokumonwaseda,なし,なし,なし,なし,なし,なし,なし,公式サイトから取得; リンク検証済み
C0246,3059,戦争・貧困・環境を考える会,学問,学問,"私たちは、いま世界と日本で起きている問題をとりあげ、討論をしながらほりさげてゆくサークルです。そのことをつうじて、現代世界の危機を深く洞察する力を養い、しっかりとした自分自身の社会観をつくることをめざしています。当会にはサークルでの共同研究ならではのやりがい、おもしろさがあります。フィールドワークや早稲田祭展示企画の参加も予定しています。
/
/
/
/〔本2024年度は次のような研究をします↓〕
/
/　ロシアによるウクライナ軍事侵略という世紀の蛮行から２年あまり――イスラエルによるパレスチナ民衆虐殺につづき、ここ東アジアでも、アメリカ・日本と中国とが台湾をめぐる軍事的対立を激化させています。日本の岸田政権はいまや「専守防衛」を完全になげして、米国とともに先制攻撃ができる「戦争する国」づくりをおし進めています。
/
/
/
/　私たちは今年度、〈戦争と大軍拡の時代〉に突入した現代世界を超えてゆく道を探求します。政府・自民党がもくろむ改憲の狙いとは？　空前の大軍拡の実態は？　大学を動員した軍事研究の実態とは？
/
/
/
/　〈プーチンの戦争〉とは？　不屈に抵抗するウクライナ民衆をつき動かすものは？　自称「社会主義」ソ連邦の崩壊とは何だったのか？――こうした問題を〈新たなファシズムに抗して〉を年間テーマにして研究していきます。
/
/
/
/　随時説明会を開催しますので、ぜひ一度きいてみてください！　ご連絡お待ちしています。",週1〜2回/学生会館E530部室にて,21人,1956年,0人,なし,"https://www.waseda.jp/inst/weekly/assets/uploads/2020/04/IMG_0896-940x705.jpg, https://www.waseda.jp/inst/weekly/assets/uploads/2020/04/IMG_0896-290x290.jpg",https://www.waseda.jp/inst/weekly/circleguide/detail/?id=3059&lng=en,サークルサイト閉鎖,https://w-senhinkan.jimdo.com,なし,https://twitter.com/senhinkan23,なし,なし,なし,なし,なし,なし,なし,公式サイトから取得; リンク検証済み; ウェブサイト（サークル）: リンク切れ (fetch failed)
C0247,3541,早稲田社会環境工学研究会,学問,学問,"早稲田社会環境工学研究会（しゃかんけん）は社会環境工学の関心を深めることを目的としたサークルです。橋梁やトンネル、河川や道路など、都市や国土を支える学問である社会環境工学を学ぶ学生によって構成されています。
土木に関する情報交換のほか、年に2～3回のプロジェクトの見学会、交流会や優れた土木構造物を見る旅行の開催を主な活動としています。現場見学会では首都圏内外の最新建設プロジェクトの現場を見学させていただくことで、土木のスケールの大きい仕事を体感できます。また、施工の様子など実務に関わる貴重なお話を伺うチャンスでもあります。
また、会員同士で街歩きや小旅行を企画することもあります。地理学や民俗学など、様々な背景知識を持つと、今まで何気なく歩いていた町が、道が、橋が、新しい側面を見せてくれるかも！？
活動拠点が西早稲田キャンパス内である点もメリットの一つです。1974年創立、河川ゼミを前身とする歴史あるサークルでは土木に限らず、都市計画・交通・まちづくりが好きなあなたも、これから好きになるあなたの入会もお待ちしています。
【2025年度活動実績】
・渋谷周辺のまちあるき(6月)
・高速道路建設現場見学(7月)
・空港地下駅工事現場見学(7月)
・インドネシア共和国での現場見学と都市構造分析活動(8月)
・港湾見学('26 1月予定)",ほぼ毎日 / 西早稲田キャンパス,72人,1974年,0人,あり,"https://www.waseda.jp/inst/weekly/assets/uploads/2016/09/74cbdeee1a6cc36ff7a63056911dd47a-940x704.png, https://www.waseda.jp/inst/weekly/assets/uploads/2016/09/23adea434e0883add93b72ae8678eb1f-940x622.jpg, https://www.waseda.jp/inst/weekly/assets/uploads/2016/09/3f0e5819e7e688716650b0260c200597-940x705.jpg",https://www.waseda.jp/inst/weekly/circleguide/detail/?id=3541&lng=en,なし,なし,なし,なし,なし,なし,なし,なし,なし,なし,なし,公式サイトから取得; リンク検証済み
C0248,3276,資格ゲッターズ,学問,学問,当サークルでは、TOEICや簿記などの就職活動に生かすことのできる資格から、宅地建物取引主任者やフィナンシャル・プランニング技能士などの国家資格、忍者検定やお好み焼き検定といったネタ資格まで、さまざまな資格取得を目指しています。インカレサークルであり、現在約150名の会員が在籍しています。通常の活動は、毎週火曜日と木曜日の3・4・5限に学生会館の部室を開放し、資格取得に向けた勉強、情報交換を行っております。週末には団体受験を実施したり、月に1回の定例会を行ったりしています。また、100キロハイクや早稲田祭などのイベントにも参加しています。夏と春の長期休暇期間には、合宿を行い、参加者全員で検定に挑戦します。2016年の夏合宿ではバーベキューインストラクターの資格を取得し、2017年の冬合宿ではスキー・スノボ検定に挑戦しました。仲間同士、励まし合い、競い合いながら楽しく活動しています。,毎週火・木曜日/13時〜18時/学生会館,150人,1999年,0人,なし,なし,https://www.waseda.jp/inst/weekly/circleguide/detail/?id=3276&lng=en,なし,なし,なし,https://twitter.com/License_Getters,なし,なし,https://www.waseda.jp/inst/weekly/feature/2020/01/14/70977/,なし,なし,なし,なし,公式サイトから取得; リンク検証済み; 写真URLなし
C0249,3249,教育・教職サークルT-team(T-team),学問,学問,早稲田大学公認サークルの中で唯一教育をテーマにした、教育・教職サークルT-teamです。一見真面目そうですが、実際はフレンドリーな雰囲気の中、さまざまな学部の仲間が共に活動しています！ 活動日は火・木の6・7限の週2回です。活動は、実際に授業をして良い点や改善点を議論する模擬授業が中心です。履修登録や教職カルテなど、教職をとる上で必須の手続きをみんなで協力できるようなイベントも開催しています。遠足や旅行も実施していて、教職を目指す仲間ができるサークルです。授業の後にトランプなどのゲームで盛り上がることも…！ 具体的な活動日や活動内容はX(旧Twitter)・Instagramで発信しています。サークル員一同、新入生の皆さんをお待ちしております！,毎週火曜日・木曜日/18:55〜/学生会館,36人,2007年,0人,あり,"https://www.waseda.jp/inst/weekly/assets/uploads/2016/09/c1a5ef175694f36279f2b9271e2c69d1-940x529.jpg, https://www.waseda.jp/inst/weekly/assets/uploads/2016/09/1d1b49fc329bf5ae6e902f91ad8ee41d-940x529.jpg, https://www.waseda.jp/inst/weekly/assets/uploads/2016/09/3943753522eb9b8daee5410cbf0c240f-940x529.jpg",https://www.waseda.jp/inst/weekly/circleguide/detail/?id=3249&lng=en,なし,なし,https://www.instagram.com/waseda_tteam/,https://twitter.com/Tteam_kyousyoku,なし,なし,なし,なし,なし,なし,なし,公式サイトから取得; リンク検証済み
C0250,3555,臨床心理学研究会,学問,学問,臨床心理学の勉強会や、心理に関わる現場でのボランティア活動などを行います。主な活動内容として、更生保護施設の更新会で行われるSST（社会技能訓練）の補助や板書係・お茶会での参加者さまとのおしゃべり・施設の方やSSTの先生との振り返りを行います。何か特別な技能が必要なことを行うわけではないので、一種の社会見学として参加するような心持ちでも大丈夫です。また、臨床心理学系大学院入試への勉強や臨床心理学のキーワードのまとめ、臨床心理学系大学院入試の過去問対策などの勉強会を行います。参加者の都合に合わせて所沢キャンパスなどで行います。また、ひきこもりのボランティアとして「KHJ西東京「萌の会」集いの場コスモス」というひきこもりの自助グループ月例会への参加や学校学生ボランティアなども行っています。,毎月第1・第3日曜日/8:30〜11:00頃/高田馬場駅から徒歩15分,30人,2009年,0人,あり,"https://www.waseda.jp/inst/weekly/assets/uploads/2016/09/3a3c1bc929e02de83ab1ba84e7e337a3-940x529.jpg, https://www.waseda.jp/inst/weekly/assets/uploads/2016/09/f710492286eb0585b991e62dbb2c3645-940x705.jpg, https://www.waseda.jp/inst/weekly/assets/uploads/2016/09/4ee6775bcc062f05db627646bdb3b4c8-940x705.jpg",https://www.waseda.jp/inst/weekly/circleguide/detail/?id=3555&lng=en,なし,なし,なし,なし,なし,なし,なし,なし,なし,なし,なし,公式サイトから取得; リンク検証済み
C0251,3765,理工系学術サークルWathematica,学問,学問,"Wathematica（ワセマティカ）は主に西早稲田キャンパスで活動している理工系の学術サークルです！数学、物理、情報などの学問に興味を持つ学生たちが集まり自主ゼミ活動を行っています。
/
/
/
/Wathematicaでは自分たちの学びたいテーマを自由に選び、ゼミの形式で掘り下げていくことができます。大学の勉強は1人では挫折してしまうこともありますが、仲間と協力して学ぶことでモチベーションを維持しつつ、理解を深めることができます。また、交流会などの定期的なイベントや、毎年開催される発表会や合宿などを通じてメンバーとの親睦も深められます。
/
/
/
/多くのメンバーが理工の学生ですが、幅広い学部のメンバーが年々増えてきています。文系学部の方でも理工系の学問に興味がある方は大歓迎です！
/
/
/
/Wathematicaは学問への情熱を共有し、自ら考え、深めるための場所です。興味のある方はぜひ私たちの活動に参加してみてください。一緒に知識を深め、新たな発見と交流を楽しみましょう。",平日（不定期）/空きコマや５・６限/61号館ラーニングコモンズ等,126人,2021年,0人,なし,"https://www.waseda.jp/inst/weekly/assets/uploads/2023/06/wathematica-3-940x1253.jpg, https://www.waseda.jp/inst/weekly/assets/uploads/2023/06/wathematica-1-940x883.jpg",https://www.waseda.jp/inst/weekly/circleguide/detail/?id=3765&lng=en,なし,https://wathematica.github.io/,なし,https://twitter.com/wathematica,なし,なし,なし,なし,なし,なし,なし,公式サイトから取得; リンク検証済み
C0252,3794,早稲田大学作問サークル,学問,学問,"【活動内容】
早稲田大学作問サークル(以下作サー)は様々な科目の作問活動を行っています！数学や物理化学生物といった理系科目から英語や日本史世界史現代文といった文系科目まで、中には家庭科や情報といったニッチな科目を作問する部員も！？もちろん高校範囲だけでなく中学範囲でも小学範囲でも問題なし！あなただけのオリジナル問題を作ろう！
【楽しみ方】
""全国作問サークル連合""の設立実績があります！全国の作問サークルが集まったdiscordサーバーが存在します。様々な方のお話を聞けるチャンスです！！
合宿は年2回あります。作問活動はもちろん、レクなどを通して学年関係なく仲良くなることが出来ます！
早稲田祭/理工展でメンバーが作ったオリジナル問題集を販売しています。あなたのイチオシ問題も問題集に載せませんか！？
他大学との交流も盛んです！過去にはコラボ模試や早慶戦などのイベントを行いました！！
【当サークルの特徴】
どんな科目の作問もok！
インカレなので他大学もok！
飲みに自信なし！","月水木5,6限
3号館の教室を使用することが多いです！",44,2023年,０人,なし,なし,https://www.waseda.jp/inst/weekly/circleguide/detail/?id=3794&lng=en,なし,なし,https://www.instagram.com/waseda_sakumon/,https://x.com/WU_sakumon,なし,なし,なし,なし,なし,なし,なし,公式サイトから取得; リンク検証済み; 写真URLなし
C0253,3088,鉄道研究会(WRC),学問,趣味,早稲田大学鉄道研究会(WRC)は大学鉄研としては日本最大級の規模を誇るサークルです。月1回の例会をはじめ、夏合宿や早稲田祭への出展など年間を通じてさまざまなイベントが催され、鉄道を趣味とする者が集まり交流を深めています。ライト層からコアな人まで個性豊かなメンバーで構成され、各会員は思い思いの方法で鉄道に関する知見を深めています。ひと口に「鉄道趣味」と言ってもその対象は写真、模型、車両研究など広範にわたっています。そのため個人の興味関心にあわせて活動を行うことができる「分科会」が設置され、そこでは特定の分野についてより深く掘り下げた活動が行われています。当会の主なイベントとしては、新歓期には花見や模型運転会、貸し切り列車の運行、合宿を開催し新入生を大いに歓迎します。夏合宿では現地集合・現地解散で各自自由なルートで旅をしており、車両基地見学会を必ず行っています。早稲田祭には毎年出展し巨大鉄道模型レイアウトや鉄道写真・部品など各分科会の英知を結集した展示を行っています。また、会誌「Switcher」を発行し、外部に向けて各会員の研究の成果を発表しています。その他にも雑誌やテレビ局などのメディアの取材や鉄道に関連したお仕事の依頼もあり、WRCだけでしか体験できないことも数多くあるのが当会の特徴です。少しでも興味のある方はぜひ、学生会館の部室までお気軽にお越しください！,毎週月〜土曜日/学生会館 部室E516 (任意参加),76人,1952年,0人,なし,"https://www.waseda.jp/inst/weekly/assets/uploads/2016/09/e6fe8db373749aad55260cfc04333c6d-940x627.jpg, https://www.waseda.jp/inst/weekly/assets/uploads/2016/09/79d7c62276d77e78ef6339e552be5545-940x627.jpg, https://www.waseda.jp/inst/weekly/assets/uploads/2016/09/28395f8be5ac21d5a9faa92736e6d6db-940x627.jpg",https://www.waseda.jp/inst/weekly/circleguide/detail/?id=3088&lng=en,なし,なし,なし,https://twitter.com/wasedarail,なし,なし,なし,なし,なし,なし,なし,公式サイトから取得; リンク検証済み
C0254,3277,学食研究会,学問,趣味,1999年に活動を開始した日本最古の学食研究サークル。サークル独自の調査書を使用した学食の評価をおこない、半年に一度学食ランキングを作成。そのランキングは多くの注目を集め、過去にはめざましテレビ、ワールドビジネスサテライト、週刊朝日、J-WAVEなど多くのメディアへの協力経験があります！ 1年を通して早稲田に限らずいろんな大学の学食を回ります。さらにいえば、半年に一度、8・9月と3月にそれぞれ合宿をおこないます。普段は行けないような遠くの学食へと足を運び、普段の学食研究会とはまた違った楽しみを皆で味わいます。週に2・3回程度、メンバー全員が気軽にマイペースに普段の活動をおこなっています。普段の学食への活動に3回来ることが入会条件の一つになっているのでまずは気軽に遊びに来てくださいねー！,不定期/都内の学食,70人,1999年,0人,なし,"https://www.waseda.jp/inst/weekly/assets/uploads/2016/07/1X14C125-1-14-201607151223-93-940x529.jpg, https://www.waseda.jp/inst/weekly/assets/uploads/2016/07/1X14C125-1-15-201607151223-93-940x705.jpg, https://www.waseda.jp/inst/weekly/assets/uploads/2016/07/1X14C125-1-16-201607151223-93-940x529.jpg",https://www.waseda.jp/inst/weekly/circleguide/detail/?id=3277&lng=en,なし,なし,なし,https://twitter.com/Wsdgakusyokuken,なし,なし,なし,なし,なし,なし,なし,公式サイトから取得; リンク検証済み
C0255,3486,特撮評議会,学問,趣味,当会は特撮作品の「見る専」として､特撮技術が用いられた映像作品を幅広く視聴するサークルです｡当会の目的は､一つ目に映像視聴を周囲と共感しつつ楽しむこと､二つ目に日本の伝統技術としての特撮の価値を再発見すること､三つ目にその作品性・表象性を分析的に評価し､作品から新たな価値を見出だすことにあります｡その成果として､さまざまなテーマに基づいた評論集を自費出版し､毎年2回､コミックマーケットで頒布しております｡当会の活動は通常活動と特別活動に分かれており､通常活動ではレギュラーとして3〜4クールの作品を視聴し､特別活動では随時､特撮に関連したさまざまなイベントに参加します｡また､春期には大々的なツアー企画を､夏期には合宿を行っており､趣味面の充足や知識の強化だけではなく､会員同士の交流も盛んなサークルです｡活動によっては特撮に限らずアニメや映画などの映像作品全般に触れることで、各人の視野を広げるとともにその審美眼を養っています。,毎週水曜日16時半〜・毎週土曜日13時〜/学生会館,25人,2011年,0人,なし,なし,https://www.waseda.jp/inst/weekly/circleguide/detail/?id=3486&lng=en,なし,なし,なし,https://twitter.com/waseda_sht,なし,なし,https://www.waseda.jp/inst/weekly/report/2015/10/26/11803/,なし,なし,なし,なし,公式サイトから取得; リンク検証済み; 写真URLなし
C0256,3799,,学問,趣味,情報なし,情報なし,34,2011年,情報なし,あり,なし,https://www.waseda.jp/inst/weekly/circleguide/detail/?id=3799&lng=en,なし,なし,なし,https://x.com/studyoftoho,なし,なし,なし,なし,なし,https://note.com/studyoftoho, livedoorBlog ╢: http://blog.livedoor.jp/studyoftoho/,公式サイトから取得; リンク検証済み; 活動内容なし; 活動日時・場所なし; 外国人学生の受け入れなし; 写真URLなし; その他のリンクあり
C0257,3800,,学問,趣味,情報なし,情報なし,34,2011年,情報なし,あり,なし,https://www.waseda.jp/inst/weekly/circleguide/detail/?id=3800&lng=en,なし,なし,なし,https://x.com/studyoftoho,なし,なし,なし,なし,なし,https://note.com/studyoftoho, livedoorBlog ╢: http://blog.livedoor.jp/studyoftoho/,公式サイトから取得; リンク検証済み; 活動内容なし; 活動日時・場所なし; 外国人学生の受け入れなし; 写真URLなし; その他のリンクあり
C0258,3801,,学問,趣味,情報なし,情報なし,34,2011年,情報なし,あり,なし,https://www.waseda.jp/inst/weekly/circleguide/detail/?id=3801&lng=en,なし,なし,なし,https://x.com/studyoftoho,なし,なし,なし,なし,なし,https://note.com/studyoftoho, livedoorBlog ╢: http://blog.livedoor.jp/studyoftoho/,公式サイトから取得; リンク検証済み; 活動内容なし; 活動日時・場所なし; 外国人学生の受け入れなし; 写真URLなし; その他のリンクあり
C0259,3802,早稲田大学幻想郷研究会,学問,趣味,"早稲田大学の東方サークル「幻想郷研究会」通称げそ研です！
/
/
/
/・活動内容?〈対面活動〉
/
/普段の対面活動では、東方projectの原作シューティングゲームや、東方の二次創作ボードゲームなどで遊んでいます！
/
/さらに、上記の活動以外にも授業日の放課後に不定期で小規模活動も行っています！
/
/
/
/・活動内容?〈オンライン〉
/
/交流には主にDiscordを用いており、通話で原作を配信したり、東方のTRPGなどを複数人で遊んだりしています！
/
/
/
/・活動内容?〈イベントへの参加〉
/
/毎年5月、11月に東京ビッグサイトにて行われる「博麗神社例大祭」に、サークル参加しています！
/
/例大祭ではサークルの合同誌「幻想念報」を作成、頒布しています！
/
/また、早稲田祭にも毎年参加しており、原作試遊など様々な企画を用意しています！
/
/
/
/・活動内容?〈合宿〉
/
/長期休暇(春季・夏季)中には、サークル合宿に行っています！
/
/合宿では東方の聖地巡礼を行ったり、みんなでボードゲームや原作に興じています！
/
/これまでの合宿開催場所は主に諏訪・京都・日光・佐渡などです！
/
/
/
/・会費
/
/会費は通年で徴収しています。金額は年度ごとに変動しますが凡そ2000~3000円程度です。
/
/
/
/・入会
/
/年中入会受付中！インカレの方、留学生の方でも構いません！
/
/ご連絡はげそ研X(@studyoftoho)のDMや、Gmailまでお願いいたします！","対面活動は月に1〜2回程度（13:00〜19:00頃）／学生会館、教室、早稲田周辺の会議室など
/
/それ以外にも不定期で小規模な活動が行われています。また、Discordなどオンライン上でも交流が行われています。",34,2011年,情報なし,あり,"https://www.waseda.jp/inst/weekly/assets/uploads/2025/12/c2e312f43c87f7009416177427243498-940x1127.jpeg, https://www.waseda.jp/inst/weekly/assets/uploads/2025/12/ea0974040a398f21c870745922242914-940x705.jpeg, https://www.waseda.jp/inst/weekly/assets/uploads/2025/12/caaa682c0735763845946cd7c7d32c96-940x705.jpeg",https://www.waseda.jp/inst/weekly/circleguide/detail/?id=3802&lng=en,なし,なし,なし,https://x.com/studyoftoho,なし,なし,なし,なし,なし,https://note.com/studyoftoho, livedoorBlog ╢: http://blog.livedoor.jp/studyoftoho/,公式サイトから取得; リンク検証済み; 外国人学生の受け入れなし; その他のリンクあり
C0260,3803,,学問,趣味,情報なし,情報なし,34,2011年,情報なし,あり,なし,https://www.waseda.jp/inst/weekly/circleguide/detail/?id=3803&lng=en,なし,なし,なし,https://x.com/studyoftoho,なし,なし,なし,なし,なし,https://note.com/studyoftoho, livedoorBlog ╢: http://blog.livedoor.jp/studyoftoho/,公式サイトから取得; リンク検証済み; 活動内容なし; 活動日時・場所なし; 外国人学生の受け入れなし; 写真URLなし; その他のリンクあり
C0261,3804,,学問,趣味,情報なし,情報なし,34,2011年,情報なし,あり,なし,https://www.waseda.jp/inst/weekly/circleguide/detail/?id=3804&lng=en,なし,なし,なし,https://x.com/studyoftoho,なし,なし,なし,なし,なし,https://note.com/studyoftoho, livedoorBlog ╢: http://blog.livedoor.jp/studyoftoho/,公式サイトから取得; リンク検証済み; 活動内容なし; 活動日時・場所なし; 外国人学生の受け入れなし; 写真URLなし; その他のリンクあり
C0262,3798,早大ボーカロイドファンクラブ,学問,趣味,早大ボーカロイドファンクラブはVOCALOIDをはじめとした合成音声が好きな学生が集まって活動しているサークルです。普段の活動内容は、お互いの好きなボカロ曲を紹介しあったり、ボカロに関するクイズ会を開いたり、メンバーでカラオケに行ったりして、サークルメンバー同士の交流をおこなっています。それに加えて、ボカロDJのイベントをサークル主催で開催したり、大学祭に参加したりしています。これらのイベントが近い時期には通常の活動に加えて、そのための準備も活動内容に入っていきます。ボーカロイドに関する知識量を問わず、入会を受け付けています。また、インカレサークルであるため、早稲田大学に所属していない学生の入会も受け付けています。,不定期/17時半/学生会館,53,2014年,1,あり,なし,https://www.waseda.jp/inst/weekly/circleguide/detail/?id=3798&lng=en,なし,なし,なし,https://x.com/wvfc_0309,なし,なし,なし,なし,なし,なし,なし,公式サイトから取得; リンク検証済み; 写真URLなし
C0263,3781,早稲田大学VTuber研究会,学問,趣味,"早稲田唯一の公認VTuberサークルです！
/
/
/
/■VTuber企画・運営（VTuber局）
/
/現在は、2代目公式V「早弓音さつき」を運営しています。
/
/また、3代目公式Vについても企画中です！
/
/企画、モデル作成、動画編集、広報などすべてをサークル内で行っています。
/
/
/
/■出版活動（編集局）
/
/コミックマーケット、文学フリマなどに参加して、会誌『VTrue』、研究雑誌『早稲田V学』を頒布しています！
/
/会内の希望者を売り子として入場させているため、2時間程度のシフト以外は入場料サークル負担でイベントを楽しむことができます！
/
/
/
/■他大学との交流
/
/関東V学連（Vゆに）に原加盟し、共同活動、交流イベントなどに参加しています。
/
/他大学の学生との推し活仲間の輪も広がります！
/
/
/
/■その他の活動
/
/会員なら誰でも、VTuberやVRなど会の目的に関連するものなら何でも、新しい活動を提案・実施できます！
/
/各活動（プロジェクト）には、必要に応じて活動資金を支給します。
/
/
/
/■会費（部費）
/
/入会学期は会費無料です！
/
/翌学期から、学期1000円（年度2000円）の会費を頂いています。
/
/頂いた会費は、Vの運営、出版物製作、図書・備品の購入などに充てています。
/
/
/
/■Tags
/
/バーチャルユーチューバー， バーチャルYouTuber， VR， 出版， 研究， コミケ， 文フリ， 同人誌， 早稲田V研， 早稲田VTuber研",随時/主にオンライン、必要に応じて対面,39人,2018年,0人,なし,"https://www.waseda.jp/inst/weekly/assets/uploads/2024/08/vken-2-940x940.png, https://www.waseda.jp/inst/weekly/assets/uploads/2024/08/vken-1-940x705.jpg, https://www.waseda.jp/inst/weekly/assets/uploads/2024/08/vken-3-940x1022.jpg",https://www.waseda.jp/inst/weekly/circleguide/detail/?id=3781&lng=en,その他のリンクリンク切れ,https://waseda.vken.org/,なし,https://x.com/waseda_Virtual,なし,なし,なし,なし,なし,なし, Bluesky ╢: https://bsky.app/profile/waseda.vken.org,公式サイトから取得; リンク検証済み; その他のリンクあり; その他のリンク: リンク切れ (404)
C0264,3770,早稲田大学占い研究会,学問,趣味,"早稲田大学占い研究会は、早稲田大学唯一の公認占いサークルです。
/
/
/
/手相、タロット、西洋占星術、四柱推命、紫微斗数、ルーン、マヤ暦占いなど幅広い占術が学べます。
/
/
/
/毎週火曜日にまったり活動しています。お互いを占いあったり、タロットの解釈について話し合ったり、本や動画を使ってみんなで勉強したりするのがメインです。活動後にはご飯にも行きます。
/
/
/
/そのほかにも、早稲田祭で大人気の鑑定会や、プロの方をお招きした講演会、合宿、外部イベントへの参加など楽しい行事が盛りだくさんです！
/
/
/
/活動への参加は任意です。土日のイベントや合宿だけの参加でも構いません。自分のペースで、気軽に楽しめるサークルです！
/
/
/
/初心者の方、他大学の方、2・3年生の方、留学生の方も大歓迎です。
/
/
/
/活動見学・入会は一年中いつでも受け付けています。興味がある方はインスタかX(旧Twitter)のDMからご連絡ください！",毎週火曜日/17時半から20時/高田馬場周辺,43人,2020年,3人,なし,"https://www.waseda.jp/inst/weekly/assets/uploads/2023/11/uraken-1-940x992.jpg, https://www.waseda.jp/inst/weekly/assets/uploads/2023/11/uraken-2-940x705.jpg, https://www.waseda.jp/inst/weekly/assets/uploads/2023/11/uraken-3-940x705.jpg",https://www.waseda.jp/inst/weekly/circleguide/detail/?id=3770&lng=en,なし,なし,https://www.instagram.com/waseda_uraken/,https://twitter.com/Waseda_Uraken,なし,なし,なし,なし,なし,なし,なし,公式サイトから取得; リンク検証済み
C0265,3784,早稲田ドラマ研究会,学問,趣味,"早稲田ドラマ研究会は2022年に設立されたオール早稲田のサークルです。
通常活動では毎週月曜日に3号館またはレンタルスペースに集まり、国内ドラマの鑑賞やドラマに関するレクリエーションを行っています。投票によって決められたドラマをまったりと鑑賞しています。
通常活動の他に、不定期開催企画としてロケ地巡り、聖地巡礼も実施しています。基本的には東京近郊のロケ地を巡りますが、少し足を延ばした遠出の聖地巡礼もあります！あなたの好きなドラマのロケ地を訪れることができるかもしれません。
その他にも、ドラマ自主制作やドラマ情報発信、テレビドラマへのエキストラ参加など、ドラマに関することを多岐にわたって行っています。
合宿は年に2回実施し、イベントも多数開催されるため、ドラマ好きもそうでない人も楽しめること間違いなしです！
体験、入会ともに随時受け付けています。ご連絡お待ちしています！",毎週月曜日/19:00/3号館、レンタルスペース,60人,2022年,2人,あり,"https://www.waseda.jp/inst/weekly/assets/uploads/2025/03/1E23N077-3-1-202411261555-1-940x939.jpg, https://www.waseda.jp/inst/weekly/assets/uploads/2025/03/1E23N077-3-1-202411261555-2-940x705.jpg, https://www.waseda.jp/inst/weekly/assets/uploads/2025/03/1E23N077-3-1-202411261555-3-940x1253.jpg",https://www.waseda.jp/inst/weekly/circleguide/detail/?id=3784&lng=en,なし,なし,https://www.instagram.com/w.dramaclub/,https://x.com/draken_waseda,なし,なし,なし,なし,なし,なし,なし,公式サイトから取得; リンク検証済み
C0266,3786,早稲田レゴブロック研究会,学問,趣味,"早稲田大学唯一のレゴサークルで、週１回(曜日不定)をめどに活動しています。西早稲田キャンパスを中心に活動していますが、理工以外の学部生、他大の方も多数所属しています！
基本的なレゴ作品に加えてピタゴラスイッチのような動くレゴ作品など幅広い作品を作っています。作成したレゴ作品は学園祭や外部の展示会などに出展をしています。また、レゴの製作以外にもレゴストア巡りや合宿などの様々なイベントも企画しています。
サークルで作成したレゴ作品や活動の様子はSNS等で公開していますので、興味のある方はぜひご覧ください！
レゴ好きな方、昔遊んでいて懐かしい方など初心者でも大歓迎です！
1年中募集しているので、お気軽にSNSのDMなどで連絡ください！","週1回(曜日不定)
平日：17時〜19時/西早稲田キャンパス
休日：14時〜17時/学生会館",40人,2022年,1人,あり,"https://www.waseda.jp/inst/weekly/assets/uploads/2025/03/1W222091-3-1-202410022030-2.jpg, https://www.waseda.jp/inst/weekly/assets/uploads/2025/03/1W222091-3-1-202410022030-3-940x705.jpg, https://www.waseda.jp/inst/weekly/assets/uploads/2025/03/1W222091-3-1-202410022030-1-940x529.jpg",https://www.waseda.jp/inst/weekly/circleguide/detail/?id=3786&lng=en,なし,なし,なし,https://x.com/w_Legob,なし,なし,なし,なし,なし,なし,なし,公式サイトから取得; リンク検証済み
C0267,3529,早稲田大学宇宙航空研究会,学問,技術,早稲田大学宇宙航空研究会-WASA- は、理工学術院公認の最大規模ものづくりサークルです。鳥人間コンテスト出場を目指し、人力飛行機の設計・製作・運用を行う「鳥人間プロジェクト」、観測会や勉強会、プラネタリウムの製作を行う「天文プロジェクト」、飛行機ロボットの製作やラジコンの自動走行制御を通してWASA内の電装技術の集約と発展を目指す「電装プロジェクト」、モデルロケットや缶サットの製作を行う「ロケットプロジェクト」の四つのプロジェクトに分かれて活動をしています。活動の歴史は長く、1960年代の宇宙・航空分野の学科が存在しなかった当時の早稲田大学に、「学科にとらわれず、宇宙・航空分野の研究を行うこと」を目的に設立されました。これまでに宇宙航空研究開発機構(JAXA)職員をはじめとした著名なOB・OGを排出しており、定期的な交流会を開催しています。現在は他大学とのインターカレッジを組んでおり、公認を頂いている日本女子大学の学生をはじめ、さまざまな大学の学生と共に活動をしています。未経験者歓迎！ 兼サー（※サークル掛け持ち）歓迎！ 個人に合わせて活動可！,毎日/賃貸物件・学生会館・ものづくり工房,172人,1965年,1人,なし,"https://www.waseda.jp/inst/weekly/assets/uploads/2016/09/d7c659b63b559bb4518b8ec8aada7482-940x627.jpg, https://www.waseda.jp/inst/weekly/assets/uploads/2016/09/56186c56bfcd134bc78d776b77c9e271-940x627.jpg, https://www.waseda.jp/inst/weekly/assets/uploads/2016/09/ba2ff25b203821d15b35f64db1967aa1-940x627.jpg",https://www.waseda.jp/inst/weekly/circleguide/detail/?id=3529&lng=en,なし,なし,なし,https://twitter.com/wasainfo,なし,なし,なし,なし,なし,なし,なし,公式サイトから取得; リンク検証済み
C0268,3540,早稲田大学マイクロマウスクラブ,学問,技術,"早稲田大学マイクロマウスクラブ(WMMC)では、先輩の指導の下で、初心者でも簡単にロボットが作れます！
/
/　サークル名にあるマイクロマウスとは、小型の自律迷路探索ロボットのことです。早稲田大学マイクロマウスクラブでは1人1台このマイクロマウスを製作してもらいます。そのため、ロボット製作の流れ全体にかかわることができる他、自分のスケジュールに合わせた製作が可能なのが特徴です。また、すでに設計、プログラム作成済みの標準マイクロマウスもあるので、初心者でも簡単に作ることができます。
/
/　マイクロマウスを作成する過程で、機体の設計や加工、電子回路の設計やハンダ付け、C言語やC++言語によるプログラミングなど、ロボット製作に関連する技術を学ぶことができます。そして、年に3回マイクロマウスの大会があり、そこへの出場を目標にしています。
/
/　また、マイクロマウスの他に、つくばチャレンジとよばれる、ロボットを実際につくば市の街中を自律走行させる競技への参加も目指しています。こちらは、サークルの有志が集まって、メンバー全員で1台のロボットを作成します。
/
/　負担金額はロボットの材料費のみで、入会費や年会費はかかりません。夏と冬には合宿もあります。ロボット製作初心者も経験者も、興味がある方はぜひ来てみてください！",・毎週土曜日/10時〜17時/ものづくり工房　・有志が学生会館で不定期活動,30人,1983年,1人,なし,"https://www.waseda.jp/inst/weekly/assets/uploads/2016/09/24c981efb559191c936846e5113ae102-940x705.jpeg, https://www.waseda.jp/inst/weekly/assets/uploads/2016/09/3b747bebe4e0d6d6eaba0c396a817360-940x705.jpeg, https://www.waseda.jp/inst/weekly/assets/uploads/2016/09/c539e1e53b868bd94643fe6a3c839104-940x705.jpeg",https://www.waseda.jp/inst/weekly/circleguide/detail/?id=3540&lng=en,なし,なし,なし,https://twitter.com/wmmc1983,なし,なし,なし,なし,なし,なし,なし,公式サイトから取得; リンク検証済み
C0269,3624,Waseda Formula Project,学問,技術,私たちの行う「学生フォーミュラ」とは、学生が自らの手でフォーミュラカー（F1のような一人乗り・オープンホイールのレーシングカー）を開発する活動で、学生版レーシングチームとして大学ごとにいかにいいクルマをつくれるかを競います。世界共通のルールの下、1年に1台のスパンで車両を企画し、3次元CADソフトウエアを用いた設計や解析を行い、それを元に機械加工や溶接などで車両を製作、さらに多くの走行試験を通して評価・改良を行い、学生フォーミュラ日本大会で最速のマシンをつくることを目指します。大会では車両性能のみならず、ドライビングテクニックや燃費、コスト計画やビジネスプランも競技内容に含まれており、まさに「ものづくり」の総合力を養うべく活動しています。またチームを運営するための資金および部品・材料の調達やスポンサー交渉、目標管理や日程管理といったプロジェクトマネジメントも重要な活動の一部です。自分たちの手で行う本物のクルマづくり・チームづくりに困難は少なくありませんが、その分チームで作り上げたクルマが実際に目の前で走り、どのチームよりも速いときの感動は格別です。より詳しい情報や日々の活動の様子についてはチームホームページをご覧いただき、ご支援・ご声援を頂ければ幸いです。チームメンバーも随時募集しています！,毎日/9:00〜18:00/西早稲田キャンパスものづくり工房　(土・日曜日は遠征多数あり！),38人,2009年,0人,あり,"https://www.waseda.jp/inst/weekly/assets/uploads/2025/10/1761563293838-940x705.jpg, https://www.waseda.jp/inst/weekly/assets/uploads/2025/10/IMGP1007-940x627.jpg, https://www.waseda.jp/inst/weekly/assets/uploads/2025/10/IMGP1776-940x627.jpg",https://www.waseda.jp/inst/weekly/circleguide/detail/?id=3624&lng=en,なし,https://waseda-fp.tumblr.com/,https://www.instagram.com/wasedaformulaproject/,https://x.com/wasedafp,なし,なし,なし,なし,なし,なし,なし,公式サイトから取得; リンク検証済み
C0270,3547,早稲田コンピュータエンタテインメント,学問,技術,早稲田コンピュータエンタテインメント、通称WCEは、コンピュータを使った作品制作を通して、プログラミング、イラスト、3DCG、DTM、ゲームデザインを学ぶコミュニティです。2011年から早稲田大学で活動を始め、理工展（大学祭）やコミックマーケット、その他 コミティア や M3 に出展しています。2014年6月から理工学術院承認団体にも登録されました。プログラミングやイラスト、音楽制作はやってみたいけれども、どうやって始めたらいいかわからない、一人でやっていても寂しいという方が多いと思います。そんな人たちのために同じ志を持つ仲間で集まったり、どうやって始めればいいか、本当はすぐそこにあるのに、ちょっと遠くに感じるクリエイターの世界に一歩踏み出すサークル、それがWCEです。初心者の方には経験者が丁寧に教えますし、活動内容は創作であれば自由なので、きっと作りたいものが作れるようになると思います。また、サークル全体として完全オリジナルのゲームを制作し、理工展（大学祭）で遊んでもらったり、イラスト本、音楽CDを作成して外部のイベントの出展したりもしているので、何か作りたいけれど目標がないという方も創作活動を楽しめます。あなたも私たちと一緒にクリエイターの世界に一歩踏み出してみませんか？,毎週水・金曜日/18時〜/西早稲田キャンパス,42人,2011年,0人,なし,https://www.waseda.jp/inst/weekly/assets/uploads/2016/07/1X14C125-1-16-201607151223-60-940x529.jpg,https://www.waseda.jp/inst/weekly/circleguide/detail/?id=3547&lng=en,なし,なし,なし,https://twitter.com/wce_official,なし,なし,なし,なし,なし,なし,なし,公式サイトから取得; リンク検証済み
C0271,3291,早稲田大学ROBOSTEP,学問,技術,1度きりの大学生活、何かに熱中してみませんか？ ROBOSTEPはNHK学生ロボコン優勝を目指して日々活動している大学公認のロボコンサークルです。2015年にはNHK学生ロボコンで優勝、2019年には準優勝し現在5年連続で出場中です。NHK学生ロボコンは毎年ルールが変わるため、それに合わせたロボットを毎年いちから開発します。「設計班」と「電装班」に分かれて機械設計・加工組立・回路設計・制御などを分担して行い、チームで大型の競技用ロボットを作りあげます。初年度から新人戦や部内戦に参加し、基礎から技術を磨きますので、未経験でも心配は不要です。私たちは意欲のある学生を学年や専攻、経験の有無に関わらず広く募集しています。本気でものづくりがしたい！ロボコンがやりたい！ロボットを作ってみたい！という方はぜひ見学にお越しください！,毎週水曜日18時より定例会・各自の空きコマで活動/ものづくり工房,50人,2013年,0人,なし,"https://www.waseda.jp/inst/weekly/assets/uploads/2025/03/1X22B122-3-1-202409211340-1.jpg, https://www.waseda.jp/inst/weekly/assets/uploads/2025/03/1X22B122-3-1-202409211340-2.png, https://www.waseda.jp/inst/weekly/assets/uploads/2025/03/1X22B122-3-1-202409211340-3.jpg",https://www.waseda.jp/inst/weekly/circleguide/detail/?id=3291&lng=en,なし,https://robostep.sakura.ne.jp/blog/,なし,https://twitter.com/robostep_waseda,なし,なし,なし,なし,なし,なし,なし,公式サイトから取得; リンク検証済み
C0272,3042,ザ・ワセダ・ガーディアン,メディア・出版,出版,当会は二つの活動を軸に活動しています。一つめは「英字新聞のフリーペーパー」を作り配布することです。サークルメンバーが自身の取り組みたい企画を提案し、実際に著名人にインタビューを行ったり座談会を開いたりして充実した記事を作成していきます。二つめは受験生応援雑誌「早稲田魂」を制作し販売を行うことです。受験生に向けて「現役早大生だからこそ伝えられる早稲田の本当の姿」を軸に、サークルメンバーが自ら企画を実行し読者が楽しめる雑誌を作成します。そして制作した雑誌を北海道から九州まで全国販売します。これらの活動の特徴は、記事を書く際内容によってさまざまな有名人にインタビューができたり、学生しかできない斬新な企画を立てて実行できることです！,毎週火曜日/18時半/学生会館,47人,1936年,0人,あり,"https://www.waseda.jp/inst/weekly/assets/uploads/2016/09/4d7075e43b5c37eefe1f196eaae4bb74-940x529.jpg, https://www.waseda.jp/inst/weekly/assets/uploads/2016/09/21dd2856ab4123e0bee8f47c03bdc731-940x538.jpg, https://www.waseda.jp/inst/weekly/assets/uploads/2016/09/b35a7ca14d41c61a39c0931e82ccac31-940x529.jpg",https://www.waseda.jp/inst/weekly/circleguide/detail/?id=3042&lng=en,なし,なし,なし,https://twitter.com/WasedaGuardian,なし,なし,なし,なし,なし,なし,なし,公式サイトから取得; リンク検証済み
C0273,3641,早稲田大学マスコミ研究会,メディア・出版,出版,"マスコミ研究会では、企画・取材・デザイン・ぶんげいという４つの分科会に分かれてフリーマガジン『ワセキチ』の制作やweb上での記事掲載を行っています。
/
/
/
/　企画分科会では、会員の興味・関心に基づいて『ワセキチ』に掲載する企画を考え記事にします。また、取材分科会では大学生ならではの切り口でインタビューを行ったり、ぶんげい分科会では各々が小説やエッセイを創作したり、様々な活動を行っています。そして、デザイン分科会では、他の分科会が制作した記事や文章をもとに誌面デザインを考え『ワセキチ』を完成させます。記事制作やデザインは多くの会員が初心者ですが、１からノウハウを学び他のメンバーと協力しながら技術を磨いていきます！
/
/
/
/　さらに、早稲田祭では、例年著名人の方をお呼びして講演会やインタビューを行っています。過去には作家の京極夏彦さんやはやみねかおるさん、作詞家・作曲家の杉山勝彦さんなど多岐にわたるジャンルのゲストをお呼びしました。
/
/
/
/　もちろん真面目な活動だけでなく、合宿や日帰りレクなど会員同士で親睦を深められるイベントも多数行っています！　週４日ある活動のうち参加頻度は自分で調整できるので、兼サーも可能です。出版やデザインに興味があるアナタも、そうでないアナタも大歓迎。自分の「好き」「気になる」をマスコミ研究会で形にしよう！",毎週火曜日・木曜日・金曜日/5限or6限/戸山キャンパス学生会館 （授業時間拡大に伴い活動日時の変更を予定しています。詳細は公式Twitterにて公開します）,47人,1966年,0人,なし,"https://www.waseda.jp/inst/weekly/assets/uploads/2023/03/C-001_1-940x1333.jpeg, https://www.waseda.jp/inst/weekly/assets/uploads/2023/03/C-001_2-940x940.jpeg, https://www.waseda.jp/inst/weekly/assets/uploads/2023/03/C-001_3-940x626.jpeg",https://www.waseda.jp/inst/weekly/circleguide/detail/?id=3641&lng=en,なし,https://waseda-massken.com/,https://www.instagram.com/massken1967/,https://twitter.com/w_massken,なし,なし,なし,なし,なし,なし,なし,公式サイトから取得; リンク検証済み
C0274,3267,早稲田リンクス,メディア・出版,出版,"公認学生団体早稲田リンクスです。春季と秋季の年2回のフリーペーパー発行を中心に、Webメディア運営やその他の出版物発行、イベント企画も行っています。
/
/
/
/フリーペーパーでは毎号異なるテーマ(「選ぶ」/「二項対立を考える」/「朝」/「喪失」など)を設定し、インタビュー、コラム、デザイン・写真記事といった形式で、テーマに対する多角的なアプローチを試みています。値段をつけずフリーで配布する分、商業市場から少し離れたところで、学生特有のモヤモヤを煮詰めたような雑誌をつくることができる点が魅力です。
/
/
/
/記事執筆/編集、デザイン、カメラ、動画作成等、取り組める活動の幅が広いことが特徴です。
/
/
/
/入会してから必要なスキルを身につけることができる環境が整っているので、興味があれば初心者・経験者問わず活躍できます。
/
/
/
/大学に入って、自分の好きなことを活かしたい、なにか新しいことに挑戦したいという人はぜひ一度足を運んでみてください。",毎週水曜6限/学生会館,30人,1996年,0人,なし,"https://www.waseda.jp/inst/weekly/assets/uploads/2024/04/3ea001e174cb1a09538ab4135dfcdbda-940x627.jpg, https://www.waseda.jp/inst/weekly/assets/uploads/2024/04/1fa696aece9c8a295c0a14ec550e22fb-940x627.jpg, https://www.waseda.jp/inst/weekly/assets/uploads/2024/04/9f6a57c9063e3a6814977ea1e97ffd00-940x626.jpg",https://www.waseda.jp/inst/weekly/circleguide/detail/?id=3267&lng=en,なし,https://wasedalinks.com/,https://www.instagram.com/wasedalinks/,https://twitter.com/wasedalinks,なし,なし,なし,なし,なし,なし,なし,公式サイトから取得; リンク検証済み
C0275,3245,出版甲子園実行委員会,メディア・出版,出版,"出版甲子園は「学生に商業出版を」をビジョンに、ユニークなアイデアを持っている学生と出版社をつなげるべく活動しています。
主な活動としては、全国の学生から企画を募集し、団体員による数回の審査の後、現役の編集者が審査員となる決勝大会を開催しています。優れた企画は商業出版され、過去20年で既刊本は43冊に至りました。
私たち実行委員は大会に向け企画の審査や参加者のサポートをしています。また決勝大会のゲストの著名人やプロの編集者など、社会人とも多く関わります。……と紹介するとなんだか大変そうな印象ですが心配御無用。先輩は皆優しくて面白い人ばかりで、個人の予定も尊重しており、兼サーも大歓迎です！
「本を出したい学生と出版社をつなぐ」、そんなここでしかできない経験をしてみませんか？","月一回全体会議。
個人差があるが概ね週一回。戸山キャンパス、東大駒場キャンパス、オンラインなどで開催。",50人,2005年,0人,なし,"https://www.waseda.jp/inst/weekly/assets/uploads/2025/03/1Y24E001-3-1-202502221604-1.jpg, https://www.waseda.jp/inst/weekly/assets/uploads/2025/03/1Y24E001-3-1-202502221604-2.png, https://www.waseda.jp/inst/weekly/assets/uploads/2025/03/1Y24E001-3-1-202502221604-3.png",https://www.waseda.jp/inst/weekly/circleguide/detail/?id=3245&lng=en,なし,http://spk.picaso.jp/,なし,https://twitter.com/spk_picaso,なし,https://page.line.me/131byzeb,https://www.waseda.jp/inst/weekly/news/2020/12/10/81192/,なし,なし,なし,なし,公式サイトから取得; リンク検証済み
C0276,3246,出版団体 ENJI,メディア・出版,出版,"出版団体ENJIは2009年10月に「ファッションデワセダヲカエル」をコンセプトに発足した学生団体です。
/
/　主な活動は、年に3回のフリーマガジン（春夏号・秋号・冬号）の発行です。フリーマガジンの誌面に出演しているモデルは早稲田生で、そのモデルを探し出しコーディネートを組み衣装を着せ、カメラで撮影し、編集ソフトを使用して誌面のレイアウトやデザインを考える、この全てを自分たちの手で行っています。また、活動資金も自分たちで渉外活動を行い、企業や飲食店に協賛していただいて賄っています。
/
/　サークルの雰囲気はいつも和やかで、先輩後輩に関係なくとても仲良しです。さまざまなファッション・カルチャー好きが集まり、楽しく活動しています！",毎週月曜日/18時半/学生会館,110人,2009年,0人,なし,"https://www.waseda.jp/inst/weekly/assets/uploads/2016/09/5bf1b124bd086c3b51165c7e1d4764dc-940x940.jpg, https://www.waseda.jp/inst/weekly/assets/uploads/2016/09/401b9bd854904a29d7f799ceca80210a-940x623.jpg, https://www.waseda.jp/inst/weekly/assets/uploads/2016/09/6c4f72c3afc91e37e3127f8fd287dc1f.jpg",https://www.waseda.jp/inst/weekly/circleguide/detail/?id=3246&lng=en,サークルサイト閉鎖,http://www.enji-wu.com/,https://www.instagram.com/enji_wu/,https://twitter.com/enji_wu,なし,なし,https://www.waseda.jp/inst/weekly/report/2018/10/24/51899/,なし,なし,https://note.com/enji_waseda/,なし,公式サイトから取得; リンク検証済み; ウェブサイト（サークル）: リンク切れ (fetch failed)
C0277,3544,Perspective研究会,メディア・出版,コミュニケーション,"perspective研究会は、早稲田大学を中心とした建築巡りのサークルです。日本女子大学、横浜国立大学、明治大学、東京大学などのさまざまな大学から集まったメンバーで、月1回、都内を中心に有名建築家の設計したさまざまな建築物を見学し、春休み、夏休みの2回、4泊、または5泊の合宿を行い、都内周辺だけでなく、地方の建築物も見学しに行きます。
/
/
/
/先輩の解説を聞きながら、雑誌や写真では感じることのできない建築を味わうことができる、他大学生との交流や情報交換によって建築を考えるうえで必要な知識を多くえることができます。
/
/
/
/建築の勉強をしたい方、深めたい方、建築学科以外の方、留学生の方どなたでもぜひ参加してください！",毎月1回(主に土・日曜日)/都内近郊(見学先による),40人,1974年,0人,あり,"https://www.waseda.jp/inst/weekly/assets/uploads/2017/03/b025dd9e5ec89da44d9f20d74d10b969-940x705.jpg, https://www.waseda.jp/inst/weekly/assets/uploads/2017/03/4519b0dc968035c7a4a1eff8377a7e72-940x626.jpg, https://www.waseda.jp/inst/weekly/assets/uploads/2017/03/86fe81493c05ff228be7d7c0079dae1f.jpg",https://www.waseda.jp/inst/weekly/circleguide/detail/?id=3544&lng=en,なし,なし,なし,https://twitter.com/perken2014,なし,なし,https://www.waseda.jp/inst/weekly/report/2017/06/23/26399/,なし,なし,なし,なし,公式サイトから取得; リンク検証済み
C0278,3145,アニメーション同好会 (WALT),メディア・出版,コミュニケーション,"アニメーション同好会(WALT)ではアニメを観ることを中心に活動するいわゆる「消費系」サークルです。そして早稲田大学からの公認を受けているサークルで部室も与えられています。←ここが強い！と思う...。部室にはパソコンを設置しており、そこで過去のアニメから現在放映中のアニメまであらゆるアニメが多分ほぼ一通り見られるようになっています。アニメの他にもボードゲームや漫画、ライトノベル等も充実しています。したがって、WALT会員にはアニメオタクの他、様々な種類のオタクが部室で蠢いています。さて、WALTでは決まった活動日、時間はなく会員の気の向いたときに部室に来て活動をするという非常に自由な活動形態をとっているので、自分の都合に合わせたサークル活動ができます。また、このサークルの重要活動実績となっているのは「コミックマーケットへの参加」です。この通称コミケでは会員が協力して冊子を製作し販売しています。/
///
///
///
///
///
//We watch anime， read manga， play games， attend comic markets， and do many other things./
///
///
///
//Waseda Animation Lovers Team (WALT) is a so-called ?consumption-oriented? circle that focuses on watching anime. The club is officially recognized by Waseda University and is provided with a club room. The club room is equipped with a computer where we can watch almost all kinds of anime， both past and current. WALT has no fixed activity days or hours， and members are free to come to the club room whenever they feel like it， allowing them to do circle activities according to their own schedule. One of the most important activities of this circle is ?participation in the Comic Market?. Members work together to produce and sell booklets at Comiket， which is also known as Comic Market.",会員が部室にいるとき・学生会館E504室,20人,1978年,1人,あり,"https://www.waseda.jp/inst/weekly/assets/uploads/2023/03/A-104_1-940x705.jpg, https://www.waseda.jp/inst/weekly/assets/uploads/2023/03/A-104_2-940x705.jpg, https://www.waseda.jp/inst/weekly/assets/uploads/2023/03/A-104_3-940x705.jpg",https://www.waseda.jp/inst/weekly/circleguide/detail/?id=3145&lng=en,なし,なし,なし,https://twitter.com/w_walt,なし,なし,なし,なし,なし,なし,なし,公式サイトから取得; リンク検証済み
C0279,3491,模擬国連早稲田研究会,メディア・出版,コミュニケーション,模擬国連とは、一言で言うと国際会議をシミュレーションする活動です。世界各地で行われている模擬国連ですが、この模擬国連早稲田研究会では、毎週火曜日の6限から早稲田大学にて通常活動を行っています。会議合宿や全国大会、海外で行われる大会にも参加する事ができます！ 会議だけでなく遊びにも全力で取り組んでいて、遊び合宿などの楽しいイベントも満載です。質問などがあれば各種SNSやメールを通じてご連絡ください！,毎週火曜日/6・7限/学生会館または大学近隣施設,50人,1982年,0人,あり,"https://www.waseda.jp/inst/weekly/assets/uploads/2016/09/9da2381fe0b8d7bd3c8f60f108f56ff5-940x705.jpg, https://www.waseda.jp/inst/weekly/assets/uploads/2020/04/d002_1-940x705.jpg, https://www.waseda.jp/inst/weekly/assets/uploads/2020/04/d002_2-1-940x705.jpg",https://www.waseda.jp/inst/weekly/circleguide/detail/?id=3491&lng=en,なし,https://waseken2015.wixsite.com/mun-waseda,https://www.instagram.com/munw_waseda/,https://twitter.com/munw_waseda,https://www.facebook.com/mun.waseda/,なし,なし,なし,なし,なし,なし,公式サイトから取得; リンク検証済み
C0280,3271,GLOW,メディア・出版,コミュニケーション,毎月のイベントの他に、月1回の定例会やランチ会・勉強会などの有志企画のイベントを始め、近年では早稲田祭で演劇上演や映画製作にチャレンジするなど実にさまざまです。また、専用の部室があり授業の合間なども楽しい時間を過ごすことができます。GLOWは、そのさまざまな活動を通してセクシュアルマイノリティーの学生同士が強い絆を結べる場です。,毎日 随時 サークルの特性上非公開,164人,1991年,4人,あり,"https://www.waseda.jp/inst/weekly/assets/uploads/2016/09/GLOW1-940x1336.png, https://www.waseda.jp/inst/weekly/assets/uploads/2016/09/GLOW2-940x705.jpg, https://www.waseda.jp/inst/weekly/assets/uploads/2016/09/GLOW3-940x1327.png",https://www.waseda.jp/inst/weekly/circleguide/detail/?id=3271&lng=en,なし,なし,なし,https://twitter.com/WASEDA_GLOW_PR,なし,なし,なし,なし,なし,なし,なし,公式サイトから取得; リンク検証済み
C0281,3570,e-learning コミュニケーション研究会（ELC）,メディア・出版,コミュニケーション,本サークルメンバーはe-learningによる受講が基本の人間科学部eスクールの学生で構成されています。したがって、学友同士のコミュニケーションの場が必要であり、毎年、数々のイベントを企画・実行し会員同士の情報共有と親睦の場を提供しています。春の入学祝賀会からスタートし、早慶戦の応援、夏合宿における勉強会、ゼミ検討会などを主な活動としております。そして、3月の卒業祝賀会では、教員の方々と学生が卒業していく先輩を祝い、在校生の学業への意欲向上の場として有意義なひと時を共有してます。今後も以上の活動を通じて、通信で学ぶ学友間の「友情と情熱の架け橋」として、積極的な活動に努めてまいります。,不定期/学生会館・人間科学部教室,380人,2003年,0人,あり,"https://www.waseda.jp/inst/weekly/assets/uploads/2016/09/cd4cf624152a580fb204b3dbad540a90-940x705.jpeg, https://www.waseda.jp/inst/weekly/assets/uploads/2016/09/b6a89885bb8cf7bb55e99a105ffae770-940x705.jpeg, https://www.waseda.jp/inst/weekly/assets/uploads/2016/09/221dd952d915e0d5f4e0a57a4e7e06ff-940x705.jpeg",https://www.waseda.jp/inst/weekly/circleguide/detail/?id=3570&lng=en,なし,なし,なし,https://twitter.com/elc_waseda,なし,なし,なし,なし,なし,なし,なし,公式サイトから取得; リンク検証済み
C0282,3750,Rethink Fashion Waseda,メディア・出版,コミュニケーション,Rethink Fashion Waseda (ReF)は「サステナブルファッションをライフスタイルに」というビジョンのもと、学生でも日常に取り入れやすいサステナブルファッションの情報をSNSで発信しています。そうすることでファッションの持続可能性について考え、行動する仲間を増やすことを目指しています。主なプラットフォームであるInstagramでは24年現在、3000人を超えるフォロワーに情報を届けています。また、イベント開催（古着のフリーマーケットやビーチクリーンなど）や企業コラボレーション（ファッション誌WWD、JanSports、日本経済新聞など）を通じて学びや行動の幅を広げ、より環境や人に優しいサステナブルな社会づくりに貢献するべく活動しています。,月末日曜日/21時/オンライン(zoom),60人,2020年,0人,なし,"https://www.waseda.jp/inst/weekly/assets/uploads/2022/01/ref1-940x628.jpg, https://www.waseda.jp/inst/weekly/assets/uploads/2022/01/thumbnail_ReF-940x705.jpg, https://www.waseda.jp/inst/weekly/assets/uploads/2022/01/thumbnail_ReF_POPUP-940x1253.jpg",https://www.waseda.jp/inst/weekly/circleguide/detail/?id=3750&lng=en,なし,https://refwaseda.wixsite.com/website,https://www.instagram.com/ref.waseda/,なし,なし,なし,なし,https://www.youtube.com/@rethinkfashionwaseda7457,なし,なし,なし,公式サイトから取得; リンク検証済み
C0283,3084,広告研究会,メディア・出版,マスメディア,"私たち広告研究会は広告を「人を動かすもの」と捉え、日常生活を広告でどう変えていくか日々研究しています。この定義の広さはそのまま活動の幅の広さ、サークル員の多様性につながっています。そのため、広告研究会には誰にとってもやりたいと思える活動が必ずあります。また文化系、体育会系を問わず多様なサークル員が集まるため非常に個性の強い集団であると言えます。
/
/また、100年を超える歴史もそういった人と活動の多様性を作り出しています。大正2年から続く歴史から外部の信頼が厚く、OB・OGの方々もたくさんの功績を持った人ばかりです。恵まれた土壌で、私たちは企業から頂く課題に沿って広告を制作することはもちろん、大学のサークルや周辺の商店街、イベントなど多角的なアプローチで広告を考えています。
/
/広告は「人を動かすもの」、机上の知識で終わってはいけません。外部へ発信して、人を動かすまでが私たちの活動です。たくさんの人とのコミュニケーションを通じて私たちは広告を日本に発信し、そして広告で日本を盛り上げるために日々奮闘しています。 　広告制作に経験者という言葉はありません。個性と本気で取り組む熱意、そして踏み込む勇気が何より大切です。時にはつらいと思うこともあるかも知れません。しかし、私たちは広告と真剣に向き合い、新たな可能性を探し、挑戦を続けていきます。そんな毎日が私たちのかけがえのない思い出を作るのです。",毎週火・金曜日/18時半〜21時/早稲田大学学内教室・学生会館,300人,1913年,0人,なし,なし,https://www.waseda.jp/inst/weekly/circleguide/detail/?id=3084&lng=en,なし,なし,なし,https://twitter.com/was_105th,なし,なし,なし,なし,なし,なし,なし,公式サイトから取得; リンク検証済み; 写真URLなし
C0284,3087,放送研究会,メディア・出版,マスメディア,私たち放送研究会は1000以上あると言われている早稲田大学のサークルの中で最大規模を誇ります。主な活動は大きく分けて以下の二つです。 一つ目が、映像・音響・照明の機材、アナウンスの技術を用いた活動です。早稲田内外のさまざまな団体の依頼を受け、それぞれのニーズに合わせた機材を使ったオペレーションや、MCを担当しています。代表的な例として野球の早慶戦での音だしとMC，早稲田祭は特設ステージでのオペレーションを委託されています。二つ目が、コンテンツ制作・企画立案です。他団体の公演やイベントのサポートを請け負うだけではなく、放送研究会では自分たちで企画を立案し、コンテンツを発信しています。また、制作した番組を発表する場として、例年6月と12月に「番組発表会」というイベントを行っています。具体的にはゲストによる漫才や大喜利などのお笑い企画、ダンスなどのパフォーマンス企画などを立案し、自分たちでオペレーションも手掛けています。早稲田大学放送研究会は今年で創立76年を迎えました。長い歴史の中で培われてきた機材知識や制作能力、アナウンス技術は、会員が増えた今でも衰えることなく受け継がれています。放送研究会のさらなる発展のため、会員ひとりひとりが主体的に活動しています。,曜日・時間不定/学生会館,550人,1946年,0人,なし,https://www.waseda.jp/inst/weekly/assets/uploads/2020/04/CC9E01BA-29C2-4DF7-8EA1-FCC6D4198F98-940x653.jpeg,https://www.waseda.jp/inst/weekly/circleguide/detail/?id=3087&lng=en,サークルサイト閉鎖,http://www.whknet.com/,なし,https://twitter.com/whknetnow,なし,なし,なし,なし,なし,なし,なし,公式サイトから取得; リンク検証済み; ウェブサイト（サークル）: リンク切れ (404)
C0285,3083,アナウンス研究会（WAK）,メディア・出版,マスメディア,滑舌・発声の練習、フリートーク練習のような基本的な練習から、NEWS、朗読、セリフ読み、ラジオCM、実況、MC、リポート、ラジオパーソナリティーのような実践的な練習まで、ありとあらゆるアナウンスメントを探究しています。番組作りのための機材の練習もできます！サークル員は180名ほどで、全て早稲田大学の学生、男女比は1:1ほどです。毎日活動が行われていて参加自由なので、兼サーもしやすいです。毎日来ていっぱい練習がしたい！という人も大歓迎です。活動ごとに、声優に興味がある！ いやいや私はアナウンサー、しゃべるのが好きなんだー、話がうまくなりたい！ など、さまざまな会員がいます。夏合宿や春合宿、作品発表会、早稲田祭でのサテライトスタジオ、サークル内での卒業式など、会員全員での一体感を得られる大学生っぽい活動もあります。同じ目的を持った仲間を見つけられますし、自分の知らない世界にも出会えますよ！ せっかくの大学生活、色んなことを経験することはとても大事です。その経験を魅力的に語る力を、アナウンス研究会で身に着けてみませんか？どんな経験よりも、あなたの声が、一番心強い武器になってくれますよ。,毎日（自由参加！）/学生会館,180人,1952年,0人,なし,"https://www.waseda.jp/inst/weekly/assets/uploads/2016/09/95afcd8f97165c3933a76d1b78ac314a-940x705.jpg, https://www.waseda.jp/inst/weekly/assets/uploads/2016/09/1764508514069e8573f6439a3589768a-940x529.jpg",https://www.waseda.jp/inst/weekly/circleguide/detail/?id=3083&lng=en,なし,なし,なし,なし,なし,なし,なし,なし,なし,なし,なし,公式サイトから取得; リンク検証済み
C0286,3043,早稲田スポーツ新聞会,メディア・出版,マスメディア,「全ての体育各部に光を」。早稲田スポーツ新聞会（早スポ）は、早大に属する体育各部全44部を取材し、新聞、HP、各種SNSを通じて早稲田スポーツの魅力をお伝えしています！　選手へのインタビュー、試合記事の執筆、プレー中の写真撮影、本格的な新聞制作と、早スポでしかできない経験が盛りだくさん。新聞の現地配布やSNSによって、学外の方にも広く記事や写真をご覧いただいています。そうして設立当初から発行し続け、長く愛されてきた新聞は、今年の早慶野球（春）号で記念すべき600号を迎えます！　また、合宿やスポーツ大会など、取材以外の楽しいイベントもたくさん行っています。スポーツが好きな人はもちろん、メディアに興味がある人、画像制作やカメラが好きな人など、誰もが活躍できるサークルです。途中入会も大歓迎。気軽な新歓参加やお問い合わせをお待ちしています！,（時間は活動によりけり）各大会場所/学生会館/東日印刷所,169人,1959年,0人,なし,"https://www.waseda.jp/inst/weekly/assets/uploads/2023/03/A-002_1-940x627.jpg, https://www.waseda.jp/inst/weekly/assets/uploads/2016/09/d434e4bfa7401591995db90ed17cbc0d.jpg",https://www.waseda.jp/inst/weekly/circleguide/detail/?id=3043&lng=en,なし,http://wasedasports.com/,https://www.instagram.com/wasedasports/,https://twitter.com/waseda_sports,なし,なし,なし,なし,なし,なし,なし,公式サイトから取得; リンク検証済み
C0287,3089,FM waseda,メディア・出版,マスメディア,FMwasedaは、ラジオ番組制作を中心に活動している早稲田大学公認サークルです！ さまざまな形で制作した番組を発信しています。ラジオパーソナリティーだけではなく、ミキサー（録音機材技術者）やディレクター、構成作家やラジオドラマの声優など、制作活動に関わるあらゆるものを学生だけで行っています。活動は飲食店やインターネットでのラジオ番組の配信、放送コンテストへの参加、早稲田祭でのイベント開催などさまざまです。また、年2回ほどサークル合宿も行います。収録のための機材の扱い方は最初に学ぶため、初心者でもすぐに活動を行えます。「面白いものを作りたい」というやる気さえあれば、誰でもすぐに活動できる。それがFMwasedaです。,随時活動/月に1回定例会を開催/学生会館,79人,1996年,0人,なし,"https://www.waseda.jp/inst/weekly/assets/uploads/2016/09/FM-waseda1-940x627.jpg, https://www.waseda.jp/inst/weekly/assets/uploads/2016/09/FM-waseda2-940x569.jpg, https://www.waseda.jp/inst/weekly/assets/uploads/2016/09/FM-waseda3.jpg",https://www.waseda.jp/inst/weekly/circleguide/detail/?id=3089&lng=en,なし,なし,なし,https://twitter.com/fmwaseda,なし,なし,https://www.waseda.jp/inst/weekly/report/2014/06/02/11929/,なし,なし,なし,なし,公式サイトから取得; リンク検証済み
C0288,3716,理工展連絡会,メディア・出版,企画,私たち、理工展連絡会は毎年11月上旬に開催される早稲田理工の学園祭『理工展』の企画・運営を行っている学園祭運営サークルです。毎週土曜日に、理工展の開催に向けて活動しています。理工生限定のサークルでは最大級の規模を誇っています。理工の全学部・全学科より満遍なく集まっているため、理工生にとって大変居心地の良い環境となっています。活動が終わった後に食事に行くことや、年3回の旅行、サークル内のイベントなど、活動外での企画もあるため、幅広い友人関係を築くことが出来ます。そんな理工展連絡会の推しポイントは『活動範囲の広さ』です。高校の学園祭と比較すると、大学の学園祭は活動の範囲が広く、自分たちでイチから作り上げる事になります。学園祭当日の企画だけでなく、資金調達、イベントの宣伝、機材調整・当日人員の配置など、高校の学園祭では触れる事の無かった部分まで触れる事が出来ます。もちろん、土台から作り上げるという事は簡単な事ではありませんが、その分やり切った時の爽快感は想像以上のものです。私たちは『学園祭の成功』という目標に向けて共に戦う仲間を募集しています。理工展連絡会に興味のある方はWEBサイトやSNSにて様々な新歓企画を紹介しておりますので、是非立ち寄ってみてください。お待ちしております！,毎週土曜日/13時〜17時/西早稲田キャンパス教室,257人,1954年,0人,なし,"https://www.waseda.jp/inst/weekly/assets/uploads/2018/07/ed67e32a333d336d9b575202e005bea0-940x627.jpg, https://www.waseda.jp/inst/weekly/assets/uploads/2018/07/36897fbbbe473f7d746c8c8ead5f6e60-940x627.jpg, https://www.waseda.jp/inst/weekly/assets/uploads/2018/07/0981e88359ff949159d6602c10f6c25b-940x627.jpg",https://www.waseda.jp/inst/weekly/circleguide/detail/?id=3716&lng=en,サークルサイト一時停止,https://circle.rikoten.com,https://www.instagram.com/waseda_rikoten/,https://twitter.com/rikoten_circle,https://www.facebook.com/WasedaRikoten/,なし,なし,https://www.youtube.com/@RikotenWaseda,なし,なし,なし,公式サイトから取得; リンク検証済み; ウェブサイト（サークル）: 一時停止 (This operation was aborted)
C0289,3264,人物研究会,メディア・出版,企画,私たち早大人物研究会は各界で活躍されている著名人の方々に自分たちでインタビューをすることで、マスメディアとは違った切り口でインタビュイーを取材し今まで知ることのできなかった別の一面を引き出すことを目的に活動しています。具体的な活動内容としては、インタビュー対象者の決定、アポイントメント、取材、リポート作成などです。活動のやり方については会員が優しく丁寧にサポートしていきますので誰でも安心して始められます。それぞれの意見を尊重しながらもお互いに高め合おうとする活気のある現場です。また普段のインタビュー活動の他に早稲田祭では毎年講演会を企画しています。ここでは全ての会員が一丸となって一つの企画を作り上げるので、終わった後は大きな達成感があると思います。,不定期,40人,1965年,0人,あり,なし,https://www.waseda.jp/inst/weekly/circleguide/detail/?id=3264&lng=en,なし,なし,なし,なし,なし,なし,なし,なし,なし,なし,なし,公式サイトから取得; リンク検証済み; 写真URLなし
C0290,3292,企画集団　便利舎,メディア・出版,企画,早稲田大学公認企画サークル企画集団便利舎です！私たちは芸能人や著名人の方をお呼びして、4月、7月、早稲田祭の時期に年5回ほど、トークライブやイベント等を行っています。企画の立ち上げ、考案から実際の運営まで、全て自分たちだけで行います。実際の流れを紹介すると、まず自分のやりたい企画をプレゼンするコンペを行います。このコンペに制限はなく、自分の趣味に沿ったものや呼びたい芸能人のものなど好きな企画をプレゼンすることができます。企画が決定したら、ブッキングや打ち合わせ等も自分たちで行うため、忙しくはなりますがかけがえない経験を得ることができます。また、普段の会議ではサークル員全員で、企画内容やコンテンツなどの案だしをしたり、実際にやってみることでより良い案を考えたりします。企画本番が近づいてくると、1日通して企画の準備を行い、本番で使用するスライドや映像の作成などを行います。映像機器や音響機器のオペも自分たちで行うため、リハーサルで練習したりもします。本番では舞台袖でゲストの方とお話ししたり、サインをいただけることなんかもあります！制作やオペについては先輩が教えてくれるので、初心者でも安心してください。また、毎年早稲田祭を熱狂の渦に巻き込む早稲田王決定戦も開催しています。最も?早稲田?らしい奴を決めるこの戦いは早稲田祭の目玉企画です。企画の情報は各種公式SNSで随時更新しています。,毎週月曜日・金曜日/18時半/学生会館会議室,31人,1978年,0人,なし,なし,https://www.waseda.jp/inst/weekly/circleguide/detail/?id=3292&lng=en,なし,なし,https://www.instagram.com/benrisha_official,https://twitter.com/benrisha,なし,なし,なし,なし,なし,なし,なし,公式サイトから取得; リンク検証済み; 写真URLなし
C0291,3345,早稲田大学アニメ声優会,メディア・出版,企画,過去に『魔法先生ネギま！』、『さよなら絶望先生』、『侵略！ イカ娘』などのイベントや『竹達彩奈＆巽悠衣子トークイベント in 早稲田』のイベントを主催し毎年600人前後のお客さまを動員しています。また2007年度からはアニメやアニメソングの制作に携わっている方々、ワタナベシンイチさん、佐藤順一さん、畑亜貴さんや近藤光さんをお呼びしての無料講演会を開催するなど、他のアニメ系サークルとは一風違ったイベントも主催しております。これらの活動は、皆さんの大好きなアニメに関わるイベントを開催するというだけではなく大学生のサークルであることを生かして未知なる世界を体験することや仲間と共に何かをやり遂げる達成感と連帯感を味わい充実した思い出を作っていくことでもあります。イベントを企画運営するということはそれだけで企業との交渉や広報活動金銭の取り扱いさらには当日のお客さまの入場整理や受付などさまざまな業務をこなすことになります。こんな貴重な経験はめったにできませんし、きっと皆さんの糧となるに違いありません。アニメ、声優好き、そして「イベント開催に興味のある方」、イベントを開催する側になってみませんか？ 熱意あふれる方、心からお待ちしております。,毎週水曜日(10月は金曜日も)/17時/学生会館,78人,1999年,5人,あり,"https://www.waseda.jp/inst/weekly/assets/uploads/2016/09/439fc53457cc354152665879d7c4bc05.jpg, https://www.waseda.jp/inst/weekly/assets/uploads/2016/09/2e12dd6249a07ae08205e37df8ccff5a.jpg, https://www.waseda.jp/inst/weekly/assets/uploads/2016/09/9ab68f0ef22646b21ab98058f2323a09.jpg",https://www.waseda.jp/inst/weekly/circleguide/detail/?id=3345&lng=en,なし,なし,なし,https://twitter.com/w_anisei,なし,なし,なし,なし,なし,なし,なし,公式サイトから取得; リンク検証済み
C0292,3274,早稲田祭運営スタッフ（まつりスタッフ）,メディア・出版,企画,"早稲田祭運営スタッフ(まつりスタッフ)は、日本最大級の学園祭である早稲田祭を主催・運営する組織です。早稲田祭はコロナ前の規模では約20万人の来場者、400以上もの企画数を誇る、年一度の早稲田文化の祭典です。コロナ禍においてもオンライン開催やハイブリッド開催を通じて、早稲田文化の華ひらく場をつくり続けてきました。毎年「早稲田らしさ」を規定したテーマを設定し、その年の早稲田祭を彩っています。
/
/
/
/私たちは、約600人のメンバーから成る非常に大きな組織です。早稲田祭当日の会場の整備、早稲田祭に参加する団体や個人のサポート、外部主体との渉外活動、早稲田祭の広報やデザインの作成、自ら主催する運営スタッフ企画の立案や運営、新領域の開拓、内部資源や資金の管理など、専門の異なる活動は多岐にわたっています。学生による自主運営をモットーに、年に一度、二日間の祭に向けてメンバー全員が一体となって活動しています。",毎週月曜日・木曜日/18:30〜/学生会館,600人,2002年,0人,なし,"https://www.waseda.jp/inst/weekly/assets/uploads/2016/07/1X14C125-1-16-201607151223-86.jpg, https://www.waseda.jp/inst/weekly/assets/uploads/2016/07/1X14C125-1-14-201607151223-86-940x628.jpg, https://www.waseda.jp/inst/weekly/assets/uploads/2016/07/1X14C125-1-15-201607151223-86.jpg",https://www.waseda.jp/inst/weekly/circleguide/detail/?id=3274&lng=en,なし,なし,なし,https://twitter.com/staff_wasedasai,なし,なし,なし,なし,なし,なし,なし,公式サイトから取得; リンク検証済み
C0293,3278,早稲田イルミネーションプロジェクト実行委員会,メディア・出版,企画,早稲田イルミネーションプロジェクト実行委員会(WIP)は2005年に発足しました。もともとは留学生との交流を目的とした大学公式プロジェクトでしたが、現在では学生が主体となって活動しています。早稲田祭に向けてイルミネーションを使った創作活動をしたり、地域の皆さんと交流・協力しながら大学周辺をイルミネーションで飾りつけたりしています。これまでに、「光るワセダベア」の作成や、サッカーJ1の川崎フロンターレさんとのコラボなどをさせていただいています。学生や地域の人々がアイデアを出し合い、協力して作業する中で生まれるつながりこそ、このプロジェクトが一番大切にしているものです。これからもWIPは、早稲田に光でつながる人々の笑顔を創り出します。,毎週水曜日・金曜日/18時15分/本キャン・学生会館,40人,2005年,1人,あり,"https://www.waseda.jp/inst/weekly/assets/uploads/2016/07/1X14C125-1-16-201607151223-75-940x629.jpg, https://www.waseda.jp/inst/weekly/assets/uploads/2016/07/1X14C125-1-15-201607151223-75-940x1253.jpg, https://www.waseda.jp/inst/weekly/assets/uploads/2016/07/1X14C125-1-14-201607151223-75-940x625.jpg",https://www.waseda.jp/inst/weekly/circleguide/detail/?id=3278&lng=en,なし,なし,なし,https://twitter.com/wip_kirakira,なし,なし,なし,なし,なし,なし,なし,公式サイトから取得; リンク検証済み
C0294,3280,わせプロ,メディア・出版,企画,私たちわせプロは早稲田最大規模であるWaseda Collection(通称ワセコレ)の企画・運営を行う早稲田大学公認サークルです。ワセジョは地味でダサいというイメージを払拭（ふっしょく）し、オシャレで華やかで個性的なワセジョの魅力を発信することを目標に、早稲田生のデザイナーモデルを発掘・起用し、本格的なショーを年に数回開催しています。またWaseda Collectionは今年で10年目を迎え、過去にはモデルやアナウンサーなど幅広い分野で活躍する方々を排出しています。,毎週月曜日/6.7限/学生会館,45人,2007年,0人,あり,"https://www.waseda.jp/inst/weekly/assets/uploads/2016/09/2b0bb4080d72fba8503269cdb95353ff.jpg, https://www.waseda.jp/inst/weekly/assets/uploads/2016/09/329dc031031ac43a9a003e516dabeb39-940x627.jpg, https://www.waseda.jp/inst/weekly/assets/uploads/2016/09/d44869d5d6de5c2a5c670ad632e4e00a-940x627.jpg",https://www.waseda.jp/inst/weekly/circleguide/detail/?id=3280&lng=en,なし,なし,なし,https://twitter.com/wasepro2021,なし,なし,https://www.waseda.jp/inst/weekly/report/2014/10/20/11873/,なし,なし,なし,なし,公式サイトから取得; リンク検証済み
C0295,3282,Walkin,メディア・出版,企画,早稲田大学公認、インカレ（他大生歓迎）の“内部向け企画サークル”です。早稲田大学には他にも多くの企画サークルが存在しますが、それらと一線を画すのが“内部向け”であるということ。つまり、「自分たちで作った、自分たちのための企画を、自分たちで楽しむ。」というタイプの企画サークルなのです。「明日自慢できるバカをしよう。」というスローガンにのっとって、次の日に友達に自慢できるようなバカげた遊びを本気で企画します。Walkin'はやりたいことが何でもできる、今までやりたくてもできなかったことができる、”夢をかなえる”サークルです。“I”ではできなかったことも“We”ならできるかもしれない。そういうことです。例：マグロ解体ショー、リアル脱出ゲーム、逃走中、鯖（さば）でサバゲー、ビンカン選手権、手ぶらの旅、などなど。,毎週水曜日/18時半/学生会館,80人,2009年,0人,なし,"https://www.waseda.jp/inst/weekly/assets/uploads/2016/09/Walkin1.jpg, https://www.waseda.jp/inst/weekly/assets/uploads/2016/09/Walkin2-940x627.jpg, https://www.waseda.jp/inst/weekly/assets/uploads/2016/09/Walkin3-940x627.jpg",https://www.waseda.jp/inst/weekly/circleguide/detail/?id=3282&lng=en,なし,なし,なし,https://twitter.com/Walkin_PR,なし,なし,なし,なし,なし,なし,なし,公式サイトから取得; リンク検証済み
C0296,3771,TEDxWasedaU,メディア・出版,企画,"TEDxWasedaUの目的は「アイデアの共有」です。TEDxWasedaUでは異なるバックグラウンド、国籍、学部の学生たちが集まり、革新的で価値のあるアイデアを共有する舞台を提供しています。TEDxWasedaUはファイナンスチーム、スピーカーチーム、デザインチーム、そしてマーケティングチームの四つのチームに分かれています。この4つのチームが協力し合い、バイリンガルイベントを作り上げています。私たちは主に「Student Speaker Competition」（学生スピーカーコンテスト）と「Main Event」のイベントに向けて活動をしています。
/
/
/
/At TEDxWasedaU， we strive to contribute to TED’s vision of having “Ideas worth spreading.” TEDxWasedaU provides a platform for students from different backgrounds， nationalities， and faculties to come together and share innovative and valuable ideas. The four teams， the finance team， speaker team， design team， and marketing team， work together to make our bilingual events come to life. We mainly work towards our Student Speaker Competition and Main Event. We prep our guest speakers to go through our Student Speaker Competition and eventually to our Main Event， where they can present their speeches on a larger platform. The Main Event brings together people from various professions， backgrounds， and interests to discuss what they are passionate about and spread the word about various social issues. Past events have included participants speaking on topics such as solutions to reducing CO2 emissions， the art of Kintsugi in Japan， and the importance of preserving aging towns.","リーダーチーム：毎週火曜日/19時/Wspace 3号館
/
/ファイナンスチーム：毎週金曜日/17時/3号館
/
/マーケティングチーム：毎週月曜日/19時半/3号館
/
/スピーカーチーム：毎週木曜日/19時/11号館
/
/デザインチーム：毎週木曜日/19時半/11号館",49人,2011年,0人,あり,"https://www.waseda.jp/inst/weekly/assets/uploads/2023/11/TEDxWasedaU-2-940x622.png, https://www.waseda.jp/inst/weekly/assets/uploads/2023/11/TEDxWasedaU-3-940x705.png, https://www.waseda.jp/inst/weekly/assets/uploads/2023/11/TEDxWasedaU-1-940x626.png",https://www.waseda.jp/inst/weekly/circleguide/detail/?id=3771&lng=en,なし,https://www.tedxwasedau.com/,https://www.instagram.com/tedxwasedau/,https://twitter.com/tedxwasedau,https://www.facebook.com/tedxwasedau,なし,なし,https://www.youtube.com/@TEDxWasedaU,なし,なし,なし,公式サイトから取得; リンク検証済み
C0297,3740,ロータリーの会,メディア・出版,企画,"高田馬場駅前ロータリー広場の散乱ゴミ問題解決を目指して活動しているサークルです！主な活動として、平日朝と夜に清掃活動を行っているほか、企業や商店街の方と協働して企画を立てたり、問題認識を広めるためのポスター掲示や展示会を行ったり、新宿区に対してロータリーに関する政策提言などを行っています。
/
/
/
/近年、コロナ禍における路上飲みが問題視され、高田馬場駅前ロータリーが報道番組によって報道される中で我々ロータリーの会も同時に世間の目に多く触れることとなりました。テレビだけでなく新聞記事などのメディアにも掲載されており、早稲田大学のサークルの中でもっとも伸長しているサークルの一つだと言えます！上記の報道を見た方の多くはロータリーを汚しているのは早大生だと捉えています。早大生にとっても関わりの深いロータリー。そこで起きているゴミ問題を無くせるのは我々早大生ではないでしょうか。
/
/
/
/入会しなくても清掃には参加できるので、朝早く起きたい時、近くで用事がある時、何か新しいことを始めたくなったりしたら是非気軽に足を運んでみてください！
/
/
/
/We are a circle working to solve the problem of litter in the rotary square in front of Takadanobaba Station! Our main activities include cleaning up the area on weekday mornings and night， collaborating with businesses and the shopping district to plan projects， displaying posters and holding exhibitions to spread awareness of the problem， and making policy proposals to Shinjuku City regarding the rotary.
/
/
/
/In recent years， the issue of drinking on the street at the Corona Disaster has been raised and the Takadanobaba Station roundabout has been reported in news programs， bringing our Rotary club into the public eye. We are one of the most growing clubs in Waseda University， and have been featured not only on TV but also in newspaper articles and other media! Many of those who have seen the above news reports have taken it as a sign that it is Waseda University students who are polluting the rotary. Waseda University students have a close relationship with Rotary. We， the students of Waseda University， are the ones who can eliminate the garbage problem.
/
/
/
/You don't have to be a member to participate in the cleanup， so if you want to get up early in the morning， if you have something to do nearby， or if you feel like starting something new， please feel free to visit us!
/
/",平日/朝8時（金曜のみ夜10時)/高田馬場駅前ロータリー広場,44人,2020年,1人,なし,"https://www.waseda.jp/inst/weekly/assets/uploads/2021/08/C-276_1-940x705.jpg, https://www.waseda.jp/inst/weekly/assets/uploads/2021/08/C-276_2-940x628.jpg, https://www.waseda.jp/inst/weekly/assets/uploads/2021/08/C-276_3-940x628.jpg",https://www.waseda.jp/inst/weekly/circleguide/detail/?id=3740&lng=en,なし,https://rotarywaseda1920.wixsite.com/shinjuku-baba,https://www.instagram.com/rotary_waseda/,https://twitter.com/rotary_waseda,なし,なし,なし,なし,なし,なし,なし,公式サイトから取得; リンク検証済み
C0298,3155,マジッククラブ,メディア・出版,レクリエーション,本サークルは、年に3回行われるステージマジックの発表会に向けて活動するサークルです。発表会はそれぞれ、6月に2年生による「ファミリーパーティー」、9月に1年生による「マジカルネットワーク」、11月に3年生による「定期発表会」があり、各学年全員で行います。また他のサークル員はスタッフとしてサポートし、全員で発表会を作り上げていきます。発表会の時期が近づくとリハーサルなどの活動がありますが、基本的に活動時期は不定期なので、バイトや他サーなどと両立しながらできるのも本サークルの特徴です。サークル員のほとんどは加入時、マジック未経験者だったので、どのような方でも楽しく充実したサークル活動を行うことができます。,不定期/学生会館E637,61人,1960年,0人,なし,"https://www.waseda.jp/inst/weekly/assets/uploads/2017/03/42c82470d1e64cdc0ba6363f8e5ab89b-940x627.jpg, https://www.waseda.jp/inst/weekly/assets/uploads/2017/03/d087457e7f72637a63b7589433a7837b-940x705.jpg, https://www.waseda.jp/inst/weekly/assets/uploads/2017/03/57d64c79c7a51bba5aa093e5f1f2d37f-940x705.jpg",https://www.waseda.jp/inst/weekly/circleguide/detail/?id=3155&lng=en,なし,なし,なし,なし,なし,なし,なし,なし,なし,なし,なし,公式サイトから取得; リンク検証済み
C0299,3289,コンピュータ研究会・WINC,メディア・出版,レクリエーション,早稲田大学内で一番長い歴史を持つITサークルです！ プログラミングしたことがない人も専門の知識を持った上級生が丁寧に教えるので一歩一歩着実に学びながら上達できます。そしてプログラミング以外ではネットワークやサーバー構築、最近ではパソコンを利用した活動ということでIoT、CGレンダリングやDTMなども行っています。部員一人一人がやりたい活動を重視して半年ごとに活動内容を決めているので自分が学びたいことを専門的に学ぶ機会も得ることができます。 普段の活動は学生会館にある部室で行っていて、そこにはコンピューターがあるのでノートパソコンを持っていない人でもプログラミングなどができますし、授業がない時間に部員同士が集まって交流の場にもなったりしています。,随時/学生会館E-731,40人,1965年,3人,あり,"https://www.waseda.jp/inst/weekly/assets/uploads/2016/09/b44a91d35b65e1529c5084f4d11bc30f-940x529.jpg, https://www.waseda.jp/inst/weekly/assets/uploads/2016/09/beddaf3a5eceb13d3064c3b4ce1559d1-940x529.jpg, https://www.waseda.jp/inst/weekly/assets/uploads/2016/09/4975d6868aaf026b6c6f560379a51e59-940x529.jpg",https://www.waseda.jp/inst/weekly/circleguide/detail/?id=3289&lng=en,なし,なし,なし,https://twitter.com/winc_w,なし,なし,なし,なし,なし,なし,なし,公式サイトから取得; リンク検証済み
C0300,3069,経営情報学会(MISW),メディア・出版,レクリエーション,経営情報学会(MISW)はプログラミング、CGイラスト、コンピューター作曲などのデジタル系コンテンツを一挙に手がける、早稲田最大の総合創作サークルです。会員はサークル内にて、ゲーム開発の主軸を担うプログラミング研究会、イラスト制作に携わるCG研究会、コンピューター作曲を手がけるMIDI研究会のいずれかに所属して活動しています。主に会員は入会後に「企画」と呼ばれるゲーム制作のチームを組み、早稲田祭やコミックマーケットなどの頒布イベントに向けて、さまざまなゲームやアプリケーションソフトを開発しています。そのほかにもサークル内で制作した画集や音楽CDの頒布を行ったり、VOCALOIDを用いた楽曲PVをニコニコ動画やYouTubeといった外部メディアに投稿したりするなど、ゲーム制作の枠を超えて幅広く活動しています。近年の活動は先に紹介した研究会の3分野にとどまらず、3DCGソフトによるモデリング、Unity開発、シナリオ執筆、動画制作などの新しい活動が、会員の興味や目的に沿って展開されています。また、経験者が初心者を丁寧にフォローする体制が整っているのもひとつの強みです。新しい創作のカタチを実現しに、ぜひMISWに来てください！,毎週水・金曜日/18時15分～19時45分/西早稲田キャンパス52-101,86人,1969年,2人,あり,なし,https://www.waseda.jp/inst/weekly/circleguide/detail/?id=3069&lng=en,なし,なし,なし,https://twitter.com/misw_info,なし,なし,なし,なし,なし,なし,なし,公式サイトから取得; リンク検証済み; 写真URLなし
C0301,3260,早稲田大学バンザイ同盟,メディア・出版,レクリエーション,創立1971年の超名門バンザイ系サークル。「全国のおめでたいところに駆けつけ、さらにおめでたくし、その渦中で自分たちも勝手に楽しむ」ことを使命とし、768種（2016年現在）ものバンザイの研さんに日夜取り組んでいる。主に歓送迎会や表彰式、結婚式での余興として全国に活動実績を持ち、年間の依頼総数は50件を優に上回る。また各種テレビ・新聞などメディアへの出演経験も豊富で、その謎に包まれた実態の割に思いの外高い知名度を誇ることでも知られる。普段は部室（現在は学生会館E709）にてバンザイの研究および開発を行うことが主な活動であり、年数回の合宿や各種イベントへの出演など実戦経験を積むことにより同盟員は優れたバンザイ能力を獲得するのである。,全国のおめでたい場所/学生会館E709,40名,1971年,0人,なし,"https://www.waseda.jp/inst/weekly/assets/uploads/2016/09/f777bf2f48d16e253955fe840f551c31-940x1000.png, https://www.waseda.jp/inst/weekly/assets/uploads/2016/09/842ff31711cbfca427b92843f05dd078.jpg, https://www.waseda.jp/inst/weekly/assets/uploads/2016/09/08481dc7208b70ba14935350f8443a20-940x705.jpg",https://www.waseda.jp/inst/weekly/circleguide/detail/?id=3260&lng=en,なし,なし,なし,https://twitter.com/banzaidoumei,なし,なし,なし,なし,なし,なし,なし,公式サイトから取得; リンク検証済み
C0302,3351,クイズ研究会（W.Q.S.S）,メディア・出版,レクリエーション,月曜は未経験者限定、火曜は経験者向けのクイズ活動。その他の曜日はイントロクイズなど多彩なサークル内サークルが活動しています！個性あふれるメンバーが君を待ってるよ！,毎週月〜金曜日・隔週土曜日/15:05〜21:35/学生会館,190人,1981年,0人,なし,"https://www.waseda.jp/inst/weekly/assets/uploads/2025/10/4925df8775c89616aa79aca1a853a926-940x705.jpg, https://www.waseda.jp/inst/weekly/assets/uploads/2025/10/deb98123e6b037946202ce23dda1f869-940x705.jpg, https://www.waseda.jp/inst/weekly/assets/uploads/2025/10/599f4738c0356276d76afd2ca33b701b-940x705.jpg",https://www.waseda.jp/inst/weekly/circleguide/detail/?id=3351&lng=en,なし,なし,https://www.instagram.com/wqss_wqss/,https://x.com/w_q_s_s,なし,なし,なし,なし,なし,なし,なし,公式サイトから取得; リンク検証済み
C0303,3757,かくれんぼ同窓会,メディア・出版,レクリエーション,"let's play hide and seek.
/
/
/
/mikke
/
/
/
/世界でかくれんぼをします。",不定期/世界,多め,1999年,少なめ,なし,https://www.waseda.jp/inst/weekly/assets/uploads/2023/03/C-185_1.jpg,https://www.waseda.jp/inst/weekly/circleguide/detail/?id=3757&lng=en,なし,http://blog.livedoor.jp/kakurembow/,なし,https://twitter.com/wasedakakurembo,なし,なし,なし,なし,なし,なし,なし,公式サイトから取得; リンク検証済み
C0304,3354,シミュレーションゲーム研究会,メディア・出版,レクリエーション,毎週土曜日に集まってゲームをしています。ボードゲームやカードゲームならMTGやWSなどをします。,情報なし,21人,情報なし,情報なし,なし,なし,https://www.waseda.jp/inst/weekly/circleguide/detail/?id=3354&lng=en,なし,なし,なし,なし,なし,なし,なし,なし,なし,なし,なし,公式サイトから取得; リンク検証済み; 活動日時・場所なし; 設立年なし; 外国人学生の受け入れなし; 写真URLなし
C0305,3356,お笑い工房　LUDO,文化・芸術,舞台芸術,我々、お笑い工房LUDOは、月に1回早稲田を中心に行っているライブをネタ披露の機会として、週に2回の部会を通して、ネタ見せなどの活動を行うお笑いサークルです。演者以外にも、映像、照明、音響等、ライブをサポートするスタッフも多数名在籍しており、部員全員でライブを作り上げ、多くの観客の方々に喜んでいただいております。大学生お笑いの全国大会で何度も優勝を経験し、プロを目指して活動している部員もおり、質、規模ともにクオリティの高いライブをお届けしておりますので、ぜひ一度ライブに足をお運びください。また、入部希望の方は演者・スタッフ問わず、メールなどを通して、一年中いつでも参加を受け付けていますので、ご相談お待ちしております。経験の有無、大学、性別、年齢、国籍問わず広く募集しています。,毎週水曜日18時・土曜日16時半より/早稲田大学の教室,150名,1998年,0人,あり,"https://www.waseda.jp/inst/weekly/assets/uploads/2016/09/20e9e6539b4f0ff16ca83a5bb3f53dee-940x705.jpg, https://www.waseda.jp/inst/weekly/assets/uploads/2016/09/bb684acc37af4b4d8f8eabfedfee1f34.jpg, https://www.waseda.jp/inst/weekly/assets/uploads/2016/09/97a7732b3e42e3ce3b1478a1ed331dac.jpg",https://www.waseda.jp/inst/weekly/circleguide/detail/?id=3356&lng=en,なし,なし,なし,https://twitter.com/WasedaLUDO,なし,なし,https://www.waseda.jp/inst/weekly/feature/2020/06/15/75665/,なし,なし,なし,なし,公式サイトから取得; リンク検証済み
C0306,3139,演劇研究会,文化・芸術,演劇,早稲田大学演劇研究会（通称、早大劇研）は、大隈講堂裏の専有アトリエを拠点に活動する早稲田大学公認の演劇サークルです。その成立は戦前にまでさかのぼり、早稲田では最も歴史ある演劇サークルとして知られています。役者として演じるだけでなく舞台や客席も自分たちで作るため資材も豊富で、音響照明設備も備えており、学内最大の規模と実績を誇っています。そのような恵まれた環境の中、今話題の堺雅人氏や、演劇界をけん引する劇作家・演出家の鴻上尚史氏、古くは映画監督の今井昌平氏など、多くの映画、演劇人を生み出している。また、他の演劇サークルと異なり、サークル内でアンサンブル（劇団）を旗揚げできるアンサンブル制度を採っており、その制度の下、第三舞台、山の手事情社、双数姉妹、ブラジルなど数多くの有力、人気劇団を輩出し、直近の昨年末にはエンターテインメント性に定評のある東京ジャンクＺがここを卒業している。それに伴い、昨年より次期アンサンブルの設立に向けた動きが活発化しており、2016年の5月から6月にかけては、「三ツ巴企画公演集」と称し3人の若手主宰によるカラーの違った3作品を1カ月で強行公演するという企画を行っており、それ以降も活発に企画公演が打たれるなど意欲的に活動している。,不定期,21人,1920年,0人,なし,"https://www.waseda.jp/inst/weekly/assets/uploads/2017/03/65fbdaea7ff29d7a9a9e1599c44bb0b5.jpeg, https://www.waseda.jp/inst/weekly/assets/uploads/2017/03/63970f384ae8740857714bec74a133c9.jpeg, https://www.waseda.jp/inst/weekly/assets/uploads/2017/03/cf78c36733dd8868b36cc0d043feca02.jpeg",https://www.waseda.jp/inst/weekly/circleguide/detail/?id=3139&lng=en,なし,なし,なし,https://twitter.com/sodaigekiken,なし,なし,なし,なし,なし,なし,なし,公式サイトから取得; リンク検証済み
C0307,3143,舞台美術研究会,文化・芸術,演劇,"早稲田大学内はもちろん外部の団体からも依頼を受け、演劇やミュージカル、ダンスなどの舞台装置・照明を請け負っています。また年に2度、舞台美術研究会が主宰する公演も行っています。大半は初心者として入会しますが、先輩の指導の下、専門的な技術を身に着けることができます。
/
/月に1度総会を行っていますが、その他の活動は不定期なので各自の予定に合わせて参加可能です。年齢や学年、大学を問わず随時入会者を受け入れています。
/
/人と違うことにチャレンジしてみたい、演劇が好きだ、創作活動が好きだ、専門性の高いサークルに入りたい…
/
/そんな方はぜひ一度、大隈記念講堂裏にあるアトリエに見学にいらしてください！
/
/一緒に楽しく活動をしましょう！
/
/舞台美術研究会HPはパソコン版レイアウトにてご覧ください。ご依頼はHPからよろしくお願い致します。",不定期/大熊講堂裏アトリエ,50人,1945年,0人,なし,"https://www.waseda.jp/inst/weekly/assets/uploads/2016/09/52461e7bf3ed2e096c54d57929d2e784-940x1253.jpg, https://www.waseda.jp/inst/weekly/assets/uploads/2016/09/2ec0f8df7060d0c4ad637e3bf53b2fd3-940x627.jpg, https://www.waseda.jp/inst/weekly/assets/uploads/2016/09/b46259fe4206bfdb5c5627040ff90461-940x627.jpg",https://www.waseda.jp/inst/weekly/circleguide/detail/?id=3143&lng=en,なし,なし,なし,https://twitter.com/butabi_w,なし,なし,https://www.waseda.jp/inst/weekly/news/2020/10/15/78751/,なし,なし,なし,なし,公式サイトから取得; リンク検証済み
C0308,3140,歌舞伎研究会,文化・芸術,演劇,創立70年以上の歴史を持つ、伝統ある歌舞伎鑑賞サークルです。「家訓」は「学生は、歌舞伎をあくまで、観客の立場で鑑賞、研究して発言、提言して行くこと」。その言葉通り、創立時より「観劇専門」を貫いており、歌舞伎座などでの団体観劇会を中心に活動しています。近年では他大学歌舞伎研究会との交流も盛んにおこない、歌舞伎観劇初心者から、歌舞伎の大ファンまで、所属している会員の層が幅広いのも魅力のひとつです。また、部室には歌舞伎に関する貴重な資料を幅広く取りそろえており、会員個人個人が自由に閲覧し、その名の通り歌舞伎を「研究」することもできます。伝統と革新の両方の魅力を兼ね備えた、日本が世界に誇る芸能である歌舞伎を一緒に観劇し、存分に味わってみませんか？随時入会可能です。,不定期/主に歌舞伎座などの劇場,25人,1947年,0人,なし,"https://www.waseda.jp/inst/weekly/assets/uploads/2016/09/a80d05b3326d3b56738b8bfc313a9e89.png, https://www.waseda.jp/inst/weekly/assets/uploads/2016/09/d0faf96ae3b3fb83e39c471973152811-940x1253.jpg, https://www.waseda.jp/inst/weekly/assets/uploads/2016/09/ef2a18d1f5f4f9ec672c6d1f7bbdd687-940x705.jpg",https://www.waseda.jp/inst/weekly/circleguide/detail/?id=3140&lng=en,なし,なし,なし,https://twitter.com/wsd_kabuki,なし,なし,なし,なし,なし,なし,なし,公式サイトから取得; リンク検証済み
C0309,3141,劇団「こだま」,文化・芸術,演劇,"早稲田大学大隈講堂裏に専用のアトリエを持つ、歴史ある劇団です。専用のアトリエをもっているのは早稲田大学では劇団「こだま」と演劇研究会だけ。「こだま」だけのアトリエだから、365日思いっきり芝居に取り組めます！OB・OGは各界著名人を輩出し、近年では他劇団やプロの俳優を招いてのワーキングショップ、2都市ツアー公演など、精力的に活動しています！
/
/インカレ生や社会人も大歓迎！",不定/放課後/早稲田大学大隈講堂裏劇団こだまアトリエ,28人,1953年,0人,なし,"https://www.waseda.jp/inst/weekly/assets/uploads/2016/09/89e9a8b4c7e50fbf8ac811014eaa872c.jpeg, https://www.waseda.jp/inst/weekly/assets/uploads/2016/09/c5fc45157f01d40e50b61d7e87406316-940x627.jpeg, https://www.waseda.jp/inst/weekly/assets/uploads/2016/09/aaa83eace3ca28a98a66768ded6aaece-940x624.jpeg",https://www.waseda.jp/inst/weekly/circleguide/detail/?id=3141&lng=en,なし,なし,なし,https://twitter.com/gekidankodama,なし,なし,なし,なし,なし,なし,なし,公式サイトから取得; リンク検証済み
C0310,3324,（劇団）森,文化・芸術,演劇,"1960年くらいに設立。森と書いて「しん」と読むが劇団員の誰も名前の由来は知らない。
/
/早稲田六大演劇サークルの一つであり、人数も最大規模である。
/
/年に3回の本公演（春の新歓公演、夏の新人公演＋もう1本）と複数の企画公演（こちらは不定期）を行っています。脚本・演出は公演ごとに変わるため、劇団としてのまとまった方向性はないが、アングラから現代口語演劇までさまざまな舞台を展開しており、公演の多様性が特徴です。
/
/役者からスタッフ（照明・音響・舞台美術・舞台監督・制作）、脚本、演出に至るまで幅広く経験することができるため、自分に合わせた演劇活動が行えます。また、外部への客演自由、企画自由、関わりたいときに関われるなどの自由な雰囲気が売りでもあります。
/
/学年、大学、年齢、職業を問わず、どんな方でも歓迎しています。演劇をしてみたいなと思った方は、ぜひ遊びに来てみてください！",不定期／学生会館,70人,1960年,0人,あり,"https://www.waseda.jp/inst/weekly/assets/uploads/2016/09/a8e9eafacedf0c00140dd846d229e8e2-940x627.jpg, https://www.waseda.jp/inst/weekly/assets/uploads/2016/09/5db38964aaadee5edcb47a7da55792f3-940x627.jpg, https://www.waseda.jp/inst/weekly/assets/uploads/2016/09/0d779cef1a72e66b03993e4ff83d5e21.jpg",https://www.waseda.jp/inst/weekly/circleguide/detail/?id=3324&lng=en,なし,なし,なし,https://twitter.com/gekidan_shin,なし,なし,なし,なし,なし,なし,なし,公式サイトから取得; リンク検証済み
C0311,3322,（劇団）コンツェルト,文化・芸術,演劇,"1971年、東京大学と早稲田大学でロシア語を教えていた野村タチヤナ先生とその教え子により、劇団コンツェルトは設立されました。寸劇や詩の朗読、合唱など、ロシア語を通じた交流を目的とする「学芸会＝コンツェルト」として始まり、次第に本格的な戯曲へ挑戦するようになりました。現在は早稲田大学を拠点に、他大学からもロシア語を学ぶ学生が集まって、年2回の定期公演（新人公演、本公演）を続けています。
/
/
/
/1999年からはベラルーシの演出家ナターリア・バルシャイ氏に本格的な発音、演技の指導を受けており、近年は『生ける屍』(トルストイ)、『夜明けの星たち』(ガーリン)、『賢い蜜蜂の贈り物』(ソログープ)などを上演しています。
/
/
/
/全くの初心者でも大丈夫！先輩たちはロシア語も演劇も大学に入ってから始めた人ばかりです。ロシアやロシア語、外国語演劇に興味がある方なら、所属大学を問わずどなたでも大歓迎です！
/
/
/
/随時入団可能です。まずは見学からどうぞ！お気軽にご連絡ください！",毎週月曜日・木曜日/18時/早稲田大学戸山キャンパス学生会館・東京外国語大学多磨キャンパス,31人,1971年,2人,あり,"https://www.waseda.jp/inst/weekly/assets/uploads/2016/09/5d078d5839213528d3b625631953c7f8-940x705.jpg, https://www.waseda.jp/inst/weekly/assets/uploads/2016/09/925b42fb0b1314afc4318ed86b98c63d.jpg, https://www.waseda.jp/inst/weekly/assets/uploads/2016/09/3ecfbc17203b016116e95b578254e5ac-940x626.jpg",https://www.waseda.jp/inst/weekly/circleguide/detail/?id=3322&lng=en,なし,https://www.kontsert.jp,https://www.instagram.com/theatrekontsert/,https://twitter.com/theatrekontsert,https://www.facebook.com/theatrekontsert,なし,なし,なし,なし,なし,なし,公式サイトから取得; リンク検証済み
C0312,3146,（劇団）てあとろ50',文化・芸術,演劇,「演劇集団キャラメルボックス」や「劇団ラッパ屋」などを輩出した演劇サークルです。5月の本公演、9月の新人試演会、3月の新人企画公演に加えて、好きなタイミングで企画公演を打つことが可能です。役者だけでなく、全員がスタッフを経験できるのも大きな特徴です。,不定期、公演毎に異なる。部室：E537,12人,1974年,0人,あり,"https://www.waseda.jp/inst/weekly/assets/uploads/2016/07/1X14C125-1-14-201607151223-39.jpg, https://www.waseda.jp/inst/weekly/assets/uploads/2016/07/1X14C125-1-16-201607151223-39-940x627.jpg, https://www.waseda.jp/inst/weekly/assets/uploads/2016/07/1X14C125-1-15-201607151223-39-940x627.jpg",https://www.waseda.jp/inst/weekly/circleguide/detail/?id=3146&lng=en,なし,なし,なし,https://twitter.com/teatro_50,なし,なし,なし,なし,なし,なし,なし,公式サイトから取得; リンク検証済み
C0313,3319,オムニバス,文化・芸術,演劇,私たちは年に数回既存のミュージカルを上演している、早稲田大学公認のミュージカルサークルです！オムニバスはインカレなので、早稲田生はむろん、さまざまな大学の学生が在籍しています。普段は和気あいあいとした空気の中、みんなで楽しくミュージカルを練習しています。歌もダンスも経験ないという方も心配無用！はじめはみんな初心者です。練習の成果を舞台にぶつけるのはまさに感動の一言！舞台に立つことの楽しさを知らずにいるなんてもったいないです！でも、むろんそれだけじゃありません。エンターテインメント系ミュージカルサークルな私たちオムニバスはイベントも超充実！！花火大会、夏合宿、ハロウィーンパーティーなど、さまざまなイベントが1年を通してたくさんあります。大学生活楽しみたいけど、ただ遊ぶだけじゃなぁっていう方！オムニバスなら、みんなで舞台を作る達成感も、みんなでわいわい遊ぶ楽しさも、両方味えちゃいます！そんなオムニバスですごす日々はまさに「毎日が文化祭」！私たちと一緒に夢のような4年間を過ごしませんか？,毎週火曜日・金曜日・土曜日/火・金18:30〜、土16:30〜/学生会館など早稲田付近,約100人,1976年,0人,なし,"https://www.waseda.jp/inst/weekly/assets/uploads/2016/09/f4b04ffdefdd03ec2c8c6b0ae23eff35-940x627.jpg, https://www.waseda.jp/inst/weekly/assets/uploads/2016/09/597dcb895065fb1e221021ccffbbec30-940x624.jpg, https://www.waseda.jp/inst/weekly/assets/uploads/2016/09/8dd45b2ca2d2d1f802eafbbfc3762d3e-940x627.jpg",https://www.waseda.jp/inst/weekly/circleguide/detail/?id=3319&lng=en,なし,なし,なし,https://twitter.com/soudaiomnibus,なし,なし,なし,なし,なし,なし,なし,公式サイトから取得; リンク検証済み
C0314,3144,演劇倶楽部,文化・芸術,演劇,"1年の夏、6〜9月にかけて、新人訓練を行い、9月に行われる新人公演に出演する。それ以降は、それぞれのサークル員がそれぞれの演劇の在り方を模索し、それぞれの「面白い」を追求する。
/
/
/
/Fresh men practice and learn about theater performing in summer for three months， and act in the stage of fresh men. After finishing the stage， the members can continue to serch for the form of theater performances that they want.",毎週/18時半／学生会館,20人,1985年,0人,あり,"https://www.waseda.jp/inst/weekly/assets/uploads/2017/03/371f471f979d1480724d3b05f8d62470-940x627.jpg, https://www.waseda.jp/inst/weekly/assets/uploads/2017/03/a48e4407cdada16abc19bdbd01521083-940x627.jpg",https://www.waseda.jp/inst/weekly/circleguide/detail/?id=3144&lng=en,なし,https://enkurasite2020.wixsite.com/enkura,なし,https://twitter.com/waseda_enkura,なし,なし,なし,なし,なし,なし,なし,公式サイトから取得; リンク検証済み
C0315,3158,パントマイム 舞☆夢☆踏 (ﾏｲﾑﾄｳ),文化・芸術,演劇,"パントマイム舞☆夢☆踏は、プロの大道芸人・ハッピィ吉沢氏が1985年に旗揚げしたパフォーマンス集団です。
単なる大学生サークルの枠を超え、他大学の学生や社会人も参加し、パントマイムを中心とした演技やパフォーマンスを行っています。
ハッピィ吉沢氏のユニークな指導のもと、身体ひとつで物語を表現するパントマイムの魅力を学びながら、個性豊かなパフォーマーが次々と生まれています。
主な活動は、11月の早稲田祭での公演や、3月の単独公演「マイムトウライブ」。さらにOBOGも参加する「ネクストウライブ」や、学外イベントでのパフォーマンスなど、さまざまな舞台で活動しています。
演劇やパフォーマンスに興味のある方、大学から新しいことを始めてみたい方、面白いことが好きな方、大歓迎です！
ほとんどのメンバーが大学からパントマイムを始めています。
まずはお気軽に稽古を体験しに来てください。ご連絡お待ちしています！",毎週火曜日・金曜日・日曜日/17時（途中参加・退室可能です）/学生会館,21人,1985年,2人,あり,"https://www.waseda.jp/inst/weekly/assets/uploads/2026/03/b3ae3dcbb6b510d04bb0dc4a9fdd48f5-940x627.jpg, https://www.waseda.jp/inst/weekly/assets/uploads/2026/03/7a2c071d598ecfdb614d79053c25c9fc-940x626.jpg, https://www.waseda.jp/inst/weekly/assets/uploads/2026/03/c8a2df06cb86760dad145083d4b91fba-940x628.jpg",https://www.waseda.jp/inst/weekly/circleguide/detail/?id=3158&lng=en,なし,https://maimutou.info,https://www.instagram.com/my_mu_tou,https://x.com/maimutou,なし,なし,なし,https://youtube.com/@maimutou?si=Aw5DUhBZqifYRzlw,なし,なし,なし,公式サイトから取得; リンク検証済み
C0316,3321,（劇団）くるめるシアター,文化・芸術,演劇,劇団くるめるシアターは早稲田大学の六大演劇サークルの一つです。ジャンルや作風はさまざまで、人数の多さを生かしながら年に3回の本公演、他多数の企画公演を打っています。厳しい訓練もなく、個性的な人たちが集まっており、和気あいあい楽しく演劇活動に打ち込んでいます。中には、外部で活動したり新たな劇団を立ち上げたりする人も。今も活発に活動するOB・OG劇団も多くあります。また、演劇活動に限らず、部室に集まって楽しくおしゃべりしたり、花火大会に行ったり、合宿に行ったりしており、大学生活も仲間たちと共に存分に楽しむことができます。もちろん、授業との両立もできますし、活動への関わり方も人それぞれ。自由に楽しむことができるサークルです。ぜひ、くるめるへ、ようこそ！,不定期/学生会館/早稲田小劇場どらま館,70人,1985年,1人,あり,"https://www.waseda.jp/inst/weekly/assets/uploads/2016/09/24eba747bf6aa63ba09c50d2b6e5dd9e-940x940.jpg, https://www.waseda.jp/inst/weekly/assets/uploads/2016/09/af6f31919e58b2cf9944833d800c0b13-940x560.jpg, https://www.waseda.jp/inst/weekly/assets/uploads/2016/09/a7afe8936a82e5ef2f1d6625bff4e144-940x627.jpg",https://www.waseda.jp/inst/weekly/circleguide/detail/?id=3321&lng=en,なし,なし,なし,https://twitter.com/kurumeru_11,なし,なし,なし,なし,なし,なし,なし,公式サイトから取得; リンク検証済み
C0317,3338,イイムラR,文化・芸術,演劇,他団体や他サークルが、イベントなどで使用する物品の搬入・搬出をお手伝いします。人員不足でイベントなどの搬入・搬出がスムーズに進まないような場合やたくさんの物を運ぶ必要のある場合などのお手伝いをすることで、他団体・他サークルの人員不足を解消しています。サークルに所属している人の多くが、他団体や他サークルのイベントで使用する頻度の高い、木材や木材で制作された物やさまざまな機材などの取り扱いに関しての知識を持っているのでスムーズに安全にお手伝いする事ができています。さらに、サークル員も例年活動に十分な人数が在籍しているので、他サークル・他団体との関わりが多い中で、交流を深めながら活動する事ができています。,不定期,30人,2000年,0人,なし,"https://www.waseda.jp/inst/weekly/assets/uploads/2016/09/b4f48b8560beb3b665763a5c6894abff-940x705.jpg, https://www.waseda.jp/inst/weekly/assets/uploads/2016/09/ed2ebd013c0f523b02652b8d949c4ac7-940x1080.jpg, https://www.waseda.jp/inst/weekly/assets/uploads/2016/09/eb8c741a2a19be26b01ec0a833b15bab-940x705.jpg",https://www.waseda.jp/inst/weekly/circleguide/detail/?id=3338&lng=en,なし,なし,なし,なし,なし,なし,なし,なし,なし,なし,なし,公式サイトから取得; リンク検証済み
C0318,3331,（劇団）SWANDIVE,文化・芸術,演劇,年に1〜3回ほど公演を行います。公演場所としては学生会館、早稲田小劇場どらま館を使います。稽古も学生会館にて行います。公演の時期は毎年固定ではなく、打ちたい人がいるときに合わせて小屋取りおよび稽古日程を作っていきます。リード文においても記載しましたが、他のサークルとの合同公演をよく行います。スタッフ、役者などさまざまな団体および個人とつながり、より良い公演を目指して協力しています。具体的なスケジュールとしては、公演の2〜3カ月前から週4〜6日で稽古をしています。演劇サークルですが、兼サーもOKですし、個人個人が関わりたい公演に関わる非常に自由な雰囲気のサークルとなっています。人数も特段に多いわけではないので和気あいあいとしています。,週4〜6回（公演時）/6、7限/学生会館,21人,2002年,0人,あり,"https://www.waseda.jp/inst/weekly/assets/uploads/2017/03/11d0b4e2b190bedcdb7fd42b92a92ad9.jpg, https://www.waseda.jp/inst/weekly/assets/uploads/2017/03/7ea55387b554476e2be6e3fa7b4d6c53.jpg, https://www.waseda.jp/inst/weekly/assets/uploads/2017/03/3b159486eb690134daa64d7c005369e8.jpg",https://www.waseda.jp/inst/weekly/circleguide/detail/?id=3331&lng=en,なし,なし,なし,なし,なし,なし,なし,なし,なし,なし,なし,公式サイトから取得; リンク検証済み
C0319,3328,（劇団）へちま,文化・芸術,演劇,学生会館で稽古を行っている演劇サークルで、年に1回ほど、他劇団と合同で、学生会館で公演を行っています。公演の2カ月ほど前から動き出し、週に5、6回ほど稽古を行い、作品をみんなでつくっていきます。所属員には演劇初心者も多く、試行錯誤して芝居をしながら日々切磋琢磨（せっさたくま）しています。 また多くの所属員が他のサークルと兼ねていて、自由に動ける期間も長いためおのおのがいろいろな活動をしています。 昨年の3月の公演では、他団体からも役者を迎え入れ、個性豊かな面々で約90分の完全オリジナル長編を無料で上演しました。 また、舞台上に楽器を置いたり、開演前パフォーマンスを行ったりするなど新しい試みに挑戦しました。広報にも力を注ぎ、全5ステージチケット売り止めとなり大盛況を博しました。,曜日不定/平日6〜7限、土・日曜3〜7限/学生会館,21人,2003年,0人,なし,なし,https://www.waseda.jp/inst/weekly/circleguide/detail/?id=3328&lng=en,なし,なし,なし,なし,なし,なし,なし,なし,なし,なし,なし,公式サイトから取得; リンク検証済み; 写真URLなし
C0320,3337,SEIREN,文化・芸術,演劇,"私たちはスローガンに「あなたの、きっかけに。」を掲げており、それを達成するための活動指針として「学生にできる最高のミュージカル」「誰もが本気になれる場所」「早稲田のミュージカル文化を創る」を持っています。それを達成するために年３回（８月・１２月・３月）の本公演に加えて新入生メインで作る団内公演・番外公演・新入生歓迎公演などを行っています。舞台だけではなく早稲田祭ステージなどでのパフォーマンスも行っています。本公演ではプロの指導陣、技術スタッフをお呼びしてレベルの高い指導が受けられます。団員はキャストだけではなくスタッフも担当します。各公演でのスタッフワークに加え、団員が通年で行う部署作業として大道具・小道具・制作・広報・管理部・衣装部があります。ダンス練やボイトレなどのワークショップも受けることが出来るので初心者の方が成長をすることのできる環境も整っています。
/
/
/
/The largest musical club in the country creating the best student musicals.
/
/Our slogan is ?Your chance to be a part of it. To achieve this， our activity guidelines are (1) The best musical students can do， (2) A place where everyone can be serious， and (3) Creating a musical culture at Waseda University. In order to achieve these goals， in addition to the main performance three times a year (August， December， and March)， we also put on intra-company performances， extra-company performances， and welcome performances for new students. In addition to stage performances， we perform on the Waseda Festival stage and other venues. For the main performance， we invite professional instructors and technical staff to provide a high level of instruction. Members of the troupe are not only cast members but also staff members. In addition to the staff work for each performance， there are also departmental tasks that the troupe members perform throughout the year: props， production， public relations， administration， and costume department. The company also offers dance training， voice training， and other workshops to help beginners develop their skills.",稽古期間は週4~6/平日18:00~22:00休日13:00~22:00/学生会館・早稲田大学周辺の生涯学習館など,約300人,2003年,約3人,あり,"https://www.waseda.jp/inst/weekly/assets/uploads/2023/03/C-095_1-940x627.jpg, https://www.waseda.jp/inst/weekly/assets/uploads/2023/03/C-095_2-940x705.jpg, https://www.waseda.jp/inst/weekly/assets/uploads/2023/03/C-095_3-940x623.jpg",https://www.waseda.jp/inst/weekly/circleguide/detail/?id=3337&lng=en,なし,https://www.seiren-musical-project.com/,https://www.instagram.com/seiren.musical/,https://twitter.com/seirenmusical,なし,なし,https://www.waseda.jp/inst/weekly/news/2020/08/06/77867/,なし,なし,なし, Blog ╢: https://t.co/18viuywp1L?amp=1,公式サイトから取得; リンク検証済み; その他のリンクあり
C0321,3341,劇団24区,文化・芸術,演劇,劇団24区は年3回（6〜7月の夏公演、11月の秋公演、2〜3月の春公演）の公演を中心に活動しています。演劇初心者、上級生、社会人、他大生、留学生、授業やバイトとの両立に忙しい方、どなたでも参加いただけます。特に大学から演劇を始めようと考えている方にはオススメです。他サークルや養成所・事務所とのかけもちの制約もありません。スタッフのみやお手伝いのみの参加も可能です。ただし、少人数の劇団なので、キャストとスタッフは兼任していただきます。年会費などはなく、公演1回からの参加が可能です。練習日は毎回の公演ごとに決めます。脚本・演出は毎回変わるので、ジャンルも毎回異なります。また、その他さまざまなイベントも毎年行っています（合宿や卒業パーティーなど）。,曜日不定（平日に2回 ・土日に1回 ）/学生会館,30人,2005年,0人,なし,"https://www.waseda.jp/inst/weekly/assets/uploads/2016/07/1X14C125-1-15-201607151223-69-940x701.jpg, https://www.waseda.jp/inst/weekly/assets/uploads/2016/07/1X14C125-1-14-201607151223-69.jpg, https://www.waseda.jp/inst/weekly/assets/uploads/2016/07/1X14C125-1-16-201607151223-69-940x705.jpg",https://www.waseda.jp/inst/weekly/circleguide/detail/?id=3341&lng=en,なし,なし,なし,なし,なし,なし,なし,なし,なし,なし,なし,公式サイトから取得; リンク検証済み
C0322,3340,あかなし,文化・芸術,演劇,早稲田演劇の中でも比較的新しい方のサークルです。今年で設立10周年。まだまだ演劇サークル内での地位は低いですが、伝統にとらわれることなく所属員一同のんびり自由に活動しております。定期練習は、緩過ぎず厳し過ぎず楽しく行うがモットー。兼サーもOKですので、さまざまなサークルとの兼サーをしている人たちがいます。短い学生生活でやりたいことをたくさんやりたい、その中の一つが演劇だ、という人たちが気兼ねなく入れる演劇サークルを目指しているため、過度な拘束は致しません。その代わり、何かしら企画に関わる時には責任を持って真面目に取り組むことを心掛けていただいています。毎年12月には劇団てあとろ50’との企画公演を行っています。,不定期/18時頃/学生会館,21人,2007年,0人,なし,"https://www.waseda.jp/inst/weekly/assets/uploads/2017/03/059e32c8cfda83aa88fd7f03ba2947ab-940x705.jpeg, https://www.waseda.jp/inst/weekly/assets/uploads/2017/03/2fcc2b1b8fbe6830134d40947d46e8d4-940x705.jpeg, https://www.waseda.jp/inst/weekly/assets/uploads/2017/03/1b57ba85b1db1c94a549dc6e73570509-940x705.jpeg",https://www.waseda.jp/inst/weekly/circleguide/detail/?id=3340&lng=en,なし,なし,なし,なし,なし,なし,なし,なし,なし,なし,なし,公式サイトから取得; リンク検証済み
C0323,3334,ＰＯＰ３,文化・芸術,演劇,早稲田大学で一番新しいお笑いサークルです。年6回以上の定期ライブはもちろん、早稲田祭、各種イベントへの出演も行います。また、他の大学との対決ライブや、外部団体主催の大会に参加することで、交友の幅は大きく広がります。「人前で何かを思いっきり表現したい」、「大勢の人に向かって堂々と話せるようになりたい」、「とにかくお笑い好きな友達が欲しい」といった人にオススメです。テレビで見る漫才師やコント師のまね事をみんなでしませんか？ もちろんスタッフとして音響や照明操作・ビラの作成などを行うこともできます。恥ずかしいけどお笑いが好きな気持ちがある人がスタッフとして活動しています。さらに、POP3はインカレも大歓迎です。学年も問いません！ 多様な学年と学歴で構成されています!! みんなで楽しくお笑いしましょう!!,毎週水曜日/18時半〜/学生会館,38人,2010年,2人,あり,なし,https://www.waseda.jp/inst/weekly/circleguide/detail/?id=3334&lng=en,なし,なし,なし,https://twitter.com/owaraiPOP3,なし,なし,https://www.waseda.jp/inst/weekly/report/2017/10/25/34205/,なし,なし,なし,なし,公式サイトから取得; リンク検証済み; 写真URLなし
C0324,3592,演劇集団ところで,文化・芸術,演劇,早稲田キャンパスの「劇団森」に所属していた2名の団員により2011年、新しく所沢キャンパスに設立された演劇サークルです。年に5回程度を目安に毎年公演を行っています。さらに最近では早稲田キャンパスや地域の公共利用施設を利用して公演を行ったりもするなど、積極的な演劇活動を行っています。経験があるかどうかは全く問わず、楽しく演劇に親しむことのできる点が最大の魅力となっています。,活動不定期・公演があるたび随時活動,20人,2011年,0人,あり,"https://www.waseda.jp/inst/weekly/assets/uploads/2016/09/90ff1c9484303d2e20d1dfa176e1c407-940x528.png, https://www.waseda.jp/inst/weekly/assets/uploads/2016/09/684ef7c17124cf45eb656adef7c7c43b-940x705.jpg, https://www.waseda.jp/inst/weekly/assets/uploads/2016/09/7a584fbb8b49daa7af4a433b6067f1b8-940x705.jpg",https://www.waseda.jp/inst/weekly/circleguide/detail/?id=3592&lng=en,なし,なし,なし,https://twitter.com/_tokorode_,なし,なし,なし,なし,なし,なし,なし,公式サイトから取得; リンク検証済み
C0325,3320,幸福デジャヴ,文化・芸術,演劇,情報なし,情報なし,21人,情報なし,情報なし,なし,なし,https://www.waseda.jp/inst/weekly/circleguide/detail/?id=3320&lng=en,なし,なし,なし,なし,なし,なし,なし,なし,なし,なし,なし,公式サイトから取得; リンク検証済み; 活動内容なし; 活動日時・場所なし; 設立年なし; 外国人学生の受け入れなし; 写真URLなし
C0326,3330,（劇団）虚仮華紙,文化・芸術,演劇,"年間数本の公演を行う、演劇サークルです。
/
/企画性を重視した作品をコンスタントに発表しています。",情報なし,22人,情報なし,情報なし,なし,なし,https://www.waseda.jp/inst/weekly/circleguide/detail/?id=3330&lng=en,なし,なし,なし,なし,なし,なし,なし,なし,なし,なし,なし,公式サイトから取得; リンク検証済み; 活動日時・場所なし; 設立年なし; 外国人学生の受け入れなし; 写真URLなし
C0327,3332,鶴の一声,文化・芸術,演劇,年に数回の演劇公演を行っています。,情報なし,25人,情報なし,情報なし,なし,なし,https://www.waseda.jp/inst/weekly/circleguide/detail/?id=3332&lng=en,なし,なし,なし,なし,なし,なし,なし,なし,なし,なし,なし,公式サイトから取得; リンク検証済み; 活動日時・場所なし; 設立年なし; 外国人学生の受け入れなし; 写真URLなし
C0328,3333,生粋工房,文化・芸術,演劇,学生演劇の公演を年に2、3回程度行っています。他劇団との交流も活発です。,情報なし,22人,情報なし,情報なし,なし,なし,https://www.waseda.jp/inst/weekly/circleguide/detail/?id=3333&lng=en,なし,なし,なし,なし,なし,なし,なし,なし,なし,なし,なし,公式サイトから取得; リンク検証済み; 活動日時・場所なし; 設立年なし; 外国人学生の受け入れなし; 写真URLなし
C0329,3335,システマ・アンジェリカ,文化・芸術,演劇,"主に学生会館地下2階の演劇練習室で演劇公演を行っています。
/
/随時稽古や外部団体への出演もしています。",情報なし,25人,情報なし,情報なし,なし,なし,https://www.waseda.jp/inst/weekly/circleguide/detail/?id=3335&lng=en,なし,なし,なし,なし,なし,なし,なし,なし,なし,なし,なし,公式サイトから取得; リンク検証済み; 活動日時・場所なし; 設立年なし; 外国人学生の受け入れなし; 写真URLなし
C0330,3138,映画研究会,文化・芸術,映画,"『映画を作って1世紀。』映画サークルが乱立する早稲田において最も長い歴史を持つ映画研究会には100人を超える会員が所属。関東の映画サークルとして最初に名前が挙がる映画研究会には多くの大学から高い志と技術を持つ映像制作者が集結する。豊富な撮影機材と外部とのコネクション、優秀な人材が全て揃う映画研究会には不可能なことなどない。映画祭受賞作品や映画監督などとして業界の第一線で活躍するOB・OGも多数。2022年度には韓国・インハ大学との国際制作を実現させた。
/
/私たちは監督・プロデューサー・俳優・脚本家を志望する人だけでなく、多くのサポートメンバーを必要としています。動画撮影/照明/音響/音楽/編集/ヘアメイク/衣装/静止画撮影/ポスターデザイン/車両部ドライバーetc。全て挙げればキリがありません。それぞれの役割で発揮されたそれぞれの『個』が融合し、一つの作品へ昇華されていく様はまさに奇跡。あなたの情熱をどうか私たちに貸してください。学年不問。大学不問。年中入会可能。映画に詳しくない人、素人さんも大歓迎。共に奇跡を撮りましょう。まずは公式LINEの追加から　https://lin.ee/79eOYCA
/
/
/
/
/
/Waseda's largest and oldest film club. We can challenge feature films， international productions and more!
/
/
/
/?A century of filmmaking.? The Film Society of Waseda， which has the longest history among the many film clubs at Waseda， has over 100 members. As the first film club in the Kanto region， it attracts highly motivated and skilled filmmakers from many universities. With a wealth of filming equipment， external connections， and talented people， nothing is impossible for the Film Society， and in FY2022， we realized an international production with Inha University in South Korea. We need many support members as well as aspiring directors， producers， actors， and screenwriters. Video shooting/lighting/sound/music/editing/hair/make-up/costume/still photography/poster design/vehicle department driver， etc. All are just to mention a few. It is a miracle to see how the individuality of each role is fused together and sublimated into a single work of art. Please lend us your passion. No matter what grade you are in. No university required. Membership is open all year round. We welcome people who are not familiar with film and amateurs. Let's shoot miracles together. Please start by adding us on our official line: https://lin.ee/79eOYCA",不定期,163人,1918年,6人,あり,"https://www.waseda.jp/inst/weekly/assets/uploads/2016/09/f0bc6d04bf3b3a3253eb0c83d2fe76ba-940x627.jpg, https://www.waseda.jp/inst/weekly/assets/uploads/2016/09/30864611c6804770b70085cf0439dd99-940x528.jpg, https://www.waseda.jp/inst/weekly/assets/uploads/2016/09/71b84cf819ac52773c318efd0fe26d5d-940x528.jpg",https://www.waseda.jp/inst/weekly/circleguide/detail/?id=3138&lng=en,なし,https://sodaieiken.wixsite.com/official,https://www.instagram.com/sodaieiken/,https://twitter.com/sodaieiken,なし,https://lin.ee/79eOYCA,なし,なし,なし,なし,なし,公式サイトから取得; リンク検証済み
C0331,3142,稲門シナリオ研究会,文化・芸術,映画,稲門シナリオ研究会（以下、シナ研）は自主製作映画を撮っているサークルです。おカタイサークル名とは裏腹に、シナ研の特徴は何と言ってもその自由さ。サークル員が撮っている映画のジャンルはさまざまで、自分が面白いと思ったものを自由に表現できます。機材は充実しており、カメラ・マイク・照明などの機材は一通りそろっているので、入会すればすぐにでも映画が撮れます。1年生から活躍しているサークル員もいます。サークル員にはインカレや留学生も多く、途中入会するサークル員もたくさんいます。入会は随時受け付けています。twitterに連絡してもらっても、直接部室（学生会館　E619）に来ていただいても構いません。映画監督をやってみたい方、脚本を書いてみたい方、役者をやってみたい方、撮影をしてみたい方、大歓迎です。,不定期/学生会館　E619,45人,1952年,1人,あり,"https://www.waseda.jp/inst/weekly/assets/uploads/2016/09/04b77e57b3af6c2f07ef5772ceac0374-940x588.png, https://www.waseda.jp/inst/weekly/assets/uploads/2016/09/e9abc14dd24c61f7390c3f52deb6fb8c-940x705.jpg, https://www.waseda.jp/inst/weekly/assets/uploads/2016/09/4b16846e7f009e82b2e7fb65a4af15e6-940x705.jpg",https://www.waseda.jp/inst/weekly/circleguide/detail/?id=3142&lng=en,なし,なし,なし,https://twitter.com/shinaken,なし,なし,なし,なし,なし,なし,なし,公式サイトから取得; リンク検証済み
C0332,3346,シネサイクル　叛頭脳,文化・芸術,映画,映画製作サークル「シネサイクル叛頭脳」です。活動としては、年に数本の映画撮影をするとともに、映画館めぐりなどを企画しています。このサークルの特徴は、”会員の仲がとても良いこと”です。撮影のときはもちろん、普段の撮影しないときはE525の単独部室でいつも皆でのんびり遊んでいます。制作する映画の雰囲気はコミカルなものが多いのですが、監督によっては本格的な作品を作ったりする人もいます。映画サークルとしては小規模な方なので、機材を使いたいときはいつでも使えるため、自分が撮りたいときに自由に撮影できる環境が整っています。また、夏と冬には合宿があり、撮影する班は撮影、その他のメンバーは観光などをしています。撮るときは撮って、あとはのんびり。そんなサークルです。,毎日/学生会館E525,64人,1971年,2人,あり,"https://www.waseda.jp/inst/weekly/assets/uploads/2016/09/9891096e82d55448a787da33df7c82f3-940x1253.jpg, https://www.waseda.jp/inst/weekly/assets/uploads/2016/09/ef0739bf6c94e552225f003f0ac28a13-940x705.jpg, https://www.waseda.jp/inst/weekly/assets/uploads/2016/09/60afecfce649072774feacb85965d6b3-940x529.jpg",https://www.waseda.jp/inst/weekly/circleguide/detail/?id=3346&lng=en,なし,なし,なし,https://twitter.com/Hands_no,なし,なし,なし,なし,なし,なし,なし,公式サイトから取得; リンク検証済み
C0333,3343,CINEMAX SIDEVARG,文化・芸術,映画,個人の好きな熱量で好きなことに取り組んでます。映画を作ったり観たり熱くゆるく語ったりしています。映画を作りたい人も観る専の人も両方大歓迎！メンバーそれぞれの距離感を尊重するサークルです。大きく分けて活動は「上映会」「映画撮影」「イベント」の3つ。上映会は週2日の定例イベントで部員が観たい映画をチョイスし、プロジェクターとスピーカーを用いてみんなで鑑賞する本サークルの目玉イベントです！映画撮影ももちろんやっています。初心者も多く、試行錯誤しながらみんなで作品を作り上げています！イベントでは、企画をしてみんなで一緒に映画を観に行ったり、遊びに行ったりします！部室もあるので是非一度遊びに来てください。XやInstagram、過去作品を掲載しているYouTubeもやっているのでサークル名で検索してみてください！,学生会館部室(E730号室、月水金曜日、17:00〜),45人,1975年,1人,あり,"https://www.waseda.jp/inst/weekly/assets/uploads/2016/07/1X14C125-1-14-201607151223-58.jpg, https://www.waseda.jp/inst/weekly/assets/uploads/2016/07/1X14C125-1-16-201607151223-58-940x705.jpg, https://www.waseda.jp/inst/weekly/assets/uploads/2016/09/CINEMAX-SIDEVARG2.jpg",https://www.waseda.jp/inst/weekly/circleguide/detail/?id=3343&lng=en,なし,http://cinemaxsidevarg.blog16.fc2.com/,https://www.instagram.com/cinemaxsidevarg/,https://twitter.com/cinemaxsidevarg,なし,なし,なし,https://youtube.com/@CINEMAXSIDEVARG2024,なし,なし,なし,公式サイトから取得; リンク検証済み
C0334,3147,アニメーション研究会,文化・芸術,映画,"早稲田大学アニメーション研究会（WAFL）は、早稲田大学公認のインカレサークルであり、大学唯一のアニメーションを”つくる”ことができる自主制作サークルです。/
///
//作画・彩色・美術・音響・撮影・編集・3D等様々な部署に分かれ、作品を作り上げています。/
///
///
///
//「アニメなんて作ったことないけど大丈夫かな？」と思われるかもしれませんが、もちろん大丈夫です！　サークル員もほぼ全員が一からスタートしましたので、初心者大歓迎です。/
///
///
///
//主な活動は夏と冬に行われる、各大学の自主制作サークルとの合同上映会に向けたアニメ制作です。ほか、早稲田祭などのイベントにも参加します。また夏と冬には合宿に行ったり、サークル員で映画を見に行ったりと活発に活動中です。/
///
///
///
//アニメーション制作にちょっとでも興味があれば初心者でも大歓迎です！インカレ、途中参加も大歓迎ですので、気軽にお越しください！/
///
///
///
//TwitterやYouTubeにて作品やメイキング動画、新歓情報が掲載されているのでぜひご覧ください！",毎週火・木・金/16:30～20:00/学生会館E510,75人,1976年,7人,あり,"https://www.waseda.jp/inst/weekly/assets/uploads/2023/03/A-106_1-940x1330.png, https://www.waseda.jp/inst/weekly/assets/uploads/2023/03/A-106_2.gif, https://www.waseda.jp/inst/weekly/assets/uploads/2023/03/A-106_3-940x548.png",https://www.waseda.jp/inst/weekly/circleguide/detail/?id=3147&lng=en,なし,https://wafl.jp/,なし,https://twitter.com/waseda_wafl,なし,なし,なし,なし,なし,なし,なし,公式サイトから取得; リンク検証済み
C0335,3347,シネマプロダクション（シネプロ）,文化・芸術,映画,シネマプロダクションは早稲田大学公認の映画サークルです。数ある映画サークルの中でも1番の学生数を誇り、撮影機材も充実しています。先輩とのつながりが充実しており、プロの映画監督の撮影に携われることもあります。監督・役者・カメラマンなど、自分がチャレンジしてみたいことを思い通りにやることができるサークルです。他の映画サークルと連携して撮影することも多く、毎年冬には早稲田の映画サークルが主催するオープンコンペ、「早稲田映画まつり」に出展しています。「早稲田映画まつり」以外にも多くの有名な映画祭において毎年、優秀な成績を多数残しています。普段の活動としては週1回のミーティング、週末、長期休みなどには撮影、編集などの映像製作を行っています。,毎週木曜日/18時半/学生会館,60人,1977年,3人,あり,"https://www.waseda.jp/inst/weekly/assets/uploads/2017/03/7cc5ff01478a535406725ebb6331fba9-940x529.jpeg, https://www.waseda.jp/inst/weekly/assets/uploads/2017/03/e818776578d8fbb7e588b0f3d5989d73-940x705.jpeg, https://www.waseda.jp/inst/weekly/assets/uploads/2017/03/e7759fb29baf215442f614001138f62e-940x627.jpeg",https://www.waseda.jp/inst/weekly/circleguide/detail/?id=3347&lng=en,なし,なし,なし,https://twitter.com/cineprocinepro,なし,なし,なし,なし,なし,なし,なし,公式サイトから取得; リンク検証済み
C0336,3344,映像製作集団 浪人街,文化・芸術,映画,映像制作集団浪人街です。映画を作るサークルです。浪人生に限りません。月3回ほどの定例会（9のつく日）、と随時行う撮影が主な活動です。この「随時行う撮影」気になりますね。基本的には時間のある休日とか、長い休暇とか。夏休み、春休みとなれば、遠くへ撮影にくり出すのもアリ、こっちでみっちりやるのもアリ。映画を撮影するのに必要なものは全部ある。保証します。質のいい機材、そろってます。確かな技術、任せてください。助けてくれるすてきな人間。多分いるはず。映画は脚本が準備し終わり、キャストスタッフを集め、撮影場所、機材が確保できたら、撮影です。そしてそのあとの編集上映までが取りあえず映画の完成といってよいでしょう。そのあとは個人の意思に応じて映画祭なりそういうコンペに出すなりしています。撮影がやりたい人、監督がやりたい人、女優俳優やりたい人、編集がやりたい人、人と何か作ってみたい人、形の残ることがしたい人、好奇心旺盛な人、どなたでもどうぞ。どんなかたちであれ自分が携わったものがモノになるっていいですよ。個人的にはおすすめです。ロウニンガイ。,毎月9の付く日（例：4/9、4/19、4/29）/18時半/学生会館、撮影随時,40人,1978年,2人,なし,"https://www.waseda.jp/inst/weekly/assets/uploads/2016/09/f7e5f4d24aa7785e437a5b5c591d9256-940x529.jpg, https://www.waseda.jp/inst/weekly/assets/uploads/2016/09/8aef22d92d2776b9880018500b7a9f38-940x528.jpg, https://www.waseda.jp/inst/weekly/assets/uploads/2016/09/f438d4f991c76dcc0207c6734def98d7-940x646.jpg",https://www.waseda.jp/inst/weekly/circleguide/detail/?id=3344&lng=en,なし,なし,なし,https://twitter.com/roningai,なし,なし,なし,なし,なし,なし,なし,公式サイトから取得; リンク検証済み
C0337,3148,怪獣同盟,文化・芸術,映画,私たちは特撮作品を見るだけでなく、特撮作品への「情熱」を、自主映画の撮影、着ぐるみの製作、ヒーローショーの公演など、形のあるものにする、という活動を行っております。映像は公式YouTubeチャンネルにて公開しています。ヒーローショーは早稲田祭をメインイベントとして、地域のお祭りやさまざまな行事、幼稚園にお邪魔して行っています。また、テレビCMやアーティストのMVなどにゲスト出演させてもらうこともあります。怪獣が好きな方、ヒーローが好きな方、純粋な特撮ファンはもちろん、演技に興味がある方、モノづくりに興味がある方、人を楽しませるのが大好きな方や子どもさんが好きな方など、どなたでも大歓迎です！ 自分のやりたいことが何でもできるサークルです！,毎週月・水・土曜日/5，6限/学生会館E609,50人,1983年,1人,あり,"https://www.waseda.jp/inst/weekly/assets/uploads/2016/09/c86b68dcaaeb5512be15c8f7b9d29f7c-940x705.jpg, https://www.waseda.jp/inst/weekly/assets/uploads/2016/09/295ba5089361e7e226a605dbd672df90-940x705.jpg, https://www.waseda.jp/inst/weekly/assets/uploads/2016/09/d691d25272725fd8b8de66adcfcc28df.jpg",https://www.waseda.jp/inst/weekly/circleguide/detail/?id=3148&lng=en,サークルサイト閉鎖,https://www.kaijudoumei.com/,https://www.instagram.com/kaijudoumei/,https://twitter.com/kaijudoumei,なし,なし,なし,https://www.youtube.com/@Kaijudoumei,なし,なし,なし,公式サイトから取得; リンク検証済み; ウェブサイト（サークル）: リンク切れ (fetch failed)
C0338,3742,DA早稲田大学ハリー・ポッター研究会,文化・芸術,映画,"ハリポタ好きの大学生、集まれ！
/
/
/
/DAは「ハリー・ポッター」「ファンタスティック・ビースト」シリーズを愛する学生の集うインカレサークルです。時には熱く、時には和気藹々と作品への愛を語り合っています。2019年度には早稲田祭でのバタービール販売やUSJ・イギリスへの合宿、2020年度にはオリジナルゲーム作成・プレイや研究誌「Wizarding World in WASEDA」の作成を行いました。男女比はおよそ1:1で、約半数を他大生が占めているので他大の方でもすぐに皆と仲良くなれること間違いなし！活動への参加は基本自由です。土日のイベントや合宿のみの参加でも構いません。授業やバイト、兼サーで忙しい方でも気軽に入会できます。ハリポタシリーズに興味さえあれば、詳しい知識がなくても大丈夫！　もちろん我こそはというマニアの方も大歓迎です。
/
/
/
/原作だけ読んだ方も、映画だけ見た方も、どちらもまだ知らないけれどこれから魔法の世界に入りたいという方も、まずはぜひTwitterやInstagramをチェック！",毎週水曜日/15時〜19時/三号館・学生会館,114人,2018年,０人,なし,"https://www.waseda.jp/inst/weekly/assets/uploads/2021/08/C-278_1-940x1254.png, https://www.waseda.jp/inst/weekly/assets/uploads/2021/08/C-278_2-940x764.png, https://www.waseda.jp/inst/weekly/assets/uploads/2021/08/C-278_3-940x1254.png",https://www.waseda.jp/inst/weekly/circleguide/detail/?id=3742&lng=en,なし,https://dawaseda.wixsite.com/mysite-1,https://www.instagram.com/da_waseda_harrypotter/,https://twitter.com/da_wasedacircle,なし,なし,なし,なし,なし,なし,なし,公式サイトから取得; リンク検証済み
C0339,3573,早稲田大学交響楽団（ワセオケ）所沢支部,文化・芸術,音楽,早稲田大学交響楽団は、ワセオケの愛称で親しまれる早稲田大学の公認オーケストラです。公認オーケストラとしては唯一、同大学の学部学生のみで構成されており、総団員数は約250名に上ります。1913年に創立され、2013年に創立100周年を迎えた当楽団は、2012年4月から2013年3月にかけて「早稲田大学交響楽団創立100周年記念演奏会」(全5回)を開催しました。年4〜5回の主催公演、入学式や卒業式をはじめとする早稲田大学公式行事・文化事業における演奏を主な活動としており、この他年間20〜30件の依頼演奏も行っています。海外公演は、1978年の第5回国際青少年オーケストラ大会(通称カラヤン・コンクール)での優勝以来14回を数えます。2015年2月から3月にかけて行いました「ヨーロッパツアー2015」においては、ドイツ、オーストリア、フランスの13都市を巡り、各地で好評を博しました。中でも3月8日のベルリン公演は2009年、2012年に続き、ベルリン・フィルハーモニー管弦楽団のインターネット放送「デジタル・コンサートホール」にて全世界に生中継されました。,毎週月・水・土曜日/18:15/各練習会場借用,約250名,1913年,8名,あり,なし,https://www.waseda.jp/inst/weekly/circleguide/detail/?id=3573&lng=en,なし,なし,なし,https://mobile.twitter.com/wsotokyo,なし,なし,なし,なし,なし,なし,なし,公式サイトから取得; リンク検証済み; 写真URLなし
C0340,3101,交響楽団,文化・芸術,音楽,"早稲田大学交響楽団は、「ワセオケ」の愛称で親しまれる早稲田大学公認オーケストラです。学内のオーケストラでは唯一、同大学の学部生のみで構成され、団員数は約250人に上ります。2023年には楽団創立110周年を迎え、その記念として同年3月に「早稲田大学交響楽団 110周年記念 大阪特別公演」を開催しました。また、2024年２月末からドイツ・オーストリアの9都市をめぐる「ヨーロッパツアー 2024」を開催し、各地で好評を博しました。年間4〜5回の主催公演や大学公式行事・文化事業における演奏、外部からの依頼演奏などを行っております。
/
/当楽団の海外公演事業の契機となった1978年の第5回国際青少年オーケストラ大会での優勝以来、故ヘルベルト・フォン・カラヤン氏には様々な形で当楽団にお力添えを賜りました。1979年に早稲田大学より名誉博士号を贈呈した際には、大隈講堂においてR.シュトラウス／交響詩「ティル・オイレンシュピーゲルの愉快ないたずら」の公開リハーサルで指揮をしていただきました。
/
/また、指揮者では故ジュゼッペ・シノーポリ、サイモン・ラトル、小澤征爾、故ズデニェク・コシュラー、レナード・スラトキン、故岩城宏之、大友直人、高関健、山下一史、曽我大介、寺岡清高各氏、指導者・共演者としてはベルリン・フィルハーモニー管弦楽団やNHK 交響楽団の団員を中心に、多くの方々をお迎えしています。",毎週月・水・土曜日/18時〜21時/早稲田近郊,250人,1913年,3人,あり,"https://www.waseda.jp/inst/weekly/assets/uploads/2016/09/5a9c6f505bc6d273900ce9c2117c9054-940x705.jpg, https://www.waseda.jp/inst/weekly/assets/uploads/2016/09/938ad9fa2f171b5f80d4026f1a21c887-940x705.jpg, https://www.waseda.jp/inst/weekly/assets/uploads/2024/06/8c0c3027e3cfc3d644caab3847a505b0-940x627.jpg",https://www.waseda.jp/inst/weekly/circleguide/detail/?id=3101&lng=en,なし,https://wso-tokyo.jp/,https://instagram.com/wso_shinkan/,https://twitter.com/wsotokyo,https://www.facebook.com/wsotokyo/,なし,https://www.waseda.jp/inst/weekly/report/2014/10/27/11866/,なし,なし,なし,なし,公式サイトから取得; リンク検証済み
C0341,3104,マンドリン楽部,文化・芸術,音楽,マンドリン楽部は、創部103年を誇る伝統ある音楽サークルです。マンドリンとはイタリアの弦楽器で、トレモロ奏法が特徴的な見た目も音色もかわいらしい楽器です。オーケストラの構成は、マンドリン、マンドラ、マンドロンチェロ、クラシックギター、コントラバス、フルート、クラリネットです。1年に大きな演奏会は3回、その内1回は早計ジョイントコンサートで、慶応マンドリンクラブとの交流も盛んです。また、各自好きな曲を自由に部員内で発表する部内演奏会や、出張演奏(2016年度は大船渡・陸前高田復興支援演奏会を現地にて開催)したりしています。 経験者も初心者も大歓迎(管パートは経験者のみ募集)。部員の半分以上は初心者です。また、過去には多くのプロ演奏家を輩出した経歴もあります。以下、当団体の魅力を列挙します。楽器無料貸し出し。部室は早稲田の学生証があればいつでも使える。そして広い。兼サー・インカレ可能。部員は先輩後輩同期それぞれ仲が良く、プライベートでもよく遊ぶ。音楽サークルの中では費用は安め。各パートのプロの先生から指導を受けることができる。初心者にも上級生が個人レッスンを行うので、楽譜読めない人も大丈夫。女子が多いので比較的穏やかな雰囲気、男子は少数だからか結束力が強い。・・・挙げるとキリがないのですが、いつも楽しく活動しています。興味のある方はいつでも学生会館B117へ！,毎週火・金曜日/16時半〜20時半/学生会館,80人,1913年,1人,なし,"https://www.waseda.jp/inst/weekly/assets/uploads/2017/03/35ce5d6254417273540101ca743a829c-940x705.jpeg, https://www.waseda.jp/inst/weekly/assets/uploads/2017/03/457009966ab17a0c755aae79a8138195-940x702.jpeg, https://www.waseda.jp/inst/weekly/assets/uploads/2017/03/dfa5f27f26e2618bd477051c909382c4-940x634.jpeg",https://www.waseda.jp/inst/weekly/circleguide/detail/?id=3104&lng=en,なし,なし,なし,https://twitter.com/wasedamandolin,なし,なし,https://www.waseda.jp/inst/weekly/news/2019/11/07/68273/,なし,なし,なし,なし,公式サイトから取得; リンク検証済み
C0342,3103,ハーモニカ・ソサィアティ,文化・芸術,音楽,私たちは、ハーモニカを中心としたビッグバンド形態で演奏を行っているサークルです。パートは次の通りです。《ハーモニカ(シングル、ホルン)、フルート、クラリネット、ギター、ベース、鍵盤、ドラムス・パーカッション》曲のジャンルは、Jポップ・洋楽・吹奏楽曲と多岐にわたり、やりたい曲を演奏することが可能です。演奏会は、年に2回ほど(6月、12月)行っています。6月の演奏会は、中央大学・明治大学・立教大学さんとジョイントコンサートを行います。12月の演奏会は、早稲田大学単独の定期演奏会を行っています。演奏会の他にも、早稲田祭に出場することがあります。また、春と夏には合宿を行い、練習を行う他、花火やBBQ、アレンジ大会などを通して部員同士がより一層仲良くなることができます。,毎週火・水(16:30〜)・土(13:00〜)/学生会館B125,21人,1926年,1人,なし,"https://www.waseda.jp/inst/weekly/assets/uploads/2016/09/f4fb27e981ddfd0393b80abd442e053b-940x630.jpeg, https://www.waseda.jp/inst/weekly/assets/uploads/2016/09/9e98708eeb69a77300d0d73b294eeef1-940x705.jpeg, https://www.waseda.jp/inst/weekly/assets/uploads/2016/09/62b44450416561b6a99185f052fb41fe-940x622.jpeg",https://www.waseda.jp/inst/weekly/circleguide/detail/?id=3103&lng=en,サークルサイト閉鎖,https://wasehamo.com/,なし,https://twitter.com/wasehamo,なし,なし,https://www.waseda.jp/inst/weekly/report/2013/11/04/13559/,なし,なし,なし,なし,公式サイトから取得; リンク検証済み; ウェブサイト（サークル）: リンク切れ (fetch failed)
C0343,3102,ザ・ナレオ,文化・芸術,音楽,"数あるバンドサークルの中でもソウルやファンク、R&Bなどいわゆるブラックミュージックを専門に演奏するサークルです。夏と冬のリサイタルを主軸に年10回ほどのライブを企画し、それに向けて日々練習を重ねます。ナレオは各種機材を所有しており、学生会館内でライブをするときは自分たちの手で設営から運営まで全てをこなします。そのため部員は音響や企画に対する造詣が深いです。//
///
///固定バンド制で自分たちで組んだバンドを3年間続け、その中で己のスタイルを磨き追求します。またインカレ制のため、大学の垣根は無く、純粋に音楽を通じて仲間と出会えます。//
///
///部室ではバンド練習の他、集まった人たちでセッションも行います。そこでもサークル外の人歓迎で他大学や外部の人と一緒に音を出してつながれます。//
///
///2016年には設立70周年を記念したパーティーをBlue Note東京で行い、現役による演奏も披露しました。歴史が長いだけにOBとの関わりも深く、普通の学生ならば経験できないようなことを身近に体験できます。",毎週火・木・土曜日、第2・4日曜日/各自適宜な時間/学生会館B124,30人,1946年,0人,あり,"https://www.waseda.jp/inst/weekly/assets/uploads/2017/03/0bfc1e09588a9156f23f46e3b5f35b9d-940x624.jpg, https://www.waseda.jp/inst/weekly/assets/uploads/2017/03/871b928b6b7aaa3a1035d54d21abc2df.png, https://www.waseda.jp/inst/weekly/assets/uploads/2017/03/797533d0ba96582607f1022f65aa74ec-940x626.jpg",https://www.waseda.jp/inst/weekly/circleguide/detail/?id=3102&lng=en,なし,なし,なし,https://twitter.com/naleio_waseda,なし,なし,https://www.waseda.jp/inst/weekly/news/2020/06/25/75958/,なし,なし,なし,なし,公式サイトから取得; リンク検証済み
C0344,3111,ラテン・アメリカ協会,文化・芸術,音楽,僕たちラテン・アメリカ協会、通称「ラテアメ」は、ブラジルをはじめとしたラテンアメリカ圏の国々の文化の研究をしています。ラテアメの活動では特に音楽文化の研究に力をいれており、リオのカーニバルで演奏されるサンバ・バツカーダや、カフェでよく流れているボサノヴァ、またブラジル音楽だけでなくアンデス山脈の周辺地方で伝わるフォルクローレという山岳音楽などの幅広いジャンルを、みんな初心者ながら自分たちがいいなと思ったものを演奏したり踊ったりして楽しんでいます。もちろん音楽ばかりではなくブラジル風のバーベキューであるシュハスコを作ったり、食文化も楽しんでいますよ！ 少しでも興味があるならぜひ部室まで来てください！ 待ってます！,毎週月曜日・木曜日/19時/学生会館,40人,1950年,0人,あり,"https://www.waseda.jp/inst/weekly/assets/uploads/2016/09/b9b35535bd1939feb4e6aea81223b0ef.jpeg, https://www.waseda.jp/inst/weekly/assets/uploads/2016/09/453c59bfb8ce7426d8ef81c0c24ab183-940x627.jpeg, https://www.waseda.jp/inst/weekly/assets/uploads/2016/09/9608e8f0d4c604948742f5cdbceb8f67-940x624.jpeg",https://www.waseda.jp/inst/weekly/circleguide/detail/?id=3111&lng=en,なし,なし,なし,https://twitter.com/rateame,なし,なし,なし,なし,なし,なし,なし,公式サイトから取得; リンク検証済み
C0345,3105,オルケスタ・デ・タンゴ・ワセダ,文化・芸術,音楽,私たちオルケスタ・デ・タンゴ・ワセダは、現在ヴァイオリン、ピアノ、コントラバス、ヴィオラ、チェロ、フルート、そしてバンドネオン、さらに時にはギターやヴォーカルも入って、アルゼンチンタンゴを演奏している、全国で唯一早稲田にしかない学生によるアルゼンチンタンゴ演奏サークルです。60年以上の歴史を誇る公認のサークルであり、OBやOGも多く輩出しています。また、早大生だけでなくさまざまな大学の他大生が在籍しているインカレサークルで、大学や学年に関係なく活動しております。ほぼ全員が大学に入ってからアルゼンチンタンゴを知った”タンゴ初心者”であり、みんなで一緒に日々タンゴに取り組んでいます。また年末の定期リサイタルを初めとして、早稲田祭や夏の自主ライブなどさまざまな演奏活動を行っておりますので、ぜひ皆さん一度、部室やライブにいらしてみてくださいね！,毎週月・水・土曜日/18〜21時/学生会館地下1階B116,20人,1951年,0人,あり,"https://www.waseda.jp/inst/weekly/assets/uploads/2016/09/70f9762a3d67edefb22a56e5ed0d8ea3-940x621.jpg, https://www.waseda.jp/inst/weekly/assets/uploads/2016/09/71dca21b1ac247156e83251ae7522ac7-940x557.jpg, https://www.waseda.jp/inst/weekly/assets/uploads/2016/09/769a0de3fd772d7733795872981c300b-940x615.jpg",https://www.waseda.jp/inst/weekly/circleguide/detail/?id=3105&lng=en,なし,なし,なし,https://twitter.com/tangowaseda,なし,なし,なし,なし,なし,なし,なし,公式サイトから取得; リンク検証済み
C0346,3293,ＵＢＣ,文化・芸術,音楽,"UBCは、1953年に創立された早稲田大学公認の音楽ライブイベント企画サークルです。「UBC」とは「University Broadcasting Company」の略であり、「さまざまな放送媒体を使って情報の発信基地になろう」という意味が含まれています。学生初のミニFM局「UBC-FM」、学生初のキャンパスミニTV局「UBC-TV」などの活動を経て、現在は主に音楽イベントの企画運営をしています。
/
/早稲田祭の場を借りた5000人規模のフリーライブ「UBC-jam」の他、2007年からは新たな音楽イベントを立ち上げ、活動の幅を広げています。
/
/私たちがリスナーとして本当に良いと思える音楽にこだわり、心から楽しめるイベントを積極的に企画しています。",毎週金曜日/18時半/学生会館,30人,1953年,0人,なし,"https://www.waseda.jp/inst/weekly/assets/uploads/2016/09/UBC2-940x627.jpeg, https://www.waseda.jp/inst/weekly/assets/uploads/2016/09/UBC3-940x627.jpeg, https://www.waseda.jp/inst/weekly/assets/uploads/2016/09/UBC1-940x627.jpeg",https://www.waseda.jp/inst/weekly/circleguide/detail/?id=3293&lng=en,なし,なし,なし,https://twitter.com/ubc_waseda,なし,なし,なし,なし,なし,なし,なし,公式サイトから取得; リンク検証済み
C0347,3643,ハイソサエティ・オーケストラ,文化・芸術,音楽,私たちハイソサエティ・オーケストラは早稲田大学唯一のビッグバンドジャズサークルとして1955年に創立しました。ハイソの名で親しまれ、学生ビッグバンドジャズ界を代表する伝統と実績を持つ存在としてその名を広く知られています。その長い歴史の中で、数多くのプロミュージシャンを輩出してきました。主な活動内容は、週3回の練習に加え、自身のライブはもちろん他大学のバンドとの合同ライブや、国内外のプロミュージシャンとの共演ライブ、パーティー他イベントでの演奏などです。毎年3月には会員一丸となってリサイタルを開催するほか、8月には全国の学生ビッグバンドが参加するコンテストに出場、加えて夏合宿や冬合宿など大学生らしい活動が盛りだくさんです。一方でプロミュージシャンとの共演は長い伝統と実績のあるハイソならではですし、民間企業のパーティーでの演奏も多く就活に有利！普通の大学生活ではできない経験を沢山積むことができます。ただ音楽をするだけではない、唯一無二の大学生活をハイソサエティ・オーケストラと共に過ごしてみませんか？,毎週月曜日・木曜日・金曜日/16:30〜/学生会館地下1階,42人,1955年,0人,なし,"https://www.waseda.jp/inst/weekly/assets/uploads/2018/03/haiso1-940x627.jpg, https://www.waseda.jp/inst/weekly/assets/uploads/2018/03/haiso2-940x627.jpg, https://www.waseda.jp/inst/weekly/assets/uploads/2018/03/haiso3-940x627.jpg",https://www.waseda.jp/inst/weekly/circleguide/detail/?id=3643&lng=en,なし,なし,なし,なし,なし,なし,なし,なし,なし,なし,なし,公式サイトから取得; リンク検証済み
C0348,3107,早稲田大学ニューオルリンズジャズクラブ,文化・芸術,音楽,早稲田大学ニューオルリンズジャズクラブ、通称ニューオリは、ジャズ発祥の地と言われるルイジアナ州ニューオーリンズで生まれた「ニューオーリンズジャズ」という、非常に古い形態のジャズを演奏している、日本で唯一のサークルです。基本的に7人程度でバンドを組み、演奏をしています。主な活動としては、2カ月ごとの部内発表会や毎年12月に開催されるリサイタル、さらには早稲田祭や稲門祭などの行事にも毎年参加している他、夏には合宿、冬には有志でニューオーリンズへ行くというイベントもあります。また、ニューオリでは外部からの演奏依頼を受け付けており、依頼に応じてさまざまな場面で演奏しています。例としては、商店街やパーティー会場での演奏、ジャズフェスティバルへの出演などが挙げられます。このように、学内外を問わず活躍の場が多いことと、どこでも演奏できるフットワークの軽さが特徴です。,毎日/随時/学生会館B116室,50人,1957年,情報なし,なし,"https://www.waseda.jp/inst/weekly/assets/uploads/2016/08/1X14C125-1-14-2016071512243-120-940x623.jpg, https://www.waseda.jp/inst/weekly/assets/uploads/2016/08/1X14C125-1-16-201607151223-120-940x625.jpg, https://www.waseda.jp/inst/weekly/assets/uploads/2016/08/1X14C125-1-15-201607151223-120-940x705.jpg",https://www.waseda.jp/inst/weekly/circleguide/detail/?id=3107&lng=en,なし,https://nojcwaseda.wixsite.com/website,https://www.instagram.com/nojc_waseda/,https://twitter.com/NOJC_WASEDA,なし,なし,https://www.waseda.jp/inst/weekly/feature/2020/06/15/75665/,なし,なし,なし,なし,公式サイトから取得; リンク検証済み; 外国人学生の受け入れなし
C0349,3303,ミュージックファンクラブ （MFC）,文化・芸術,音楽,われらMusic Fan Club（MFC）はソウル・ファンク・ブルース・ロックなどの洋楽を中心に邦楽まで幅広く演奏する、1959年設立の伝統ある12大フリーバンド制バンドサークルです。大きな特徴として、バンドにトランペット・サクソホン・トロンボーンなどのホーン隊がいることが多く、多いときでは全体で15人弱のバンド編成になることも！ 中学・高校で吹奏楽部だった、新しい楽器を始めたい、大歓迎でございます。われらの主な活動としてはまずバンド練習、年に7〜8回ある大きなライブ、春・夏合宿、毎週部会を行っています。他にも楽しいイベントは書いたらキリがありません！ 練習はライブごとに組まれるバンドでおのおの練習日程を組んでもらって主に高田馬場の音楽スタジオにて行っています。初心者の方にも必要に応じて各パート講座を行う予定もありますのでご安心を！ また、部室には数多くのレコードとプレーヤーをご用意しておりますのでおヒマなときにお越しください！ MFCはいつでも新入生を募集しております。共に音楽に明け暮れ、踊る阿呆（あほう）になりましょう！,各バンドによって異なる。部会は毎週金曜日20時〜/高田馬場。部室は大抵誰かしらいます。,120人,1959年,3人,あり,"https://www.waseda.jp/inst/weekly/assets/uploads/2016/09/2393dcd6b26fa3ee78365d7c39734205-1-940x627.jpeg, https://www.waseda.jp/inst/weekly/assets/uploads/2016/09/b34f5bd9e86fdc8bc9eb94158526b5e7.jpeg, https://www.waseda.jp/inst/weekly/assets/uploads/2016/09/fed99f7ac19c8582938b15102325f4bf-940x940.jpeg",https://www.waseda.jp/inst/weekly/circleguide/detail/?id=3303&lng=en,なし,なし,なし,https://twitter.com/Music_fan_club,なし,なし,なし,なし,なし,なし,なし,公式サイトから取得; リンク検証済み
C0350,3304,Modern Music Troop （MMT）,文化・芸術,音楽,"オリジナル中心バンドサークルModern Music Troop、通称MMTです。ライブハウスなどサークル外で活動するバンドも多く、プロも多数輩出しています。オリジナルだけでなくコピーもやぶさかでないので楽器初心者でも大歓迎。バンドの形態にこだわらず、ソロやユニットでも活動できます。他大のサークル員も多く、学校・学年、社会人やフリーターなど一切不問。自分のペースでまったりと楽しく活動できるサークルです。サークル活動としては、年2回の合宿や早稲田祭ライブがあり、その他にもBBQや新歓ハイクなど楽しいイベントがたくさんあります。また、新歓期と早稲田祭にて、自分たちのオリジナル曲を収録するコンピレーションアルバムを制作します。大学に入ってオリジナル音楽を始めたいならMMTへ！
/
/
/
/Enjoy making songs! You can perform either in a band or solo!
/
/Modern Music Troop (MMT) is a band music club， and we create original songs :)
/
/We perform not only in campus， but also in concert venues. Some members are active as professional musicians.
/
/We welcome people don't have any experience playing the instrument!
/
/We also play not original songs. You can perform either in a band， or solo.
/
/We have many not-Waseda members， including other university students and working people. In MMT， you can be relaxed and play music freely.
/
/We have regular gigs and Waseda festival gig. Also， we have many activities like summer and winter camp， BBQ， and hiking.
/
/And， annually we make our album in April and November.
/
/If you want to play original music， please come to MMT!!",不定期/学生会館E1117,30人,1960年,2人,あり,"https://www.waseda.jp/inst/weekly/assets/uploads/2017/03/4f47e70709a5428c7cccb2ea98383578-940x627.jpg, https://www.waseda.jp/inst/weekly/assets/uploads/2017/03/2c35d0c34b597a619746fba37634587c-940x627.jpg",https://www.waseda.jp/inst/weekly/circleguide/detail/?id=3304&lng=en,なし,https://modernmusictr00p.bandcamp.com/,なし,https://twitter.com/modern_music_t,なし,なし,なし,なし,なし,なし,なし,公式サイトから取得; リンク検証済み
C0351,3108,モダンジャズ研究会,文化・芸術,音楽,60年以上の歴史を持つ早稲田大学公認サークルです。多くのプロミュージシャンを輩出しています。経験者が多いサークルですが、初心者も歓迎しています。部室にはグランドピアノ、ドラムセット、ウッドベース三台、キーボードがあり、部員はそれらを使って練習、セッションをすることができます。月曜、水曜隔週で学生会館B124にて、スタンダード曲を中心にセッションを楽しむとともに技能の向上を図っています。普段のセッションのほかにも年に数回のライブ、合宿などを予定しており、ライブでは様々なメンバーとバンドを組み、交流を深めることができます。カフェ、大学等から演奏依頼があった場合も依頼に応じて演奏をすることができます。より詳しい活動内容は各種SNSからご確認下さい。,"部室使用可能日（月曜、水曜、金曜、奇数週の日曜）　8:00~22:00
/
/
/
/定例セッション日時：第一、第三、第五月曜と第二、第四、第六水曜　18:00~22:00　　（4月中は毎週月曜と水曜に定例セッション開催）
/
/
/
/場所：学生会館B124（四月中は、月曜日はB124で、水曜日は別の部屋で行います）",32人,1960年,1人,あり,"https://www.waseda.jp/inst/weekly/assets/uploads/2024/04/a8eaaf013a53921352e1f0ad229e8936-940x628.jpg, https://www.waseda.jp/inst/weekly/assets/uploads/2024/04/a8eaaf013a53921352e1f0ad229e8936-1-940x628.jpg, https://www.waseda.jp/inst/weekly/assets/uploads/2024/04/16935088bd1102f35a942628c15d6703-940x706.jpg",https://www.waseda.jp/inst/weekly/circleguide/detail/?id=3108&lng=en,なし,https://wasedanmo.wixstudio.io/wasedanmo,https://www.instagram.com/danmo.w,https://twitter.com/waseda_danmo,なし,なし,なし,なし,なし,なし,なし,公式サイトから取得; リンク検証済み
C0352,3058,中南米研究会,文化・芸術,音楽,"中南米研究会はレゲエやスカ、ロックステディといったジャマイカの音楽や、カリプソやラテン、アフロビートなどの音楽も演奏しているバンドサークルです！
/
/機材を完備した単独の部室があり、主にそこで練習しています。イベントに関しては年に6回ほどのライブと、夏のキャンプや冬の合宿があります。普段は部室でまったり話したりしてます。中南米の音楽になじみのない方はたくさんいると思いますが、サークル員も最初はそうでした。ただ楽しそう！カッコいい！面白そう！という理由でサークルに入ってきた人がほとんどなので、気になった方は気軽に部室に遊びにきてください！
/
/募集しているパートはボーカル、コーラス、ギター、ベース、キーボード、ドラムからトランペット、サックス、トロンボーン、フルート、パーカッションまで幅広く募集しています。特にホーンは何人でも入ってきてほしいです。吹奏楽部や軽音部経験者で「大学で新しい音楽をやってみたいな」という方、ギターでひたすら裏打ちをしたい方、ワンドロップを習得したい方にはぴったりだと思います。もちろん未経験の方、ブランクがある方も大歓迎です！本当に早稲田で1番ハッピーで楽しいバンドサークルなので、皆さん気軽に遊びに来てください！",曜日不定/主に授業後/学生会館,50人,1962年,1人,なし,なし,https://www.waseda.jp/inst/weekly/circleguide/detail/?id=3058&lng=en,なし,https://chunan2016.wixsite.com/chunan,https://www.instagram.com/chu_nan_bay/,https://twitter.com/chunan_waseda,なし,なし,なし,なし,なし,なし,なし,公式サイトから取得; リンク検証済み; 写真URLなし
C0353,3100,ギタークラブ,文化・芸術,音楽,"早稲田大学ギタークラブは、クラシックギターの演奏をおこなっている歴史あるサークルです。クラシックギターという名前がついていますが、実際はクラシック曲だけでなく、ポップスやインスト、映画やミュージカルなどの舞台挿入歌など、幅広いジャンルをカバーしております。合奏だけではなく、独奏や重奏にも力を入れており、早稲田祭や定期演奏会に向けて、日々サークル員一同楽しくかつ懸命に活動に取り組んでおります。このように、活発に活動しているギタークラブですが、サークル員全員がギター経験者というわけではありません。約半分のメンバーが大学生になってからギターを始めた人で、中には楽器自体触れたことがなかった人も在籍しています。また、初心者や楽譜が読めない方でも、先輩からのフォローがあるため、すぐに弾けるようになります。活動外でもサークル員の仲が良く、春合宿でのスキーをはじめとしたクラシックギター演奏以外の各種イベントも全力で楽しむなど和気あいあいとしております。ギタークラブの活動に興味を持ってくださった方、経験・学年を問いません。ぜひ私たちの活動を見にきてください。お待ちしております。
/
/
/
/
/
/We are a student-led classical guitar club， which gives an opportunity to experience the joy of performing with others in an ensemble.
/
/
/
/We are a classical guitar ensemble circle which started in 1962. We perform a wide range of works like classical music， pop songs， jazz， movie soundtracks， and so on. Since we give step-by- step lessons for beginners， you do not have to worry if you have never played any musical instruments. Not only concerts， but we have many fun events so you will enjoy your university life as well. Although performing in front of audience is challenging， but it's absolutely a fulfilling experience. If you are looking for a circle which gives you experiences of playing musical instruments， performing in front of audience， and making Japanese friends， please feel free to contact us. We look forward to hearing from you!",毎週水曜日（5・6限）・土曜日（4・5限）/学生会館,29人,1962年,0人,あり,"https://www.waseda.jp/inst/weekly/assets/uploads/2016/07/1X14C125-1-15-201607151223-79-940x705.jpg, https://www.waseda.jp/inst/weekly/assets/uploads/2016/07/1X14C125-1-14-201607151223-79-940x705.jpg, https://www.waseda.jp/inst/weekly/assets/uploads/2016/07/1X14C125-1-16-201607151223-79-940x1253.jpg",https://www.waseda.jp/inst/weekly/circleguide/detail/?id=3100&lng=en,なし,なし,https://www.instagram.com/wasedagitakura/,https://twitter.com/waseda_gitakura,なし,なし,なし,なし,なし,なし,なし,公式サイトから取得; リンク検証済み
C0354,3309,Waseda Folksong Society（WFS）,文化・芸術,音楽,Waseda Folksong Societyは、1963年創立の早稲田大学公認十二大バンドサークルです。 コピーを主としており、オルタナやインディー、ポストパンク、エモなどと呼ばれているジャンルの音楽を邦楽・洋楽問わず演奏しています。ですが基本的にジャンル・形態などは不問です！ 月1ペースでライブをしており、ライブごとにバンドを出してメンバーを集めるというフリースタイルな形で活動しています。なので毎回同じメンバーでやる必要がなく、好きなときに好きな音楽をやりたい形で演奏することができます。 大学に入ってから楽器を始めよう、という人も大歓迎です。早稲田生はもちろんインカレの方の参加もOK！ 入会はいつでも可能で、前期途中から・後期からなどの途中入会も歓迎いたします。アットホームな雰囲気で楽しくサークル活動しています ぜひ遊びに来てみてください！,毎週月曜日/18時/学生会館,30人,1964年,0人,あり,"https://www.waseda.jp/inst/weekly/assets/uploads/2016/09/315ca2e3119791a60ce39def2dbb30d4-940x1253.jpg, https://www.waseda.jp/inst/weekly/assets/uploads/2016/09/4e8b158e8fd0e4dfa6ca77207587c6db-940x528.jpg, https://www.waseda.jp/inst/weekly/assets/uploads/2016/09/d25104a8fd5a229f69158c0a543df6ac-940x705.jpg",https://www.waseda.jp/inst/weekly/circleguide/detail/?id=3309&lng=en,なし,なし,なし,なし,なし,なし,なし,なし,なし,なし,なし,公式サイトから取得; リンク検証済み
C0355,3526,Swing & Jazz Club,文化・芸術,音楽,"3〜6人程度の少人数編成でジャズを演奏する早稲田大学理工学術院公認サークルです。ジャンルはモダンジャズを中心にラテンやボサノヴァ等々、幅広く扱っています。
/
/年に数回のライブを行っており、所属しているサークル員は希望すれば誰でもライブに出演する事ができます。また、学生会館B121にある単独部室には、アップライトピアノ、ウッドベース2台、ドラムセットが備え付けてあります。他にもサクソホンやトランペットなどの管楽器も数本所有しています。部員は初心者が多く、ほとんどが大学からジャズを始めた、もしくは大学から楽器を始めたという人ばかりです。経験者の方はもちろん、楽器未経験者の方々も大歓迎です。ちなみに大学から楽器を始めた人が幹事長であった代もあったそうです。
/
/月に数回学生会館でセッションを行っています。セッションとはその場にいるメンバーで好きな曲をその場で即興的に演奏するものです。セッションは部員でない方でも、参加から見学まで歓迎します。セッションの日時や場所の予定についてはBlogなどに掲載しています。",平日/学生会館B121（部室）、週末/学生会館B123など,37人,1964年,3人,なし,"https://www.waseda.jp/inst/weekly/assets/uploads/2016/09/Swing-Jazz-Club1.jpg, https://www.waseda.jp/inst/weekly/assets/uploads/2016/09/Swing-Jazz-Club2.jpg, https://www.waseda.jp/inst/weekly/assets/uploads/2016/09/Swing-Jazz-Club3.jpg",https://www.waseda.jp/inst/weekly/circleguide/detail/?id=3526&lng=en,なし,なし,なし,https://twitter.com/swingandjazz,なし,なし,なし,なし,なし,なし,なし,公式サイトから取得; リンク検証済み
C0356,3527,早稲田大学アンサンブルギタール,文化・芸術,音楽,クラシックギターを合奏形式で演奏する理工学部公認サークルです。サークル員全員で合奏するクラシック曲から、ドラムやベースをはじめとしたパーカッションと共に演奏するポピュラーな曲まで、幅広い演奏ができるのがこのサークルの魅力です。サークルに入部する新入生の大半がギター初心者なので、初心者大歓迎です。ギター経験者も、ギターの経験を生かしつつ、他の楽器に挑戦することもできますよ。年に3回、他大学サークルと合同での演奏会を行っています。12月には1年間の集大成として、ホールを貸し切って定期演奏会を開催しています。練習は部室がある学生会館で行っています。部室にあるギターを使って練習するため、ギターを購入する必要はありません。部室にはアコギやドラムもあるので弾き語りやバンドにチャレンジする人がたくさんいます。理工学部公認なので理工学部の生徒が多めですが、文系の生徒も多くいるのでみなさんお気軽にお越しください！2年生以上の方もお待ちしています！！,毎週火曜日5~6限・土曜日4~5限/学生会館,24人,1964年,0人,あり,"https://www.waseda.jp/inst/weekly/assets/uploads/2025/03/IMG_2203-940x705.jpeg, https://www.waseda.jp/inst/weekly/assets/uploads/2025/03/IMG20241201170402-940x705.jpeg, https://www.waseda.jp/inst/weekly/assets/uploads/2025/03/IMG20241201185708-940x705.jpeg",https://www.waseda.jp/inst/weekly/circleguide/detail/?id=3527&lng=en,なし,なし,https://www.instagram.com/ensemble_guitare,https://x.com/w_guitare,なし,https://line.me/R/ti/p/@177juluk,なし,なし,なし,なし,なし,公式サイトから取得; リンク検証済み
C0357,3127,シャンソン研究会（シャン研）,文化・芸術,音楽,やりたいことがなんでもできる！を信条にシャンソン研究会は活動しています。シャンソン研究会はシャンソンのみを研究しているサークルではありません。時代の移り変わりとともにさまざまな嗜好（しこう）を取り入れ、今では早稲田一オールジャンルを自負するサークルに成長しました。ギターやベース、ボーカルドラムキーボードはもちろん管楽器なども募集しているので吹奏楽部出身の人サークル員もたくさんいます。みんな練習や機材が大好きで、真面目に音楽に取り組んでいます！演奏するジャンルはポップスやロック、プログレッシブメタルはもちろんジャズ・フュージョン、アニソン、ポストロック?マスロック、ロシアの民謡やインドのプログレまで、やりたい音楽がなんでもできます！今まで同じ趣味のメンバーを見つけられなかったあなたもシャンソン研究会ではどんな音楽でも受け入れます！また慶應・日本女子・白百合女子の各大学のシャンソン研究会と提携しており、練習やライブも合同で行います。全てのサークル員を合わせると200人近くの巨大なバンドサークルになるので、必ず趣味の会う人が見つかるはずです！ぜひシャンソン研究会で大学生活を音楽漬けにしましょう！！！,毎週火・土曜日/3〜7限/学生会館,60人,1964年,0人,あり,"https://www.waseda.jp/inst/weekly/assets/uploads/2016/09/44c05813d9621befa5f361c2dda3ced8-940x627.jpeg, https://www.waseda.jp/inst/weekly/assets/uploads/2016/09/cb9aa31b11fa2955a0648e9df00043f2-940x705.jpeg, https://www.waseda.jp/inst/weekly/assets/uploads/2016/09/a7680c5efdad3501691ade313b1e2351-940x622.jpeg",https://www.waseda.jp/inst/weekly/circleguide/detail/?id=3127&lng=en,なし,なし,なし,https://twitter.com/WasedaCS,なし,なし,なし,なし,なし,なし,なし,公式サイトから取得; リンク検証済み
C0358,3533,KONA HAWAIIANS,文化・芸術,音楽,"早稲田の軽音サークルをお探しの、そこのあなた。こんにちは！多くのサークルがある中、ここをのぞいてくださりありがとうございます。KONA HAWAIIANSは何の変哲もないバンドサークルです。ハワイアン音楽はやってないよ！！4つのポイントを紹介いたします！
/
/
/
/まず1つ目に「固定バンド制」ということ。「固定バンド制」というのは入会から引退まで固定のバンドを組み、月に1度程度のライブで演奏をするスタイル！！しかし固定バンドの輪から広がって、他のバンドでもすぐに全体として仲良くなれます！これはフリーバンド制のバンドサークルにはない大きな強みです。
/
/
/
/2つ目にアットホームすぎてもはや家です。いわゆるバンドサークル的な激しい飲み会はないし、お酒は強要しません。自分たちで仲いい人たちと交流できるとてもいい雰囲気です。
/
/
/
/3つ目は「機材完備」の部室では個人練習、バンド練習ができますよ。スタジオ代が浮くのはかなり大きいですね〜。
/
/
/
/最後にオールジャンルなこと！邦ロック好きから、パンク好きから、ボカロ好きから、、、色んな人がいます。時々ラップしてる人もいる(?)
/
/
/
/ちなみに企画ライブというフリーバンド制のサークルと同じシステムの好きなアーティストをできるライブも年に4回くらいあります！兼サークルも可です。あなたの楽器を奏でる場はKONAにあるかも…？",随時/学生会館B118(部室、機材あり),44人,1965年,0人,なし,"https://www.waseda.jp/inst/weekly/assets/uploads/2016/09/KONA-HAWAIIANS2-940x623.jpg, https://www.waseda.jp/inst/weekly/assets/uploads/2016/09/KONA-HAWAIIANS3-940x627.jpg, https://www.waseda.jp/inst/weekly/assets/uploads/2016/09/KONA-HAWAIIANS1-940x623.jpg",https://www.waseda.jp/inst/weekly/circleguide/detail/?id=3533&lng=en,なし,なし,https://www.instagram.com/kona_hawaiians,https://twitter.com/kona_hawaiians,なし,なし,なし,なし,なし,なし,なし,公式サイトから取得; リンク検証済み
C0359,3128,音楽サークル星空,文化・芸術,音楽,2016年度で50周年を迎えた伝統あるサークルです！ 週に1、2回行われる弾き語りなどのアコースティック演奏会や月に1回のバンド形式ライブがあります！近年ではサークル員の数も増加し、学内では最大規模のサークルとなりました！楽器のレベルは初心者から玄人まで、音楽ジャンルは邦ロック好きが多いですが、洋楽やボカロなど様々なジャンルを愛する人が揃っています！楽器を初めて触る人や、新しい楽器を始めたいなという人も活躍を通してどんどん成長し、サークル内外で活躍しています！弾き語りもやりたいけどバンドだってやってみたい！ そんな欲張りなあなたをわたしたちは待ってます！ぜひお気軽に遊びに来てください！,週1、2回　不定期/16:30〜/学生会館,150人,1966年,0人,なし,"https://www.waseda.jp/inst/weekly/assets/uploads/2016/07/1X14C125-1-14-201607151223-41-940x705.jpg, https://www.waseda.jp/inst/weekly/assets/uploads/2016/07/1X14C125-1-15-201607151223-41-940x940.jpg, https://www.waseda.jp/inst/weekly/assets/uploads/2016/07/1X14C125-1-16-201607151223-41-940x627.jpg",https://www.waseda.jp/inst/weekly/circleguide/detail/?id=3128&lng=en,なし,なし,なし,https://twitter.com/hoshizora1966,なし,なし,なし,なし,なし,なし,なし,公式サイトから取得; リンク検証済み
C0360,3106,ギターソサエティー,文化・芸術,音楽,今年で創立50年を迎える早稲田大学唯一のクラシックギター独奏サークルです。初心者経験者問わず、和気あいあいとギターを練習しています。部室は学生会館E1115にあり、空きコマには部員が集まってギターを弾いたり楽しく過ごしています。楽譜の多さが自慢で、クラシック曲だけでなく、ポップス・洋楽・ディズニー・ジブリソングなどの曲を演奏できます。早稲田生・他大生・留学生皆さん大歓迎です。新歓合宿・夏合宿・秋の強化合宿の年3回ある合宿ではギターを練習しながら学年の壁を越えて親睦を深めることができます！夏合宿では重奏大会があり、とても盛り上がります。演奏会は年2回で6月と11月にホールを借りて行います。6月の演奏会は新入生の初ステージ、そして11月の定期演奏会は1年の集大成です。ぜひ一度部室に遊びに来てください！,毎週火・金曜日/16時半〜19時半/学生会館,38人,1967年,0人,あり,"https://www.waseda.jp/inst/weekly/assets/uploads/2017/03/d0e06197ceb9b28b8db851ddd5e5f7f4-940x529.jpg, https://www.waseda.jp/inst/weekly/assets/uploads/2017/03/bc1ec03bd08569b27e120da82b7bb7f0-940x627.jpg, https://www.waseda.jp/inst/weekly/assets/uploads/2017/03/2da27dfb26df9f8e583f4ab5322bd470-940x627.jpg",https://www.waseda.jp/inst/weekly/circleguide/detail/?id=3106&lng=en,なし,なし,なし,https://twitter.com/w_guitars,なし,なし,なし,なし,なし,なし,なし,公式サイトから取得; リンク検証済み
C0361,3110,アンサンブル・リドール,文化・芸術,音楽,"アンサンブル・リドールは、ポップスオーケストラという早稲田大学唯一の編成で演奏する大学公認サークルです。ビックバンドにバイオリン、フルート、クラリネットを加えた独自の編成で活動しています。演奏会では、ポップス、ジャズ、フュージョン、クラシックからゲームやアニメ音楽といった幅広いジャンルの曲を演奏しています。
【リドールの主な特徴】
「非レギュラー制」…初めからメンバー全員がコンサートに参加できます。オーディションなどはありません。
「アレンジ」…独自の編成であるため、演奏したい曲の楽譜を自分たちで作ります。希望する人だけなので強制ではありませんし、アレンジ講習会もあるので初心者でもチャレンジ出来ます！
「初心者・インカレ生歓迎」…メンバーの約3割が初心者です。大学から音楽を始めた人や今までとは違う楽器を始めた人、経験者だけど大学では緩く続けたい人など、まさに十人十色。上級生がサポートする上、純粋に音楽を楽しむことを大切にしているので、練習も自分のペースで続けられます。更に慶應義塾大、日本女子大、東京女子大をはじめとした多くのインカレ生が参加しています！
「イベント多数」…年3回の合宿・年2回の演奏会に加え、メンバーだけで行う内輪ライブや、早慶戦観戦・花火大会といったイベントも盛り沢山！
条件はただ一つ、音楽が好きなこと。素敵な仲間と一緒に、音楽のある大学生活を楽しみませんか？",週3回(月 木 土)/月木19:00~21:30・土17:00~20:30/学生会館地下1階音楽練習室,111人,1969年,0人,なし,"https://www.waseda.jp/inst/weekly/assets/uploads/2025/03/1X23D096-3-1-202502210943-1-940x705.jpg, https://www.waseda.jp/inst/weekly/assets/uploads/2025/03/1X23D096-3-1-202502210943-2-940x627.jpg, https://www.waseda.jp/inst/weekly/assets/uploads/2025/03/1X23D096-3-1-202502210943-3-940x627.jpg",https://www.waseda.jp/inst/weekly/circleguide/detail/?id=3110&lng=en,なし,https://rizdor.github.io/official/,https://www.instagram.com/ens_rizdor/,https://twitter.com/Ens_Rizdor,なし,なし,なし,https://m.youtube.com/channel/UCR7PFp4LlFeJhBVdwiNNyZA,なし,なし,なし,公式サイトから取得; リンク検証済み
C0362,3543,早稲田うたおう会,文化・芸術,音楽,理工承認のバンドサークル、早稲田うたおう会です！！ロック、パンク、ジャズ、メタル、アイドル、アニソン、ボカロとできるジャンルは多種多様、初心者の方でも気軽に参加できるサークルです！実際に、楽器を始めたのは大学からという先輩も多く在籍しています！1年間の活動は、都内のライブハウスをお借りして行う「コン」が3回、学生会館の教室で行う「教室ライブ」が3回、合宿が3回となっています。規模の大きいライブも小さいライブも頻繁に行っているので、初心者の方でも自分のペースで気軽にライブに参加できます！バンドメンバーをライブの度に組み直すフリーバンド制なので、いろいろな先輩とすぐに仲良くなれ、和気あいあいとしています！また忙しい人や兼サーする人でも自分のペースで参加できます！！うたおう会はインカレのサークルで、男子はほぼ全員が早稲田理工、女子は早稲田理工、学習院女子大学、東京家政大学、日本女子大学などの方々です。色々な学科の先輩がいるので、勉強に困ったときでも安心です(笑) OBやOGになっても参加できるので長らく活動することもできます！ 仲良くやっているのでぜひぜひ入会ご検討お願いしますー！,不定期/学生会館、都内ライブハウス,34人,1975年,1人,なし,"https://www.waseda.jp/inst/weekly/assets/uploads/2016/09/bc5b7ac99543b2ccc41dc32f7c3b4f87-940x627.jpg, https://www.waseda.jp/inst/weekly/assets/uploads/2016/09/bab86f1f6347438a7964d931425f5620-940x623.jpg, https://www.waseda.jp/inst/weekly/assets/uploads/2016/09/853f355bc7ffc5e4f2c3e5ff508669c1-940x628.jpg",https://www.waseda.jp/inst/weekly/circleguide/detail/?id=3543&lng=en,なし,なし,http://www.instagram.com/weareutaoukai,https://twitter.com/weareutaoukai,なし,なし,なし,なし,なし,なし,なし,公式サイトから取得; リンク検証済み
C0363,3122,グリークラブ,文化・芸術,声楽,"早稲田大学グリークラブは、創立117年の男声合唱サークルです。
/
/定期演奏会では、2000人の観客を前に歌うことができます！
/
/いつも練習が終わった後は、全員でご飯に行きます。新入生は飯無料！
/
/
/
/数ある合唱団の中でも違うのは、演奏会以外にも出演の機会が多いことです。
/
/ワセグリは、早慶戦や入学式、卒業式など活躍の場がいっぱいあります。
/
/他にも日本全国や外国への演奏旅行、さらには紅白歌合戦などのテレビ出演もできます！
/
/プロオペラ歌手による本格的指導もあり、歌の上達すること間違いなし！
/
/もちろん初心者でも大丈夫！
/
/他大学との交流も積極的に行い、他合唱団とのジョイントコンサート予定しています。
/
/OBはあらゆる業界で活躍していて、アナウンサーや歌手も多数輩出しています。
/
/
/
/毎日充実した生活を送りたい人！
/
/普通の学生生活ではできないことを体験したい人！
/
/そして、いっぱい食べるのが好きな人は大歓迎です！",毎週月曜日・水曜日・金曜日/17:00〜/学生会館・早稲田奉仕園など,50人,1907年,0人,あり,"https://www.waseda.jp/inst/weekly/assets/uploads/2023/03/A-081_1-940x705.jpeg, https://www.waseda.jp/inst/weekly/assets/uploads/2023/03/A-081_2-940x705.jpeg, https://www.waseda.jp/inst/weekly/assets/uploads/2023/03/A-081_3-940x705.jpeg, https://www.waseda.jp/inst/weekly/assets/uploads/2023/03/A-081_4-940x1254.jpeg, https://www.waseda.jp/inst/weekly/assets/uploads/2023/03/A-081_5-940x627.jpeg",https://www.waseda.jp/inst/weekly/circleguide/detail/?id=3122&lng=en,なし,https://www.wasedaglee.com/,https://www.instagram.com/waseda_glee_club,https://twitter.com/waseda_glee,なし,なし,なし,なし,なし,なし, 各種リンク一覧 ╢: https://linktr.ee/waseglee2024,公式サイトから取得; リンク検証済み; その他のリンクあり
C0364,3124,混声合唱団,文化・芸術,声楽,"オール早稲田の合唱サークルです♪
/
/オーケストラとの共演やプロの指揮者による指導、ボイストレーナーとの1対1の練習など、様々な貴重な体験をすることができます。
/
/合宿に行ったり、部室で仲間たちと喋ったり、練習後にご飯を食べに行ったり、休日に同期と遊んだり...団員それぞれ早混で楽しい大学生活を送っています！
/
/初心者でもコンクール出場経験者でも、歌うことが好きな人大歓迎です！！
/
/
/
/We are Waseda University Mixed Chorus♪
/
/All the members of WMC consists of Waseda University students.
/
/You can experience various musical activities such as singing with accompaniment of orchestra， chorus lessons by a professional conductor，and practice from the basic of chorus with voice-trainers.
/
/Whether you are a beginner or an experienced， we welcome anyone who loves to sing!","活動日時
/
/
/
/1年の7月まで 月・水：5〜6限、土：3、4限
/
/
/
/8月以降 火：18:50〜21:00、木・土：5〜6限
/
/
/
/※学生会館にて練習",60人,1948年,3人,あり,https://www.waseda.jp/inst/weekly/assets/uploads/2023/03/A-083_1-940x628.jpg,https://www.waseda.jp/inst/weekly/circleguide/detail/?id=3124&lng=en,YouTubeリンク切れ,http://soukon.com/,https://www.instagram.com/soukon_eins_24/,https://twitter.com/eins_24_,https://m.facebook.com/wmc.soukon,なし,なし,https://www.youtube.com/@user-wm6vp8pu3p,なし,なし,なし,公式サイトから取得; リンク検証済み; YouTube: リンク切れ (404)
C0365,3123,コール・フリューゲル,文化・芸術,声楽,"早稲田大学コール・フリューゲルは、1949年に関屋晋らによって創設された男声合唱団です。団名の「Flügel」はドイツ語で「翼」を意味します。
主な活動は、4月の新歓コンサート、8月の甍演奏会、9月の東京都合唱コンクール、12月の単独演奏会の4本を中心に展開。弊団OBでもある3名の指揮者を迎え、各公演に向けて日々練習に励んでいます。
甍演奏会と単独演奏会では、古今東西の多彩な楽曲を取り上げ、委嘱初演にも積極的に取り組むなど、男声合唱の新たな可能性を拓いています。
朝日新聞社主催のコンクールでは金賞受賞多数。直近では2025年に第78回全日本合唱コンクールで金賞・日本放送協会賞を受賞しました。
このほかにも、東京都合唱祭出演、NHK「課題曲を歌おう」出演、晋友会合唱団の一員としてのオーケストラ共演など、活動は多岐にわたります。
新入団員を随時募集しています。
新歓演奏会を4月2日(木)に開催いたします！
ご興味のある方は各種SNSまたはメールまでご連絡ください。
常任指揮者：清水敬一
指揮者：清水昭　真下洋介
ピアニスト：小田裕之
練習ピアニスト：井川弘毅
ヴォイストレーナー：吉田浩之
メールでのお問い合わせ： [email protected]
最終更新：2026/2/23
(アイキャッチ写真©=山口敦)","毎週　月曜日・水曜日・金曜日　18:30〜21:00
学生会館を中心に、都内施設で練習",26人,1949年,0人,なし,"https://www.waseda.jp/inst/weekly/assets/uploads/2026/02/c36b10c8694a95b934631cda0be15143-940x627.jpeg, https://www.waseda.jp/inst/weekly/assets/uploads/2026/02/f3be32b37969b8bb44ef1868f2b1c9dc-940x627.jpeg, https://www.waseda.jp/inst/weekly/assets/uploads/2026/02/76084cd74d1b5e3f479ec81535be331d-940x705.jpeg, https://www.waseda.jp/inst/weekly/assets/uploads/2026/02/c36b10c8694a95b934631cda0be15143-290x290.jpeg",https://www.waseda.jp/inst/weekly/circleguide/detail/?id=3123&lng=en,なし,https://chorfluegel.org/,https://www.instagram.com/chorfluegel,https://x.com/chorfluegel,なし,https://lin.ee/zANbWwV,なし,なし,なし,なし,なし,公式サイトから取得; リンク検証済み
C0366,3121,合唱団,文化・芸術,声楽,"＼ようこそ、よく遊び、よく笑い、よく歌う早合（そうあい）へ！／
/
/
/
/早合は創立71周年を迎えた早稲田最大にして最高の混声インカレ合唱団です。
/
/50人もの個性豊かな団員たちと日々楽しく活動しています。
/
/早合の大きな特徴は、イベントの総数が年間20以上あるところ！
/
/その中でも目玉イベントは8月のサマーコンサートと12月の定期演奏会！
/
/今年のサマーコンサートは静岡県三島市で開催予定です。地域の高校生たちとのコラボステージもあり、大人数で作り上げるステージは圧巻です！素敵な夏の思い出になること間違いなし。
/
/定期演奏会では外部の先生をお招きし、本格的なご指導をいただきながら練習をします。1年間頑張ってきた仲間たちとだから歌える、最高のステージが待っています！！
/
/
/
/そんな早合は、大学から合唱を始めた人が「約6割」。合唱曲はもちろん、ポップスなども扱っており、初心者も経験者も共に合唱を楽しむことができます。
/
/そして…合唱だけじゃないのが早合の魅力。
/
/二声親睦会、サマコン合宿、練習後のご飯など、団員同士の絆が深まるイベントをたくさん開催！
/
/
/
/合唱が好きなあなたも、タダ飯が食べたいあなたも！
/
/365日、団員募集中です◎公式SNSにて最新の情報を更新しています！
/
/
/
/私たちと一緒に、最高の早合生活を送りませんか？","毎週火曜日・木曜日/18:55~20:35/学生会館
/
/
/
/毎週土曜日/17:00~20:35/学生会館",49人,1953年,0人,あり,"https://www.waseda.jp/inst/weekly/assets/uploads/2016/08/1X14C125-1-14-201607151223-107-940x627.jpg, https://www.waseda.jp/inst/weekly/assets/uploads/2016/08/1X14C125-1-15-201607151223-106-940x705.jpg, https://www.waseda.jp/inst/weekly/assets/uploads/2016/08/1X14C125-1-16-201607151223-106-940x705.jpg",https://www.waseda.jp/inst/weekly/circleguide/detail/?id=3121&lng=en,なし,https://wasedachorus.com/,https://www.instagram.com/waseda.chorus,https://x.com/wuc2024shinkan,https://www.facebook.com/waseda.chorus,なし,なし,なし,なし,なし,なし,公式サイトから取得; リンク検証済み
C0367,3126,Street Corner Symphony,文化・芸術,声楽,"私たちStreet Corner Symphonyは30年以上の歴史を持つ日本で最も歴史のあるアカペラサークルの一つで、TRY-TONE、Smooth Ace、AJI、ゴスペラーズなどプロデビューを果たした卒業生も多数輩出しております。
/
/J-popをはじめとして、Jazzやラテン、民族音楽までさまざまなジャンルの音楽を人の声だけで表現しています。
/
/早稲田の数ある音楽サークルの中でもこれだけのジャンルを扱っている音楽サークルは自分たちだけではないでしょうか、きっと自分の好みの音楽と出会うことができるはずです。
/
/
/
/サークルでは年間を通してさまざまなイベントがあります。
/
/その中でも、サークル員の手で一から全てを作り上げるサークルライブは圧巻です。
/
/出演者はもちろん、出演者の演奏を彩る照明機材や音響機材、舞台の装飾からパンフレットまで全てをサークル員の手で企画、運営をしております。
/
/毎回300人を超えるお客さまがご来場する、サークル一大イベントとなってます。
/
/
/
/他にも関東や関西など日本各地で行われる全国大会でもサークル員が活躍しております。
/
/全国でも通用する高いレベルで一緒にアカペラしませんか？
/
/サークル員一同お待ちしています！",随時/学生会館B1， 1， 9， 10， 11階,200人,1984年,1人,なし,"https://www.waseda.jp/inst/weekly/assets/uploads/2016/09/Street-Corner-Symphony1-940x627.jpg, https://www.waseda.jp/inst/weekly/assets/uploads/2016/09/Street-Corner-Symphony2-940x705.jpg, https://www.waseda.jp/inst/weekly/assets/uploads/2016/09/Street-Corner-Symphony3-940x705.jpg",https://www.waseda.jp/inst/weekly/circleguide/detail/?id=3126&lng=en,なし,https://acappellascs.jp,https://www.instagram.com/scs_acappella/,https://twitter.com/SCS_Acappella,なし,なし,なし,なし,なし,なし,なし,公式サイトから取得; リンク検証済み
C0368,3129,Choco Crunch,文化・芸術,声楽,"アカペラサークル Choco Crunchです！/
//
/Choco Crunchは2000年に設立されたインカレサークルで、さまざまな大学の学生が所属しています。また、理系のサークル員や2年生以上からの入会も多く、さまざまな人と関わることができます。音楽未経験での入会も多く、誰でも楽しめるのが魅力です。/
//
/私たちは「みんなで楽しくレベルアップ」をモットーに活動しています！/
//
/主に月2回程度行われる全体練習に加え、アカペラバンドごとの活動も行っています。バンドでの活動では、ジャンルを問わずさまざまな曲が演奏でき、年に2度開催するサークルライブへの出演を目指したり、サークル内部での発表を楽しんだり、外部の大会などに出場したりとそれぞれの目的に合わせてアカペラを楽しむことができます。Choco Crunch所属のバンドが全国大会で部門優勝するなどの実績もあります。/
//
/また、アカペラ以外のイベントも充実しており、年に2度の合宿、ハロウィンパーティーやクリスマスパーティー、遠足やボウリングなどにも力を入れています。こうしたイベントを通して、学年や期、年齢性別を問わずみんなと仲良くなれること間違いなしです！",第一週火曜日/5，6限/学生会館、第三週土曜日/2限/学生会館,104人,2000年,1人,あり,"https://www.waseda.jp/inst/weekly/assets/uploads/2016/09/Choco-Crunch1-940x626.jpg, https://www.waseda.jp/inst/weekly/assets/uploads/2016/09/Choco-Crunch2-940x705.jpg, https://www.waseda.jp/inst/weekly/assets/uploads/2016/09/Choco-Crunch3-940x570.jpg",https://www.waseda.jp/inst/weekly/circleguide/detail/?id=3129&lng=en,なし,https://chococrunchsinkan.wixsite.com/my-site,https://www.instagram.com/choco_acappella,https://twitter.com/Choco_acappella,なし,なし,なし,なし,なし,なし,なし,公式サイトから取得; リンク検証済み
C0369,3315,口笛サークル　ことリップ,文化・芸術,声楽,私たち口笛サークルことリップは、複数人で吹くアンサンブルをメインに活動している口笛サークルです！ 週に2回戸山キャンパスの学生会館に集まって口笛の練習やおしゃべりに興じており、アットホームな雰囲気のサークルとなっております。音楽経験がなくても、口笛がそんなに吹けなくても、居場所に困ったらぜひ一度足を運んでみてください！ インカレ生(他大生)だけでなく年度によっては留学生も在籍しており多様な口笛好きの人と仲間になれます♪入るのに何の資格も必要なく、所属するためにかかるお金もなく、ステージに出演する際にその都度徴収するだけなのでお財布が心配な方も安心です！早稲田祭はもちろん、早稲田地球感謝祭などの地域の祭りや全国の口笛吹きが集まる演奏会への参加や、近年では世界大会への出場など活動の幅を広げております。今まで早稲田にしか学生の口笛サークルは存在しませんでしたが、ここ1、2年で全国各地に口笛サークルが誕生しており、それらのサークルさんとの交流も始めています！もちろん口笛だけでなく、ゆったりと皆で遊ぶこともあり、居心地の良さなら他の追随を許しません。ぜひ一度コンタクトを取って、気軽に見学に来てみてください！,毎週月曜日・木曜日/17時〜20時半/学生会館,30人,2011年,0人,あり,なし,https://www.waseda.jp/inst/weekly/circleguide/detail/?id=3315&lng=en,なし,https://wkuchibue.wixsite.com/cotolip,https://www.instagram.com/cotolip_whistle,https://twitter.com/wkuchibue,なし,なし,https://www.waseda.jp/inst/weekly/report/2015/12/07/11797/,なし,なし,なし,なし,公式サイトから取得; リンク検証済み; 写真URLなし
C0370,3734,早稲田大学女声合唱団,文化・芸術,声楽,"早稲田大学女声合唱団、通称わせ女（わせじょ）です！
/
/
/
/指揮者、ボイストレーナーによる本格的な指導が受けられるのはもちろん！その練習の楽しさもわせ女の魅力の一つです！
/
/
/
/一年を通して単独演奏会、他大とのジョイント公演、合唱祭やコンクール出演、合宿など様々なイベントがあります。
/
/
/
/大学、学年、男女問わず女声合唱をしたい人大歓迎！さあ、あなたも歴史の立役者になりませんか？
/
/
/
/Singing is our strength.
/
/Let’s sing now， Waseda Female Chorus!
/
/
/
/We are Waseda-Daigaku-Josei-Gassyodan (a.k.a “Wasejo”)! We are regularly getting coached from a conductor and a vocal coach. Having dinner after practice is one of the best part of our activities! Moreover， mobility is our strength. There are many events throughout the year， such as our own concert， a joint concert with other universities， an open-air concert， contests， training camps， and a year-end party (“Bonenkai”). Everyone who wants to sing in a female chorus is welcome: from any universities， in any grades， and any genders!
/
/",毎週月曜日・木曜日/18:55~21:10/早稲田大学内,35人,2018年,2人,あり,"https://www.waseda.jp/inst/weekly/assets/uploads/2023/03/C-274_1-940x625.jpg, https://www.waseda.jp/inst/weekly/assets/uploads/2023/03/C-274_2-940x705.jpg",https://www.waseda.jp/inst/weekly/circleguide/detail/?id=3734&lng=en,なし,https://wasedafemalechorus.wixsite.com/wasejo,https://www.instagram.com/wchorus_f/,https://twitter.com/WChorus_F,なし,なし,なし,なし,なし,なし,なし,公式サイトから取得; リンク検証済み
C0371,3556,早稲田大学混声合唱団　所沢支部,文化・芸術,声楽,"オール早稲田の合唱サークルである混声合唱団の所沢支部です♪所沢にも部室があります。活動は基本的に戸山キャンパスの学生会館で、混声合唱団と所沢支部とで一緒に行います。
/
/
/
/オーケストラとの共演やプロの指揮者による指導、ボイストレーナーとの1対1の練習など、様々な貴重な体験をすることができます。
/
/
/
/合宿に行ったり、部室で仲間たちと喋ったり、練習後にご飯を食べに行ったり、休日に同期と遊んだり...団員それぞれ早混で楽しい大学生活を送っています！
/
/
/
/初心者でもコンクール出場経験者でも、歌うことが好きな人大歓迎です！！
/
/
/
/We are the Tokorozawa branch of Waseda University Mixed Chorus. In Tokorozawa， we also have a clubroom where you can practice singing anytime. We welcome international students. We are looking forward to singing together!
/
/
/
/We are the Tokorozawa branch of Waseda Mixed Chorus(WMC)♪ All the members of WMC consists of Waseda University students， and many of us are studying at Tokorozawa campus. We usually practice at Toyama campus， but we have a clubroom in Tokorozawa where you can practice singing anytime.
/
/
/
/You can have various valuable experiences such as singing with an orchestra， chorus lessons by a professional conductor， and practicing one-on-one with voice-trainers.
/
/
/
/You can go to training camps， talk with your friends in the clubroom， go out to eat after practice， hang out with club members on holidays... Each member of the group is enjoying their college life in our club!
/
/
/
/Whether you are a beginner or an experienced， we welcome anyone who loves to sing!",活動日時 1年の7月まで 月、水：5〜6限 土：3、4限 8月以降 火：18時〜21時 木、土：5〜6限,50人,情報なし,3人,あり,https://www.waseda.jp/inst/weekly/assets/uploads/2023/03/ET-009_1-940x628.jpg,https://www.waseda.jp/inst/weekly/circleguide/detail/?id=3556&lng=en,YouTubeリンク切れ,http://soukon.com/,https://www.instagram.com/soukon_novella_23/,https://twitter.com/novella_23_,なし,なし,なし,https://www.youtube.com/@user-wm6vp8pu3p,なし,なし,なし,公式サイトから取得; リンク検証済み; 設立年なし; YouTube: リンク切れ (404)
C0372,3090,写真部,文化・芸術,美術,写真部では、年８回開催の写真展と、4月から7月・10月から12月までの平日の基本19:00(5限終了時間を考慮)から行っているワークショップ（班活）を活動の中心としています。班活では、カメラやPC・プリンターの使い方や暗室講習をはじめとして、撮影会を実施したり、部室でじっくり写真集を読んだりするなど、初心者から経験者までみんなが楽しく上達できる活動を実施しています。班活の中には、設備や有識者を保有しているからこそ！という写真部ならではのものもあります。また、春夏年２回の合宿を実施するなどして部内の交流を図っています。加えて、写真部は早慶展や六大学写真展など他大の写真系サークルとの交流を持っているため、多様な価値観に触れられる点で魅力的です。写真展では、班活で鍛えた腕をもとに写真作品の作成、展示、合評を行います。部室にはレタッチ用のディスプレー、Mac、A3ノビまで印刷可能のカラープリンター、フィルムスキャナーなど各種備品完備。モノクロ暗室も使い放題。活動は全て任意参加で、行きたいなぁと思ったその日にふらっと参加できます。まだカメラを買ってないけどスマホで写真を撮ったり見たりするのが好き！という初心者の方から、もうカメラ持ってる！高校では写真部でした！というような経験者の方まで大歓迎です。インカレサークルとなっているため、在校生に限らず「写真」に興味のある方、お待ちしています！,4月〜7月・10月〜12月/(平日)19時〜学生会館 他/(休日)撮影会,96人,1902年,16人,なし,https://www.waseda.jp/inst/weekly/assets/uploads/2023/03/A-049_1-940x680.jpg,https://www.waseda.jp/inst/weekly/circleguide/detail/?id=3090&lng=en,なし,https://www.wps-exhibition.com/activities,https://www.instagram.com/wpsgramofficial/,https://twitter.com/wphoto101,なし,なし,なし,なし,なし,なし,なし,公式サイトから取得; リンク検証済み
C0373,3092,美術研究創作会,文化・芸術,美術,美術研究創作会（通称：びけん）は早稲田大学公認のサークルで、その名の通り美術活動系サークルです！定期的に開かれる展覧会に向けた個人制作はもちろん、一般店舗の内外装担当、デザインフェスタへの参加、早稲田祭でのライブペインティングなど、「美術」の名の下にあらゆるプロジェクトを行います！！油彩、水彩を始めとして、CGイラストや切り絵、コラージュなどの平面作品、粘土細工や編み物などの立体作品、時には映像作品まで。メンバーが思い思いに作品を作ります！！自由参加型で基本的にのんびりした性格のサークルです。メンバーはマイペースに創作活動に取り組んでいます。「何かを作ることが好きだ」「今まで使ったことのない画材で作品を作りたい」「純粋に創作を楽しみたい」など、美術や創作に興味がある人が集まっています！,毎週月・木曜日/15時頃〜19時半頃/学生会館（W402）,80人,1908年,6人,なし,"https://www.waseda.jp/inst/weekly/assets/uploads/2016/09/d2f3247960f9210db02d63349d433f62-940x627.jpg, https://www.waseda.jp/inst/weekly/assets/uploads/2016/09/c04bea2557c5af267682389cd369badf-940x705.jpg, https://www.waseda.jp/inst/weekly/assets/uploads/2016/09/05d0ca924549dfa9b06544140c6a9b06-940x705.jpg",https://www.waseda.jp/inst/weekly/circleguide/detail/?id=3092&lng=en,なし,なし,なし,https://twitter.com/w_biken,なし,なし,なし,なし,なし,なし,なし,公式サイトから取得; リンク検証済み
C0374,3082,繊維研究会,文化・芸術,美術,早稲田大学繊維研究会は1949年創立の早稲田大学を中心としたファッションサークルです。「総合大学生がファッションにおいて、どのような考えを発信し、影響を与えることができるのか。」を理念とし、ファッションショーやインスタレーションを行っています。現在は約80名が在籍しており、OBにはデザイナーも多く輩出しています。,毎週水曜日/学生会館,約80名,1949年,数名,なし,"https://www.waseda.jp/inst/weekly/assets/uploads/2016/09/c80b11185d6a1517ce6db835105f9dad-940x629.jpeg, https://www.waseda.jp/inst/weekly/assets/uploads/2016/09/eea47c15a42cc246e852918828d3e5ed-940x940.png, https://www.waseda.jp/inst/weekly/assets/uploads/2016/09/9c80181736b892b1f5a92b629dca0a8b-940x623.jpeg",https://www.waseda.jp/inst/weekly/circleguide/detail/?id=3082&lng=en,なし,なし,なし,https://twitter.com/sen_i_lab,なし,なし,なし,なし,なし,なし,なし,公式サイトから取得; リンク検証済み
C0375,3091,早稲田大学書道会,文化・芸術,美術,早稲田大学書道会は60年以上の伝統を誇る早稲田大学唯一の書道系公認サークルです。5月に行われる春季展、冬に行われる学生最大規模の展覧会である稲書展に向けて、毎週水曜日と土曜日に学生会館にて練習会を行うのが主な活動内容です。その他にも新歓期に行われるキャンプや1週間弱もの期間にわたって行われる夏合宿、書道は一切行わないスキー合宿などの「諸道」も充実しています。また、東京にある九つの大学（跡見学園女子、慶應義塾、國學院、東京女子、日本女子、法政、明治、立教、早稲田）の書道サークルで構成される東京学生書道連盟という団体にも加盟しており、他大学との交流も行っています。さらにOB・OGさんたちとの縦のつながりも強く、OB・OGさんが主催する展覧会にお邪魔したり、練習会にお招きして指導をしていただいたりなど、書技術の向上においても充実しています。基本的に授業やバイトなど自分の都合に合わせて活動でき、活動時間中の入退出も自由なので兼サーしている人も少なくありません。とてもゆったりとした雰囲気のサークルです。,毎週水・土曜日/13時〜18時/学生会館W402,89人,1950年,5人,なし,"https://www.waseda.jp/inst/weekly/assets/uploads/2016/09/ba1eec4b64e214fe8a6e305e888d068c-940x705.png, https://www.waseda.jp/inst/weekly/assets/uploads/2016/09/5011f1028ef9477e3edb0ebfed29c3a9-940x706.png, https://www.waseda.jp/inst/weekly/assets/uploads/2016/09/295d400381e87b6122a8226416f6096d-940x706.png",https://www.waseda.jp/inst/weekly/circleguide/detail/?id=3091&lng=en,なし,なし,なし,https://twitter.com/wase_sho,なし,なし,なし,なし,なし,なし,なし,公式サイトから取得; リンク検証済み
C0376,3531,早稲田大学リコシャ写真部,文化・芸術,美術,年に4、5回の写真展と、春・夏に行われる年2回の合宿を中心に活動を行っています。この他に、月に1、2回、みんなで様々な撮影スポットを巡っては写真を撮っています。普段は、時間のある人たちが部室に来て、おしゃべり、ゲーム、写真の印刷など自由気ままに活動しています。また、部室の前には暗室があり、そこでフィルムカメラで撮った写真の現像をしているニッチな部員もいたり…？写真展では、2、3回は早稲田大学周辺のカフェをお借りして開催しています。残りは大学構内の部屋を借りて開催しています。また、大学の各行事の際に、撮影協力の依頼を受けることもあります。日々、部員それぞれのペースで活動をしており、写真展や普段の撮影会といったイベントを通して、部員間の写真技術を高めあっています。最後に、私たちのサークル名が「リコ」シャということで、「理工学部の人しか入れないと思っていた」というお声をよく頂戴しますが、決してそんなことはありません。他の写真サークルさんと比較しても、少し理工学部生が多く所属しているくらいで、会員のなかで大学・学部に全体的な偏りはありません。写真未経験でも大大大歓迎！大学から写真を始めた会員も多数在籍しています！ちょっとでも写真に興味があったら、ぜひご連絡ください！,不定期土日/学生会館部室E217・撮影スポット,64人,1956年,2人,あり,"https://www.waseda.jp/inst/weekly/assets/uploads/2016/09/dc341a36d8de25f74a6b2fbc0ef06559-940x627.jpg, https://www.waseda.jp/inst/weekly/assets/uploads/2016/09/50f2a283b166a9d39669ba4f5f87a993-940x528.jpg, https://www.waseda.jp/inst/weekly/assets/uploads/2016/09/e14323fdd4400842c78354b8ac5a29bf-940x627.jpg",https://www.waseda.jp/inst/weekly/circleguide/detail/?id=3531&lng=en,サークルサイト閉鎖,http://licosha.sakura.ne.jp/,https://www.instagram.com/licoshaphoto/,https://twitter.com/licosha_photo,なし,なし,なし,なし,なし,なし,なし,公式サイトから取得; リンク検証済み; ウェブサイト（サークル）: リンク切れ (fetch failed)
C0377,3094,古美術研究会,文化・芸術,美術,早稲田大学古美術研究会は設立60年の伝統を誇る美術系サークルです。メインの活動は月に1度、都内の美術館へ行くことです。サークル名に「古美術」とありますが、見に行く展覧会は印象派をはじめいわゆる「古美術」でないものを鑑賞することがほとんどです。詳しくは当サークルのブログにてご確認ください。美術館見学後には食事会（参加任意）を開いて会員同士の交流を図っています。古美術研究会が他美術サークルと異なるのは、美術鑑賞に特化したサークルであること。絵が描けない方も美術について詳しくない方も大歓迎です。見学に特化している分、予算も集中投資。入会していただければ、お得に美術館へ行くことができます。すなわち！少しでも美術に興味がある方には自信をもってお勧めできるサークルです。月に一度の見学会を核としていますが、「趣味の合う人が集まっているのだからもっと交流したい！」との声にも対応しております。新宿御苑でのピクニックや花火大会への参加など、企画があればすぐに実行できる柔軟な組織です。部室もありますので、部室にて会員同士の交流を深めることも可能です。インカレ生も多数在籍する当サークルの雰囲気はまったりゆったり。雰囲気を文字化するのはかなり困難ですので、ぜひ一度美術館見学も含めて活動に体験参加してくださると当会のことがよくご理解いただけると思います。体験見学随時受付中。いつでも気軽にご連絡ください。,月に一度（主に日曜日）都内美術館にて。部室はいつでも利用可。,70人,1963年,5人,あり,https://www.waseda.jp/inst/weekly/assets/uploads/2016/08/1X14C125-1-14-201607151223-100-940x1253.jpg,https://www.waseda.jp/inst/weekly/circleguide/detail/?id=3094&lng=en,なし,https://waseda-kobiken.netlify.app/,なし,https://twitter.com/w_kobiken,なし,なし,なし,なし,なし,なし,なし,公式サイトから取得; リンク検証済み
C0378,3098,陶芸部　稲穂窯,文化・芸術,美術,陶芸部稲穂窯は早稲田大学で唯一の陶芸サークルであり、自分で作品作りを一からおこなうことができる。電動ろくろ、蹴ろくろなどを使って粘土から形を作り、自分で調合した釉薬（うわぐすり）をかけ、窯で焼き上げるという、陶芸の全ての工程を部室にておこなっている。扱いこそ電気窯と比較して難しいが、さまざまな焚（た）き方が可能で、作品に面白みの出やすい灯油窯を使用している。「ものづくりが好き」「自分で使う食器を作りたい」「大学で人と違うことを始めてみたい」など、さまざまな理由で入部する学生がいるが、多くの部員は入部時に陶芸初心者である。先輩から基礎技術を学びつつ、個々人がそれぞれ作りたいものを作るという方針の下、日々自由に活動している。部員が目指す作品は伝統的な茶器から日常の食器、オブジェまで極めて幅広い。年に3回、大学内外で展覧会を開催し、作品の展示をおこなっている。早稲田祭では、「陶器市」を開催し、部員が作った陶器を販売している。また、9月には、焼き物の産地である栃木県益子市の施設にて夏合宿を実施している。展覧会や合宿に加え、不定期的にギャラリーや博物館の展示に出向き、いにしえの名品や一流作家の作品を見て学ぶ機会も設けている。キャンパスから歩いて数分という理想的な環境の中で、部員たちは空きコマや放課後、休日を利用し、のんびりと作陶にいそしんでいる。,月曜〜日曜/8：00〜22：00/早稲田キャンパス29-3号館,40人,1969年,0人,なし,"https://www.waseda.jp/inst/weekly/assets/uploads/2016/09/5b4bb503404dd321613484db9d2ec1be-940x705.jpg, https://www.waseda.jp/inst/weekly/assets/uploads/2016/09/920497b16dcc39a651f50ae90b69380a-940x705.jpg, https://www.waseda.jp/inst/weekly/assets/uploads/2016/09/4edc4b0b6086258a4980d99ff9660bb5-940x705.jpg",https://www.waseda.jp/inst/weekly/circleguide/detail/?id=3098&lng=en,なし,http://inahogama.web.fc2.com/,http://www.instagram.com/inahogama,https://twitter.com/inahogama,なし,なし,なし,なし,なし,なし,なし,公式サイトから取得; リンク検証済み
C0379,3096,絵画会,文化・芸術,美術,"毎週火曜13時～20時・毎週金曜13時～20時に行っている全体活動では石こうデッサン、油彩、水彩、デジタルなどさまざまな画材による美術制作から、おしゃべり、講義の課題まで各自自由に活動しています。活動後はみんなで夕食を食べたり、ささやかな飲み会をしたり、部室でまったりしたりしています。/
///
///
///
//発表の場も充実しています。月に１度ほどのペースで展示会があり、単独展示会を企画したり他大との合同展示会に参加したりしています。今年は大学の運営するギャラリーでの展示会もあるうえ、早稲田大他サークル・他大美術サークルとのコラボ企画・展示も多数行いました。休みの日や長期休み期間には美術館巡り、イベント、合宿などを行って会員同士の仲を深めています。/
///
//アートライフとキャンパスライフ、どちらも充実するバランスのとれたサークルをお探しの方にとってもオススメです！",毎週火曜13時～20時・毎週金曜13時～18時/学生会館W402,55人,1973年,7人,あり,"https://www.waseda.jp/inst/weekly/assets/uploads/2016/09/b957cabfc7687617661ab36e65f8ce3d-940x529.jpg, https://www.waseda.jp/inst/weekly/assets/uploads/2016/09/d17ddc3a968499c90e3426a1c8be5cda-940x209.jpg, https://www.waseda.jp/inst/weekly/assets/uploads/2016/09/5cc81fac2c6ec4d21d1c533ed9d324d0-940x625.jpg",https://www.waseda.jp/inst/weekly/circleguide/detail/?id=3096&lng=en,なし,なし,https://www.instagram.com/kaigakai,https://twitter.com/kaigakai,なし,なし,https://www.waseda.jp/inst/weekly/feature/2020/06/15/75665/,なし,なし,なし,なし,公式サイトから取得; リンク検証済み
C0380,3355,写団シャレード,文化・芸術,美術,毎年6月に行う「六月展」、10月に行う「新人展」、11月に行う「早稲田祭展」、2月に行う「卒制展」の計4回の写真展が活動の中心となっており、部員は個人で、時には共同で写真を撮ったり、写真に対して講評を行ったりして、作品制作にいそしんでいます。なお、展示は大学内で行うことがほとんどですが、2月の卒制展は外部ギャラリーで開催しています。その他にも、写真について学ぶワークショップがある他、部員同士で写真展を見学したり、バーベキューをしたりなど、たくさんのイベントがあります。合宿は夏休み中、冬休み中の2回あり、部員が行きたいと思ったところに行きます。また、学生会館内に部室があるため、空きコマには部員が来て他愛（たわい）のない雑談などをしています。,曜日不定/随時/学生会館E224,48人,1974年,2人,なし,"https://www.waseda.jp/inst/weekly/assets/uploads/2016/09/44daecfa95691a8744975187b4eeb437-940x635.jpg, https://www.waseda.jp/inst/weekly/assets/uploads/2016/09/6fc9e2dbfdc6c3a26004a7f0c595c988-940x627.jpg, https://www.waseda.jp/inst/weekly/assets/uploads/2016/09/c6707cbe0e77268afde8273786ac6d23-940x627.jpg",https://www.waseda.jp/inst/weekly/circleguide/detail/?id=3355&lng=en,なし,https://scharade.jp/,https://www.instagram.com/scharade_jp/?hl=ja,https://twitter.com/scharade_jp,なし,なし,なし,なし,なし,なし,なし,公式サイトから取得; リンク検証済み
C0381,3571,ずるずるらくだ,文化・芸術,美術,人間科学部学術院公認の総合芸術映像温泉サークルです。2000年に創設され、総合芸術として、映像を撮影したり、イラストを描いたり、音楽を作ったり、ゲームを作ったりしています。人科生を中心に構成されており、普段は所沢キャンパスで活動を行っています。現在の主な活動としては、不定期で合同誌やCD・カセットなどを発行したり、脚本・撮影・編集を24時間で行うムービーソンなどを行っています。発行した合同誌やCDなどは、ワセケットやサンクリ、コミケなどで頒布しています。サークル構成員は皆仲が良く、とてもアットホームなサークルです。アニメ・漫画・ゲームなどに詳しい人が多いです。lomotionというトイカメラサークルと姉妹サークルのため、温泉合宿などの幾つかのイベントは合同で行っています。,毎日,30人,2000年,0人,なし,"https://www.waseda.jp/inst/weekly/assets/uploads/2016/07/1X14C125-1-14-201607151223-80.jpg, https://www.waseda.jp/inst/weekly/assets/uploads/2016/07/1X14C125-1-15-201607151223-80.jpg, https://www.waseda.jp/inst/weekly/assets/uploads/2016/07/1X14C125-1-16-201607151223-80.jpg",https://www.waseda.jp/inst/weekly/circleguide/detail/?id=3571&lng=en,なし,なし,なし,https://twitter.com/zuruzururakuda,なし,なし,なし,なし,なし,なし,なし,公式サイトから取得; リンク検証済み
C0382,3575,創作サークル GIFT,文化・芸術,美術,"GIFTは小説、イラスト、詩、漫画、写真、レビューなど、主に紙媒体で表現できる思いつく限りのものを対象とした創作活動を行うサークルです。
/
/
/
/年2回、部誌である『Sky Walk』を発行したり、メンバーが思い立ったテーマを基にみんなが寄ってたかって『企画本』として冊子にしたり、サークル規模の特別企画などを催したりします。そしてそれらの冊子を所沢祭や早稲田祭、その他イベントで配布や販売をしています。コミケやサンクリなどのイベントに参加することも可能です。
/
/
/
/他には合宿や、クリスマス会、お菓子作りパーティー、食事会など、さまざまな遊び企画も行っています。
/
/
/
/創作活動を今までやったことがない初心者の方も大歓迎です！あなたも好きなときに、好きなように、創作しませんか？",不定期/所沢キャンパス,20人,2004年,0人,あり,"https://www.waseda.jp/inst/weekly/assets/uploads/2016/09/GIFT1-940x649.png, https://www.waseda.jp/inst/weekly/assets/uploads/2016/09/GIFT2-940x1333.jpg, https://www.waseda.jp/inst/weekly/assets/uploads/2016/09/GIFT3-940x1327.jpg",https://www.waseda.jp/inst/weekly/circleguide/detail/?id=3575&lng=en,なし,なし,なし,https://twitter.com/gift_2004,なし,なし,なし,なし,なし,なし,なし,公式サイトから取得; リンク検証済み
C0383,3153,将棋部,文化・芸術,その他の文化,将棋部は将棋好きの人が集まって、将棋を楽しむ部です。大会での目標としては冬に行われる王座戦での優勝を掲げています。直近では2013年に優勝しました。そしてこの目標を達成するため、随時部室に集まって対局したり研究したりして棋力の向上を図っています。ですが所属しているのは強い人ばかりではありません。級位者や大学から将棋を始めた初心者の方々も多く在籍しています。将棋部には強い人も多いため、熱心に活動に参加して強い人からたくさん教わり、棋力が大幅に向上した部員も少なくありません。次に具体的な活動内容ですが、日によって異なります。平日は授業の合間などに部室に集まり、居る人同士で将棋を指したりしています。土曜日には研究会を行い、大学の大会で多い持ち時間30分、切れたら一手60秒のルールで2局指しています。日曜日には大学の大会がある場合が多く、将棋部全体で参加しています。ほぼ毎日活動していますが、参加は任意ですのでおのおのが自由に活動しています。また長期休暇中には合宿を1週間行います。この期間では平均して1人30局ほど指します。合宿は部員の交流や棋力の向上を目的としています。また時々他大学の将棋部と交流戦を行っています。将棋部は将棋を楽しむ部ですので、棋力を問わず将棋に興味のある人が集まっています。将棋に興味のある方はぜひ一度部室にいらしてみてください。,毎日/随時/学生会館部室,50人,1930年,1人,なし,"https://www.waseda.jp/inst/weekly/assets/uploads/2016/09/bd269e388ba1f6015565b405d99f1f36-940x705.jpg, https://www.waseda.jp/inst/weekly/assets/uploads/2016/09/236a116da6583139fcf6c462a46dc7ef.jpg, https://www.waseda.jp/inst/weekly/assets/uploads/2016/09/bda2f40a4c372a7f005d8b62b1ccfa71.jpg",https://www.waseda.jp/inst/weekly/circleguide/detail/?id=3153&lng=en,なし,なし,なし,https://twitter.com/wasedashogi,なし,なし,なし,なし,なし,なし,なし,公式サイトから取得; リンク検証済み
C0384,3151,茶道研究会,文化・芸術,その他の文化,日本文化を象徴する茶道、自分からは少し遠いように感じていませんか？ 茶道研究会(通称「茶研」！)は初心者の方が過半数で、初めはお道具の扱い方から一つずつ覚えていくため、初めての方も安心です！ 平日のお稽古は学生同士教え合い、土曜日のお稽古は表千家と裏千家それぞれの先生に直接教えていただきます。活動としては普段のお稽古の他、お稽古もイベントも盛りだくさんの夏合宿、そのお稽古の成果をお客さまに見ていただくお茶会や、和菓子や茶碗を手作りする研究活動、他大学のお茶会に招かれる渉外活動などがあります。平日のお稽古は常に開放していますので、私たちの活動に少しでも興味を持ってくださった方はお気軽に学生会館のお茶室まで遊びに来てください！,平日2回(曜日不定)・土曜日1回/12:10-18:00・不定/学生会館・清瀬、神楽坂,80人,1949年,5人,あり,"https://www.waseda.jp/inst/weekly/assets/uploads/2016/09/7df17bdc439d18a4f7b3b66f303145bc-940x939.jpg, https://www.waseda.jp/inst/weekly/assets/uploads/2016/09/ebc99ba203fa1f064e5098df7066ad00-940x1670.jpg, https://www.waseda.jp/inst/weekly/assets/uploads/2016/09/79109e0bc0d1e710acd150bd9d282b0d-940x705.jpg",https://www.waseda.jp/inst/weekly/circleguide/detail/?id=3151&lng=en,なし,なし,https://www.instagram.com/wasedachaken,https://twitter.com/Wasecha,なし,なし,なし,なし,なし,なし,なし,公式サイトから取得; リンク検証済み
C0385,3150,囲碁会,文化・芸術,その他の文化,早稲田囲碁会は、毎週水曜・金曜の18時～21時に新宿囲碁センターにて練習会を行っています。練習会には、早稲田の現役生だけでなく他大生やOB・OG、大学院生など多くの人が集まり大変にぎわいます。また、学生会館にある部室では練習会がある日以外でも対局を楽しむことができます。早稲田囲碁会はただ碁会所に集まって囲碁を打つだけのサークルではありません！棋力関係なく楽しめるイベントが盛りだくさんです！年2回開催される関東リーグには、一般一部に代表チームが出場するほか、同時開催されるBリーグ（交流戦）に複数のチームを組んで参加しています。他にも、年2回の合宿・新歓イベントなど、数多くのイベントをご用意しております。大会やイベントを通じて、自分の大学だけでなく他大の囲碁部員との交流を深められるのも魅力の一つです。経験者の方はもちろん、初心者の方も大歓迎です！先輩方が優しく教えるので、ぜひ一度活動に来てみてください！お待ちしております！,毎週水曜日・金曜日/18:00〜21:00/新宿囲碁センター,40人,1950年,1人,あり,"https://www.waseda.jp/inst/weekly/assets/uploads/2025/03/1Y24D045-3-1-202503172014-1.jpeg, https://www.waseda.jp/inst/weekly/assets/uploads/2025/03/1Y24D045-3-1-202503172014-2-940x697.jpg, https://www.waseda.jp/inst/weekly/assets/uploads/2025/03/1Y24D045-3-1-202503172014-1-290x290.jpeg",https://www.waseda.jp/inst/weekly/circleguide/detail/?id=3150&lng=en,なし,なし,https://www.instagram.com/waseda15kai,http://x.com/waseda15kai,なし,なし,なし,なし,なし,なし,なし,公式サイトから取得; リンク検証済み
C0386,3152,かるた会,文化・芸術,その他の文化,漫画、アニメ、そして昨年実写映画化された、『ちはやふる』でぐんと知名度の上がった「競技かるた」をするサークルです！普段は早稲田の学生会館和室や外部の地域活動センターを利用して週に4回、試合形式の練習を行っています。また、長期休暇中の合宿やコンパなど、楽しいイベントもあります。経験者はもちろん、百人一首を覚えている人、覚えていない人も大歓迎！先輩たちが百人一首の覚え方からかるたのルールまで、親身になってお教えします。現役生の多くが大学で初心者から始めましたが、彼らも経験者と共に日々練習に取り組み、多数の大会入賞者が生まれるほどに強くなっています！かるたはその競技人口こそまだまだ少ないですが、とても奥が深く、楽しみがいがあり、誰でも夢中になれる競技です！興味が少しでもある方は、どうぞ気軽に見学にいらしてください！,毎週火・木〜土曜日/13:00〜18:00または17:30〜21:30/学生会館または地域活動センター,60人,1957年,0人,あり,"https://www.waseda.jp/inst/weekly/assets/uploads/2017/03/f642678496ec090efef5a698d5c91319-940x705.jpg, https://www.waseda.jp/inst/weekly/assets/uploads/2017/03/6eeeb4c0ed634e73b6fac8e5591467af.jpg, https://www.waseda.jp/inst/weekly/assets/uploads/2017/03/6fa14250c836d2e9b09466a126631b6c-940x705.jpg",https://www.waseda.jp/inst/weekly/circleguide/detail/?id=3152&lng=en,なし,なし,なし,https://twitter.com/KarutaWaseda,なし,なし,なし,なし,なし,なし,なし,公式サイトから取得; リンク検証済み
C0387,3046,早稲田精神昂揚会,文化・芸術,その他の文化,"学ラン、角帽、高下駄まとい、腰に手拭ブラ下げて、日本全国闊歩する、現代に生きるバンカラ集団。男の道場ここにあり。
/
/
/
/早稲田精神昂揚会とは早稲田大学公認のサークルで、さまざまな活動を通じて自己の成長を図っています。早稲田精神昂揚会の活動領域は大きく分けて三つあります。
/
/
/
/第一に『本庄〜早稲田100キロハイクの主催』、 第ニに『夏合宿を通して全国を闊歩（かっぽ）』、第三に『各種イベントの企画や参加』です。通称100ハイと呼ばれる、本庄早稲田100キロハイクは、2023年で60回目という還暦を迎えました。現在は参加者約数百人という規模感で、各自思い思いの仮装をして、埼玉の本庄早稲田から2日間かけて大隈講堂を目指し、全力で歩きます。昂揚会の夏合宿とは、男（通称：早稲田戦士）だけで10泊11日、日本全国を闊歩し、会員同士で親睦を深めたり、現地の人と交流したりします。各自米30合を背負い、食費は1人当たり1日100円という制限の下、夏の炎天下をひたすら歩き回ります。 各種イベントとは、クリスマスに独り身の哀れな会員だけで開催される、富士の樹海パーティーなどがあります。その他、早稲田祭や体育祭にも積極的に参加しています。
/
/
/
/来るもの拒まず去るもの追わず。いざ来たれ早稲田の社に
/
/
/
/いざ集え早稲田精神昂揚会！",学生会館E719/大隈講堂,21人,1958年,0人,あり,"https://www.waseda.jp/inst/weekly/assets/uploads/2016/09/bb4b15141a3cda20572aa1cf86e41672-940x940.jpg, https://www.waseda.jp/inst/weekly/assets/uploads/2016/09/8c5baacbb0ceaba1f2fd04f53eff01cd-940x779.jpg, https://www.waseda.jp/inst/weekly/assets/uploads/2016/09/fc1d876c3da5f3b262158fd2a338c99a.jpg",https://www.waseda.jp/inst/weekly/circleguide/detail/?id=3046&lng=en,なし,http://kouyoukai.kill.jp/shigenobu/,https://www.instagram.com/honjowaseda100kmwalk,https://twitter.com/kouyoukai66,なし,なし,なし,なし,なし,なし,なし,公式サイトから取得; リンク検証済み
C0388,3538,早大理工囲将会,文化・芸術,その他の文化,囲将会には囲碁・将棋・麻雀・トランプはもちろん、たくさんのボードゲームがあります。和気あいあいとした中でルールは自然に覚えられます。やりたいゲームができるのが囲将会です。理工学術院公認サークルであり、学生会館9階に部室があります。創設50周年の伝統あるサークルでもあります。知的遊戯が好きな人、ぜひ遊びに来てください！,毎日・随時/学生会館E936,23人,1966年,0人,あり,"https://www.waseda.jp/inst/weekly/assets/uploads/2016/09/1fca963fc3d27117069834af4a8e3ecc.jpg, https://www.waseda.jp/inst/weekly/assets/uploads/2016/09/c8d1eaa95faa721f0a41e7dfdff7ef50.jpg, https://www.waseda.jp/inst/weekly/assets/uploads/2016/09/452eb8a3602fae4fb9f372471cd7e3db.jpg",https://www.waseda.jp/inst/weekly/circleguide/detail/?id=3538&lng=en,なし,なし,なし,https://twitter.com/ishokai,なし,なし,なし,なし,なし,なし,なし,公式サイトから取得; リンク検証済み
C0389,3359,珈琲研究会,文化・芸術,その他の文化,"50年以上の歴史を誇る珈琲研究会。珈琲やカフェが好きな人や少しでも興味のある人大歓迎！コーヒー飲めない、詳しくない、、という人でも大丈夫です。
/
/
/
/毎週土曜午後の活動では、事前にさまざまな企画を立案して「研究」しています。具体的には、異なる産地のコーヒー豆を飲み比べしてみたり、ハンドドリップ講習を行ったり、時にはエスプレッソマシンでカフェラテ練習をすることも。月曜や水曜午後は、コーヒーを飲みながら課題をしたりおしゃべりしたりしています。
/
/
/
/さらに、カフェ巡りやラテアート講習会、合宿やイベント出展などなど楽しいイベント盛りだくさんです！！カフェ巡り企画では、カフェ友ができること間違いなしです！11月の早稲田祭に向けては、オリジナルブレンド作成やハンドドリップ練習、オリジナルドリンクの考案等を行う予定です。
/
/
/
/珈琲好きもそうでない人もぜひ珈琲研究会へ！個性豊かな「こひけん民」がお待ちしております！
/
/
/
/For coffee lovers! Enjoy coffee with us.",毎週月、水、土曜/15時-18時/学生会館,約200人,1971年,約20人,あり,なし,https://www.waseda.jp/inst/weekly/circleguide/detail/?id=3359&lng=en,なし,https://linktr.ee/waseda.kohiken,https://www.instagram.com/waseda_kohiken/,https://twitter.com/waseda_kohiken,なし,なし,https://www.waseda.jp/inst/weekly/news/2017/06/07/26494/,なし,なし,なし,なし,公式サイトから取得; リンク検証済み; 写真URLなし
C0390,3047,早慶戦支援会,文化・芸術,その他の文化,私たち早慶戦支援会は華の早慶戦を支えるサークルです。早慶戦当日に観客の誘導・神宮球場周辺の清掃を行っています。早慶戦前後は真面目に活動していますが、それ以外は部室でのんびりまったりしています。早慶戦当日は仕事終了後、試合を観戦できます。神宮で校歌、紺碧の空を歌えば一生の思い出になること間違いなしです！会員には野球観戦が好きな人だけでなく、早稲田が好きな人、先輩が優しかったから入った人などさまざまな理由で入会しているのでスポーツに興味がなくても大丈夫です！また他サークルとも交流しており、お互いの仕事を手伝いあっています。サークル同士で仲が良く、中には兼サーしている会員もいます。春、秋には慶應との交流会が行われており、大学の垣根を越えて交流できますよ！皆さんの入会を待っています！,神宮球場/学生会館7階E704,37人,1986年,0人,なし,なし,https://www.waseda.jp/inst/weekly/circleguide/detail/?id=3047&lng=en,なし,なし,なし,https://twitter.com/shienkai,なし,なし,https://www.waseda.jp/inst/weekly/report/2013/04/11/13604/,なし,なし,なし,なし,公式サイトから取得; リンク検証済み; 写真URLなし
C0391,3352,ﾃｰﾌﾞﾙﾄｰｸRPGｻｰｸﾙ　乾坤堂,文化・芸術,その他の文化,テーブルトークRPGとは、テーブルを囲んだ複数名が、物語の登場人物になりきり、会話によって物語を進めていくアナログゲームです（動画サイトで有名なクトゥルフ神話TRPGもその一つです）。物語の世界観とゲーム的なデータが記されたルールブックを基に、「ゲームマスター（GM）」と呼ばれる進行役1名と、登場人物を演じる3〜5名の「プレーヤー」が、最終目的（謎を解く、敵を倒すなど）に向かってゲームを進めていきます。ゲームということなのである程度、GMからのシナリオ誘導やダイスを振ることによる運要素はありますが、どんな行動をとり、どんなセリフを言うかはプレーヤー次第。かっこいいセリフで感動させたり、面白い演技で笑わせたり、状況説明に凝ってみたりと、各自が得意分野を披露しながら、他のプレーヤーと連携して物語を盛り上げていきます。つまりプレーヤーは、即興劇をする役者であると同時に、脚本家でもあり、観客でもある―そんな多様な面白さを体験できるのもTRPGの魅力です。普段は毎月1回、日曜日に集まり、TRPGを楽しんでいます。バトル系ゲームで厳しい戦いを制して勝利したり、推理系ゲームで偶然から思いもよらない解決策が見つかるなどして感動のエンディングを迎えたりすると、みんなで「良い物語を作り上げた」という達成感でいっぱいになります。初心者大歓迎なので、ぜひ遊びに来てください！,月1回/日曜日/10時半〜18時/Discord,160人,1991年,1人,なし,"https://www.waseda.jp/inst/weekly/assets/uploads/2024/04/4a332f05ade4ac7bb3c46c472cb5eac8-940x794.jpg, https://www.waseda.jp/inst/weekly/assets/uploads/2024/04/7a7724df2de2266afcc7dea3079defea-940x705.jpg",https://www.waseda.jp/inst/weekly/circleguide/detail/?id=3352&lng=en,なし,なし,なし,https://twitter.com/kenkon_trpg,なし,なし,https://www.waseda.jp/inst/weekly/report/2013/12/02/13471/,なし,なし,なし,なし,公式サイトから取得; リンク検証済み
C0392,3370,早稲田大学ディズニー研究会,文化・芸術,その他の文化,"普段は都内の文化会館でレクリエーションを行っています！初心者もDオタも楽しめるクイズ企画や、「好き」を発表できるLT大会、季節ごとのスペシャルイベントなどが盛りだくさん！
月に1度、週末にはインパ企画があります！
好きなジャンルごとに班を組むので、パレードに地蔵したりフードを満喫したり、グリやアトラクションを楽んだりできますよ！
また、年に2回研究発表の場が設けられております！他大学のディズニーサークルやゼミと合同で開催し、教授方もお招きします。
あらゆる分野からディズニーを分析できるので、本格的にディズニーを研究したい方にもおすすめです！
D研の変わったイベントNo.1といえば舞浜ウォーク！なんと早稲田大学から舞浜まで歩いちゃいます！東京観光も兼ねながら、仲間と親睦を深めましょう！
どの企画に参加するかは自由に決められるので、自分なりのペースで活動ができます！
人生一度きりの大学生活、ディズニーを通してめぐりあう素敵な仲間たちと過ごしませんか？
ディズニー初心者もショパレ派もグリ派もアトラク派もフード派もBGS派も映画派もピクサー派もマーベル派もSW派もゲーム派も、早稲田大学ディズニー研究会でお待ちしております！",週1回（曜日不定）/18時半〜/都内の文化会館、戸山キャンパスカフェテリア、舞浜,406人,2007年,3人,あり,"https://www.waseda.jp/inst/weekly/assets/uploads/2026/04/1de29912c9fb321320936f5ab58d41b1-940x610.jpeg, https://www.waseda.jp/inst/weekly/assets/uploads/2026/04/ca563655153450d151724f38bbf8e283-940x527.jpeg, https://www.waseda.jp/inst/weekly/assets/uploads/2026/04/6be8eb415f5cf0552ff6b46b02be7583-940x753.jpeg",https://www.waseda.jp/inst/weekly/circleguide/detail/?id=3370&lng=en,なし,http://wasedadken.com/,https://www.instagram.com/waseda.dken?igsh=enZxbDF0OGVqdjY4,https://x.com/Wasedadken,なし,なし,なし,なし,なし,なし,なし,公式サイトから取得; リンク検証済み
C0393,3290,珠算部,文化・芸術,その他の文化,珠算部では年間約10の大会への出場、それに向けた練習をメーンに活動しております。当部は2009年に設立されました。歴史は浅いですが、卒業生には国内最高峰の大会である全日本珠算選手権大会をはじめ数々の全国大会で活躍しておられる方が多数いらっしゃいます。練習状況は授業の空きコマや月に2回ほど土日を用いた練習会にて行っております。練習メニューもみんなで考え、時にはアドバイスし合うなど、工夫を凝らして練習をしております。これからも大会への出場はもちろんのこと、大学内外におけるPR活動にも励み珠算人口が少しでも増えるよう貢献していきたいと思います。最後に珠算部では部員を募集しております。現役選手の人、大学入ってそろばん再開したい人、そろばんがとにかく好きな人、大歓迎です。ぜひ「一珠入魂」一緒にはじけよう！,曜日不定/授業の空きコマ/学生会館,22人,2009年,0人,なし,"https://www.waseda.jp/inst/weekly/assets/uploads/2016/09/3ea6d0b11aa59176a178fe43a8ae8895.jpg, https://www.waseda.jp/inst/weekly/assets/uploads/2016/09/4086cb91e997cadb27f89aea5484da56-940x705.jpg, https://www.waseda.jp/inst/weekly/assets/uploads/2016/09/831eed1635163ece39da93207fc0b8e6-940x705.jpg",https://www.waseda.jp/inst/weekly/circleguide/detail/?id=3290&lng=en,なし,なし,なし,なし,なし,なし,なし,なし,なし,なし,なし,公式サイトから取得; リンク検証済み
C0394,3760,早稲田大学レトロ研究会,文化・芸術,その他の文化,昭和や平成初期を中心とした20世紀のレトロ文化（音楽、漫画、純喫茶、アイドル、建物、アニメ、古着…etc）好きが集まって活動しています。週１回の定例会をメインの活動とし、休日等には純喫茶やレコード店、商店街などといったレトロにまつわるスポットを訪問しています。過去の早稲田祭では、昭和の歌謡番組の再現や、プロマイド撮影の体験会を実施しました。学外の方々との交流も行っており、貴重な経験ができることまちがいなしです！,週１回ほど/5〜6限/学生会館,約50人,2022年,0人,なし,"https://www.waseda.jp/inst/weekly/assets/uploads/2023/03/C-290_1.jpg, https://www.waseda.jp/inst/weekly/assets/uploads/2023/03/C-290_2.jpg, https://www.waseda.jp/inst/weekly/assets/uploads/2023/03/C-290_3.jpg",https://www.waseda.jp/inst/weekly/circleguide/detail/?id=3760&lng=en,なし,なし,https://www.instagram.com/waseda_retro/,https://twitter.com/WASEDA_RETRO,なし,なし,なし,なし,なし,なし,なし,公式サイトから取得; リンク検証済み
C0395,3769,早稲田大学韓国人学生会,国際交流・ボランティア,国際交流,"こんにちは。私たちは早稲田大学韓国人学生会です。
/
/早稲田大学内の韓国人は全学部生および大学院生を含め約800人が在学中であり、学生たちの学校生活をサポートし声を代弁するのが私たち早稲田大学韓国人学生会(WUKSA)の役割です。
/
/早稲田大学韓国人学生会は1947年から始まり、着実に多様な活動を続けてきました。 学生会所属傘下サークルと早稲田大学韓国校友会との協力を通じて、多数の韓国人留学生方々の生活支援と今後学生たちが望む進路に進むことができるように、努力したいと思います。
/
/約4年という大学生活のためにいつも努力する早稲田大学韓国人学生会になるように頑張ります。 ありがとうございます。
/
/
/
/Hello， this is Waseda University Korean Student Association.
/
/There are about 800 Koreans in Waseda University， and it is our role of Waseda University Korean Student Association (WUKSA) to support students' school life and represent their voices.
/
/Waseda University Korean Student Association started in 1947 and has steadily continued its diverse activities. Through cooperation with the student association's affiliated club and Waseda University Korea Alumni Association， we will try to support the lives of many Korean students and move on to the career path that students want in the future.
/
/I will do my best to become Waseda University Korean Student Association， which always strives for about four years of college life. Thank you.",不定/場所は様々（早稲田大学校外、新大久保周辺等）,96人,1947年,96人,あり,https://www.waseda.jp/inst/weekly/assets/uploads/2023/07/korea_exchangestudents-940x705.jpg,https://www.waseda.jp/inst/weekly/circleguide/detail/?id=3769&lng=en,なし,http://wuksa.org/,https://www.instagram.com/officialwuksa/,なし,https://www.facebook.com/groups/wuksa/,なし,なし,なし,なし,なし,なし,公式サイトから取得; リンク検証済み
C0396,3044,国際学生友好会(WIC),国際交流・ボランティア,国際交流,"WIC(ウィック)は早稲田で最も歴史のある国際交流サークルです。私たちのサークルでは月に一回以上開催している様々なイベント、旅行、ツアーを通じて留学生と楽しく交流しています。また、毎週水曜日に開催している「日本教室」では、日本の文化そして留学生各国の文化をお互いに学ぶことができます。加えて、大学から依頼される授業ボランティアや区役所同行などを通じて留学生をサポートします。ただ遊ぶだけではなく、様々な形で密な交流をして留学生との仲が深まるのがWICの特徴です！会員は15号館の半地下ラウンジに平日の2限から5限の間いつも集まっているので、WICに興味を持った人は来てみてください！詳しい活動内容はTwitterやInstagramをご覧ください！
/
/
/
/WIC is the most historic international exchange circle in Waseda. Our circle has fun interacting with international students through various events， trips and tours held more than once a month.Also， at the ?Japanese Class? held every Wednesday， you can learn about Japanese culture and the cultures of foreign students.In addition， they support international students through such means as volunteering classes and accompanying ward offices requested by universities.WIC's characteristic is that it not only spends time with foreign students ， but also deepens relationships with foreign students through close exchanges in various ways! Members always gather in the semi-underground lounge of building 15 for two to five periods on weekdays， so if you are interested in WIC， please come! For more information， please visit Twitter and Instagram!",毎週水曜・「日本教室」/月曜〜金曜2-5限・15号館ラウンジ/月一回以上イベント開催,120人,1956年,30人,あり,"https://www.waseda.jp/inst/weekly/assets/uploads/2020/04/wic_01-940x627.jpg, https://www.waseda.jp/inst/weekly/assets/uploads/2020/04/wic_02-940x705.jpg, https://www.waseda.jp/inst/weekly/assets/uploads/2020/04/wic_03-940x705.jpg",https://www.waseda.jp/inst/weekly/circleguide/detail/?id=3044&lng=en,なし,https://www.wic50.com/,https://www.instagram.com/wic1956/,https://twitter.com/wic_1956,なし,なし,なし,なし,なし,なし,なし,公式サイトから取得; リンク検証済み
C0397,3724,アイセック早稲田大学委員会,国際交流・ボランティア,国際交流,"アイセックは、世界100以上の国と地域に支部を持ち、約30，000人の学生が所属する非営利組織です。
/
/
/
/私たちは「平和で人々の可能性が最大限発揮された社会」の実現を目指し、若者のリーダーシップを育む事業への参加、そして運営をしています。
/
/
/
/普段は、アイセックの海外支部や卒業生の方々と協力しながら、海外インターンシップの参加や運営、またオンラインでの国際交流イベントの参加と運営を行っています。
/
/
/
/アイセックの日本支部であるアイセック・ジャパンは1962年に創設され、現在では主に大学ごとに24の委員会が活動をしています。
/
/
/
/アイセック早稲田大学委員会は、24委員会の中でも最古の歴史を持つ委員会として活動しています。
/
/
/
/AIESEC is a not-for-profit and youth-run organization that engages and develops youth leadership with members in 100+ countries and territories worldwide.
/
/
/
/AIESEC is a not-for-profit and youth-run organization with 30，000+ members in 100 countries and territories worldwide. We strive to achieve Peace & Fulfillment of Humankind's Potential by developing youth leadership potential through practical experiences. Collaborating with oversea branches and our alumni， we deliver and participate in international internships， volunteering opportunities， and online cross-cultural event.",毎週金曜日18:15~19:45(変更の可能性あり)， 曜日不定随時/学生会館・7号館,28人,1962年,7人,あり,"https://www.waseda.jp/inst/weekly/assets/uploads/2023/03/D-001_1-940x529.jpg, https://www.waseda.jp/inst/weekly/assets/uploads/2023/03/D-001_2-940x529.jpg, https://www.waseda.jp/inst/weekly/assets/uploads/2023/03/D-001_3-940x529.jpg",https://www.waseda.jp/inst/weekly/circleguide/detail/?id=3724&lng=en,なし,https://www.aiesec.jp/,https://www.instagram.com/aiesec_jp_wa/,https://twitter.com/AIESEC_JP_WA,なし,なし,なし,なし,なし,なし,なし,公式サイトから取得; リンク検証済み
C0398,3048,国際交流虹の会,国際交流・ボランティア,国際交流,虹の会は1965年創立の伝統ある国際交流サークルで、早稲田にある数多くのサークルの中でも最大規模のサークルとなっています。 虹の会とは、国際交流という名の通り留学生と日本人がさまざまな活動を通して交流しているサークルです。アメリカ、イギリス、オーストラリアはもちろん、ルクセンブルグという人口約50万人の国から来てくれる留学生もいます。また、インカレサークルなので日本人も早稲田のみならずさまざまな大学から来てくれています。 虹の会の主な活動はというと、Japan studyやWorld study， English studyというお互いの文化やスラングなどを教えあうアカデミック系のイベントや、ハロウィーンパーティーやクリスマスパーティーなどパーティーイベントまでさまざまです。他にもサッカー、バスケなどのスポーツイベントもあります！,不定(週2回程度)/場所はさまざま,300人,1965年,200人,あり,"https://www.waseda.jp/inst/weekly/assets/uploads/2016/09/82884fc80595a584c06299ff56fa6122-940x705.png, https://www.waseda.jp/inst/weekly/assets/uploads/2016/09/4fc045beeaed5a8e8067ad183ac3b01b-940x705.png, https://www.waseda.jp/inst/weekly/assets/uploads/2016/09/ebcf8d61e1b8bcdea11cb5c649539cfa-940x705.png",https://www.waseda.jp/inst/weekly/circleguide/detail/?id=3048&lng=en,なし,なし,なし,https://twitter.com/nijinokai,なし,なし,なし,なし,なし,なし,なし,公式サイトから取得; リンク検証済み
C0399,3766,早稲田台湾留学生会,国際交流・ボランティア,国際交流,"哩賀、呷飽没！早稲田台湾留学生会とは、早稲田大学内で公認されているサークルです。私たちは台湾出身の早稲田生が集まって結成された団体であり、学部生、大学院生、CJLの学生、どなたでも歓迎しています。早稲田で勉強する台湾人学生同士の交流を促進し、日本での日常生活や学校生活に関する様々な問題のサポートを提供することを目指しています。
/
/
/
/活動は約1か月に1回程度行っており、新歓イベント、ピクニック、合宿などのイベントを開催しています。また、OB・OGの就職説明会など、キャリアプランに役立つイベントや他のサークルや他大学の台湾留学生会、外部組織との交流や体験活動も行っています。
/
/
/
/台湾留学生の皆さん、ぜひ参加してください！早稲田で学ぶ台湾人学生同士の交流や友情の輪を広げましょう。新入生でも、早稲田での経験がある学生でも、皆さんの参加をお待ちしています。
/
/
/
/もし早稲田台湾留学生会について質問や興味があれば、お気軽にお問い合わせください。一緒に早稲田で素敵な思い出を作りましょう！
/
/
/
/早稲田台湾留学生会への参加、お待ちしています！
/
/
/
/We are the Waseda Taiwanese Student Association (WTSA)， an officially recognized circle within Waseda University. Our circle consists of Waseda students from Taiwan. Whether you are an undergraduate， graduate， or CJL student， we aim to foster friendship and provide a platform for communication among Taiwanese students studying at Waseda. We are dedicated to assisting everyone with any issues related to daily life or school in Japan.
/
/
/
/Currently， we organize activities approximately once a month. Our events include welcoming gatherings， picnics， overnight trips， and other activities that are beneficial to career planning， such as alumni career sharing sessions. We also collaborate with other clubs， Taiwanese student associations in other universities， and external organizations to facilitate various exchanges and experiences.
/
/
/
/We warmly welcome all Taiwanese students studying abroad to join us. By becoming a part of Waseda Taiwan Student Association， you will have the opportunity to meet fellow Taiwanese students and engage in a vibrant and supportive community during your time in Waseda， whether you are a new student or have been in Tokyo for some time.
/
/
/
/If you have any questions or are interested in WTSA， please feel free to contact us. We look forward to creating wonderful memories together at Waseda.
/
/
/
/Welcome to Waseda Taiwanese Student Association!?",月一回以上 / At least once every month,60人 / 60 people,2010年,60人 / 60 people,あり,"https://www.waseda.jp/inst/weekly/assets/uploads/2023/06/taiwan-3-940x621.jpg, https://www.waseda.jp/inst/weekly/assets/uploads/2023/06/taiwan-2-940x678.jpg, https://www.waseda.jp/inst/weekly/assets/uploads/2023/06/taiwan-1-940x558.jpg",https://www.waseda.jp/inst/weekly/circleguide/detail/?id=3766&lng=en,なし,https://wtsa.weebly.com/,https://www.instagram.com/wtsa.jp/,なし,https://www.facebook.com/WasedaTaiwaneseStudentAssociation,https://line.me/R/ti/p/%40yzg3696z,なし,なし,なし,なし,なし,公式サイトから取得; リンク検証済み
C0400,3590,早稲田大学中央アジア研究会,国際交流・ボランティア,国際交流,冬休みカザフスタンに行き、学生交流やホームステイを行う。個人の興味に応じて、カザフスタン渡航をアレンジ可能だ。社会福祉施設や高齢者施設など、世界の福祉事情を目にすることができる。学習するだけではなく、さまざまなことに挑戦できる。スキーやスケートなどのウインタースポーツも楽しみながら、満喫することができる。また、カザフスタンから来ていた留学生がカザフスタンでお出迎えをしてくれ、日本で交流した友人と再会することもでき、すてきな日本ーカザフスタン交流ができる。旅行でも留学でもない学びの獲得が期待できる。,毎週月曜/16時/101号館,25人,2011年,6人,あり,"https://www.waseda.jp/inst/weekly/assets/uploads/2016/09/70c4f24bc61794d7830dfcc57ada23c5.jpg, https://www.waseda.jp/inst/weekly/assets/uploads/2016/09/c7f834abba454dfcd85ec0c28705acca.jpg, https://www.waseda.jp/inst/weekly/assets/uploads/2016/09/07bbeb2ec59cf1ccea96a74e0f56e3ad.jpg",https://www.waseda.jp/inst/weekly/circleguide/detail/?id=3590&lng=en,なし,なし,なし,なし,なし,なし,なし,なし,なし,なし,なし,公式サイトから取得; リンク検証済み
C0401,3211,児童文化研究会,国際交流・ボランティア,ボランティア,児童文化研究会は1945年に創立した、伝統ある早稲田大学公認の児童ボランティアサークルです。主な活動としては「児童ボランティア」と「人形劇」を行っています。「児童ボランティア」では、早稲田近くの児童館で開催されるイベントにサポートスタッフとしてお手伝いをします。工作やゲームなどを自分達で準備して、子供達と一緒に遊びます。「人形劇」では、主に長期休暇期間に公演を行います。公演の後には子供達に人形を触ってもらって遊んだり、一緒に給食を頂いたりします。また、人形や台本、舞台まで全てが手作りです。初めは部員のほとんどが演劇・人形作成共に初心者ですが優しい先輩方がゆるく教えてくれるので安心してください。対象はどちらも未就学児から小学校低学年で、交流しているとエネルギーを分けてもらえるように感じます！ミーティングは週に1回で、アットホームな雰囲気です。少人数・落ち着いた雰囲気でメンバーと仲良くなれます。大学や学年問わず大歓迎！一緒に子供達との交流を楽しみましょう！,月曜日・木曜日隔週/17時/学生会館,28人,1945年,0人,あり,"https://www.waseda.jp/inst/weekly/assets/uploads/2026/05/12c30618a8cea09a207e2410a14a4b4a-940x705.jpg, https://www.waseda.jp/inst/weekly/assets/uploads/2026/05/7efe9753f66c725f67486cba4df285bf-940x643.jpg, https://www.waseda.jp/inst/weekly/assets/uploads/2026/05/fcdaa45c337a5da06e293b9e4a822465-940x1252.jpg",https://www.waseda.jp/inst/weekly/circleguide/detail/?id=3211&lng=en,なし,https://jikenwaseda.jimdofree.com/, https://www.instagram.com/waseda_jiken?igsh=d3EwNnJtMmIwNW1t,https://x.com/wasedaJIKEN,なし,なし,なし,なし,なし,なし,なし,公式サイトから取得; リンク検証済み
C0402,3045,思惟の森の会,国際交流・ボランティア,ボランティア,岩手県田野畑村で育林活動と地域交流を50年以上行っています。田野畑村は人口3500人程度の村です。私たちは合宿中は早稲田大学の寮で共同生活を行っています。自分たちで割ったまきを使い、ご飯は釜で炊き、風呂の火もまきから火をおこします。育林活動では自分たちの所有している二つの山で間伐や枝打ちの作業を、地域交流では農林業や牧場など第1次産業のお手伝いや、祭りへの参加などをさせていただきます。在京時には週1回ミーティングを開き、次の合宿の準備や各種イベントについて話し合います。その他に早稲田祭や稲門祭、環境系コンテストにも参加します。東京でも、岩手県でも、自分たちのやりたいことが自分たちの力でやれるサークルです。,毎週1回/18時/学生会館,30人,1967年,0人,あり,"https://www.waseda.jp/inst/weekly/assets/uploads/2016/09/cfd0b8dc22f36b9c6520d1f0114dc65d-940x1671.jpg, https://www.waseda.jp/inst/weekly/assets/uploads/2016/09/c37b1f7b8b5b3c00d982d2462cf63214-940x705.jpg, https://www.waseda.jp/inst/weekly/assets/uploads/2016/09/9eccddb758b6480ec298b0123a07aab7-940x529.jpg",https://www.waseda.jp/inst/weekly/circleguide/detail/?id=3045&lng=en,なし,なし,なし,https://twitter.com/moritanohata,なし,なし,なし,なし,なし,なし,なし,公式サイトから取得; リンク検証済み
C0403,3266,ひまわり子ども会,国際交流・ボランティア,ボランティア,ひまわり子ども会は目黒区にある四つの小学校と提携しており、それぞれの小学校の特別支援学級に通う子どもたちと交流するサークルです。対象学年は1〜6年生の全学年であり、毎週土曜日には一人の子どもにつき2~3人担当がついて公園で遊びます。また、5月・7月・10月・11月・12月・3月には日曜遠足を企画しており、葛西臨海公園や普段とは違った公園に行って遊びます。夏には2泊3日のキャンプもあります。それぞれの遠足には学生による「遠足やろう会」があり、遠足本番の約2カ月前からやろう会を中心に遠足の準備が始まります。お土産をつくったり、レクを考えたりと学生同士も活動を通じて仲良くなれます。ひまわり子ども会は、たくさんの子どもと交流できるなかなかできない貴重な体験ができるサークルです。,毎週土曜日/13時〜18時/目黒区の公園,73人,1975年,0人,なし,https://www.waseda.jp/inst/weekly/assets/uploads/2017/03/3cc5a5e8113c0054defcc9c9680898e5-940x705.jpg,https://www.waseda.jp/inst/weekly/circleguide/detail/?id=3266&lng=en,なし,なし,なし,https://twitter.com/himawari_waseda,なし,なし,なし,なし,なし,なし,なし,公式サイトから取得; リンク検証済み
C0404,3269,池袋子ども会,国際交流・ボランティア,ボランティア,池袋子ども会は毎週日曜日に池袋の小学校をお借りして、会に所属する子どもたちと楽しく遊んでいます。遊ぶ内容はサッカーや鬼ごっこなどさまざまです。また、季節ごとのハイキングやキャンプなど多くのイベントを企画しています。毎週木曜日には日曜日にどんな遊びをするか、ハイキングはどこに行くか、キャンプではどのようなイベントを行うかなどについて話し合っています。この話し合いの内容が子ども会の活動になるのでみんな一生懸命頑張っています。さらに春と夏には合宿を行っています。合宿では子ども会をよりよくするためにこんなことをしてみてはどうかなどの案を出したり、体育館をお借りしてレクリエーションをしたり、夜に飲み会をしたり、楽しくやっています。,毎週日曜日9:00〜13:00/毎週木曜日18:00〜21:00,60人,1978年,2人,なし,"https://www.waseda.jp/inst/weekly/assets/uploads/2016/09/35668e7d8d8585853070f2b441dcfb85-940x1253.jpg, https://www.waseda.jp/inst/weekly/assets/uploads/2016/09/bf949b00a55c0d6ed0fa03c26275e59a-940x705.jpg, https://www.waseda.jp/inst/weekly/assets/uploads/2016/09/fee8903c8e286431cacfbbaf644f4f60-940x705.jpg",https://www.waseda.jp/inst/weekly/circleguide/detail/?id=3269&lng=en,なし,なし,なし,なし,なし,なし,なし,なし,なし,なし,なし,公式サイトから取得; リンク検証済み
C0405,3079,青空子ども会,国際交流・ボランティア,ボランティア,こんにちは！青空子ども会?は地域の公園で活動している児童ボランティアサークルです。子どもたちは主に、大学周辺地域で暮らしている小学生を対象としています。主な活動は毎週土曜日の通常活動です。この活動では公園にてしっぽとりやドッチボール、サークルオリジナルのゲームをして楽しい時間を過ごしています！また、通常活動の他にも季節のイベントとして春と秋には遠足、夏にはキャンプ、冬には運動会を子どもたちと行います！その他学生だけのイベントも数多くあり学生同士が和気あいあいと活動しています！全ての催し物は、学生が一から企画・製作を行っています。学生が協力して作り上げた企画で子どもたちが楽しんでくれたとき、喜んでくれたときはこの上なく幸せです。かわいくて元気な子どもたちに癒やされるのはもちろん、子どもたちの成長を近くで見られるのもこのサークルの特徴です！,毎週土曜日/13時半〜16時半/大学近くの公園某所,30人,1980年,2人,あり,"https://www.waseda.jp/inst/weekly/assets/uploads/2016/09/b97f880ceb2d382ee8d930f040d5d9ae.jpg, https://www.waseda.jp/inst/weekly/assets/uploads/2016/09/f4aced41b084b8ca8a1b9f39f0fe1893-940x705.jpg, https://www.waseda.jp/inst/weekly/assets/uploads/2016/09/318c7a336af18f5b508b7637c6e3d914.jpg",https://www.waseda.jp/inst/weekly/circleguide/detail/?id=3079&lng=en,なし,なし,なし,https://twitter.com/aozora2shinkan,なし,なし,なし,なし,なし,なし,なし,公式サイトから取得; リンク検証済み
C0406,3075,新宿子ども会 KIDS,国際交流・ボランティア,ボランティア,新宿子ども会KIDSは、1982年設立のボランティアサークルです。毎週土曜日の午後に、早稲田大学近くの集会室や公園で特別支援学級に通う子どもたちと遊んでいます。学生2人がリーダーとなり、その日のテーマや遊びを計画します。自由時間も多く、元気でとてもかわいい子どもたちに癒やされます！ また、春遠足、サマーキャンプ（1泊2日）、秋遠足、クリスマス会、卒業式などなど子どもたちと遊べるイベントが盛りだくさんです。新歓合宿、花火大会、BBQ、夏合宿、などなど学生たちだけのイベントも充実しています。1番の売りは、サークルの雰囲気です。大学、学年問わず誰でも大歓迎！ ぜひ一度体験にいらしてください！,毎週土曜日/12時から19時/戸山公園,37人,1982年,2人,なし,"https://www.waseda.jp/inst/weekly/assets/uploads/2016/09/ab4099a5a6c84eabc52bb3b9e59f915f-940x1253.jpg, https://www.waseda.jp/inst/weekly/assets/uploads/2016/09/5c616098318d272efb214f0420c78f75-940x705.jpg, https://www.waseda.jp/inst/weekly/assets/uploads/2016/09/78cd6de7bd33e73d3dcb595d1990bcb0-940x705.jpg",https://www.waseda.jp/inst/weekly/circleguide/detail/?id=3075&lng=en,なし,なし,https://www.instagram.com/shinjuku.kodomo.kids/,https://twitter.com/Shinjukukids,なし,なし,なし,なし,なし,なし,なし,公式サイトから取得; リンク検証済み
C0407,3768,ボランティアサークルman-vo.,国際交流・ボランティア,ボランティア,Human-Volunteerの略でman-vo.！私たちは所沢市周辺で「人と交流すること」を目的とした福祉系のボランティアを行っています！ボランティアでは、知的障がいのある方と一緒に料理やスポーツをしたり、またお子さんや高齢の方と勉強や遊んだりして日々交流を深めています。他にも、所沢市の教育委員会や市民ボランティア団体の方々と連携して地域イベントの運営サポートをしています。ボランティア活動は一切強制されることはありません。自分のペースで時間があるときに参加することが可能です。また、ボランティア以外にも学年会や合宿等のイベントがあるため、先輩や他大学の人ともすぐ仲良くなることができます。「障がい者との接し方がわからない」「これまでボランティアをしたことがない」人でも大丈夫！経験ある先輩が優しくサポートしてくれます。ぜひこの機会に福祉の世界に関わってみませんか？お気軽にご連絡ください！,活動による（主に土・日）,60人,1995年,0人,なし,"https://www.waseda.jp/inst/weekly/assets/uploads/2023/07/cce185ee9b9436bbb14416462bf4b6aa.jpg, https://www.waseda.jp/inst/weekly/assets/uploads/2023/07/61e0c64e9fd90dd8ed4675f105ec5aca-940x705.jpg, https://www.waseda.jp/inst/weekly/assets/uploads/2023/07/8593d83db440d0a5ed18381e360b51f0-940x1254.jpg",https://www.waseda.jp/inst/weekly/circleguide/detail/?id=3768&lng=en,なし,なし,https://www.instagram.com/man.vo_volunteer_waseda/,https://twitter.com/W_manvo,なし,なし,なし,なし,なし,なし,なし,公式サイトから取得; リンク検証済み
C0408,3268,環境ロドリゲス,国際交流・ボランティア,ボランティア,環境ロドリゲスは、1997年に発足した早稲田大学公認・学内最大級の環境ボランティアサークルです。名前だけ聞くと「環境に詳しくないと入れないのかな？」と思うかもしれませんが、実はそんなことはありません。メンバーには、環境に関心が強い人から大学に入ってから初めて環境のことに関心を持った人など多様です。大切にしているのは「楽しみながら、自分にできることを見つける」ことです。活動は「里山」「海」「地域活性」「教育」「商品開発」「プラスチック」など6つの企画に分かれ、自然体験やワークショップ、リサイクル製品づくりなどを行っています。ミーティングは各企画週1回ほどで、どの企画もアットホームな雰囲気。大学・学年をこえて仲良くなれるのも魅力です。環境に詳しくなくても、ちょっと面白そうと思ったら大歓迎！新しいことに挑戦したい人も、仲間を見つけたい人も、きっと居心地の良い場所が見つかります。,"企画ごとMTG 週１回（月・水・木・金）/18:00~20:30/学生会館E817
実地活動やイベント出展 企画ごとに随時（基本毎週土日）",105人,1997年,3人,あり,"https://www.waseda.jp/inst/weekly/assets/uploads/2026/04/8a309c3599af3bac9ee6e51d4fc8ed02-940x705.jpeg, https://www.waseda.jp/inst/weekly/assets/uploads/2026/04/325473fc9601c6459086736bbf0819a2-940x705.jpeg, https://www.waseda.jp/inst/weekly/assets/uploads/2026/04/615b2b794bb3e820d27a8d133d6849cc-940x627.jpeg",https://www.waseda.jp/inst/weekly/circleguide/detail/?id=3268&lng=en,なし,https://www.envrodorigues.com,https://www.instagram.com/er_rodo_shinkan/,https://x.com/ER_rodo,https://www.facebook.com/rodo.jp/?locale=ja_JP,なし,なし,なし,なし,なし,なし,公式サイトから取得; リンク検証済み
C0409,3078,早稲田大学広域BBS会,国際交流・ボランティア,ボランティア,BBSとは、更生保護協力団体（法務者協力団体）の一つで、更生保護や非行防止に関わる活動を行っています。当会は、関東最大規模のBBS会であり、地区会としては珍しく学生のみのインカレサークルです！私たちは、お兄さん、お姉さんのような立場から、児童相談所や児童自立支援施設などで、さまざまな事情を抱えた子どもたちの話し相手になったり、勉強を教えたりするボランティア活動を行っています。現在、早稲田大学、東洋大学などを中心に、さまざまな大学から学生が集まっています！法律、心理、教育系を専攻している学生が目立ちますが、理系の学生や政治、経済などを専攻している学生もいます。学年も一年生から院生まで様々です！コロナ禍を乗り越え、最近では不登校支援など新たに活動の幅を広げています。更生保護や児童福祉に関心のあるやる気のある学生を随時募集しています！私たちと一緒に活動してみませんか？,活動の種類や個々の事案による,55人,1997年,0人,あり,"https://www.waseda.jp/inst/weekly/assets/uploads/2016/09/7029deb96cd06eb08b9e24fd397de625-940x529.jpg, https://www.waseda.jp/inst/weekly/assets/uploads/2016/09/cd166ec41c62686275b8f5c90bd2cdd5-940x529.jpg, https://www.waseda.jp/inst/weekly/assets/uploads/2016/09/c65800187da6e5040762698b590a0ae2-940x529.jpg",https://www.waseda.jp/inst/weekly/circleguide/detail/?id=3078&lng=en,なし,https://bbs-waseda.jimdofree.com/,なし,https://twitter.com/wasedabbs,なし,なし,なし,なし,なし,なし,なし,公式サイトから取得; リンク検証済み
C0410,3272,地域猫の会（わせねこ）,国際交流・ボランティア,ボランティア,わせねこは地域猫活動という、ボランティア活動を行っているサークルです。野良猫たちにより糞尿や発情期の鳴き声などによる地域の方々への迷惑を減らしていくことを目的とし、大学の職員の方々、新宿区保健所の職員の方々、そして地域住民の皆さまのご理解とご協力を頂き、活動を行っております。普段の活動は主に猫への餌やりで、毎日大学の5時間目にあたる時間帯に本キャンパスの決まったルート内に出没する地域猫たちに餌を与えています。また、毎日の活動の記録をノートに記入することや、月1回開いている定例会で情報の交換と活動の見直しを行っています。そして、不定期ではありますが、新聞社やテレビ局からの取材などへの協力による地域猫活動の発信や、シンポジウムにおける講演などでのより良い活動への議論などに努めております。活動への質問や見学などのご連絡をお待ちしております。,毎日/16時半〜18時/学生会館・本キャンパス,100人,1999年,6人,あり,"https://www.waseda.jp/inst/weekly/assets/uploads/2016/09/asianships1-1.jpeg, https://www.waseda.jp/inst/weekly/assets/uploads/2016/09/ae86458e942d8f6348dde0041d98e7a6-1.jpeg, https://www.waseda.jp/inst/weekly/assets/uploads/2016/09/01f6636ab1f32f64930f918e701b7ee5-1.jpeg",https://www.waseda.jp/inst/weekly/circleguide/detail/?id=3272&lng=en,なし,なし,なし,なし,なし,なし,なし,なし,なし,なし,なし,公式サイトから取得; リンク検証済み
C0411,3270,まっちワークグループ早稲田,国際交流・ボランティア,ボランティア,"イベントの企画・運営を通じて早稲田の商店街の方々や子どもたちと交流しながら、“早稲田のまちづくり”に取り組みます！
地域のお祭りや小学校でのイベントなど毎月多くのイベントに参加しております。
早稲田三大祭りの「早稲田祭」「地球感謝祭」「稲門祭」にも参加しています。
また、早稲田の魅力を発信するメディア「ワセダタウンマガジン」を紙媒体として発行し、東西線早稲田駅のラックやさまざまな早稲田のお店に置かせていただいております。
毎週水曜日5限の定例会議はアットホームな雰囲気なのですぐに仲良くなれます！メンバー同士のレクも盛んです。
ボランティアに少しでも興味のある方、子どもが好きな方、誰かの役に立ちたい方、早稲田のまちに詳しくなりたい方など、どなたでも大歓迎です！",毎週水曜日/17:00/学生会館,110人,2000年,1人,あり,"https://www.waseda.jp/inst/weekly/assets/uploads/2026/04/10f833521d703958154088782d143dd1-940x705.jpeg, https://www.waseda.jp/inst/weekly/assets/uploads/2026/04/57ac563bec595aa9a0f314ba3b7ebbed-940x1253.jpg, https://www.waseda.jp/inst/weekly/assets/uploads/2026/04/2ec509d6d20ee0ce568c5053a41a657c-940x825.jpeg",https://www.waseda.jp/inst/weekly/circleguide/detail/?id=3270&lng=en,なし,https://hakkenmatch.wixsite.com/website,https://www.instagram.com/hakkenmatch?igsh=dTFmOWl3emJ3Ynkz&utm_source=qr,https://x.com/match_waseda?s=21,なし,なし,なし,なし,なし,なし,なし,公式サイトから取得; リンク検証済み
C0412,3627,チャータースクールへの教育支援〜ハワイ編〜,国際交流・ボランティア,ボランティア,"ALOHA!! 私たちチャータースクール教育支援〜ハワイ編〜(Hawaii PJ) は、早稲田大学平山郁夫記念ボランティアセンター(WAVOC)から生まれた早稲田大学公認教育支援ボランティアサークルです。私たちは活動理念の「Learning by Teaching」のもと、毎年夏休みと春休みを利用して、アメリカ合衆国ハワイ州ハワイ島のボルケーノ村にあるチャータースクール(charter school)を訪れ、2週間ホームステイをしながら現地のこどもたちに日本語や日本文化の授業を教えたり、現地の子どもたちと交流を深める活動をしています。
/
/
/
/* 教育と子どもが好き！！
/
/* アメリカ、ハワイの文化に触れてみたい
/
/* 海外の教育現場に足を踏み入れてみたい
/
/* 日本文化が好きで自分の知っている日本の良さを世界にも知ってほしい
/
/* 国際交流に興味がある
/
/* 積極的に英語が話したい！
/
/という意思をお持ちの方、一緒にハワイの小中学校で教育支援ボランティアをしてみて、周りとは違った夏休みを過ごしてみませんか？?私達自身も、素直で一生懸命な子供達から学ぶことはたくさんあります。その他に、サークル全体のOHANA(オハナ)で渡航前に事前ミーティングやハワイと日本文化について勉強会を行い、WAVOC主催プレゼンコンテストへのイベントにも参加をしています。",週2回の現地のオンライン授業参加、月1回のチームミーティング、その他不定期活動あり/8時25分〜9時15分(オンライン授業)、その他活動時間は未定/WAVOCミーティングスペース、Wspace、オンライン,30人,2002年,1人,なし,"https://www.waseda.jp/inst/weekly/assets/uploads/2020/03/C252_1-940x705.jpg, https://www.waseda.jp/inst/weekly/assets/uploads/2020/04/C252_3-940x626.jpg, https://www.waseda.jp/inst/weekly/assets/uploads/2020/03/C252_4-940x705.jpg",https://www.waseda.jp/inst/weekly/circleguide/detail/?id=3627&lng=en,なし,https://hawaiipjaloha.wixsite.com/hawaii-pj,https://www.instagram.com/hawaii_pj/?hl=ja,https://twitter.com/hawaii_pj,なし,なし,なし,なし,なし,なし,なし,公式サイトから取得; リンク検証済み
C0413,3645,農楽塾,国際交流・ボランティア,ボランティア,「早稲”田”なのに、なぜ”田”んぼがないのか？」この素朴な疑問から、私たち農楽塾は発足し、大隈庭園にある「わせでん」を中心に幅広く活動してきました。発足から20年近くが経ち、現在ではわせでんでの稲作に加え、様々な活動を行っています。主な活動は、大隈庭園にある田んぼと畑の管理です。平日の昼休みに行い、活動が終わった後には3限が空いているメンバーでよくワセメシを食べに行きます。また、早稲田幼稚園や墨田区のステップ学級と交流があり、子どもたちに自然に触れてもらう機会を提供するボランティア活動を行なっています。田植えや稲刈りを一緒にやったり、ザリガニ釣りをすることもあります。土日には農家さんとの交流も定期的に行っています。所沢市やかすみがうら市の農家さんのもとを訪問する際には、農業体験ができるだけでなく、美味しいご飯をいただくこともできます。他にも農業要素のないものから濃いものまで色々な企画を行っているので、１年通して活動を楽しむことができます！私たちはこれからも「農を楽しみ、農を考える」をモットーに活動していきます。,平日お昼/休日不定期/大隈庭園など,54人,2003年,3人,なし,"https://www.waseda.jp/inst/weekly/assets/uploads/2018/03/nogakujuku2-940x705.jpg, https://www.waseda.jp/inst/weekly/assets/uploads/2018/03/nogakujuku1-940x705.jpg, https://www.waseda.jp/inst/weekly/assets/uploads/2018/03/nogakujuku3-940x626.jpg, https://www.waseda.jp/inst/weekly/assets/uploads/2018/03/nogakujuku2-290x290.jpg",https://www.waseda.jp/inst/weekly/circleguide/detail/?id=3645&lng=en,サークルサイト閉鎖,http://www.nogakujuku.net/,https://www.instagram.com/nogakujuku/,https://twitter.com/nogakujuku,なし,なし,なし,なし,なし,なし,なし,公式サイトから取得; リンク検証済み; ウェブサイト（サークル）: リンク切れ (fetch failed)
C0414,3714,DOORS-日越交流プロジェクト-,国際交流・ボランティア,ボランティア,こんにちは。DOORS日越交流プロジェクトです。私たちは、ベトナムの子供達に対する奨学金支援と交流会の運営を二本の大きな柱として活動しています。ベトナムには春と夏の長期休暇を利用し年二回、二週間づつ渡航しています。国内では、奨学金工面のため早稲田祭等のイベントに参加しベトナム雑貨の販売をしているほか、ベトナム人を中心とする在留外国人向けのイベントも月に一回開催しています。同期同士はもちろん、先輩後輩の仲もとても良いサークルです！二、三年生から参加する人も多いので、海外ボランティアに興味のある方はもちろん、東南アジアに興味のある方や異文化交流に興味のある方、イベントの企画が好きな人など誰でも歓迎です！是非一度ミーティングに来てみてください。,毎週月曜日/18時15分/早稲田大学3号館,50人,2003年,1人,なし,"https://www.waseda.jp/inst/weekly/assets/uploads/2018/07/59712374afbbeba5f56c82f3437f21f6-940x627.jpg, https://www.waseda.jp/inst/weekly/assets/uploads/2018/07/3a05e3447fd57d51b4db714a6aa8a3ce-940x626.jpg, https://www.waseda.jp/inst/weekly/assets/uploads/2018/07/Day-12-311-SF_180618_0250-940x705.jpg, https://www.waseda.jp/inst/weekly/assets/uploads/2018/07/UM_180618_0127-940x626.jpg",https://www.waseda.jp/inst/weekly/circleguide/detail/?id=3714&lng=en,サークルサイト閉鎖,https://nichietsu.jimdo.com/,https://www.instagram.com/doors_nichietsu/,https://twitter.com/nichietsu,なし,なし,なし,なし,なし,なし,なし,公式サイトから取得; リンク検証済み; ウェブサイト（サークル）: リンク切れ (fetch failed)
C0415,3788,学生 NGO EST,国際交流・ボランティア,ボランティア,学生NGO ESTは「学生だからこそできる最大限の支援を」をモットーに、フィリピンの子どもたちへ教育支援と文化交流を実践する実践型のボランティア団体です。毎年夏季休業期間中、フィリピンへ渡航して現地のホームステイや現地の遊び、簡単な授業を通じて、子どもたちと直接触れ合いながら、未来への希望や可能性を育む活動を行っています。授業では、衛生や歴史、地域の伝統文化などをテーマに、子どもたちが自ら考え学び合う場を提供し、夢の実現に向けたきっかけを作っています。また、活動計画から実施まで学生自らが主体的に取り組むことで、国際感覚やリーダーシップ、問題解決能力を培い、実社会で役立つ経験を積む絶好の機会となっています。加えて、一年を通して合宿等様々なイベントも充実しており、まじめなだけでなく楽しい活動内容です。志ある学生の皆さん、共に未来を切り拓くために、ESTに入会してフィリピンを支援してみませんか？,毎週火曜日/19時/学生会館,21人,2003年,0人,なし,"https://www.waseda.jp/inst/weekly/assets/uploads/2025/03/1Y23F068-3-1-202503061534-1.jpg, https://www.waseda.jp/inst/weekly/assets/uploads/2025/03/1Y23F068-3-1-202503061534-2-940x705.jpg",https://www.waseda.jp/inst/weekly/circleguide/detail/?id=3788&lng=en,なし,なし,https://www.instagram.com/est_waseda,https://x.com/EST_ngo,なし,なし,なし,なし,なし,なし,なし,公式サイトから取得; リンク検証済み
C0416,3630,アトム通貨実行委員会　早稲田・高田馬場支部,国際交流・ボランティア,ボランティア,"早稲田・高田馬場エリアで使用できる地域通貨「アトム通貨」の管理・運営や地域で行われるイベントにボランティアとして参加しています。
/
/
/
/地域の商店街や飲食店の方々と関わる機会が多いため、お店の人と顔馴染みになったりワセメシに詳しくなることができます！
/
/
/
/地域通貨を扱うのである程度の責任は必要ですが、自分で一からイベントの企画を行うこともできるので興味ある方はぜひ部室に見学に来てください！",毎週火曜日/18時15分/学生会館E532,25人,2004年,0人,なし,"https://www.waseda.jp/inst/weekly/assets/uploads/2018/03/atom-tsuka1.jpg, https://www.waseda.jp/inst/weekly/assets/uploads/2018/03/atom-tsuka2-940x529.jpg, https://www.waseda.jp/inst/weekly/assets/uploads/2018/03/atom-tsuka3-940x627.jpg",https://www.waseda.jp/inst/weekly/circleguide/detail/?id=3630&lng=en,なし,http://www.atom-community.jp/waseda-takadanobaba/,なし,https://twitter.com/atom_c_wt,なし,なし,なし,なし,なし,なし,なし,公式サイトから取得; リンク検証済み
C0417,3725,早大防災教育支援会 WASEND,国際交流・ボランティア,ボランティア,早大防災教育支援会WASENDは、2004年に発生したインドネシア・スマトラ島沖地震をきっかけに発足しました。現在約80人のメンバーが日本国内のみならず、インドネシア、フィリピンの子どもたちを対象に防災に関する教育活動を行っています。現地の大学生や専門家との綿密な現地調査の上、その地域に適した授業を実施し、それぞれ実験装置などを用いて体験的な内容にすることで、子どもたちの防災への意識向上を目指しています。このほか、地域の防災フェスへの参加も積極的に行っています。また、WASENDでは防災絵本も制作しており、これまでに「よしはまおきらい物語」「ぼくはひとりじゃない　〜ワヒュー君と、アチェをおそった大津波〜」の2冊を発刊しました。日本語／英語版とインドネシア語版の2種類を用意し、国内外の小学生に配布しています。,水曜・金曜、その他夏休み・春休み/18:15〜/社工演習室,80人,2004年,1人,なし,"https://www.waseda.jp/inst/weekly/assets/uploads/2019/07/743c593e88b30d8dcd30ff9493191e04-940x705.jpg, https://www.waseda.jp/inst/weekly/assets/uploads/2019/07/1efc1fa0637e7c4b38afe06dc4e6646b-940x705.jpg",https://www.waseda.jp/inst/weekly/circleguide/detail/?id=3725&lng=en,Instagramリンク切れ,http://wasend-blog.com/,https://deskgram.net/wasend2019,https://twitter.com/wasend_info,https://www.facebook.com/wasend.record/,なし,なし,なし,なし,なし,なし,公式サイトから取得; リンク検証済み; Instagram: リンク切れ (404)
C0418,3644,まつだい早稲田じょんのびクラブ,国際交流・ボランティア,ボランティア,新潟県十日町市松代地域は豊かな自然に囲まれ、冬には3〜4ｍの積雪を記録することもある日本有数の豪雪地域となっています。近年、人口減少により過疎化・高齢化が深刻な問題となっており、この地域には限界集落が多数存在します。私たちはこの松代地域の中の蒲生集落を主な拠点として活動を行っています。主な活動として週1回のミーティング、月1回の現地活動、教育支援を行う松代塾Jr.、雪国体験プログラムなどを行っています。現地活動では地域行事への参加や環境整備を通して現地の方々と交流しながら、豊かな自然や美しい棚田、集落行事等の地域文化の保全に努めています。松代塾Jr.とは夏休みに一般参加者とともに松代地域に住む小中学生を対象に教育支援を行うプロジェクトであり、雪国体験プロジェクトという活動も一般参加者を募り、雪ほりや民泊を通じて雪国を体験するプログラムです。この二つのプロジェクトは一般参加者に松代の魅力を知ってもらうことも目的としており、より多くの方に松代の魅力を発信するため大学のイベント等にも積極的に参加しています。現地の方々との交流によって楽しみを共有し、大学生であることを活かして地域活性化に貢献することを目標に様々な活動に取り組んでいます。,毎週金曜日/18時半/WAVOC,7人,2005年,0人,あり,"https://www.waseda.jp/inst/weekly/assets/uploads/2018/03/jonnobi1-940x529.jpg, https://www.waseda.jp/inst/weekly/assets/uploads/2018/03/jonnobi2-940x529.jpg, https://www.waseda.jp/inst/weekly/assets/uploads/2018/03/jonnobi3-940x529.jpg",https://www.waseda.jp/inst/weekly/circleguide/detail/?id=3644&lng=en,なし,なし,なし,なし,なし,なし,なし,なし,なし,なし,なし,公式サイトから取得; リンク検証済み
C0419,3715,日本コリア未来プロジェクト,国際交流・ボランティア,ボランティア,"日本コリア未来プロジェクト（通称ニッコリ）は、「活動を通して自らの可能性に気付き、考え、行動することで日本とコリアを繋ぎ、みんなが?にっこり″と笑える未来を築く」をモットーに日々活動しています。毎週、領土問題・慰安婦問題・核問題といった韓国や北朝鮮に関するテーマで勉強会を実施したり、月単位で朝鮮大学校にて開催する北朝鮮に関する勉強会に参加したりしています。また、他団体とのコラボイベントや内部向けのイベントを実施するなど、楽しみながら交流を深めることの出来る企画も多数実施しています。さらに夏には1週間程、韓国と北朝鮮を分断する38度線付近の農村で日韓の学生がボランティア活動を行っています（「38度線平和活動」）。私たち日本コリア未来プロジェクトは、日韓の学生の交流こそが、お互いの国に対して抱いている偏見を払拭する上で不可欠なことであると考えています。私たちは活動を通した交流によって、新しい韓国・北朝鮮を見つけ、未来志向の日韓・日朝関係を構築する一歩を踏み出していきたいと思っています！！あなたも私たちと一緒にその一歩を踏み出してみませんか？ニッコリ一同、あなたのご参加を心よりお待ちしています！
/
/
/
/Japan & Korea Future Project?， also known as ?Nikkori?， is a student club whose aim is to contribute to a brighter future for Japanese-Korean relationships. Our motto is: ?Realize an individual’s abilities， think deep， and make actions?. We mainly organize four types of activities.
/
/
/
/1: Weekly Study Sessions
/
/Through presentations and group discussions on topics regarding Korea (e.g. territorial disputes， comfort women issues， and nuclear issues)， we try to deepen our understandings on the Korean Peninsula.
/
/
/
/2: Visit to Korea University
/
/We regularly visit Korea University， located in the city of Kodaira， where we join their meetings and events. Also， we organize various kinds of activities and with the involvement of Korea University's students. Through this， we can acquire a better insight of North Korea.
/
/
/
/3: Events
/
/We frequently hold fun events including collaborations with other organizations such as the Waseda Korean Students Association， where you are able to meet new people and have memorable experiences.
/
/
/
/4: DMZ Peace Project
/
/During the summer， we make a short trip to a village in the DMZ (Demilitarized Zone) Area， and we volunteer to help local farmers.//////
/
/
/
/?NIkkori? believes that having better and deep communication and understanding between Japanese and Korean people in our generation is the key to overcome existing negative images that we have on each other’s countries.
/
/Nikkori is the future for better relations between Japan and the two Koreas. We offer great opportunities for you to find your strengths and meet awesome people.",毎週火曜日・金曜日（活動によって異なる）/18時半/早稲田キャンパス・早稲田大学ボラティアセンター,50人,2005年,10人,あり,"https://www.waseda.jp/inst/weekly/assets/uploads/2018/07/180625_33851561_1935513379800516_6243056743685816320_o-940x705.jpg, https://www.waseda.jp/inst/weekly/assets/uploads/2018/07/180625_33184079_1925744614110726_9035140379233484800_o-940x529.jpg",https://www.waseda.jp/inst/weekly/circleguide/detail/?id=3715&lng=en,なし,https://www.waseda.jp/inst/wavoc/news/2016/03/28/1556/,https://www.instagram.com/peace38.nikkoripj/,https://twitter.com/nikkoripj,https://www.facebook.com/nikkoripj/,なし,なし,なし,なし,なし,なし,公式サイトから取得; リンク検証済み
C0420,3493,WHABITAT,国際交流・ボランティア,ボランティア,"国際NGO団体Habitat for Humanityの早稲田大学学生支部です。メインの活動として長期休業中に発展途上国での住居建築ボランティア（GV）を行っています。海外での活動以外にも、同じく長期休業中にチームを組んで国内様々な地域へ派遣でのボランティア活動を行ったり、東京近郊での農業支援やゴミ拾いなどを定期的に行ったりと、多岐にわたる活動を行っています。社会問題を扱う週1回のミーティングも行っており、ホストによる発表や参加メンバー同士のディスカッションなどを通してボランティアに対する意識を上げる機会を設けています。上に記載した当サークルの母団体が同じ他大学との交流をすることもでき、たくさんの人と交流・意見を交換することもできます。ボランティア活動に限らず、クリスマスパーティー、BBQなどのレクや新歓期・夏・冬の合宿などのイベントも定期的に開催しているため、大学生ならではの楽しさも味わえます！サークル全体の雰囲気として、メンバー同士学年性別の壁関係なくとても仲が良く楽しい雰囲気で、いつ誰が来ても笑顔で出迎えてくれるようなみんなが温かくてアットホームであることが大きな特徴です。学びも遊びも全力で取り組むことができるので、「大学生だし新しいことに挑戦したい！学びながらも、ちゃんと大学生活楽しみたい」という方にピッタリです。WHABITATに入って、一緒に大学生活を充実させませんか？
/
/
/
/Doing residential construction volunteering activity overseas! Largest volunteer circle in Waseda University with a variety of experiences!
/
/We are the Waseda University student branch of the international NGO Habitat for Humanity. Our main activity is volunteer work for building houses in developing countries during long vacations. In addition to overseas activities， we also organize teams to volunteer in various areas in Japan during long vacations， and regularly support agriculture and pick up trash in the suburbs of Tokyo. We also hold weekly meetings to discuss social issues and provide opportunities to raise volunteer awareness through presentations by hosts and discussions among participating members. We are also able to interact with other universities that share the same parent organization as our circle listed above， and we are able to exchange ideas and opinions with many people. Not limited to volunteer activities， we also regularly hold events such as a Christmas party， BBQ， and other recreational activities， and camps， so you can enjoy the fun that only university students can have! The atmosphere of the circle as a whole is very friendly and fun， regardless of grade or gender. The main feature of the circle is that everyone is kind and cozy， welcoming everyone with a smile no matter who and when they come. Because we can give our all in both learning and playing， we are able to meet the needs of those who want to try something new! Join WHABITAT and let's make your college life more fulfilling!",毎週水曜日/19時/教室・早稲田付近の会議室　土日随時不定期ボランティア,87人,2008年,0人,あり,"https://www.waseda.jp/inst/weekly/assets/uploads/2017/03/WHABITAT2.png, https://www.waseda.jp/inst/weekly/assets/uploads/2017/03/WHABITAT3.png",https://www.waseda.jp/inst/weekly/circleguide/detail/?id=3493&lng=en,なし,https://whabitatwaseda.wixsite.com/whabitat,https://www.instagram.com/whabinsta/,https://twitter.com/WHABITAT,なし,なし,なし,なし,なし,なし,なし,公式サイトから取得; リンク検証済み
C0421,3628,ラオス学校建設教育支援プロジェクト〜スーン〜,国際交流・ボランティア,ボランティア,私たちは、「共に考え、共に感じる」という活動理念のもと、冬休み中の2週間、ラオス南部チャンパサック郡にあるノンヴィエン村・ノンサ村において、教育支援活動を行なっています。コロナウイルスの影響で２年間渡航が出来ませんでしたが、昨年度は３年ぶりに現地へ渡航し活動しました。アクティビティ班では「チームワーク」をテーマにした運動会を企画し、低学年班では環境問題を扱いました。また、高学年班では世界遺産教育を行いました。授業以外にも先生交流や家庭訪問を行い、ラオスの文化を肌で感じることが出来ました。日本国内でも、ラオスからの留学生との交流会や中学高校での授業、早稲田祭への出展を行っています。先輩後輩の垣根がなく、アットホームな雰囲気なので、新メンバーの意見も取り入れられ1年目から深く関わることができるサークルです。皆さんの入会お待ちしています♪,毎週月or火or水、金曜日/学生会館,15人,2009年,0人,あり,https://www.waseda.jp/inst/weekly/assets/uploads/2020/04/c253-940x705.jpg,https://www.waseda.jp/inst/weekly/circleguide/detail/?id=3628&lng=en,なし,https://laosun.jimdofree.com,https://www.instagram.com/laos.sung/,https://twitter.com/laos_sun,なし,なし,なし,なし,なし,なし,なし,公式サイトから取得; リンク検証済み
C0422,3636,早稲田大学気仙沼チーム,国際交流・ボランティア,ボランティア,"私たちは東日本大震災直後の早稲田大学と宮城県気仙沼市の繋がりから発足し、以来、継続的に復興支援活動に取り組んできました。現在は、2ヶ月に1回のペースで現地に訪れ、スタディーツアーや学習支援、イベントのお手伝いを行っています。8月に行われる「気仙沼みなとまつり」は、運営のお手伝いをしながら私たち自身も踊り手としてお祭りを盛り上げる一大イベントです。震災から13年たった現在では現地の状況やニーズも変化し、がれき撤去作業から始まった私たちの活動も変化し続けています。震災時の気仙沼の姿だけでなく、現在の魅力も発信し続けることで気仙沼がより活気あふれる元気な街になるよう、東京でも精力的に活動しています。また、2020年以降、ブログやフリーペーパーの配布を通した気仙沼の情報発信を行っており、今まで以上に多くの方に気仙沼を知ってもらうきっかけづくりを行っています。震災から時間が経ち、時の記憶が風化していくと共に現地で活動するボランティアの数も減っています。これは当然の事なのかもしれません。しかし、現地にはまだ私たちのことを必要としている人、そして私たちの活動で笑顔になってくれる人がたくさんいます。そんな方々の声に、私たちは応え続けていきます。ボランティアに少しでも興味のある方、東北に行ってみたい方、震災について少し勉強してみたい方、どんな方でも大歓迎です。
/
/
/
/私たちと一緒に気仙沼を盛り上げませんか？",週一回（曜日不定）/99号館WAVOCミーティングスペース/18時〜20時,22人,2011年,0人,なし,"https://www.waseda.jp/inst/weekly/assets/uploads/2020/04/C260_01-940x529.jpg, https://www.waseda.jp/inst/weekly/assets/uploads/2020/04/C260_02-940x705.jpg, https://www.waseda.jp/inst/weekly/assets/uploads/2020/04/C260_03-940x705.jpg",https://www.waseda.jp/inst/weekly/circleguide/detail/?id=3636&lng=en,noteリンク切れ,http://kesennumainfo.weebly.com/,https://www.instagram.com/waseda_kesennuma,https://twitter.com/wavoc_kt,https://www.facebook.com/kesennuma.shien.team,なし,なし,なし,なし,https://note.com/kesenuma2020,なし,公式サイトから取得; リンク検証済み; note: リンク切れ (404)
C0423,3287,早稲田大学POST,国際交流・ボランティア,ボランティア,"「ボランティアに興味があるけど、具体的に何がしたいかわからない…」「いろんなボランティアに挑戦してみたい！」などなど考え中の方！そんなあなたには早稲田大学POSTがおすすめです！POSTは、ボランティアであればなんでもできる、オールジャンルが特徴の公認ボランティアサークルです。主な活動は、高齢者との方々との交流サロン、放課後デイでの支援活動、ゴミ拾い、長期休み中の農業体験合宿、その他イベント運営など様々な単発ボランティアです。ボランティアを通して、子どもから高齢者まで、幅広い年代の方と交流できます。メンバー同士の仲が良く、とても居心地の良いサークルです！
世界的なパンデミックにより、人とのつながりが希薄化してしまった今だからこそ、かつては見えてこなかったつながり方やその重要性を私たちは知ることになりました。日常にあるつながりを大切にするだけでなく、自分から外に働きかけることで人はつながることの温かさを実感できる、ボランティアを通して、そんな体験ができるのが早稲田大学POSTです。
ボランティアは決して一方通行ではなく、双方向の人とのつながりであり、それを通じて相手を受け入れ、同じ空間に共にいることに喜びを感じることができます。団体で活動するからこそ生まれる人とのつながりを大切に私たちはボランティアをしています。","ミーティング：週1回/12:30～13:00、17:00～18:40、21:00～21:40/学生会館2階、3号館Wスペース、zoom
高齢者との交流会(サロン)：毎月第2日曜日/9:00～12:00/西早稲田地域交流館
放課後等デイサービスでの活動：任意/高田馬場または北新宿
ゴミ拾い：月1回/11:00～12:00/早稲田周辺
農業体験合宿：春休みと夏休みの年2回/福島県会津若松市
その他様々なボランティア活動ができます！",26人,2013年,3人,あり,"https://www.waseda.jp/inst/weekly/assets/uploads/2025/03/1U230865-3-1-202503221533-1-940x885.jpg, https://www.waseda.jp/inst/weekly/assets/uploads/2025/03/1U230865-3-1-202503221533-2-940x2087.jpg, https://www.waseda.jp/inst/weekly/assets/uploads/2025/03/1U230865-3-1-202503221533-3-940x1253.jpg",https://www.waseda.jp/inst/weekly/circleguide/detail/?id=3287&lng=en,なし,https://vir.jp/PostWaseda,https://www.instagram.com/waseda_post,https://x.com/plannerpost,なし,なし,なし,なし,なし,なし,なし,公式サイトから取得; リンク検証済み
C0424,3773,早稲田大学いちご大福研究会,国際交流・ボランティア,ボランティア,"いちご大福に特化して活動を行っている日本初のサークルです。創設は2016年で、いちご大福の魅力を世界に広めたいとの思いで発足しました。いちご大福が好き、いちごが好き、甘いものが好き、料理が好き、商品開発をしてみたい、サークル名が面白いなど入部理由は人によってさまざまです。部員の中には「いちごは苦手だけど、面白そうだから入部しました」という人も。インカレサークルのため他大学の学生さんも多く、みんなで和気あいあいと活動に取り組んでいます。主な活動は、サークルオリジナルの商品販売に向けた大福の試作会や、いちご大福を中心とした大福の食べ比べです。その他にも夏合宿や早稲田祭での出店、日帰り旅行などもしています。
/
/
/
/2022年からは、商品開発に重きをおいて活動してきました。何度も試作を重ねた結果、2023年4月、ついに西早稲田にある「茶々工房」さんとコラボした商品を販売することになりました。「茶々工房」さんのお茶と合うように開発した「包まないいちご大福」は、販売時期の春に合わせて、ピンクと白の求肥を桜の形に。生クリームとあんこを使用したあんこクリームといちごを載せて、かわいらしく仕上げました。好評をいただき、5月には浅草店でのテークアウト販売もさせていただきました。
/
/
/
/商品開発に興味がある、いちご大福が好き、大福に詳しくなりたい、どんな理由でも歓迎です。
/
/
/
/一緒に活動を盛りあげていきましょう！
/
/
/
/
/
/We are the first circle in Japan that specializes in strawberry Daifuku. Founded in 2016， it was launched with the aim of spreading the charm of strawberry Daifuku to the world. People have different reasons for joining the club， such as liking strawberry Daifuku， liking strawberries， liking sweets， liking cooking， wanting to develop products， and the circle name is interesting. One of our members said， “I don't like strawberries， but I joined the club because it sounded interesting”. Since it is an intercollegiate circle， there are many students from other universities， and everyone is engaged in activities in a friendly atmosphere. The main activities are trial production of Daifuku for the sale of the circle's original products and comparison of Daifuku， especially strawberry Daifuku. We also have summer camps， stalls at the Waseda Festival， and day trips.
/
/
/
/Since 2022， our activities have focused on product development. After many prototypes， in April 2023， we finally decided to sell a product in collaboration with “Chacha Kobo” located in Nishi-waseda. The “Unwrapped Strawberry Daifuku” was developed to match the tea of Chacha Kobo， and pink and white mochi (rice cake) was made into the shape of cherry blossoms in time for the spring selling season. The mochi is topped with fresh cream， anko (red bean paste) cream， and strawberries to make it look pretty. It was so well received that we sold take-out at our Asakusa store in May.
/
/
/
/If you are interested in product development， like strawberry Daifuku， or want to learn more about Daifuku， any reason is welcome.
/
/
/
/Let's make our activities more exciting together!",月3回程度（曜日不定）/平日19時、休日不定/学生会館、地域センター調理室,41人,2016年,0人,あり,"https://www.waseda.jp/inst/weekly/assets/uploads/2023/12/ichigodaifuku-2-940x519.jpg, https://www.waseda.jp/inst/weekly/assets/uploads/2023/12/ichigodaifuku-3-940x627.jpg, https://www.waseda.jp/inst/weekly/assets/uploads/2023/12/ichigodaifuku-1-940x1175.jpg",https://www.waseda.jp/inst/weekly/circleguide/detail/?id=3773&lng=en,なし,https://ichigowaseda.wixsite.com/circle,https://www.instagram.com/ichigowaseda/,https://twitter.com/ichigowaseda,なし,なし,なし,なし,なし,なし,なし,公式サイトから取得; リンク検証済み
C0425,3764,和歌山学生稲門会,その他,学生稲門会,和歌山学生稲門会は和歌山出身の学生が集まって交流したり、稲門会のOBの方々と交流して和歌山を盛り上げる地方学生の会です。主に１０月後半にある稲門祭に向けて活動します。他に会員を集めた様々なイベントを開催しています。早稲田では、和歌山で生まれ育った学生たちと出会うのは難しいかもしれませんが、「故郷を忘れたくない」「和歌山を感じたい」という学生にはとっておきの会です。ぜひ和歌山出身の学生は参加お願いします。SNSからいつでもご連絡をお待ちしております。,イベント開催時,20人,1902年,0人,なし,"https://www.waseda.jp/inst/weekly/assets/uploads/2023/06/wakayama_tomon-3-940x627.jpg, https://www.waseda.jp/inst/weekly/assets/uploads/2023/06/wakayama_tomon-2-940x654.jpg, https://www.waseda.jp/inst/weekly/assets/uploads/2023/06/wakayama_tomon-1.jpg",https://www.waseda.jp/inst/weekly/circleguide/detail/?id=3764&lng=en,なし,なし,https://instagram.com/wakayamagakuseitomon?igshid=OGQ5ZDc2ODk2ZA==,https://twitter.com/wakayamagakusei,なし,なし,なし,なし,なし,なし,なし,公式サイトから取得; リンク検証済み
C0426,3219,全国早稲田学生会連盟,その他,学生稲門会,地方出身早大生なら、いつでも誰でもイベントに参加できます！地方学生の会（○○学生稲門会）は、各道府県にゆかりのある（出身地、出身高校など）早大生が集まり、親睦を深めることを目的として設立された公認サークルです。同郷の絆を強める以外にルールはありません！一緒に飲みに行ったり、地元のお祭りに参加したり、合宿をしたりと、各学生稲門会が特色ある活動を行っています。北海道から沖縄まで、全国30近い学生稲門会があり、多数の地方（東京・神奈川・埼玉以外）出身早大生が所属しています。全国早稲田学生会連盟（全早連）は、学生稲門会の連合組織として、学生稲門会合同の親睦会やイベントの企画・運営、早稲田大学体育祭正式種目・「Tokyoハイク」や、春の「新入生ウェルカムパーティ」、秋の「稲門ふるさとパーティ」の運営など、幅広い活動を行っています。所属学部・学年も異なるたくさんの仲間と出会えるサークルです！また、初めて出会う相手にも、すでに「同郷」というかけがえのないつながりがあります。ぜひ一度、気軽に学生稲門会や全早連の活動に参加してみてください。※このサークル紹介に載っていない学生稲門会もあります。「僕（私）の出身地の学生稲門会はないの？」という方は、一度全早連にご連絡ください。,曜日不定随時/学生会館E210,1000人,1965年,0人,なし,"https://www.waseda.jp/inst/weekly/assets/uploads/2016/02/L_zenkokuwasedagakuseirenmei-940x626.jpg, https://www.waseda.jp/inst/weekly/assets/uploads/2016/08/1X14C125-1-15-201607151223-110-940x626.jpg, https://www.waseda.jp/inst/weekly/assets/uploads/2016/08/1X14C125-1-16-201607151223-110-940x705.jpg",https://www.waseda.jp/inst/weekly/circleguide/detail/?id=3219&lng=en,なし,なし,なし,https://twitter.com/zensoren,なし,なし,https://www.waseda.jp/inst/weekly/report/2013/06/27/13595/,なし,なし,なし,なし,公式サイトから取得; リンク検証済み
C0427,3225,山梨学生稲門会,その他,学生稲門会,"山梨学生稲門会は山梨県出身の早大生の憩い場を目指して日々活動しています。普段早稲田キャンパス近くのカフェ「ぷらんたん」に集まり、仲良くランチしたり、たまに飲み会を開いたり、長期休暇に合宿をしたり、甲府で集まったり…とのんびり活動しています。
/
/他県の学生稲門会や校友の方々とのつながりも強く、伝統もあり、交流・人脈を広げる機会もたくさんあります。年に一度は山梨県で開催される早稲田大学地域交流フォーラム、校友会支部総会にも参加しています。
/
/皆さん山梨を離れ、早稲田でたくさんの新しい友達もできたことでしょう。でも、心のふるさと山梨県の話でも盛り上がってみませんか？「同郷」というだけで学部・学年・趣味に関係なく、親近感も連帯感もある、とっても温かいサークルです。みんな他のサークルと掛け持ったりしている人も多いです。
/
/学年問わずいつでも新メンバーは大募集中！ 1年生はもちろん、4年生も5年生も大学院生もウェルカムです！ つーこんで、一度でもいいのでぜひ遊びにきてみてくださいね！ よっちゃばりましょう。いつでもお待ちしております。",週末は山梨にいます。(高田馬場),21人,1976年,0人,あり,"https://www.waseda.jp/inst/weekly/assets/uploads/2016/09/7dff7e18f159cbcdb2a86091f4ee491a-940x529.jpeg, https://www.waseda.jp/inst/weekly/assets/uploads/2016/09/7eb4b1a28c3e63366d6481af8b0e6c5f.jpeg, https://www.waseda.jp/inst/weekly/assets/uploads/2016/09/cd6a585dd7fc98b9c34224ce35b210d2.jpeg",https://www.waseda.jp/inst/weekly/circleguide/detail/?id=3225&lng=en,なし,なし,なし,https://mobile.twitter.com/yamanasiwase,なし,なし,なし,なし,なし,なし,なし,公式サイトから取得; リンク検証済み
C0428,3234,山口学生稲門会,その他,学生稲門会,私たち山口学生稲門会は本年度から本格的に活動をはじめ、稲門祭に出店するなど、活気あふれるサークルです。山口県の魅力を最大限引き出せるようサークル内での親睦も深めています。山口県人でなくても、山口県が大好き、または山口という氏を持つ方も大歓迎です。1カ月に1度の割合でイベントを企画していま。また、全国の稲門会を統括する全国早稲田学生連盟の企画するイベントなどにも積極的に参加していくスタイルです。早稲田大学に所属している山口県人、山口県に少しでも興味のある方はいつでも連絡ください！ 何年生でも大歓迎です。目標は早稲田祭に出店することと、山口県庁と協力して山口を盛り上げる活動を東京の地でしていきたいと思います。今後とも山口学生稲門会をよろしくお願いいたします！,月に1-2回 本キャン 8号館,28人,2015年,0人,あり,なし,https://www.waseda.jp/inst/weekly/circleguide/detail/?id=3234&lng=en,なし,なし,なし,なし,なし,なし,なし,なし,なし,なし,なし,公式サイトから取得; リンク検証済み; 写真URLなし
C0429,3710,岡山学生稲門会,その他,学生稲門会,毎年秋に稲門祭に出店し、きびだんご等岡山の名物を販売したり、教務部主催の地域フォーラムに参加して大学説明を行ったりと、2017年度から本格的に活動を再開致しました。活動を通して岡山出身在学生同士の親睦を深め、在学生と校友の親睦を深めていきます。また、毎年岡山県主催のパーティに招待されるなど活動は多岐に渡ります。岡山出身の皆さん、是非活動に参加してみませんか?,不定期,50人,2018年,0人,なし,"https://www.waseda.jp/inst/weekly/assets/uploads/2018/07/okayama01.jpg, https://www.waseda.jp/inst/weekly/assets/uploads/2018/07/okayama02.jpg",https://www.waseda.jp/inst/weekly/circleguide/detail/?id=3710&lng=en,なし,なし,なし,https://twitter.com/okayama_tomon,なし,なし,なし,なし,なし,なし,なし,公式サイトから取得; リンク検証済み
C0430,3719,佐賀学生稲門会,その他,学生稲門会,佐賀県出身、または佐賀にゆかりのある学生による学生稲門会です。就活相談や新入生へのサポートから地方創生活動まで、内容は多岐にわたります。興味のある学生は、ぜひ入会だけでもいかがですか？,不定期,5人,2018年,0人,なし,なし,https://www.waseda.jp/inst/weekly/circleguide/detail/?id=3719&lng=en,なし,なし,なし,なし,なし,なし,なし,なし,なし,なし,なし,公式サイトから取得; リンク検証済み; 写真URLなし
C0431,3720,鹿児島学生稲門会,その他,学生稲門会,鹿児島学生稲門会は、2018年度に設立されはじめて稲門祭に出店したり、校友の方々と交流を楽しんでいます。みんなとても優しくて、アットホームな雰囲気です。ぜひ鹿児島県出身の学生からの連絡をお待ちしています。鹿児島弁でたくさん話しましょう！,不定期,9人,2018年,0人,なし,"https://www.waseda.jp/inst/weekly/assets/uploads/2019/04/20429917_1431420260274992_8772721951527336846_n-940x705.jpg, https://www.waseda.jp/inst/weekly/assets/uploads/2019/04/20429917_1431420260274992_8772721951527336846_n-290x290.jpg",https://www.waseda.jp/inst/weekly/circleguide/detail/?id=3720&lng=en,なし,なし,なし,なし,なし,なし,なし,なし,なし,なし,なし,公式サイトから取得; リンク検証済み
C0432,3730,北海道学生稲門会,その他,学生稲門会,こんにちは！北海道学生稲門会は、北海道出身の現役学生とOB・OG、また現役学生同士の交流を目的として活動を行っているサークルです。具体的な活動としては、定期的な食事会や不定期のイベント（スキー、鍋パなどを予定しています！）稲門祭における北海道の特産品の販売、地域交流フォーラムの開催、その他様々な企画等で交流の場を設けています。稲門祭などのイベントへの出店を通して、北海道の魅力を発信し、北海道の発展への貢献を目指しています。コロナ禍からの立て直し期間ということもあり、どんなイベントや企画でも新たに行っていこうという風土があります。北海道内各地から集まってきた同郷の早大生と交流を深められるサークルとして、ぜひ！,随時/学生会館E210等,30人,2019年,0人,なし,https://www.waseda.jp/inst/weekly/assets/uploads/2020/01/abcecb67c798f2d89f8971dac4e06ec5-940x705.jpg,https://www.waseda.jp/inst/weekly/circleguide/detail/?id=3730&lng=en,なし,なし,https://www.instagram.com/hokkaidostudentstomonkai/,https://twitter.com/hokkaitoumon,なし,なし,なし,なし,なし,なし,なし,公式サイトから取得; リンク検証済み
C0433,3763,福岡学生稲門会,その他,学生稲門会,"学生稲門会とは、出身地域という共通点のある学生同士で集まり、情報共有や様々なイベントの企画を行うサークルです。
/
/
/
/福岡学生稲門会はコロナ禍で一時活動を中断していましたが、今年度より活動を再開しました。OB/OGの方々と一緒に稲門祭への参加、就活イベントなどの企画、他の学生稲門会との交流など様々な活動を行えたらと思っています。
/
/
/
/地方から出てきて不安な方、OB/OGの方々とのコミュニケーションを取りたい方、ぜひ一緒に活動しませんか？
/
/
/
/特に今年度はサークル再始動の年より、新たな企画の立案など、能動的に活動するチャンスがたくさんあります！皆さんのしたいこと福岡出身というIdentityをキーに一緒に叶えましょう！",不定期,若干名,2022年,0人,あり,なし,https://www.waseda.jp/inst/weekly/circleguide/detail/?id=3763&lng=en,なし,なし,なし,https://twitter.com/fukuoka_toumon,なし,なし,なし,なし,なし,なし,なし,公式サイトから取得; リンク検証済み; 写真URLなし
C0434,3237,長崎学生稲門会,その他,学生稲門会,長崎出身の学生による県人会です。飲み会を開催したり、他の稲門会と共同で運動会を開催したりしています。,情報なし,40人,情報なし,情報なし,なし,なし,https://www.waseda.jp/inst/weekly/circleguide/detail/?id=3237&lng=en,なし,なし,なし,なし,なし,なし,なし,なし,なし,なし,なし,公式サイトから取得; リンク検証済み; 活動日時・場所なし; 設立年なし; 外国人学生の受け入れなし; 写真URLなし
C0435,3238,熊本学生稲門会,その他,学生稲門会,熊本県出身の早大生が集い、年に1度の稲門祭への参加や懇親会などを行っています。,不定期,65人,情報なし,情報なし,なし,なし,https://www.waseda.jp/inst/weekly/circleguide/detail/?id=3238&lng=en,なし,なし,なし,https://twitter.com/WASEDA_Kumamoto,なし,なし,なし,なし,なし,なし,なし,公式サイトから取得; リンク検証済み; 設立年なし; 外国人学生の受け入れなし; 写真URLなし