circle_id,waseda_id,source_hash,名前,メインカテゴリ,サブカテゴリ,活動内容,活動日時・場所,サイトメモ,translation_status,review_status,review_note
C0001,3162,d56931f91fa0069f,軟式棒球部,體育（球類）,棒球,我們的軟式棒球部隸屬於東京六大學軟式棒球聯盟，參加春季和秋季聯賽，目標是晉級更高水準的賽事。近年來，我們取得了優異的成績，例如贏得六大學秋季聯賽冠軍，以及在東日本錦標賽中躋身前八名。我們深知自己是大學軟式棒球界的一支勁旅，因此我們每天都努力訓練。我們的隊員背景多元，既有參加過甲子園比賽的經驗豐富的選手，也有高中棒球經驗尚淺的新人，但我們共同的特點是認真對待每一項運動，力求進步。如果您立志在大學期間參加全國錦標賽，或者您想認真打棒球但覺得俱樂部環境不夠理想，那麼我們誠摯地邀請您加入我們！,週一至週五 / 上午 9:00 至 11:00 或下午 1:00 / 石神井公園、宇喜間公園等。,無,google_translate_zh_tw,llm_reviewed,Google Sheets GOOGLETRANSLATE zh-TW draft; structurally checked and normalized for Cantonese/Traditional Chinese site use.
C0002,3530,c96737fb38ffff71,科學與工程棒球俱樂部,體育（球類）,棒球,"我們是早稻田大學唯一的硬式棒球俱樂部，隸屬於六校理工聯盟。我們每週訓練1-3次，每天都刻苦訓練，目標是贏得六校聯盟的冠軍。我們的教練團由來自早稻田大學、日本女子大學、東京女子大學、聖泉大學、學習院女子大學、東京化成大學、昭和女子大學和共立女子大學等各大學的學生組成。我們的訓練和比賽場地遍佈東京及週邊地區，例如駒澤公園棒球場、江戶川球場、神宮室內棒球場、朝霞市立棒球場、大野寺球場、上弓球場和立川公園棒球場。除了3月份的宮崎集訓、5月份的新成員歡迎營、9月份的夏令營、東京巨蛋的比賽以及海外巡迴賽之外，我們還有許多其他活動，例如在體育館進行的各種休閒活動。雖然我們的名字裡有“科學與工程”，但我們也有很多文科生！


/
/
/
/如果您在瀏覽我們的Instagram或其他貼文後感興趣，歡迎來觀看我們的試聽課程！即使在迎新期之外，我們也在招收學生，所以歡迎隨時透過社群媒體私訊聯繫我們！","平日（課後）和週末

/
/
/
/ 東京市內或附近的棒球場

/
/
/
/ 例如：駒澤公園棒球場、江戶川區棒球場、神宮室內體育館、朝霞中央公園棒球場",無,google_translate_zh_tw,llm_reviewed,Google Sheets GOOGLETRANSLATE zh-TW draft; structurally checked and normalized for Cantonese/Traditional Chinese site use.
C0003,3396,6b522506d2247e8b,江戶之會（軟式棒球部）,體育（球類）,棒球,我們是江戶之會軟式棒球部，今年迎來了50週年！我們每週二和週五訓練兩次，經驗豐富的球員和新手都會一起參與。俱樂部活動豐富多彩，包括四月的新會員迎新營，以及六月和十一月為期兩天一夜的錦標賽訓練營。這些訓練營讓球員有機會與不同年級的學生組隊，增進彼此間的友誼。此外，我們九月的夏令營不僅包含棒球訓練，還有各種娛樂活動，例如在河裡玩耍、挑戰膽量遊戲和煙火表演。三月我們也會舉辦春訓營。除了棒球之外，我們還積極參與年度錦標賽，每天努力訓練，目標是在職業球場和關東地區錦標賽中取得好成績。除了棒球之外，我們還會舉辦一些讓教練們也能享受的活動，例如夏季遊輪之旅、滑雪營和年級迪士尼樂園之旅。,每週二和週五下午 3 點至 7 點 / 上井草、宇喜間、鐵學堂等,無,google_translate_zh_tw,llm_reviewed,Google Sheets GOOGLETRANSLATE zh-TW draft; structurally checked and normalized for Cantonese/Traditional Chinese site use.
C0004,3198,74043b20f10b14fd,職棒球迷圈精選,體育（球類）,棒球,這裡每個人都熱愛棒球！我們的成員涵蓋範圍很廣，從所有12支職業棒球隊的球迷到美國職棒大聯盟（MLB）和東京大學棒球聯盟（Tokyo 六大學 University League）的球迷都有。我們不僅一起去看比賽，還舉辦各種有趣的活動，例如在橫濱體育場打業餘棒球，在早稻田祭上擺攤！我們每週還會在都會公園的棒球場上打兩次軟式棒球！我們的程度不算特別高，但新手和女生都能一起玩得很開心，所以如果你想打打棒球，或是結交同一支球隊的球迷朋友，那就加入我們，體驗最棒的大學生活吧！我們也熱烈歡迎其他大學的學生以及其他社團的成員加入！,每週二和週五下午 5 點至晚上 9 點，在東京市立公園的棒球場（業餘棒球）；偶爾在關東地區的主要棒球場（觀看棒球比賽）。,無,google_translate_zh_tw,llm_reviewed,Google Sheets GOOGLETRANSLATE zh-TW draft; structurally checked and normalized for Cantonese/Traditional Chinese site use.
C0005,3399,bb3c5377bd7ae9ab,早稻田大學女子軟式棒球部 WASEBI,體育（球類）,棒球,"大家好！我們是早稻田大學唯一的女子軟式棒球部！我們每週在東京的場地訓練3-4天！ WASEBI的優勢在於，你可以認真對待棒球！我們歡迎所有即使進入大學後也想保持運動的同學，以及想要嘗試新鮮事物的同學！我們的大部分隊員都是在大學才開始打棒球的，也有一些隊員之前無運動經驗！即便如此，我們的教練和前輩們都非常友善，會提供全面的指導，所以即使是新手也能很快融入團隊！我們也積極歡迎國際學生，讓你在打棒球的同時享受國際交流的樂趣！

/
/
/
/當然，身為大學生，你一定也想兼職工作！而且你一定也想專注於學業（？）！別擔心！我們許多隊員都能平衡訓練和工作，而且完全可以做到工作到免稅額度，或是獲得全部學分！如果你認為我們只是一個熱血沸騰、只顧訓練的棒球團體，那就大錯特錯了！ WASEBI遠不止是棒球隊！休息日，我們會去某個主題樂園，吃美味的甜點，但不知怎的，最後總是會一起打棒球。大家相處融洽，玩得不亦樂乎，完全不分年紀！

/
/
/
/ 打棒球不需要任何理由！讀完這篇文章，你一定會對女子棒球更感興趣！如果你來試訓，你一定會想加入我們！我們保證你會擁有一個無比精彩難忘的青春！我們期待你的加入！","平日：1-2次（根據俱樂部成員的日程安排），（週六），週日 /

/
/ 長假：週二、週四、週六、週日

/
/ 場地位於東京",無,google_translate_zh_tw,llm_reviewed,Google Sheets GOOGLETRANSLATE zh-TW draft; structurally checked and normalized for Cantonese/Traditional Chinese site use.
C0006,3525,de84498f49518bd6,早稻田大學理工學部軟式棒球部,體育（球類）,棒球,我們以「理光南」為暱稱。所有隊員都是理工科學生，每週工作日在東京的球場進行兩次訓練。最近，我們在早稻田聯賽等聯賽中取得了不錯的成績，每天都在努力訓練，目標是登上神宮球場。我們每年舉辦六次集訓，全年都保持著輕鬆友好的氛圍，並組織各種活動。例如，新生歡迎燒烤、夏季遊船之旅和聖誕派對。此外，我們還有許多其他活動，例如年級組旅行和參加集訓。我們全年都在招募隊員和教練，歡迎隨時與我們聯繫！如果您對棒球、運動、與大家一起加油助威，或是想結交朋友一起享受大學生活感興趣，何不來理光南看看呢？讓我們在理光南擁有最美好的大學生活吧！,平日不定期開放，每週兩天 / 19:00 - (17:00 -) 21:00 / 城北公園哲學館，上高田,無,google_translate_zh_tw,llm_reviewed,Google Sheets GOOGLETRANSLATE zh-TW draft; structurally checked and normalized for Cantonese/Traditional Chinese site use.
C0007,3411,c0878cd81c5859a0,稻穗踢球者,體育（球類）,足球,這是早稻田大學規模最大、實力最強的足球俱樂部，成員全由早稻田校友組成。每週一、三、五，球員和教練都會進行訓練，努力提升球技，最終目標是贏得冠軍。,每週一、三、五 / 小石川、赤羽、新砂,無,google_translate_zh_tw,llm_reviewed,Google Sheets GOOGLETRANSLATE zh-TW draft; structurally checked and normalized for Cantonese/Traditional Chinese site use.
C0008,3521,90af0d9677d16139,早稻田大學理工學院足球俱樂部,體育（球類）,足球,這支通常被稱為“Rikosa”或“Sori”的足球俱樂部每週訓練兩次，通常是周一和周四，週末則進行比賽、集訓和客場比賽。該俱樂部擁有超過50年的歷史，是早稻田大學最古老的足球俱樂部之一。 2013年，他們贏得了校際聯合錦標賽的冠軍，該賽事旨在決定早稻田大學最強的足球俱樂部，並在規模最大的足球俱樂部賽事——雜誌盃中獲得第三名。 2015年，他們贏得了新關東聯賽乙級聯賽的冠軍，該聯賽匯集了關東地區的眾多強隊，並在雜誌杯中獲得第六名。此外，2016年，他們在贏得關東地區預選賽後，在全國錦標賽中獲得亞軍。雖然該俱樂部最初主要由理工科學生組成，但近年來，來自商科、政治經濟學、體育科學、人類科學等人文學科以及其他系所的學生人數有所增加。該社團是一個跨校社團，由早稻田大學和其他大學的代表組成。社團不收取會費，會費也不定期收取。,每週一、四、六 / 落合、小石川、舞濱、田無等,無,google_translate_zh_tw,llm_reviewed,Google Sheets GOOGLETRANSLATE zh-TW draft; structurally checked and normalized for Cantonese/Traditional Chinese site use.
C0009,3554,010dcac88dee17dc,人文科學學院足球俱樂部，Human F.C.,體育（球類）,足球,我們隸屬於新關東足球聯賽，這是俱樂部足球的最高級別聯賽。我們的足球俱樂部共有120名成員。我們每週在校園內進行3-4次訓練和練習賽，目標是贏得「聯賽冠軍」和「日本最佳」的稱號。我們的成員水平參差不齊，既有參加過全國比賽的經驗豐富的球員，也有完全的初學者。我們的優勢在於充滿熱情和熱情的比賽態度，以及令人驚訝的樂觀開朗。過去，我們曾連續贏得早稻田大學校際聯賽冠軍和全國冠軍。無論你是想踢足球，還是想尋找一個能讓你感受到足球激情的環境，又或者只是想體驗精彩的校園生活，都歡迎加入我們。讓我們在所澤校區最大的俱樂部裡，一起享受精彩的大學生活吧！我們積極招募新成員，也歡迎你在學年中途加入。請聯絡我們。,每週一、三、五 / 所澤地區,無,google_translate_zh_tw,llm_reviewed,Google Sheets GOOGLETRANSLATE zh-TW draft; structurally checked and normalized for Cantonese/Traditional Chinese site use.
C0010,3412,858c2f65eac2c42b,里弗迪德,體育（球類）,足球,"您好！我們是Liberdade，早稻田大學官方認可的五人制足球俱樂部！

/
/
/
/我們每週日在吉祥寺訓練，共有55名男生和35名女生！

/
/很多男生都有中學時期的五人制足球經驗，所以我們的訓練節奏比較輕鬆！

/
/女生也都是五人制足球愛好者，所以我們可以單獨和女生一起踢，也可以加入男生的隊伍！當然，她們中的大多數都是初學者！這裡充滿熱情友善的氛圍，大家活力四射，相信您很快就會愛上這裡，每週都來！

/
/
/
/除了五人制足球，我們還舉辦夏令營、秋季營、單板滑雪營，並策劃各種活動，保證您在這裡能獲得足球之外的豐富體驗！

/

/我們俱樂部成員關係非常親密，訓練前經常一起吃飯、唱卡拉OK，還會按年級一起旅行——我們真的非常要好！ /

/

/
/Liberdade俱樂部氛圍輕鬆自在，就像高中課間休息一樣，你可以盡情享受樂趣，同時又能保持適度！

/

/
/如果你想踢五人制足球，又想加入一個有訓練營和活動的俱樂部！如果你想在保持理智和適度的同時玩得盡興，那麼Liberdade絕對是你的最佳選擇！

/

/
/如果你覺得這聽起來有點意思，或覺得它可能適合你，請隨時與我們聯繫！

/

/
/我們期待你加入我們這個友善的俱樂部！",每週日 16:00-18:00 吉祥寺五人制足球公園,無,google_translate_zh_tw,llm_reviewed,Google Sheets GOOGLETRANSLATE zh-TW draft; structurally checked and normalized for Cantonese/Traditional Chinese site use.
C0011,3410,41dfe0b6ad65affe,足球觀賽派對,體育（球類）,足球,我們的足球觀賽俱樂部是一個熱愛足球、熱衷於在日本各地球場為各自支持的球隊加油的團體。雖然我們不嚴格組織團體活動，但我們主要針對支持同一支球隊並自由安排時間觀看比賽的成員。不過，我們也會定期舉辦聚會和五人制足球比賽等團體活動。此外，我們每年秋季還會舉辦一次活動，邀請足球界的知名人士進行講座。近年來，我們曾邀請日本國家隊前球員佐藤久人（Hisato Sato）和解說員下田恆之（Tsuneyuki Shimoda）。參加比賽和活動並非強制性的，您可以根據自己的步調加入。無論您喜歡的是J聯賽、國際賽場還是高中聯賽，只要熱愛足球，我們都歡迎您的加入。讓我們一起在球場上為球隊加油！,基本上，週末期間，全國各地的體育場都會舉行比賽。,無,google_translate_zh_tw,llm_reviewed,Google Sheets GOOGLETRANSLATE zh-TW draft; structurally checked and normalized for Cantonese/Traditional Chinese site use.
C0012,3775,dcf48610f6c9d552,古斯塔足球俱樂部,體育（球類）,足球,"我們是隸屬於「新關東聯賽」甲級聯賽的頂尖大學足球俱樂部，該聯賽是俱樂部足球的最高殿堂。俱樂部成立於2009年，擁有超過150名成員，歷史相對較短。儘管如此，我們取得了持續的佳績，包括曾獲得全國冠軍，並在近年來一直保持著頂尖球隊的地位。


/
/
/
/我們的球員全部是早稻田大學的學生，背景各異，既有參加過全國錦標賽和青年隊比賽的球員，也有完全的初學者。


/
/
/
//我們的目標是成為“日本第一足球俱樂部”，我們非常重視在足球競技和俱樂部生活樂趣之間取得平衡。


/
/
/
/由於成立時間不長，我們擁有自由開放的氛圍。我們歡迎想要充分享受足球和大學生活的新同學加入。如果您有興趣，請透過社交媒體與我們聯繫。",每週三次，主要為週一、週三和週四 / 時間不固定（主要為13:00-15:00） / 小石川、落合、西戶山、代代木,無,google_translate_zh_tw,llm_reviewed,Google Sheets GOOGLETRANSLATE zh-TW draft; structurally checked and normalized for Cantonese/Traditional Chinese site use.
C0013,3553,33392a9a89353fb3,@（標記處）,體育（球類）,足球,"Atmark 最棒的地方在於，任何人都能享受踢足球的樂趣！無論你是大學才開始踢球，還是從小就開始踢球，我們都會一起訓練。這裡沒有考勤制度，這是一個自由開放的俱樂部，只有想來訓練的人才能參加。俱樂部成員相處融洽，經常在訓練後一起吃飯、聊天。我們舉辦豐富的活動，包括每年四次訓練營和一次夏令營。此外，Atmark 致力於培養各個年級學生之間的深厚情誼，所以沒有「大三退休」的說法。這是一個你可以享受四年大學時光的社團。我們也會舉辦一些畢業生參與的活動，因此我們與校友保持著良好的關係。

/
/
/
/讓我們一起踢足球吧！ ！",每週三、六下午3點至5點 / 北野運動場、體育館、航空公園,無,google_translate_zh_tw,llm_reviewed,Google Sheets GOOGLETRANSLATE zh-TW draft; structurally checked and normalized for Cantonese/Traditional Chinese site use.
C0014,3409,a4ab7a58e9b7693f,足球俱樂部,體育（球類）,五人制足球,我們足球俱樂部的魅力在於，儘管近年來取得了一些成績，但我們仍然保持著友善的氛圍和靈活的訓練制度！無論是教練還是球員，女生都充滿活力，非常有趣（哈哈）。我們每週會進行一到兩次訓練和比賽，此外還有許多活動和聚會。我們追求只有大學生才能享受的樂趣，例如去迪士尼樂園、參加萬聖節和聖誕節派對、滑雪訓練營等等！許多高年級的學姐都在等你！讓我們一起在足球俱樂部創造大學生活中最美好的回憶吧！,每週三/下午5點/豐島園,無,google_translate_zh_tw,llm_reviewed,Google Sheets GOOGLETRANSLATE zh-TW draft; structurally checked and normalized for Cantonese/Traditional Chinese site use.
C0015,3413,f01ef784ceb33c69,主街足球俱樂部,體育（球類）,五人制足球,這支隊伍由早稻田大學的男生和來自各女子大學的女生組成。我們每週四在高田馬場的西十山公園訓練，週日則在東京的室內五人制足球場訓練。我們是一支以享受比賽樂趣為首要目標的隊伍，而非以勝負為最高目標的競技隊伍，因此氛圍輕鬆愉快，即使是初學者和女性也能輕鬆享受五人制足球的樂趣。在正式比賽中，每個人都會全力以赴，但日常訓練和俱樂部比賽總是充滿樂趣。我們也會舉辦俱樂部比賽，並與早稻田大學的其他俱樂部進行友誼賽。除了每週四和週日的常規訓練外，我們每年還會舉辦三次集訓（五月：迎新營，暑假：夏令營，春假：春令營），以及各種休閒活動，例如運動會、健走活動、駕車兜風和滑雪。,每週四、日 / 下午 3:30 / 錦糸町王子西登山公園,網站（俱樂部）訪問限制,google_translate_zh_tw,llm_reviewed,Google Sheets GOOGLETRANSLATE zh-TW draft; structurally checked and normalized for Cantonese/Traditional Chinese site use.
C0016,3586,fa3e343de31562c6,小型皇家足球俱樂部,體育（球類）,五人制足球,我們是PETIT ROYAL FC，所澤校區最大的五人制足球俱樂部。我們的規則是：1. 僅限初學者（歡迎有經驗的女性加入）；2. 俱樂部活動期間禁止吸煙；3. 俱樂部活動期間禁止強迫飲酒。我們每週在所澤校區體育館進行兩次五人制足球訓練，不分性別和年級，所有人都可參加。由於我們只招收初學者，因此歡迎任何想要嘗試新運動或只是想輕鬆享受運動樂趣的人加入。此外，由於我們不吸煙也不強迫飲酒，因此歡迎任何不喜歡香煙或酒精的人加入。除了每週的五人制足球活動外，我們每年還會舉辦三次訓練營，舉辦夏季和冬季錦標賽，以及校友活動。我們也會參加校外錦標賽，不分性別和年級。,每週三/下午6點至8點/週日下午1點至5點/體育館,無,google_translate_zh_tw,llm_reviewed,Google Sheets GOOGLETRANSLATE zh-TW draft; structurally checked and normalized for Cantonese/Traditional Chinese site use.
C0017,3414,52e32c4af79c2a31,卡特茲威,體育（球類）,五人制足球,卡茨比俱樂部每週在公園踢兩次室內五人制足球。這是一個全部由早稻田學區女生組成的俱樂部，所有成員都是球員，而不是教練。許多成員都是初學者，俱樂部並不追求嚴肅的比賽態度或刻苦訓練以爭取首發位置，而是讓大家在想運動、想見朋友、想享受足球樂趣的時候隨時來玩！每個年級大約有20人，同學之間以及高年級和低年級成員之間的關係都非常好。我們每月參加一次當地的比賽。我們的對手包括上班族，有時甚至還有孩子，所以即使是比賽，氣氛也總是很友好！卡茨比的魅力在於每個人都相處融洽，彼此關心！,每週三、六 / 13:00 - 18:00 / 西登山公園,無,google_translate_zh_tw,llm_reviewed,Google Sheets GOOGLETRANSLATE zh-TW draft; structurally checked and normalized for Cantonese/Traditional Chinese site use.
C0018,3415,01e46ff4e5e16ab9,埃斯皮加,體育（球類）,五人制足球,我們俱樂部有大約35名男生和35名女生，每週五在吉祥寺踢一次五人制足球。練習的前半段，我們會男女混合一起進行輕鬆愉快的鍛鍊；後半段，我們會進行認真的五人制足球訓練，男生或女生分別進行練習。我們每年還會參加幾場比賽，今年春天，女生隊在早稻田大學舉辦的校際比賽中獲得了亞軍。當然，除了五人制足球，我們還有很多其他活動，例如去迪士尼樂園、露營、每年四次的訓練營、夏季遊輪旅行和聖誕派對。成員之間親密的友誼是俱樂部的一大亮點，一定會豐富你的校園生活。週五，Espiga俱樂部精彩無限！,每週五 / 晚上7點 / 吉祥寺,無,google_translate_zh_tw,llm_reviewed,Google Sheets GOOGLETRANSLATE zh-TW draft; structurally checked and normalized for Cantonese/Traditional Chinese site use.
C0019,3416,8b33465edf0e3dae,早稻田,體育（球類）,五人制足球,Diente 是一個五人制足球俱樂部，無論你是足球新手還是高中足球老手，無論男女，無論國際學生，都能在這裡找到樂趣。尤其值得一提的是，Diente 擁有大量國際學生。如果你想認識國際學生、享受足球的樂趣、學習外語，或是了解海外旅行的訊息，我們都非常歡迎你的加入。每年，Diente 的球員水平都涵蓋了從高級到初級的各個階段，但大家都會以既輕鬆又認真的態度一起訓練。我們或許不是最強的隊伍，但我們總能在比賽中製造精彩的場面。俱樂部的氣氛和飲酒方式都非常輕鬆自在，你可以按照自己的步調享受足球的樂趣。我們每年都會舉辦幾次訓練營和其他各種活動！ Diente 擁有早稻田大學最熱情友善的氛圍！歡迎你隨時來和我們一起訓練！,每週二、四日等日期 / 下午 6 點 / 田畑新町社區競技場,無,google_translate_zh_tw,llm_reviewed,Google Sheets GOOGLETRANSLATE zh-TW draft; structurally checked and normalized for Cantonese/Traditional Chinese site use.
C0020,3721,6216bee5553b8e26,坦佩斯塔足球俱樂部,體育（球類）,五人制足球,FC.TEMPESTA 是位於所澤校區的室內五人制足球俱樂部。我們實行男女混合訓練，沒有教練！來自各行各業的人們——早稻田大學學生和其他大學的學生、初學者和經驗豐富的球員、男性和女性——都在這裡盡情享受著室內五人制足球的樂趣。我們每年參加多次比賽，並在各地都取得了不錯的成績！雖然室內五人制足球是我們的主要活動，但我們也組織豐富多彩的活動！例如夏令營、聖誕派對、滑雪之旅等等…歡迎加入我們！我們期待著您的加入，也期待著我們多元化的成員群的到來！,星期二和星期五,Circle 網站已關閉,google_translate_zh_tw,llm_reviewed,Google Sheets GOOGLETRANSLATE zh-TW draft; structurally checked and normalized for Cantonese/Traditional Chinese site use.
C0021,3417,c87ec4899228e578,通作,體育（球類）,五人制足球,敦速（Tonsoku）是早稻田大學官方認可的五人制足球俱樂部，成立於2013年。儘管成立時間不長，但其訓練環境卻堪比一些老牌俱樂部，並擁有豐富的訓練營和各類賽事。俱樂部成立第一年便獲得早稻田大學的官方認可，並在第二年便贏得了早稻田大學聯賽的冠軍，展現了令人矚目的成長。此外，俱樂部內部的連結也十分緊密，不僅體現在橫向的交流上，更體現在縱向的連結上。例如，年輕球員和老球員之間經常進行積極的互動，而非老球員之間單向的指導關係。然而，俱樂部最引人注目的特點在於其「形象」。我們的理念是「從形象開始」。我們注重隊服設計的細節，並引入了其他五人制足球俱樂部所沒有的隊服和訓練服，這些都是「從形象開始」理念的體現。這也印證了「沒有成績，外表再好也毫無意義」的道理。但敦速與眾不同。球隊成立第一年便在各項賽事中屢創佳績，2014年榮獲早稻田五人制足球聯賽冠軍，2015年獲得季軍。更值得一提的是其非固定球員制度。球隊的成功源自於每位隊員對五人制足球的熱愛與刻苦訓練。我們期待與您志同道合的隊友加入，共同努力，成為名副其實的早稻田最佳球隊。,每週二、四下午 4 點至 6 點 / 錦糸町、豐島園、目白台,無,google_translate_zh_tw,llm_reviewed,Google Sheets GOOGLETRANSLATE zh-TW draft; structurally checked and normalized for Cantonese/Traditional Chinese site use.
C0022,3739,b18948bf37da43db,早稻田大學五人制足球俱樂部,體育（球類）,五人制足球,"秉持著「從早稻田大學出發」的使命，早稻田大學將引領體育社團、大學生和五人制足球的變革，創造未來。

/
/
/
/《競技方面》

/
/早稻田大學五人制足球隊是該校唯一一支獲準參加正式比賽的球隊。對於許多高中時期就全心投入足球的球員來說，這裡是他們能夠正式代表大學參賽的舞台。這裡沒有選拔賽，也沒有運動獎學金，大門向所有人敞開。

/
/在教練方面，我們擁有一支優秀的教練團隊，由一位經驗豐富的主教練和多位曾在F聯賽（町田龍太）執教的教練組成。

/

/

/

/隸屬：東京都立大學五人制足球聯賽

/

賽事：全日本大學生五人制足球錦標賽 / 全日本五人制足球錦標賽

/

/

/《商業方面》

/

加入後，您將被分為五個小組，並有機會擴展您的商業活動領域。俱樂部成立之初便獲得了約300萬日元的贊助資金。從招募教練和其他工作人員，到爭取贊助商和組織全國性賽事，學生們全程主導。這使得俱樂部能夠開展其他體育俱樂部無法比擬的活動。


/
/
/
/俱樂部不僅在競技方面，而且在商業活動方面，都開展著其他組織無法比擬的有意義的活動。","【練習】週一、週三、週五 21:00-23:00

/【練習賽/正式比賽】週六、週日

/【練習場地】梓澤體育館、赤塚體育館、早稻田體育館等

/【比賽場地】駒澤體育館、駒澤室內球館等",無,google_translate_zh_tw,llm_reviewed,Google Sheets GOOGLETRANSLATE zh-TW draft; structurally checked and normalized for Cantonese/Traditional Chinese site use.
C0023,3580,ecb1adc98b8c7519,托科潘,體育（球類）,五人制足球,男女老少都可以一起享受五人制足球的樂趣。我們還有豐富多彩的活動，包括錦標賽、滑雪之旅和萬聖節派對！,暫無相關資訊。,無,google_translate_zh_tw,llm_reviewed,Google Sheets GOOGLETRANSLATE zh-TW draft; structurally checked and normalized for Cantonese/Traditional Chinese site use.
C0024,3163,2e926b6b8389f904,G.W.橄欖球俱樂部,體育（球類）,欖球,我們是一家成立於1930年的傳統橄欖球俱樂部。悠久的歷史使我們擁有龐大且成熟的校友網絡，為俱樂部提供多方面的支持。此外，我們曾連續兩年（2014年和2015年）榮獲全國大學生俱樂部冠軍！今年，我們正努力訓練，力爭三連霸。我們歡迎所有希望全心投入橄欖球運動的經驗豐富的球員，也歡迎想要初次嘗試這項運動的初學者！即使您想以經理的身份支持球隊，我們的資深成員也會悉心指導您，所以完全不用擔心！ 「G-Dub」的所有成員齊心協力，共同打造精彩的球隊，因此我們擁有充實而愉快的大學生活，無論是在橄欖球方面還是在其他活動中。如果您有興趣，請聯絡我們！,每週三、六和週日,無,google_translate_zh_tw,llm_reviewed,Google Sheets GOOGLETRANSLATE zh-TW draft; structurally checked and normalized for Cantonese/Traditional Chinese site use.
C0025,3407,eaaba735341b989a,複雜橄欖球隊,體育（球類）,欖球,Complex橄欖球隊是關東學生俱樂部錦標賽第一組的成員，也是早稻田大學官方認可的校際橄欖球俱樂部。我們隊上還有許多來自其他大學的隊員和教練。歡迎大家來觀摩我們的訓練。我們實力強勁，曾於2011年獲得關東學生俱樂部錦標賽冠軍，並於2016年獲得東日本學生俱樂部七人制橄欖球錦標賽冠軍。此外，我們還會舉辦豐富多彩的活動，例如燒烤、夏令營和春季旅行。想要體驗精彩的大學生活嗎？那就加入Complex吧！,每週三下午 4 點至 6 點 / 吉祥寺；每週六、週日下午 2 點至 4 點 / 江戶川（視場地狀況而定）,無,google_translate_zh_tw,llm_reviewed,Google Sheets GOOGLETRANSLATE zh-TW draft; structurally checked and normalized for Cantonese/Traditional Chinese site use.
C0026,3518,2248a185a331eaaf,早稻田大學理工學院橄欖球俱樂部,體育（球類）,欖球,我們與電子通訊大學橄欖球俱樂部保持著密切的合作關係。我們隊上既有許多初學者，也有許多經驗豐富的球員，大家都很享受一起打橄欖球的樂趣。去年，我們以全勝戰績贏得了關東地區第一區第二組的冠軍。,每週六 13:00 開始（@電氣通訊大學玉川運動場）,無,google_translate_zh_tw,llm_reviewed,Google Sheets GOOGLETRANSLATE zh-TW draft; structurally checked and normalized for Cantonese/Traditional Chinese site use.
C0027,3515,9e1f6b6323540604,科學與工程美式足球俱樂部巴克斯,體育（球類）,美式足球,"早稻田巴克斯（Waseda Bacchus）是一支隸屬於關東學生足球俱樂部聯盟的美式足球隊。該聯盟由關東地區各大學的體育俱樂部、半體育俱樂部和學生組織組成。早稻田大學擁有超過3000個學生社團，而早稻田巴克斯是少數幾個獲得理工學部正式認可的社團之一。巴克斯的社團活動室位於富山校區學生會大樓（30號大樓），成員來自早稻田大學各系（管理階層包括其他大學的學生）。即使畢業後，校友們仍然與巴克斯保持聯繫。這支由500多名學生和校友組成的隊伍被稱為「全巴克斯」（All Bacchus）。巴克斯的一大特色是每年都會為學生提供全面的求職支援。

/
/
/
/【近期成績】

/
/2018年第一級聯賽 Frontier Div. 4勝1負，並列第一（因淨勝球劣勢排名第三，未晉級關東錦標賽）

/
/2019年第一級自由組 4勝1負，排名第二，晉級關東錦標賽（最終排名第三）

/
/2020年特別聯賽 2勝0負，排名第一，晉級決賽（最終排名第二）

/
/2021年特別錦標賽 第四名

/
/2022年特別錦標賽 第五至第六名（未排名）

/
/2023年第一級自由組 3勝1負，排名第二，晉級關東錦標賽（最終排名第三）

/
/
/
/請寄郵件至：[email protected]",每週六、週日 / 上午 9:00 - 中午 12:00 / 國分寺，日本美國學校（多摩），武藏野公園,無,google_translate_zh_tw,llm_reviewed,Google Sheets GOOGLETRANSLATE zh-TW draft; structurally checked and normalized for Cantonese/Traditional Chinese site use.
C0028,3172,7e45d945ba657c21,美國橄欖球俱樂部叛逆者,體育（球類）,美式足球,大家好！我們是早稻田叛逆者隊，是早稻田大學官方認可的美式足球俱樂部，對象為所有早稻田大學學生！我們每週訓練四次（週二、週四、週六和週日）。平日的訓練是自願參加的，週六和週日我們會在玉川河畔一起訓練。我們隸屬於關東學生橄欖球俱樂部聯盟，每天都刻苦訓練，目標是在12月底贏得關東冠軍。自1978年成立以來，叛逆者隊已獲得12次聯賽冠軍和10次關東冠軍，戰績斐然。當然，我們是一支重視技術、追求勝利的隊伍，但我們也有很多完全的新手隊員。 （事實上，我們超過70%的隊員都是新手。）我們的賽季從二月開始。四月下旬，我們將與慶應野牛隊進行傳統的早稻田-慶應比賽，並開始春訓以備戰這場比賽。六月，我們將進行一場表演賽。八月我們會舉辦夏季訓練營。九月開始，各項賽事也將拉開序幕。賽季會持續到十一月，十二月我們將迎來關東錦標賽，這也是我們的最終目標。除了這些活動之外，我們也有休賽期，大家在不訓練的時候都會聚在一起！如果您想了解更多關於我們活動的信息，請關注我們的Instagram帳號（@waseda_revels）！我們正在積極招募隊員、經理和工作人員！,"每週二、四：東京場地

/
/
/
/ 每週六、日：玉川丸子橋場地",無,google_translate_zh_tw,llm_reviewed,Google Sheets GOOGLETRANSLATE zh-TW draft; structurally checked and normalized for Cantonese/Traditional Chinese site use.
C0029,3594,3ddbb134d6da7335,雷巴克,體育（球類）,籃球,我們是早稻田大學所澤校區的籃球俱樂部！俱樂部成立於2013年，是一個充滿活力、氛圍友善的新俱樂部，每個人都認真享受籃球的樂趣。我們每年參加數次比賽，各個程度的球員，從初學者到經驗豐富的球員，都能在這裡一起參與。如果你擔心自己是新手，別擔心！我們有很多友善的成員會指導你，你最終會獲得大量的上場時間！除了籃球，我們還有豐富多彩的活動！你不僅可以練習，還可以結交朋友，結下終生的友誼！,每週二、五下午5:00在所澤市體育館，每週四下午4:30在體育館,無,google_translate_zh_tw,llm_reviewed,Google Sheets GOOGLETRANSLATE zh-TW draft; structurally checked and normalized for Cantonese/Traditional Chinese site use.
C0030,3552,1405a9508cff66db,籃球俱樂部 JAWS,體育（球類）,籃球,我們是位於所澤的籃球俱樂部，目標是每年三月和八月贏得早稻田聯賽冠軍！,暫無相關資訊。,無,google_translate_zh_tw,llm_reviewed,Google Sheets GOOGLETRANSLATE zh-TW draft; structurally checked and normalized for Cantonese/Traditional Chinese site use.
C0031,3395,730f0ba15848fcf6,早稻田大學網球俱樂部,體育（球類）,網球,"我們，早稻田大學網球俱樂部（簡稱WTC或早稻田丹羽），是規模最大、實力最強、最棒的俱樂部！

/
/
/
/ 我們的魅力大致可以分為三點！

/
/
/
/ 首先，我們所有成員都個性鮮明、獨具特色！我們是一個完全由早稻田大學成員組成的俱樂部，成員來自各個系！而且我們全年都接受新成員，所以當然也有國際學生和九月入學的學生！這是一個獨一無二的俱樂部，每個人都能在這裡放鬆身心，享受樂趣！

/
/
/
/ 其次，網球！我們擁有各個程度的成員，從初學者到參加過全國比賽的經驗豐富的選手！去年，我們取得了諸如盃賽亞軍和關東俱樂部女子團體賽亞軍等佳績！最重要的是，我們擁有絕佳的訓​​練環境，每週5-6天，工作日從9:00到16:30都有訓練！經驗豐富的球員可以盡情揮拍，初學者也能得到循序漸進的指導！

/
/
/
/ 我們還會舉辦豐富多彩的活動！在早稻田球場，你甚至可以成為職業比賽的球童！透過這些活動和寶貴的經驗，你一定能認識許多新朋友！


/
/
/
/如果你哪怕有一點點興趣，都歡迎來參加一次訓練！我們期待你的加入！

/",週一至週五：上午 9:00 至下午 4:30 在航空公園練習；週六：下午 5:00 至晚上 9:00 在木場公園或城北中央公園練習。,無,google_translate_zh_tw,llm_reviewed,Google Sheets GOOGLETRANSLATE zh-TW draft; structurally checked and normalized for Cantonese/Traditional Chinese site use.
C0032,3532,5d9b03f97e77c1e1,科學與工程網球俱樂部,體育（球類）,網球,我們是理工網球俱樂部（簡稱理手），成員之間關係非常緊密，因為我們的成員大多是理工科學生！我們每個工作日都會練習，甚至還有夜間練習，這對理工科學生來說非常棒！我們在2019年早稻田盃網球賽中獲得了第三名，我們歡迎所有程度的球員加入，無論您是初學者還是水平較高的選手！我們當然認真對待網球，但我們也認真對待在理手的樂趣！我們組織各種各樣的活動（滑雪、煙火、海灘之旅等等）！,平日：白天/晚上：每週一次,無,google_translate_zh_tw,llm_reviewed,Google Sheets GOOGLETRANSLATE zh-TW draft; structurally checked and normalized for Cantonese/Traditional Chinese site use.
C0033,3384,b94d43b039a83682,青少年網球俱樂部（硬式網球組）,體育（球類）,網球,早稻田Young是早稻田大學十二個官方認可的社團之一！作為官方認可的社團，我們管理完善，您可以放心加入。社團成員包括早稻田大學的男生以及來自早稻田大學、日本女子大學和學習院女子大學的女生。不過，大家相處融洽，不受性別、大學或年級的限制♪ 社團成員的水平大致分為一半初學者和一半經驗豐富的球員。我們為初學者提供適合初學者的練習，即使是初學者也能安心享受網球的樂趣。我們曾打入關東地區前八強，因此也非常歡迎想要認真打網球的經驗豐富的球員加入。我們每週工作日五天都會進行練習，您可以利用課餘時間來參加，和大家一起享受精彩的訓練！此外，早稻田Young每年都會參加CUP、關東和ASSE等團體比賽，大家每天都在為此努力訓練！在團隊比賽中，大家齊心協力，一定會帶給您鼓舞人心的體驗。除了網球，我們每月還會舉辦各種季節性活動，例如海灘或河邊之旅、主題混雙比賽以及在時尚空中酒廊舉辦的聖誕派對，讓您有機會在網球之外結識更多朋友。我們的飲酒派對也絕對不容錯過！這裡沒有豪飲，沒有強迫飲酒，我們還設有飲水台，確保每個人都能安全輕鬆地盡情暢飲！讓我們一起在楊學院享受最美好的大學生活吧！加入我們，您絕對不會後悔！,工作日 / 高田馬場附近的法院,無,google_translate_zh_tw,llm_reviewed,Google Sheets GOOGLETRANSLATE zh-TW draft; structurally checked and normalized for Cantonese/Traditional Chinese site use.
C0034,3385,8b1c07efbb97beaa,青少年網球俱樂部（軟式網球組）,體育（球類）,網球,"大家好！這裡是Young！

///Young是早稻田大學軟式網球俱樂部！我們每週練習2-3次，主要在城北中央公園和宇喜間公園進行，距離早稻田大學主校區約30分鐘車程。我們的練習氛圍友善融洽，每個人都有平等的機會練習和比賽。因此，您可以與不同的人一起練習，結交朋友，並獲得啟發。我們的練習時間為平日下午5點至晚上9點，即使下課後也可以輕鬆參加！

////Young隸屬於學鬥聯，每年春季和秋季都會參加校際比賽（春季學鬥聯和秋季學鬥聯）。在這些比賽中獲勝的隊伍可以參加關東公開賽和關東室內賽，以及每年8月舉行的全日本大學生公開賽（俗稱全日賽），這是年度最重要的賽事。去年，我們在學鬥聯（Gakudouren）中包攬了男子和女子團體及個人冠軍；在全日（Zen-Nichi）比賽中，我們也取得了男子團體亞軍和男子團體個人冠軍等佳績！這些賽事包括男子和女子團體及個人項目，無論水平高低，人人皆可參加！

此外，我們每個月還會舉辦各種趣味活動！例如燒烤、短途旅行、體育比賽和訓練營等等。加入Young，一定能認識許多志同道合的朋友，擁有充實精彩的早稻田生活！ Young是一個讓你找到歸屬感的社團！如果你對此感興趣，歡迎隨時透過社群媒體聯繫我們！",每週2-3天去城北中央公園/浮間公園,無,google_translate_zh_tw,llm_reviewed,Google Sheets GOOGLETRANSLATE zh-TW draft; structurally checked and normalized for Cantonese/Traditional Chinese site use.
C0035,3391,e110261dfcb0edf1,早稻田大學軟式網球俱樂部,體育（球類）,網球,"早稻田大學軟式網球俱樂部成立於1962年，是該校歷史最悠久的軟式網球俱樂部。

/
/
/
/ 春季和秋季，我們參加六校（早稻田大學、東京大學、明治大學、慶應義塾大學、法政大學和立教大學）校際比賽（俗稱“六連”），以及面向春季六連晉級選手和三年以下經驗的選手開放的“關東公開賽”。

/
/
/
/ 夏季，我們參加六校與關西四校（關西大學、關西學院大學、同誌社大學和立命館大學）之間的“東西方校際比賽”，以及面向全國所有俱樂部和五級及以下級別體育協會的“全日本學生公開賽”。 /

/

/
/ 年底，我們會參加“早稻田-關西學院對抗賽”，這是一項與關西學院大學進行的校際比賽。我們全年都會參加許多比賽。

/

/
/ 即使在冬季的非賽季期間，通過秋季六連賽的選手也可以參加室內比賽。

/

/
/ 無論水平如何，都有大量的個人賽和團體賽機會！

/

/
/ 我們每週還有4-6次的訓練，所以您可以在沒有課的日子參加，獲得充足的練習機會。每年有兩次集訓，分別在夏季於山梨縣山中湖市和春季於千葉縣白子市舉行。

/

/
/ 訓練營涵蓋從初學者到高中聯賽參賽者的各個水平，所以即使是對自己技術缺乏信心的人也一定能有所進步。

/

/

/ 除了網球，我們還有許多其他活動，例如淡季的溫泉和滑雪之旅，以及與俱樂部成員一起進行的各種有趣的郊遊。",每週 4-6 天（空中公園/城北中央公園）,無,google_translate_zh_tw,llm_reviewed,Google Sheets GOOGLETRANSLATE zh-TW draft; structurally checked and normalized for Cantonese/Traditional Chinese site use.
C0036,3386,e80409542143aad5,格林網球俱樂部,體育（球類）,網球,今年是我們早稻田大學網球俱樂部成立61週年，該俱樂部隸屬於12個主要聯賽！我們的會員來自早稻田大學各校區，男女皆有！我們每週訓練6天（週一至週六），外加每週一次的晚間訓練！許多會員都擁有全國初中和高中聯賽的經驗，因此您可以期待高水準的訓練！此外，我們約有一半的會員是大學期間才開始打網球的初學者，因此您可以從零開始，向經驗豐富的資深會員學習網球！加入俱樂部無限製或截止日期！我們每年參加三次團體賽，並且取得了優異的成績！ 2016年至2019年以及2023年，我們都獲得早稻田盃第四名！ 2023年，我們榮獲ASSE團體賽第三名！除了網球之外，我們全年還會舉辦各種活動，例如海灘之旅、夏季遊輪之旅和新年慶祝活動，讓您全年都能享受充實的大學生活！我們歡迎所有認真對待網球、愛上網球或想要全力以赴的人！讓我們在綠茵場上一起享受最美好的大學生活吧！,每週一至週六/下午1:00/東京網球場,Circle 網站已關閉,google_translate_zh_tw,llm_reviewed,Google Sheets GOOGLETRANSLATE zh-TW draft; structurally checked and normalized for Cantonese/Traditional Chinese site use.
C0037,3758,f70acf180c58318c,城北網球俱樂部,體育（球類）,網球,"您好！我們是城北網球俱樂部！

/
/
/
/我們每個工作天練習4小時。俱樂部實行自由加入製，您可以根據自己的課程和時間安排隨時加入，也可以隨時離開。

/
/
/
/我們的網球等級涵蓋了高水準選手，例如高中聯賽參賽者、全國高中聯賽參賽者以及縣內前四名選手，當然也有許多大學才開始接觸網球的初學者！

/
/
/
/我們每年參加三項團體賽，並正在努力爭取在早稻田杯中晉級前四名^^

/
/
/
/我們是一個中等規模的俱樂部，男女比例為1:1，每個年級大約有30名成員！

/
/
/
/除了網球之外，我們每個月還會舉辦各種各樣的活動！聖誕派對、迪士尼樂園、台場、夏季遊輪等等…

/
/
/
/ 總之，加入城北絕對不會錯！

/

/
/ 如有任何不明白的地方，歡迎隨時透過推特或Instagram私訊我們！",星期一、星期二、三、四、五 13:00-17:00,無,google_translate_zh_tw,llm_reviewed,Google Sheets GOOGLETRANSLATE zh-TW draft; structurally checked and normalized for Cantonese/Traditional Chinese site use.
C0038,3380,c472a66dee6cc715,稻友網球俱樂部,體育（球類）,網球,稻友網球俱樂部是個友善熱情、歡迎所有程度的網球愛好者，無論您是經驗豐富的球員還是初學者！我們每週訓練五天，時間安排靈活，您可以隨時利用空閒時間或想運動的時候來打網球！初學者會參加初級練習課程，經驗豐富的球員會使用一個場地進行細緻的指導！因此，我們甚至培養出了在初級組比賽中獲勝的選手！我們的經驗豐富的球員個個技藝精湛，其中包括全國初中冠軍和埼玉縣前四名球員！所以即使是經驗豐富的球員也能在這裡盡情享受網球的樂趣！此外，稻友全年還會舉辦各式各樣的活動，供您選擇！您可以盡情享受網球和各種活動的樂趣，而我們俱樂部友好熱情的氛圍正是稻友最大的魅力所在！,每週一至週五，上午 9:00 至下午 5:00，在早稻田大學附近的網球場。,無,google_translate_zh_tw,llm_reviewed,Google Sheets GOOGLETRANSLATE zh-TW draft; structurally checked and normalized for Cantonese/Traditional Chinese site use.
C0039,3642,aa51ce0709dbe996,奧蘭治網球俱樂部,體育（球類）,網球,橙網球俱樂部是一個專注於網球並進行豐富多彩的俱樂部。它不僅能讓大學生活更加充實，也能幫助你實現個人成長。橙網球俱樂部是早稻田大學官方認可的12個主要俱樂部之一，擁有45年的悠久歷史。我們的宗旨是盡情享受一切，無論是網球、活動，或是單純的娛樂。在俱樂部裡，僅僅按部就班地進行活動是無法獲得真正的樂趣的。我們始終以飽滿的熱情投入每一件事。早稻田盃是網球界最重要的賽事，12個主要俱樂部將在此爭奪排名。球員和支持者們齊心協力，向勝利發起衝擊。此外，我們日常的訓練也充滿樂趣和成就感。橙網球俱樂部的另一個亮點是我們對網球初學者的重視。如果指導得當，初學者也能體驗到網球技能快速提升的喜悅。我們設有專門的初學者教練，從基礎開始，耐心細緻地指導每一位學員。此外，Orange營造了一種包容的氛圍，高水準選手和初學者可以一起練習，彼此之間沒有隔閡，而且無論技術水平如何，都能建立起深厚的友誼。當然，經驗豐富的成員也充滿動力，以贏得早稻田大學錦標賽和團體賽等高目標為目標。全年活動豐富多彩，包括訓練營、海灘之旅、煙火和聖誕派對等等。我們為每一項活動都投入了大量心血，每個人都樂在其中。加入Orange，你一定能擁有充實而精彩的大學生活。,每週一、五上午 9:00 至 11:00 在東京網球場，每週二、三下午 1:00 至 17:00 在東京網球場。,無,google_translate_zh_tw,llm_reviewed,Google Sheets GOOGLETRANSLATE zh-TW draft; structurally checked and normalized for Cantonese/Traditional Chinese site use.
C0040,3372,34f1efc7b472e9ad,澳洲網球俱樂部,體育（球類）,網球,澳洲網球俱樂部是早稻田大學官方認可的社團，擁有超過40年的歷史。我們專注於每年五月舉行的早稻田杯，並堅持每日刻苦訓練。我們既有許多經驗豐富的球員，也有許多大學時期才開始接觸網球的初學者。我們的教練提供全面的指導，幫助您快速提升球技。訓練每週兩次，時間不固定，方便所有會員參與。常規訓練課程面向經驗豐富的球員和初學者，旨在練習基本技能；而參賽球員的專項訓練課程則著重於更高水準的訓練。除了網球之外，我們還有豐富的其他活動，例如燒烤和滑雪！作為一個中等規模的俱樂部，我們擁有友好熱情的氛圍，老少咸宜，相處融洽！,不定期日子，每週兩次,無,google_translate_zh_tw,llm_reviewed,Google Sheets GOOGLETRANSLATE zh-TW draft; structurally checked and normalized for Cantonese/Traditional Chinese site use.
C0041,3717,9962c9cd270eadc3,F.S.S.網球俱樂部,體育（球類）,網球,我們是早期稻田大學官方認可的網球俱樂部－F.S.S.網球俱樂部，今年迎來成立47週年。我們致力於提升俱樂部成員的整體網球水平，每週二和週四進行兩次訓練，場地包括日本女子大學的網球場和位於浮間船渡的東京都立網球場。 F.S.S.熱烈歡迎初學者！許多成員都是在大學時期開始接觸網球的，在經驗豐富的成員指導下，您可以逐步提升球技，最終達到可以參加正式比賽的水平。由於我們不屬於校內聯賽，因此沒有嚴格的訓練安排，讓您能夠以輕鬆的節奏享受網球的樂趣。您可以透過參加訓練營的比賽來展示日常訓練的成果，訓練營每年舉辦多達五次。 F.S.S.也舉辦豐富多彩的活動，增進成員之間的友誼！我們每個月都會舉辦煙火表演、萬聖節派對和聖誕節派對等季節性活動，讓您充分體驗大學生活！最重要的是，我們是一家以會員間緊密聯繫和友好溫馨的氛圍為特色的網球俱樂部！無論您是網球初學者還是經驗豐富的球員，都歡迎您來F.S.S.！,每週二、四下午5點，日本女子大學網球場/浮間船渡都會網球場,無,google_translate_zh_tw,llm_reviewed,Google Sheets GOOGLETRANSLATE zh-TW draft; structurally checked and normalized for Cantonese/Traditional Chinese site use.
C0042,3790,a3b696089da61a22,早稻田大學冠網球俱樂部,體育（球類）,網球,"我們是成立於1975年的早稻田大學官方認可的網球俱樂部！我們男女比例1:1，經驗豐富的球員和初學者人數均衡，確保每個人都能享受網球的樂趣！俱樂部僅有40名成員，氣氛溫馨友好，大家很容易就能成為朋友！我們也是歷史悠久的12所大學聯盟的成員，保證了俱樂部安全愉快的體驗！

我們每週在東京的網球場進行兩次訓練！訓練時間不固定，您可以依照自己的時間安排參加！我們提供適合初學者的訓練課程，即使是大學新生也能快速進步！當然，經驗豐富的球員也可以與其他經驗豐富的球員一起訓練！

我們每月都會舉辦活動，每年還會舉辦四次訓練營，讓您在網球之外也能享受豐富多彩的活動！小規模的俱樂部營造了溫暖友善的氛圍，豐富多彩的活動也讓大家無論性別或年級都能輕鬆結交朋友！讓我們在Crest俱樂部一起擁有最美好的大學生活吧！",每週不固定日期 / 下午 5 點至 7 點 / 東京的網球場，如宇木間公園、木場公園和猿江恩士公園。,無,google_translate_zh_tw,llm_reviewed,Google Sheets GOOGLETRANSLATE zh-TW draft; structurally checked and normalized for Cantonese/Traditional Chinese site use.
C0043,3381,4b27ba2ff362ce5d,早稻田四十愛,體育（球類）,網球,"這是一個大學官方認可的網球俱樂部，今年迎來了成立45週年！男女比例為1:1，每個年級約有25名成員，俱樂部總人數約100人！成員之間不僅關係親密，學長學姐和學長學妹之間的關係也十分融洽，營造出友好熱情的氛圍，這也是「四十愛」網球俱樂部最大的特色 (^^)

/
/
/
/ 所有男生都來自早稻田大學，女生則來自早稻田大學、日本女子大學和東京女子大學，所以你不但可以認識本校的同學，還能認識其他大學的同學！俱樂部每週一和週四上午和下午各進行一次訓練，方便你在課餘時間打網球！此外，我們還提供晚間訓練和初學者訓練，即使你的上課日安排得很滿，也能保證一定的練習時間！而且，大家常常會一起打球，所以你永遠不會覺得沒有足夠的時間打網球！經驗豐富的球員與初學者的比例為1:1，所以即使是大學才開始打網球的學生也能輕鬆融入！我們還有經驗豐富的網球教練，所以即使是經驗豐富的球員也能透過友善的比賽不斷進步！初學者也能越打越好 (^-^)

/
/
/
/我們使用多個球場，例如猿江、城北、赤塚、筱崎、舍人、府中、木場和大宮，方便大家參與！我們隸屬於歷史悠久、組織完善的十二大學聯盟，所以您可以安心享受俱樂部生活 (^O^)

/
/
/
/去年我們在早稻田杯中獲得了第五名！ ！",每週一、週四 / 上午 9:00 - 下午 5:00（對所有人開放） / 猿江、城北、赤塚、筱崎、舍人、府中、木場、大宮等 / 早稻田大學 15 號樓休息室,網站（俱樂部）訪問限制,google_translate_zh_tw,llm_reviewed,Google Sheets GOOGLETRANSLATE zh-TW draft; structurally checked and normalized for Cantonese/Traditional Chinese site use.
C0044,3388,1a4a258869dfac1f,銀河網球俱樂部,體育（球類）,網球,銀河網球俱樂部是一個中等規模的網球俱樂部，每個年級約有25名成員，男女比例為1:1。所有成員都是早稻田大學的學生，所以你將會認識來自各系的眾多朋友。超過一半的成員是初學者，但高年級的學長學姐會耐心指導，即使是初學者也能輕鬆入門！當然，我們也熱烈歡迎經驗豐富的球手加入。讓我們一起享受樂趣，共同進步吧！高年級和低年級的學長學姊們相處融洽，大家經常一起玩耍，在午餐和課餘時間一起在休息室消磨時光。銀河網球俱樂部每月都會舉辦各種活動，例如體育賽事、煙火表演和早稻田祭，你將和大家一起留下許多美好的回憶！對我們來說，銀河網球俱樂部是一個舒適的地方，也是我們大學生活中不可或缺的一部分。何不加入銀河網球俱樂部，和最好的朋友一起擁有最棒的大學生活呢？,每週一、三、五 / 13:00-17:00 / Kiba Park Courts,無,google_translate_zh_tw,llm_reviewed,Google Sheets GOOGLETRANSLATE zh-TW draft; structurally checked and normalized for Cantonese/Traditional Chinese site use.
C0045,3390,00231a15c6a130f7,早稻田大學主場網球俱樂部,體育（球類）,網球,進入大學後，你是否想開啟新的旅程？你想打網球嗎？你想和大家一起享受運動的樂趣嗎？你想結交摯友嗎？讓早稻田大學網球俱樂部幫助你夢想成真！在眾多網球俱樂部中，早稻田大學網球俱樂部是一個難得的小型俱樂部，成員全來自早稻田大學！正因如此，我們擁有許多優勢。由於人數較少，我們可以花更多時間在球場上揮拍練習。作為新早稻田大學網球俱樂部聯盟第三組的成員，早稻田大學網球俱樂部可以與其他俱樂部進行友誼賽和團體賽，這極大地激勵了我們的隊員。即使你是網球新手，也不需要擔心，我們會從零開始指導你，並根據你的水平安排合適的場地！雖然我們專注於網球，但我們也組織豐富多彩的活動！您可以全年參加豐富多彩的活動，例如：在探索東京著名地標的同時完成挑戰的健走活動；在大型公園踢足球或玩“達摩不倒翁”（一種日本兒童遊戲）；或者觀看早稻田大學對陣慶應大學的比賽！至於網球俱樂部最令人擔憂的飲酒聚會，我們俱樂部的宗旨是輕鬆暢飲。在這裡，您完全不必強迫自己豪飲，大家都可以在輕鬆的氛圍中暢所欲言！此外，我們俱樂部每年僅招收約15名成員，這不僅能讓您與同班同學建立更深厚的友誼，還能讓您與學長學姐和學弟學妹們增進感情。何不加入我們俱樂部，與終生摯友共度人生中最美好的四年呢！,每週兩天​​（週一、週二、週三或週四）/ 下午5點至7點 / 鐵學堂公園,無,google_translate_zh_tw,llm_reviewed,Google Sheets GOOGLETRANSLATE zh-TW draft; structurally checked and normalized for Cantonese/Traditional Chinese site use.
C0046,3567,099d7fbd77be825e,t:M（團隊）,體育（球類）,網球,我們是t;M，位於所澤校區的網球俱樂部。我們每週在所澤校區的網球場進行三次輕鬆愉快的網球活動。我們的會員費僅為1000日元，這在其他網球俱樂部中簡直是聞所未聞！我們也歡迎初學者，每年都有許多新手加入我們。我們的資深會員會耐心指導您，幫助您快速提升球技。我們也會舉辦各種活動，包括每年三次的訓練營和聖誕派對，精彩紛呈，樂趣無窮。快來加入t;M，開啟您精彩的大學生活吧！,每週一、四、五 / 13:00-19:30 / 所澤校區網球場,無,google_translate_zh_tw,llm_reviewed,Google Sheets GOOGLETRANSLATE zh-TW draft; structurally checked and normalized for Cantonese/Traditional Chinese site use.
C0047,3378,ac068037dc9c86c2,真理網球俱樂部,體育（球類）,網球,大家好！我們是Truth網球俱樂部，一個由早稻田大學官方認可的、氛圍友善的早稻田網球俱樂部！我們是一個中等規模的俱樂部，每年約有20名會員，男女比例為1:1！如果您想打網球，但又對早稻田大學的網球俱樂部感到有些不知所措，那麼Truth絕對是您的理想之選！我們歡迎所有程度的球員加入，無論您是初學者還是經驗豐富的球員！我們每週在距離大學約15分鐘路程的網球場進行三次訓練！即使是初學者也不用擔心，我們的前輩會耐心指導您！我們大約每三個月還會租用一次大型網球場，用於俱樂部內部比賽！除了網球之外，Truth全年還會舉辦許多有趣的活動，包括每年三次的集訓、觀看早稻田大學對陣慶應義塾大學的比賽、早稻田祭以及聖誕派對！最重要的是，加入Truth最大的好處就是您可以認識最好的朋友！您在Truth結交的朋友一定會成為您一生的摯友！讓我們和這些可愛的朋友們一起，擁有最美好的大學生活吧！,每週一、四、五下午 4 點至 6 點 / 池袋及赤羽,無,google_translate_zh_tw,llm_reviewed,Google Sheets GOOGLETRANSLATE zh-TW draft; structurally checked and normalized for Cantonese/Traditional Chinese site use.
C0048,3632,d4db1b16d37dace0,自由放任 T.C.,體育（球類）,網球,專為理工科學生打造！我們是新早稻田網球協會旗下的網球俱樂部，在這裡，你可以同時在網球和學業上取得優異成績！我們的座右銘是“不喝酒，金錢至上，我們熱愛網球”，我們認真對待每一位成員的快樂時光！每週練習2-3次，安排在晚上，以免與​​課程衝突。我們也會在考試前安排複習時間，讓你即使身處網球俱樂部也能專注於學習！當然，俱樂部也提供豐富多彩的活動，例如密室逃脫遊戲、聖誕派對、定期舉辦友誼賽，以及精彩的夏令營！男女成員比例約為1:1，成員等級涵蓋初學者到經驗豐富的球員。如果你想在大學打網球，但又擔心自己能否跟上網球俱樂部的節奏，那就來Lesse Faire看看吧！讓我們一起度過最美好的大學時光吧！俱樂部全體成員期待你的加入！,每週兩到三次（固定為週五），每週兩到三次在城北公園等地。,無,google_translate_zh_tw,llm_reviewed,Google Sheets GOOGLETRANSLATE zh-TW draft; structurally checked and normalized for Cantonese/Traditional Chinese site use.
C0049,3389,022e62a6ec7c0a15,早稻田大學優秀網球俱樂部,體育（球類）,網球,您好！我們是早稻田大學官方認可的網球俱樂部－Fantastic Tennis Club。我們每週一至週五上午和下午都有10次練習，您可以根據自己的時間安排來打網球，無論您是忙於學業還是兼職工作！我們擁有友善熱情的氛圍，經驗豐富的球員與初學者的比例為1:1！我們根據水平劃分練習時間，因此無論您是初學者還是經驗豐富的球員，都能按照自己的步調練習！我們不僅注重教授經驗豐富的球員，也致力於教授初學者，我們甚至還贏得初學者杯！除了網球之外，我們全年還會舉辦各種活動，例如夏令營、滑雪之旅和聖誕派對，保證您玩得開心！無論您對網球不感興趣還是想認真練習，何不加入Fantastic，與最好的朋友一起享受最棒的大學生活呢？,每週一至週五 / 上午 8:00 至 10:00，下午 1:00 至 5:00 / 早稻田大學附近的網球場,無,google_translate_zh_tw,llm_reviewed,Google Sheets GOOGLETRANSLATE zh-TW draft; structurally checked and normalized for Cantonese/Traditional Chinese site use.
C0050,3522,0656ecb2384684b0,早稻田大學理工學院排球俱樂部,體育（球類）,排球,科學與工程學院排球俱樂部，暱稱“Harikobare”，多年來一直深受大家喜愛。作為科學與工程學院正式認可的社團，俱樂部主要由科學與工程學院的學生組成，為了盡可能避免與課程衝突，訓練安排在工作日晚上和周六下午。俱樂部由隊員（僅限男性）和經理（僅限女性）組成。雖然成員以理科學生為主，但也包括一些文科學生，俱樂部氛圍友善和諧。俱樂部參加眾多比賽，主要賽事包括每年兩次的俱樂部聯賽（5月和11月）以及科學與工程學院聯賽（6月和12月），此外每年還會舉辦三次集訓（8月、11月和3月）。如果你想認真打排球，但又不想影響學業，同時還想參加訓練營、聚會和各種活動，那麼這個俱樂部就是你的理想之選 (＾◇＾) 如果你正在猶豫加入哪個俱樂部，或者想第一次接觸排球，又或者學習繁忙但仍然想打排球，歡迎來了解一下我們！一般來說，我們只在迎新期（四月和五月）招募新成員！,每週一和週四（大久保小學：下午 6 點至晚上 9 點），週六（大久保小學：上午 9 點至中午 12 點）,無,google_translate_zh_tw,llm_reviewed,Google Sheets GOOGLETRANSLATE zh-TW draft; structurally checked and normalized for Cantonese/Traditional Chinese site use.
C0051,3166,c09e9583adb9e1db,排球俱樂部,體育（球類）,排球,早稻田大學排球社是該校正式認可的排球社。我們每週訓練兩次，分別是每週二和隔週的週四和週六，主要在東京的體育館進行，包括世田谷、板橋和清瀨等地。俱樂部由三年級學生擔任管理職。這些三年級學生個性鮮明——有熱情開朗的會長，有說話有點難懂的副會長，有擅長搞怪的財務，還有性格隨和的經理——他們每天都讓訓練充滿活力。我們的目標是參加每年兩次的俱樂部聯賽，無論是初學者還是經驗豐富的球員，都樂於認真地打排球。俱樂部成員之間，無論男女，無論學長學姊或學弟妹，關係都非常好。週末，我們經常一起開車兜風、去遊樂園、打沙灘排球，做各種各樣的娛樂活動。除了日常訓練之外，我們還會舉辦各種活動，例如集訓營、滑雪之旅、早稻田大學對慶應義塾大學以及早稻田大學對關西大學的比賽。由於集訓營和滑雪之旅都是過夜活動，所有社團成員都能建立起非常深厚的友誼！如果你是即將進入大學並想開始打排球、繼續打排球或結交大學摯友的大一新生，歡迎來參加我們的訓練和迎新營！,每週二 / 下午 6:30 - 晚上 9:00 / 世田谷市駒澤初級中學 / 每隔一周的周四和周六 / 下午 6:00 - 晚上 9:30 / 清瀨市民體育館、植村加賀紀念體育館、和光市綜合體育館等。,無,google_translate_zh_tw,llm_reviewed,Google Sheets GOOGLETRANSLATE zh-TW draft; structurally checked and normalized for Cantonese/Traditional Chinese site use.
C0052,3418,2ecc39dd2991d607,安克爾排球俱樂部,體育（球類）,排球,我們的安克排球俱樂部以「全力以赴，盡情享受排球和樂趣！」為座右銘。在排球方面，我們每週二和週四在西荻窪進行兩次訓練，並積極參與包括世田谷區在內的各種比賽。我們的成員等級各異，從初學者到縣級代表隊成員都有，男女球員分別在不同的場地進行訓練。在娛樂方面，我們策劃了許多活動，例如燒烤、沙灘排球、聖誕派對和迪士尼樂園之旅。在每年五次的集訓期間，除了為比賽進行高強度的排球訓練外，我們還會組織各種季節性活動，例如夏季的海泳和冬季的滑雪、單板滑雪，並在晚上組織休閒活動，以增進俱樂部成員之間的友誼。如果你想充分享受大學生活，那就加入安克吧！,每週二、四 / 下午 6:30 - 晚上 9:00 / 荻窪初級中學,無,google_translate_zh_tw,llm_reviewed,Google Sheets GOOGLETRANSLATE zh-TW draft; structurally checked and normalized for Cantonese/Traditional Chinese site use.
C0053,3583,a747e4d2f6e50791,早稻田大學 M+,體育（球類）,排球,大家好，我們是早稻田大學M+排球社。我們每週二和週四在所澤校區進行排球訓練。我們俱樂部的魅力在於，無論年級高低，每個人都能參與其中，所以無論你是經驗豐富的球員，還是剛剛對排球感興趣的初學者，都歡迎加入我們。除了排球之外，我們全年還會舉辦許多季節性活動，例如賞櫻、燒烤和冬季運動。我們俱樂部也積極歡迎國際學生，所以如果你想體驗外國語言和文化，可以在鍛鍊身體的同時實現這個願望。大學生活伊始，你或許想嘗試一些新的東西，但要真正做到卻並非易事。如果你也有這樣的困擾，歡迎加入我們俱樂部，與擁有廣泛興趣愛好的資深成員交流互動。相信全新的生活體驗正等著你。我們全體成員都期待著新同學的加入！,每週二下午 4:30 - 晚上 8:00 / 所澤校區體育館；每週四下午 5:30 - 晚上 7:30 / 所澤市體育館,無,google_translate_zh_tw,llm_reviewed,Google Sheets GOOGLETRANSLATE zh-TW draft; structurally checked and normalized for Cantonese/Traditional Chinese site use.
C0054,3402,0ad16fdbe0211b39,帕迪高爾夫俱樂部,體育（球類）,高爾夫球,"我們每週一和週四在西荻窪站附近的練習場練習！有兩個時段：17:00-19:00 和 19:00-21:00，您可以隨時前來！練習免費。

/
/
/
/ 我們每月也會舉辦一次錦標賽，前往高爾夫球場進行比賽。根據比賽結果，您可以贏得豐厚的獎品！

/
/
/
/ 我們每年舉辦三次訓練營。一次在暑假期間，一次在寒假期間，二月還會舉辦滑雪/單板滑雪過夜之旅！

/
/
/
/ 我們俱樂部也是東日本學生高爾夫球俱樂部聯盟（HGA）的成員，因此我們可以與其他大學的高爾夫球俱樂部進行交流。 HGA 在春季和秋季舉辦聯賽，Paddy 去年贏得了冠軍！

/
/
/
/ 此外，您還可以透過 HGA 參與兼職工作（短期、過夜工作），協助舉辦職業比賽。

/

/

/
您可以近距離觀看職業高爾夫球手的精彩揮桿，這將是一次難忘的體驗。加入帕迪高爾夫俱樂部，一定要積極參與！

/

/

除了高爾夫，我們還舉辦夏季遊輪、聖誕派對、年終派對和新年派對等活動。

/

/

無論您是初學者還是經驗豐富的球手，我們都歡迎您的加入！我們超過一半的會員都是初學者，所以歡迎您隨時來練習！

/

/

加入帕迪高爾夫俱樂部，創造您人生中最美好的回憶！",每週一及週四 / 17:00-19:00，19:00-21:00 / 西尾木高爾夫中心,Circle 網站已關閉,google_translate_zh_tw,llm_reviewed,Google Sheets GOOGLETRANSLATE zh-TW draft; structurally checked and normalized for Cantonese/Traditional Chinese site use.
C0055,3403,70962f4aee80bcd1,博吉高爾夫俱樂部,體育（球類）,高爾夫球,"這個俱樂部的成員大多是大學時期才開始打高爾夫的！我們通常每週三下午 4 點在伊勢丹新宿男子館練習，每週五下午 5 點在 Metro Green Toyocho 練習！

/
/
/
/ Bogey 的優點在於，由於俱樂部規模相對較小，無論年級如何，你都能和大家成為朋友！除了每週兩次練習和每月一次的比賽之外，我們還會舉辦各種活動！我們每年舉辦三次訓練營，分別在五月新成員招募期間、八月和九月！所有活動都是自願參加的，所以你可以輕鬆地堅持下去！此外，成員有時也會一起打球，讓你的大學生活更加充實！

/
/
/
/ 無論年級如何，你都可以隨時加入！

/
/
/
/ 歡迎前來參觀並考慮加入我們！",每週三下午 4 點在新宿伊勢丹男館 / 每週五下午 5 點在東洋町 Metro Green 購物中心,無,google_translate_zh_tw,llm_reviewed,Google Sheets GOOGLETRANSLATE zh-TW draft; structurally checked and normalized for Cantonese/Traditional Chinese site use.
C0056,3167,1af12321f7e08d6f,保齡球俱樂部,體育（球類）,其他球類運動,"早稻田保齡球俱樂部（WBC）是經過大學批准的保齡球俱樂部，擁有超過60年的歷史。

/
/我們是一個跨校俱樂部，與其他大學的眾多學生進行交流！

/
/作為早稻田大學的成員，我們隸屬於由學生自主運作的關東學生保齡球聯盟。

/
/俱樂部成員參加各種比賽，包括團體賽和個人賽。

/
/2016年，我們迎來了第六個黃金時期，取得了輝煌的成績，例如在夏季關東學生保齡球錦標賽中贏得五人團體賽冠軍，在秋季常規聯賽中贏得五人團體賽冠軍，以及在全日本大學五人團體賽中獲得亞軍。

/
/然而，加入俱樂部無特定的資格或經驗要求！

/
/我們的成員大多是大學期間才開始打保齡球的初學者，所以沒有經驗完全不是問題；事實上，我們非常歡迎您的加入！

/
/我們每週練習大約兩次，並且積極與其他大學（例如慶應義塾大學、東京大學、駒澤大學、專州大學和獨協大學）進行交流，一起練習並組隊參加比賽。

/
/無論你一開始程度如何，或者即使你沒有運動天賦，保齡球都是一項可以不斷進步的運動。

/
/我們的學長學姊會為你解答任何關於保齡球器材、球等方面的疑問！

/
/何不嘗試投出曲球，爭取超過200分呢？

/
/早稻田大學保齡球俱樂部隨時歡迎你的加入，不僅是新生招募期間，而是全年都歡迎！",通常每週一和週四晚上7:00至9:00舉行。地點：（至2023年3月）中野太陽廣場保齡球館，（自2023年4月起）高田馬場大保齡球館,無,google_translate_zh_tw,llm_reviewed,Google Sheets GOOGLETRANSLATE zh-TW draft; structurally checked and normalized for Cantonese/Traditional Chinese site use.
C0057,3168,4970d680e3439198,北極熊冰球俱樂部,體育（球類）,其他球類運動,"早稻田北極熊隊每天都在努力訓練，目標是贏得春季和秋季聯賽以及總決賽的冠軍。

/
/
/
/ 歡迎有經驗的球員加入，也熱烈歡迎初學者！ （有經驗的球員會提供一對一指導！）我們認真對待每週兩次的訓練，但訓練結束後，氣氛非常友好輕鬆。我們正在招募球員和教練。請關注我們的社群媒體帳號，例如Instagram和Twitter，我們會定期發布比賽結果和日常動態！

/
/
/
/ 讓我們一起創造大學生活中最美好的回憶吧！",每週四 / 21:00-23:30 / 三井不動產冰上公園船橋,無,google_translate_zh_tw,llm_reviewed,Google Sheets GOOGLETRANSLATE zh-TW draft; structurally checked and normalized for Cantonese/Traditional Chinese site use.
C0058,3164,177ac34ee0e54c67,乒乓球社（WTTS）,體育（球類）,其他球類運動,WTTS是早稻田大學唯一官方認可的乒乓球俱樂部，至今已成立58年！我們歡迎所有程度的乒乓球愛好者，無論您是初學者還是高中聯賽老將，我們都能滿足您的需求！我們每週訓練2-3次，舉辦豐富多彩的活動，讓您在輕鬆而又不失認真的氛圍中享受乒乓球的樂趣！我們也配備了專業的指導老師，為初學者提供指導，讓您安心無憂！我們擁有許多比賽機會，例如參加在各地舉辦的公開賽、「首都大戰」（東京都立大學乒乓球錦標賽，東京都各大學俱樂部齊聚一堂）以及「俱樂部內部對抗賽」（決出俱樂部最強選手）！ WTTS也獲得了日本女子大學的官方認可和附屬資格，因此其他大學的女性學生和同學可以放心加入，我們非常歡迎！對於早稻田大學的學生來說，這也是認識其他大學同學的絕佳機會！在這裡，您可以結識各種各樣的人！我們也十分重視各項活動。在四月份的新會員招募期間，我們會舉辦賞櫻、燒烤、橫濱港未來區週邊遊覽等精彩活動，春夏季還會組織滑雪旅行和為期一周的訓練營，保證您在乒乓球之外也能收穫許多美好的回憶！加入WTTS，定能豐富您的大學生活！我們隨時歡迎新會員加入，請隨時前來參觀！,每週四、週二或週五下午 3 點或 6 點左右開始 / 學生會大樓 E408 / 新宿宇宙體育中心等。,Circle 網站已關閉,google_translate_zh_tw,llm_reviewed,Google Sheets GOOGLETRANSLATE zh-TW draft; structurally checked and normalized for Cantonese/Traditional Chinese site use.
C0059,3422,15a682006fffcdf9,運動愛好者,體育（球類）,其他球類運動,"運動愛好者社成立於1972年，是個歷史悠久的社團，至今已傳承42代。

//我們每週二和週五在早稻田大學附近的體育館進行籃球和排球活動。

//時間可能會有所調整，但通常為下午5點至7點，籃球和排球各一小時，持續兩小時。

//我們社團裡既有經驗豐富的球員，也有很多初學者，所以我們秉承運動愛好者社「玩得開心最重要」的原則，在輕鬆愉快的氛圍中，就像在上高中體育課一樣。大家玩得非常開心，活動期間總是充滿歡笑！

//男女比例大致為50/50，作為校際社團，我們也熱烈歡迎其他大學的學生加入。

//何不加入運動愛好者社，一起打籃球或排球呢？我們期待你的加入！",每週二、五/下午5點/富山日出,無,google_translate_zh_tw,llm_reviewed,Google Sheets GOOGLETRANSLATE zh-TW draft; structurally checked and normalized for Cantonese/Traditional Chinese site use.
C0060,3419,92a81deacb8a4235,慕尼黑手球俱樂部,體育（球類）,其他球類運動,慕尼黑手球俱樂部是手球愛好者的天堂！性別和年級都不重要！我們歡迎來自其他大學和職業學校的學生，我們友善熱情的氛圍是吸引大家的一大亮點。在春季和秋季聯賽中，我們屢創佳績，戰勝過其他大學。我們沒有固定的先發陣容；每個人都有機會上場，我們為團隊合作贏得比賽而感到自豪！我們也歡迎初學者和中斷一段時間後重返賽場的朋友們！在大學假期期間，我們會舉辦夏令營、二、三年級學生的暑期旅行、滑雪營和春訓營——我們非常享受這些活動！每週一次的訓練安排恰到好處，我們彼此關係非常親密，經常一起外出吃飯或聚會！我們全年都在招募新成員，並非只在新成員招募期才開放。如果你想嘗試手球，歡迎來東伏見加入我們！,每週一 / 下午 6 點 - 晚上 9 點 / 東伏見體育館,無,google_translate_zh_tw,llm_reviewed,Google Sheets GOOGLETRANSLATE zh-TW draft; structurally checked and normalized for Cantonese/Traditional Chinese site use.
C0061,3423,6ffab430d5c48755,棒球俱樂部,體育（球類）,其他球類運動,我們提供五項運動：棒球、籃球、足球、網球和排球，每月每項運動各一次訓練。我們是早稻田大學最大的綜合運動社團。社團氛圍友善輕鬆。此外，我們每年舉辦七次集訓，活動豐富多彩。這些大型集訓是大型社團的典型特徵，總是充滿樂趣。棒球方面，我們每年參加早稻田聯賽和聯合錦標賽；排球和籃球方面，我們每年與其他兩個社團聯合舉辦名為「早稻田老將盃」的比賽，以展示我們日常訓練的成果。所有活動都比較輕鬆，即使是只想進行一些輕度運動的人或不擅長運動的人也能樂在其中。此外，我們是一個歷史悠久的社團，擁有37代成員，每年都會舉辦校友聚會，屆時您可以向已成為職場人士的前輩成員請教求職方面的問題。,不定期,無,google_translate_zh_tw,llm_reviewed,Google Sheets GOOGLETRANSLATE zh-TW draft; structurally checked and normalized for Cantonese/Traditional Chinese site use.
C0062,3421,cc16b44a6dddac33,壁球俱樂部,體育（球類）,其他球類運動,早稻田大學壁球俱樂部，簡稱“Hayasuka”，是早稻田大學唯一的壁球俱樂部。由於大多數人都是在大學才開始接觸壁球，所以我們的成員大多是初學者。俱樂部所有成員均為早稻田大學學生，當然，您也可以同時加入其他社團！練習時間靈活，您可以隨時加入，我們也鼓勵您以輕鬆的心態參與！除了日常練習外，Hayasuka還會舉辦各種活動，例如燒烤和聖誕派對。其中最精彩的莫過於每年九月舉辦的夏季訓練營。訓練營的住宿地點就在海邊，大家可以在享受夏日樂趣的同時練習壁球！此外，Hayasuka在壁球方面也取得了不俗的成績，許多成員都曾參加過全國錦標賽。無論您是想認真鑽研壁球，還是只想和大家一起享受各種活動，早稻田大學壁球俱樂部都是您的理想之選！,每週一、三、四、五下午3點至6點 / 阿佐谷市白金台赤羽,無,google_translate_zh_tw,llm_reviewed,Google Sheets GOOGLETRANSLATE zh-TW draft; structurally checked and normalized for Cantonese/Traditional Chinese site use.
C0063,3169,31fead7830fd38a7,飛龍板球俱樂部,體育（球類）,其他球類運動,"飛龍板球俱樂部是早稻田大學唯一的板球俱樂部！我們的男女隊都曾獲得全日本大學生板球錦標賽冠軍。我們認真對待這項運動，同時也秉持著「享受每一天」的理念。目前俱樂部共有71名成員，我們歡迎經驗豐富的球員以及想要在大學開始一項新運動的初學者加入。

我們每週訓練三次（週三、週五和週日），但並非強制參加。您可以根據自己的步調進行訓練，輕鬆平衡學業和兼職工作。我們引以為傲的是我們緊密團結的社群，無論年級或性別。即使沒有訓練日，我們也會一起吃午飯，除了板球之外，我們還會舉辦許多活動，例如訓練營、迪士尼樂園之旅和飛鏢比賽。

我們也有國際學生，板球運動本身就為國際交流提供了絕佳的機會，這也是板球運動的另一個主要魅力。此外，我們也有很多機會與其他大學和成人板球隊進行交流互動。如果您有興趣，歡迎前來觀看訓練或活動！我們會在社群媒體（Instagram 等）上發布最新資訊。所有隊員和教練都期待新成員的加入！",週三/下午1:30/高田馬場；週五/全天/早稻田；週日/下午1:00/北千住,無,google_translate_zh_tw,llm_reviewed,Google Sheets GOOGLETRANSLATE zh-TW draft; structurally checked and normalized for Cantonese/Traditional Chinese site use.
C0064,3165,443e94ef46073a83,羽毛球俱樂部,體育（非球類）,羽毛球,我們是官方認可的大學社團！所有早稻田大學的學生，無論初學者或經驗豐富的球員，都樂於一起練習羽球。除了羽球之外，我們還有許多其他活動，例如春季迎新活動和夏季燒烤！我們每年還會舉辦兩次集訓！每年都有超過100人參加集訓，度過充實的一週。我們在學生會大樓裡還擁有自己的社團活動室！我們的主要活動場地包括江東區體育館、赤羽體育館、戶田市體育中心和和光市綜合體育館。我們主要的年度活動如下：4月：迎新派對；5月：迎新活動、早稻田-慶應棒球比賽觀賽；6月：單打比賽；8月：混雙比賽、夏季集訓；9月：團體賽；10月：現任執行委員會的告別派對；11月：雙打比賽；12月：春季雙打比賽； （1月和7月因考試暫停活動。）還有很多精彩內容無法在此一一列舉！當然，我們也會與其他俱樂部進行比賽！由於我們是一個大型團體，所以有很多機會可以認識新朋友。歡迎來參加我們的訓練課程！,每週一至兩次 / 江東區運動中心、赤羽體育館、戶田市體育中心、和光市綜合體育館等。,Circle 網站已關閉,google_translate_zh_tw,llm_reviewed,Google Sheets GOOGLETRANSLATE zh-TW draft; structurally checked and normalized for Cantonese/Traditional Chinese site use.
C0065,3551,2122e49afb2516a1,羽毛球俱樂部 J-Birds,體育（非球類）,羽毛球,J-Birds羽球俱樂部是早稻田大學所澤校區唯一的羽球俱樂部！我們擁有各個程度的會員，從初學者到專家，無論程度高低，大家都會一起練習！我們每天都會進行訓練，備戰每年舉辦兩次的早稻田大學校際錦標賽（簡稱「DaCup」），以及關東羽球協會（UBF）舉辦的比賽和其他地區性賽事。除了日常訓練，我們還會舉辦各種活動，例如J-Cup比賽、J-Birds內部友誼賽、每年三次的集訓營，以及會員們策劃的其他活動。我們是一個氛圍輕鬆友好、充滿活力的俱樂部，既有認真認真的會員，也有休閒娛樂的會員，所以每個人都能在這裡找到樂趣！,每週二、四、六下午 4:00 / 所澤校區體育館,無,google_translate_zh_tw,llm_reviewed,Google Sheets GOOGLETRANSLATE zh-TW draft; structurally checked and normalized for Cantonese/Traditional Chinese site use.
C0066,3171,a200bddca3f1691c,Choco Let's,體育（非球類）,羽毛球,ChocoLet's 是一個早期稻田大學的羽球俱樂部，我們禁止飲酒，男女比例為 1:1，初學者和經驗豐富的球員比例也為 1:1。我們有很多初學者，經驗豐富的球員也都很友善樂於助人，所以即使你以前從未打過羽毛球，但只要你對羽毛球稍感興趣，都歡迎來參加我們的歡迎練習！我們的日常練習以雙打為主，不像其他俱樂部那樣安排跑步或強制性訓練！我們的理念是“想打球就來”，所以你可以輕鬆地在繁忙的學院或其他社團活動之餘安排時間！此外，我們的日常練習地點都在大學附近（主要在理工學院附近），所以你不用擔心交通費用或時間安排！除了羽毛球，我們還會舉辦聖誕派對和運動會等活動，如果你有興趣，請訪問我們的網站！,每週約兩天，從週二、週三、週五和週日/從晚上到深夜/在高田馬場附近的體育館。,無,google_translate_zh_tw,llm_reviewed,Google Sheets GOOGLETRANSLATE zh-TW draft; structurally checked and normalized for Cantonese/Traditional Chinese site use.
C0067,3420,51797a23f2999b20,青年羽毛球俱樂部,體育（非球類）,羽毛球,我們每週練習一到兩次。我們也有很多季節性活動，而且所有成員相處得都非常好！,暫無相關資訊。,無,google_translate_zh_tw,llm_reviewed,Google Sheets GOOGLETRANSLATE zh-TW draft; structurally checked and normalized for Cantonese/Traditional Chinese site use.
C0068,3196,5f562a686f4efb15,競技交誼舞社（WBDC）,體育（非球類）,舞蹈,"社交舞 + 運動 = 競技舞蹈？

/
/
/
/男女翩翩起舞的畫面，宛如電影場景！只要一眼，你就會為之傾倒！

/
/既然是“比賽”，自然少不了各種賽事。早稻田大學競技舞蹈社在關東地區和全國比賽中都取得了優異的成績。

/
/全國大賽上，來自日本各地的大學齊聚一堂，展開激烈角逐！

/
/據校友反映，參加競技舞蹈社對求職大有裨益…

/
/
//你還能認識其他大學的舞伴！

/
/即使你無舞蹈經驗，也完全沒問題！我們社團99%的成員都是從大學開始接觸競技舞蹈的。

/
/即使你無經驗，競技舞蹈社也是一個可以讓你認真追求勝利的地方！

/

/

/
/比賽時穿著的華麗禮服和燕尾服也是競技舞蹈社的一大亮點！

/
/您可以穿上平常不會穿的禮服和燕尾服。

/
/我們的成員會攜帶單眼相機參加比賽，所以您可以拍到很多精彩的照片！

/

/
/標準舞優雅，如同在舞會上翩翩起舞。拉丁舞則表達了濃烈的愛與激情。

/
/參加競技舞可以改善您的體態；男士會更儀態大方，女士則會擁有健美勻稱的身材！

/

/
/早稻田大學競技舞社擁有80年的悠久歷史！何不加入早稻田大學競技舞社，與社團成員一起熱情起舞，共度美好大學時光呢？

/
/歡迎您隨時前來觀摩練習！","練習時間：每週二在共立女子大學

/
/
/
/
/
/
/
/ 自主練習：

/
/
/
每週四和週六在共立女子大學

/
/
/
隨時在學生會大樓",無,google_translate_zh_tw,llm_reviewed,Google Sheets GOOGLETRANSLATE zh-TW draft; structurally checked and normalized for Cantonese/Traditional Chinese site use.
C0069,3755,20c9afdb03cc95a5,早稻田大學阿波舞蹈團，早稻田蓮 [Team A.W.A],體育（非球類）,舞蹈,我們是早稻田蓮，隸屬於關東學生聯合聯盟，與慶應義塾大學、上智大學、中央大學、東京理科大學、明治大學、東洋大學和橫濱國立大學等大學一起，參加在德島、高塚寺等地舉辦的阿波舞祭。我們的成員來自世界各地，不僅限於德島，我們歡迎所有人加入，無論您是經驗豐富的舞者，還是從未體驗過阿波舞的新手，亦或是想要結識其他大學或家鄉的朋友！何不加入我們，一起參與阿波舞－日本最具代表性的盂蘭盆節之一？,非正式/學生會,無,google_translate_zh_tw,llm_reviewed,Google Sheets GOOGLETRANSLATE zh-TW draft; structurally checked and normalized for Cantonese/Traditional Chinese site use.
C0070,3450,adbcaea20f5561c0,早稻田大學 Breakerz (W.U.B),體育（非球類）,舞蹈,"W.U.B.是早稻田大學歷史最悠久的街舞社團，今年迎來成立41週年。我們通常在舞蹈室和學生宿舍進行練習，專注於特定的舞種。與其他社團不同，我們社團成員不會同時涉獵多種舞種，因此您可以專注於精進自己喜愛的舞種。我們也提供專業舞者的課程，幫助初學者和經驗豐富的舞者提升舞技。 W.U.B.不僅在活動前會安排練習日，還會定期進行日常練習，讓成員們有機會一起練習基本技巧和其他日常訓練。我們在街舞比賽和表演賽中都表現出色，為成員們提供了豐富的參與機會。

除了早稻田文化節之外，我們還會舉辦個人表演和社團活動，並參與校外活動，讓您盡情享受舞蹈的樂趣。我們也是六校街舞聯盟的成員，參加早稻田-慶應街舞對抗賽和全日本街舞錦標賽等賽事。

在這個社團裡，您可以自由地追求自己喜愛的舞種。歡迎體驗W.U.B.獨有的氛圍，輕鬆自在與沈穩內斂的完美融合！

四月：迎新之旅

五月：迎新營

六月：早稻田大學對慶應義塾大學的比賽

七月：新生介紹會

八月：夏日之夜

九月：夏日營、六校聯盟

十一月：早稻田祭

十二月：告別演出

二月：冬日之夜

三月：全日本

不定期：社團對抗賽（每3-4個月一次）",每週一、三、五 / 19:00-21:00 / 學生會大樓，工作室,無,google_translate_zh_tw,llm_reviewed,Google Sheets GOOGLETRANSLATE zh-TW draft; structurally checked and normalized for Cantonese/Traditional Chinese site use.
C0071,3449,74eb5b5fa35dc01c,弗拉門戈團體 iVAMOS！,體育（非球類）,舞蹈,"每週二第五堂課到第七堂課，我們在學生會大樓教授正宗的弗拉明戈舞，舞蹈由專業的弗拉明戈舞者兼編舞指導。課程涵蓋基礎知識和編舞，無論您是初學者還是經驗豐富的舞者，都能從中獲得樂趣。我們經常參加各種活動，包括早稻田節和冬季現場表演！演出服裝華麗、色彩鮮豔又可愛－相信您看完後也會想穿上！此外，透過學生弗拉明戈聯盟，我們與其他大學建立了聯繫，讓您有機會結識來自不同大學的朋友！我們也在招募歌手和吉他手加入我們的演出！

/
/
/
/ 如果您有興趣，歡迎前來體驗或觀摩課程！您可以透過各大社群媒體平台私訊我們進行諮詢。快來加入我們，一起跳弗拉明戈吧！",每週二/第5-7堂課/學生會大樓,無,google_translate_zh_tw,llm_reviewed,Google Sheets GOOGLETRANSLATE zh-TW draft; structurally checked and normalized for Cantonese/Traditional Chinese site use.
C0072,3452,bb5ed1e5c9e767c7,舞蹈隊 Brilli Body Pinks,體育（非球類）,舞蹈,"Brilliant Pinks（簡稱 Bripin）是早稻田大學唯一的女子舞蹈社團！

/
/
/
/ 我們每天練習，為六月和十二月的個人演出以及早稻田文化節做準備。我們主要教授四種舞蹈類型：女子舞、嘻哈、鎖舞和龐克舞，每個舞台的表演類型都可以自由選擇。我們歡迎熱愛舞蹈、積極進取的大學新生！零基礎的舞者也非常歡迎！讓我們一起打造精彩的大學生活吧！",每週一、三、五，第 5、6 和 7 課在東京的學生會大樓或工作室舉行。,無,google_translate_zh_tw,llm_reviewed,Google Sheets GOOGLETRANSLATE zh-TW draft; structurally checked and normalized for Cantonese/Traditional Chinese site use.
C0073,3451,51c0e636749c0834,早稻田大學爵士舞社團綠洲,體育（非球類）,舞蹈,"Oasis是早稻田大學官方認可的爵士舞社團，同時也是跨校社團，其他大學的學生也可以加入。現代爵士舞被認為是一種融合了多種舞蹈風格和音樂的舞蹈，其表演形式自由奔放。因此，在Oasis，您可以體驗到豐富多樣的舞蹈風格，而不受任何特定流派的限制。在教練的悉心指導下，您可以從基礎練習開始學習，因此無論您是初學者還是經驗豐富的舞者，都能在這裡提升舞技！我們引以為傲的是，儘管社團成員眾多，但社團氛圍溫馨友好，成員之間無論性別或年級都能和睦相處！我們的主要活動包括：為新成員舉辦的歡迎演出（4月）、參加文化藝術節的演出（6月）、獨立演出（8月）、參加早稻田祭的演出以及參加姐妹社團的比賽（11月）。每年夏季的常規演出都會吸引超過1200人參加。舞台上的視角和演出後的成就感對我們的成員來說都是無價之寶。此外，我們還與東京9所大學的10個社團共同組建了舞蹈策劃“α”，並舉辦聯合演出和比賽。在Oasis，您可以認識許多校友和其他社團的朋友，讓您的大學生活更加充實、精彩！更多詳細資訊和舞蹈影片請關注Oasis的官方社群媒體帳號（Twitter、Instagram、YouTube），歡迎查看！

/
/
/",每週二和週五 / 18:00-21:00 或 19:00-21:45 / 早稻田和高田馬場週邊設施,無,google_translate_zh_tw,llm_reviewed,Google Sheets GOOGLETRANSLATE zh-TW draft; structurally checked and normalized for Cantonese/Traditional Chinese site use.
C0074,3360,d850c38df4a128e4,跳舞的武士,體育（非球類）,舞蹈,早稻田！早稻田！太開心了！ ！時光倒流到2002年，那時Yosakoi舞在學生之間還不流行，一位名叫吉田先生的年輕人挺身而出。他第一次看到Yosakoi舞時深受感動，並由此創建了自己的舞團－Odori Samurai。今年是舞團的第十五代，傳統仍在延續。我們是一支學生Yosakoi舞團，從北部的北海道到南部的高知縣，走遍日本各地，盡情舞動。我們每天的目標是為觀眾帶來活力、靈感和震撼。今年的演出主題是「ROCK YOU」。我們希望將觀眾帶入Odori Samurai創造的空間，用舞蹈打動他們的心靈，震撼整個世界。我們傾注所有心血，從編舞、音樂、服裝到舞者的歌聲和熱情，表達我們對卓越的追求。,每週三和週六/下午6點至8點/主要在世田谷區的體育館舉行,無,google_translate_zh_tw,llm_reviewed,Google Sheets GOOGLETRANSLATE zh-TW draft; structurally checked and normalized for Cantonese/Traditional Chinese site use.
C0075,3454,1af4035121869c18,早稻田大學夏威夷民俗舞蹈研究協會,體育（非球類）,舞蹈,"阿囉哈！

我們是早稻田大學夏威夷民俗舞蹈研究協會，簡稱Wasehula，是早稻田大學唯一官方認可的呼拉舞社團！

今年是我們成立20週年，我們擁有約80名早稻田大學女學生，每週二和週五的第四節和第五堂課在學生會大樓練習。

Wasehula會參加夏季演出、早稻田節、個人演出，以及大學贊助的活動，並在夏威夷溫泉度假村和夏威夷的舞台上表演！

我們歡迎任何想嘗試呼拉舞、熱愛夏威夷、熱愛舞蹈、熱愛運動或想嘗試新鮮事物的人！

我們的大多數成員都是初學者，所以每個人都從同一起跑線開始，這是Wasehula的獨特之處！

新同學們！讓我們一起把夏威夷的微風帶到早稻田吧！",每週二和週五/第四節和第五節課/學生會大樓,無,google_translate_zh_tw,llm_reviewed,Google Sheets GOOGLETRANSLATE zh-TW draft; structurally checked and normalized for Cantonese/Traditional Chinese site use.
C0076,3363,371c788707475886,早稻田大學 Yosakoi 隊 東京花火,體育（非球類）,舞蹈,"我們是學生隊伍中少有的高知流夜來舞隊！

/
/
/
/ 高知流夜來舞的特色在於其遊行式的舞蹈，舞者會使用鳴子（木製響板）。我們引以為傲的是我們優雅的表演，融合了充滿力量的男性動作、優雅的女性扇子舞以及旗幟的運用。

/
/
/
/ 每年，我們都會精心打造一場演出，從服裝、音樂、編舞到主持，所有環節都由我們自己完成，並在日本各地的夜來舞節上表演，包括高知夜來舞節。

/
/
/
/ 我們是一個非常團結的團隊，成員不分年級，每天都在溫暖友好的氛圍中認真練習，全身心投入舞蹈中！

/
/
/
/ 如果你想嘗試新鮮事物，認真投入某件事，結識美好的朋友，或者只是單純地熱愛舞蹈……當然，即使你無舞蹈經驗，也完全沒問題！我們大多數的成員都是從零開始！


/
/
/
/你想成為在全國各地舞台上綻放笑容的「煙火女孩」嗎？讓我們一起享受學生時代的最後時光吧！ ？",每週二及週六/晚上7點起/學生會大樓及週邊設施,無,google_translate_zh_tw,llm_reviewed,Google Sheets GOOGLETRANSLATE zh-TW draft; structurally checked and normalized for Cantonese/Traditional Chinese site use.
C0077,3456,a91028b9ca8a83c5,會議,體育（非球類）,舞蹈,"除了全年參與各種活動，例如新生歡迎演出、早稻田文化節、早稻田-慶應大學比賽以及日本街舞錦標賽（JDC）之外，我們每年九月還會舉辦大型個人表演。

/
/
/
/ SesSion 的一大亮點是其精心打造的演出。我們為每場演出從零開始創作編舞、曲風、服裝和音樂，並且每天練習，不斷共同進步。

/
/
/
/ 今年，我們以第一名的成績通過了 JDC 關東地區預選賽，並在全日本街舞錦標賽（ALL JAPAN）的大學街舞表演賽中榮獲全國第三名。

/
/
/
/ 近年來，社團成員挑戰街舞比賽的人數也有所增加。無論你是想在演出中與大家一起享受舞蹈的樂趣，還是想挑戰自我、提升舞技，SesSion 都能讓你以自己的方式參與舞蹈，因此非常適合你。

/

/

/ 另一個吸引人的地方是這裡溫暖友好的氛圍，我們重視與成員之間的聯繫，同時又對舞蹈保持認真的態度！作為一個跨校社團，我們的成員來自早稻田大學和其他大學，大家一起享受我們的活動！

/

/ 如果你熱愛舞蹈，那就加入 SesSion 吧！

/
/ 如果你渴望享受大學生活，那就加入 SesSion 吧！

/
/ 讓我們一起跳舞吧！ ！ ！",時間不固定，每週2-3次/晚上7點至10點，也可安排深夜練習/工作室位於東京,YouTube連結已失效,google_translate_zh_tw,llm_reviewed,Google Sheets GOOGLETRANSLATE zh-TW draft; structurally checked and normalized for Cantonese/Traditional Chinese site use.
C0078,3458,d4cb308993fd8bf2,踢踏舞愛好者,體育（非球類）,舞蹈,TAP-LOVERS是早稻田大學官方認可的踢踏舞社團。我們主要在定期舉辦的音樂會和早稻田文化節的舞台上表演。 TAP-LOVERS的更多信息，請查看我們的Xbox和Instagram帳號。如果您對踢踏舞哪怕只有一點點興趣，都歡迎加入我們！如果您想來體驗一下，我們會提供舞鞋。只需穿著舒適的服裝即可！練習前請透過電子郵件或其他方式聯絡我們。請查看我們的排練時間表！ TAP-LOVERS也歡迎大二、大三的學生加入。事實上，很多人都是從大二或大三開始加入的。如果您想學習一項新技能，或想讓您的大學生活更加精彩，歡迎隨時加入我們！,每週二、五 17:00-20:35 / 每週日 13:10-16:45 / 學生會大樓,無,google_translate_zh_tw,llm_reviewed,Google Sheets GOOGLETRANSLATE zh-TW draft; structurally checked and normalized for Cantonese/Traditional Chinese site use.
C0079,3460,3f742b7c07a3c22c,早稻田大學芭蕾舞部 Ciel,體育（非球類）,舞蹈,早稻田大學唯一的芭蕾舞社團Ciel，成員涵蓋各個水平，從初學者到中斷一段時間後重返芭蕾的舞者，甚至還有經驗豐富的舞者。我們每週練習三天，主要安排在週一、週三和週五，地點在東京的舞蹈工作室和文化中心，為年度主演出、新成員歡迎演出、早稻田節以及其他活動做準備。我們也歡迎男生和其他大學的學生加入！如果你一直想學習芭蕾，或者因為入學考試而不得不放棄，或者想和同學一起跳舞，又或者想嘗試一些新鮮事物，那麼這就是你開始學習芭蕾的絕佳機會！如果你熱愛芭蕾，或是只是想跳舞，那就加入我們吧！一場完全由學生創作的演出，必將成為難忘的回憶！何不體驗一下與他人共同創作演出的樂趣呢？,週一、週三和週五（演出彩排期間，週六和週日也可能進行彩排）/ 下午 5:30 / 東京文化中心,無,google_translate_zh_tw,llm_reviewed,Google Sheets GOOGLETRANSLATE zh-TW draft; structurally checked and normalized for Cantonese/Traditional Chinese site use.
C0080,3459,8b62e3244891b6b2,早稻田大學 Getappers,體育（非球類）,舞蹈,"早安!我們是早稻田大學的木屐舞團Getappazu！

/
/
/
/ 作為世界上唯一一支“穿著木屐的舞蹈隊”，我們會在校內各種活動以及日本各地的大型節日（包括新潟和京都的節日）上進行表演。我們每年還會在大隈禮堂舉辦一場獨具特色、世界級的獨舞演出，每天都為大家帶來歡樂！

/
/
/
/ Getappazu雖然穿著華麗的日式服裝，乍看之下像是「夜來舞」的風格，但我們與眾不同之處在於我們穿著木屐而不是鳴鼓（木拍），也不進行傳統的演講。

/
/
/
/ 此外，我們許多成員都是初學者，也沒有專攻任何特定的舞蹈類型，所以我們可能與一般的「舞蹈社團」大相徑庭。

/
/
/
/ 但這正是Getappazu的魅力所在！

/

/

/
/木屐表演不受「經驗」或「類型」的限制；重要的是我們自己享受其中，也讓觀眾享受其中。 「Getappers」充滿了早稻田大學「表演社團」的精神。

/

/
/你跳過木屐舞嗎？沒錯，每個人都是從零開始的，在這裡，“只要你想站在舞台上”，就一定有機會。

/

/
/因為木屐，你結識了許多朋友，欣賞了許多美景，收穫了許多青春的體驗。大學生活只有一次，何不跟我們一起穿上木屐呢？",每週一、三、五晚上7點，在東京學生會大樓及其他設施舉行,無,google_translate_zh_tw,llm_reviewed,Google Sheets GOOGLETRANSLATE zh-TW draft; structurally checked and normalized for Cantonese/Traditional Chinese site use.
C0081,3588,28db2d59e4c8eb0c,又稱 Wa.Se.Da.,體育（非球類）,舞蹈,"〇活動

/
/我們是早稻田街舞社團 aka Wa.Se.Da.！

/
/您可以從 10 種舞種（包括多種舞種的組合）中自由選擇，包括新派嘻哈、中學嘻哈、鎖舞、Waack、女子舞、流行舞、霹靂舞、爵士舞、風格舞和浩室舞！

/
/
//〇我們的優勢

/
/我們友善熱情的氛圍！

/
/這裡充滿安全感和溫暖，每個人都被接納。大家都喜歡 aka。

/
/
//〇活動（部分清單）

/
/除了每年兩次的自主演出外，我們還會參加早稻田大學的 Toko Matsuri 和 Waseda Matsuri 等活動，以及其他一些校外舞蹈活動！我們每年還會舉辦許多有趣的活動，例如兩次訓練營和燒烤聚會。所有活動均為自願參加，您可以根據自己的時間安排彈性安排！

/

/歡迎新生加入，也歡迎二年級學生加入！ （二年級新生也可以加入同年級的班級！）我們期待與大家一起跳舞！",根據音樂類型的不同，排練日期、時間和地點也會有所不同。每種類型的排練大約每週進行一到兩次！,無,google_translate_zh_tw,llm_reviewed,Google Sheets GOOGLETRANSLATE zh-TW draft; structurally checked and normalized for Cantonese/Traditional Chinese site use.
C0082,3463,5e01e7a49418f958,早稻田球手隊,體育（非球類）,舞蹈,我們是早稻田大學花式籃球俱樂部（WASEDA BALLERS），一個起源於早稻田大學的花式籃球社團！我們積極參與校內外各種活動，例如在學校慶典和當地活動中表演，以及參與各種比賽。如果你掌握了熟練的控球技巧，你一定會成為大家的焦點！你甚至有可能在手指上旋轉籃球！無需任何籃球基礎！我們的資深會員會從零開始教你。歡迎隨時來觀看我們的訓練。,每週二和週五/第六節和第七節課/學生會大樓,無,google_translate_zh_tw,llm_reviewed,Google Sheets GOOGLETRANSLATE zh-TW draft; structurally checked and normalized for Cantonese/Traditional Chinese site use.
C0083,3462,3a7e44e504e473ae,早稻田大學肚皮舞社 SARAH 肚皮舞,體育（非球類）,舞蹈,"SARAHbelly是早稻田大學第一個也是唯一一個肚皮舞社團。我們的座右銘是“純潔、正直、美麗、性感”，我們是一個全女生團體，喜歡參加友好而有趣的活動！

/
/
/
/ 除了每週三的團體練習外，我們每週六還會邀請專業的肚皮舞老師來教課。我們會在校內活動（例如早稻田節）以及校外活動（例如晚宴表演）中身著華麗的服裝進行表演，為校內外帶來精彩的演出。我們的成員大多是肚皮舞初學者，所以我們熱烈歡迎無舞蹈經驗的朋友加入！

/
/
/
/ 如果你想愛自己，嘗試新鮮事物，找到自己熱愛的事業，或提升自我，我們期待與你一起在舞台上綻放光彩！",每週三第六堂課以及每週六上午 10:40 至下午 3:00 之間，在學生會大樓舉行，時長一小時。,無,google_translate_zh_tw,llm_reviewed,Google Sheets GOOGLETRANSLATE zh-TW draft; structurally checked and normalized for Cantonese/Traditional Chinese site use.
C0084,3464,6445a418afe80e7b,早稻田大學啦啦隊 MYNX,體育（非球類）,舞蹈,"大家好！

我們是MYNX，早稻田大學唯一的啦啦隊舞蹈社團，今年迎來12週年！我們的成員全部是早稻田大學的學生（都是早稻田大學的女生）。

我們每天都努力訓練，目標有兩個：

“成為啦啦隊舞蹈界的佼佼者”

“用我們對早稻田的熱愛來詮釋啦啦隊精神”

我們每年參加兩到三次JCDA和USA等比賽，目標是衝擊全國冠軍，同時也會在校內外的各種演出和活動中表演！

閃耀的啦啦隊員，努力拼搏、熱淚盈眶的啦啦隊員。加入MYNX，都可以成為其中之一！

非常歡迎初學者！

讓我們一起透過啦啦隊舞蹈，擁有充實而精彩的大學生活吧！

如果您哪怕有一點點興趣，請查看本頁連結的我們的官方社群媒體帳號。",每週五天（週一、週二、週三、週五、週六）/ 18:00-21:00 / 大學附近有體育設施,無,google_translate_zh_tw,llm_reviewed,Google Sheets GOOGLETRANSLATE zh-TW draft; structurally checked and normalized for Cantonese/Traditional Chinese site use.
C0085,3466,220e1e0ae5fc95e6,早稻田大學快閃俱樂部,體育（非球類）,舞蹈,我們是早稻田大學唯一表演快閃活動的社團。快閃活動是一種表演形式，表演者偽裝成普通人，突然在街頭載歌載舞，給周圍的人帶來驚喜和感動。它常被用於求婚、生日和婚禮等場合，營造驚喜氣氛！無需任何舞蹈經驗！你也可以使用樂器、唱歌或其他任何方式來展現你的個性！我們歡迎充滿熱情、渴望用行動帶給人們笑容的人，歡迎想要在大學裡嘗試新鮮事物的人，也歡迎對從零開始創作作品感興趣的創意人士！請在YouTube上搜尋「早稻田大學快閃社」。一旦你看過我們的視頻，你就會愛上快閃！何不嘗試用自己的快閃活動帶給別人驚喜和感動呢？,如有計劃舉辦活動，則每週一、週三或週五第五節課後，在早稻田週邊設施舉辦兩天（具體地點視活動而定）。,YouTube連結已失效,google_translate_zh_tw,llm_reviewed,Google Sheets GOOGLETRANSLATE zh-TW draft; structurally checked and normalized for Cantonese/Traditional Chinese site use.
C0086,3793,a467f8b728d54bdd,早稻田麥可傑克森研究協會,體育（非球類）,舞蹈,早稻田麥可傑克森研究俱樂部（M-Ken）是早稻田大學官方認可的麥可傑克森舞蹈翻跳俱樂部。我們通常會為早稻田音樂節等演出以及我們自己的表演進行排練，也會舉辦與麥可傑克森相關的活動。無論您是舞蹈新手還是經驗豐富的舞者，無論您是邁克爾傑克遜的粉絲、西方音樂愛好者還是其他類型的音樂愛好者，我們都歡迎您的加入！我們的大多數成員都是在大學期間開始學習舞蹈的。 M-Ken全年都歡迎新成員加入，不限年級。加入M-Ken，您一定能掌握一項獨特的技能，讓您脫穎而出！您甚至可以學習太空步。如果您即使只有一點點興趣，請關注M-Ken的官方社群媒體帳號（YouTube、Instagram、Xbox等）。您可以在那裡觀看我們的演出。任何想要充分利用大學生活或想要掌握一項特殊技能的人，都歡迎加入我們！我們期待收到您的私訊。,每週至少兩次（一次在工作日，一次在週末）/ 17:00-18:40 / 學生會大樓,無,google_translate_zh_tw,llm_reviewed,Google Sheets GOOGLETRANSLATE zh-TW draft; structurally checked and normalized for Cantonese/Traditional Chinese site use.
C0087,3723,b84af5c354ac02da,Momokyun☆,體育（非球類）,舞蹈,"我們每天都在努力爭取贏得UNIDOL偶像翻跳大賽的冠軍。


/
/
/
/我們翻跳的偶像種類繁多，主要包括Hello! Project，但也包括Cheeky Parade、Stardust、48 Group、Heroines等等。


/
/
/
/除了比賽，我們還會參加早稻田音樂節、個人表演和其他活動。


/
/
/
/我們的活動通常每週三次（兩個工作天和一個週末）。


/
/
/
/我們這裡氛圍溫馨如家，不分資歷。


/
/
/
/任何想跳舞的人都歡迎加入。我們推薦那些能夠專注於一個目標並認真合作的人。


/
/
/
/作為官方認可的社團，我們可以在學生會大樓練習，節省場地費用。


/
/
/
/此外，作為跨校社團，我們的成員來自眾多大學，可以拓展你的社交圈。

/

/

/
/我們也歡迎創意活動，例如服裝設計和背景影片製作。

/

/
/我們正在尋找幕後工作人員，而不僅僅是會員。",一般情況下，每週二、五和六晚上 7 點在學生會大樓舉行。,無,google_translate_zh_tw,llm_reviewed,Google Sheets GOOGLETRANSLATE zh-TW draft; structurally checked and normalized for Cantonese/Traditional Chinese site use.
C0088,3741,5d8b6469712c83bf,閃閃,體育（非球類）,舞蹈,"Twinkle是一個致力於「完美復刻」K-POP偶像的K-POP翻跳舞團。我們不僅翻跳K-POP偶像的舞蹈，還會用心還原他們的服裝、表情和舞風！我們的主要演出包括4月的迎新演出、5月的團內演出、8月的個人演出、11月的​​早稻田祭/告別演出以及2月的個人演出。此外，我們也會在TikTok和YouTube上發布影片！我們會透過Twitter和Instagram發布即將到來的有觀眾的演出以及其他演出訊息，歡迎關注我們哦 :) 除了我們自己的演出之外，我們還會參加外部舉辦的活動和比賽。在2022年8月舉行的K-POP翻跳舞組合日本錦標賽中，我們的男女隊都獲得了冠軍。我們是一個匯聚了各種熱愛K-POP舞蹈的人的圈子，從K-POP死忠粉絲到喜歡歌曲但不認識偶像的人，再到想在大學開始學習舞蹈的學生，我們都歡迎。如果你想「完美復刻」某個動作，歡迎在迎新期加入我們！如果你想欣賞“完美復刻”，那就現在就來吧！讓我們透過YouTube、Twitter和Instagram等社群媒體平台相聚！

/
/
/
/「完美復刻」K-POP翻跳圈子

/
/
/",每週三、六 / 晚上7點至10點 / 學生會大樓 / 東京工作室,無,google_translate_zh_tw,llm_reviewed,Google Sheets GOOGLETRANSLATE zh-TW draft; structurally checked and normalized for Cantonese/Traditional Chinese site use.
C0089,3593,1c26103f1b8defec,早稻田大學啦啦隊 MYNX 所澤分隊,體育（非球類）,舞蹈,大家好！我們是MYNX，早稻田大學啦啦隊！我們是一支全部由早稻田大學女生組成的啦啦隊，我們的活動圍繞著兩個主要目標：成為早稻田女性的偶像，以及成為啦啦隊界的佼佼者！啦啦隊比賽融合了四種舞蹈風格：啦啦操（使用彩球）、嘻哈、爵士和排舞！我們每週在高田馬場附近練習四次。除了參加校內活動外，我們還在大隈紀念館擁有專屬舞台，並在早稻田文化節表演。我們的目標是贏得每年舉辦的兩場全國比賽的冠軍。我們的團隊由20位早稻田大學女生組成，既有初學者，也有經驗豐富的舞者。如果你想立刻感受到早稻田的魅力，那就來這裡吧！何不加入我們，一起為你們摯愛的早稻田加油？,每週4天/下午6點起/高田馬場地區,無,google_translate_zh_tw,llm_reviewed,Google Sheets GOOGLETRANSLATE zh-TW draft; structurally checked and normalized for Cantonese/Traditional Chinese site use.
C0090,3722,c9c8889a0507c2a5,銀行主義——單一色彩的哲學——,體育（非球類）,舞蹈,Bankaraism——色彩之人——是早稻田大學一支身著制服的雜技表演團體，秉持著「點燃每個人心中的雄心壯志」的理念。對於那些對現狀不滿、內心隱隱不安、或感覺生活有所缺失的人，我們希望成為他們前進的「契機」（觸發點/機會），讓他們邁出新的一步。為此，我們表演融合雜技和舞蹈的創新節目。雜技指的是展現每個人獨特個性和色彩的表演。例如，在Bankaraism，我們將雙節棍、棍棒和雜技動作，以及影片剪輯和書法都稱為雜技。我們尊重每個人的優勢和個性，並在早稻田大學內外各種舞台上表演，證明每個人都能閃耀光芒。新成員招募只在早稻田祭之後的秋季進行。我們會在官方Instagram帳號上發布最新消息，請關注哦！希望您至少能來看一次我們的表演！,每週一、四 19:00-21:30 / 週六 10:40-13:30,無,google_translate_zh_tw,llm_reviewed,Google Sheets GOOGLETRANSLATE zh-TW draft; structurally checked and normalized for Cantonese/Traditional Chinese site use.
C0091,3805,e013b2676c016918,早稻田大學舞蹈翻跳俱樂部,體育（非球類）,舞蹈,"“Waseodo”，即早稻田大學的“Odottemita”（我嘗試跳舞）俱樂部，是一個去年正式註冊成立的跨校舞蹈社團，至今已成立12年！

我們每週練習兩次，主要活動是在早稻田文化節上進行舞台表演，以及每年舉辦兩場社團演出。

我們通常在友善的氛圍中練習，互相傳授舞蹈技巧！

Waseodo的魅力在於你可以自由選擇任何你喜歡的舞蹈類型和歌曲，包括J-POP、K-POP、Vocaloid和動漫歌曲！

無論你想跳現有的舞蹈還是創作自己的舞蹈，一切都由你決定。

此外，我們俱樂部有很多成員，包括舞蹈初學者、其他大學的學生以及大二以上的學生，所以歡迎所有人加入！

如果你想在大學開始跳舞，喜歡《Odottemita》，或是想結交有共同興趣的朋友，為什麼不加入 Waseodo，一起創造最好的舞台呢？",每週四、六/下午6點/東京舞蹈工作室,無,google_translate_zh_tw,llm_reviewed,Google Sheets GOOGLETRANSLATE zh-TW draft; structurally checked and normalized for Cantonese/Traditional Chinese site use.
C0092,3187,a6e32887b17e1102,合氣道協會,體育（非球類）,武術,大家好，我們是合氣道社！我們是早稻田大學唯一隸屬於合氣會（合氣道創始人植芝盛平的直系後裔）的團體，也是早稻田大學歷史最悠久、規模最大的合氣道社團。很多人一提到“武術”，就會想到激烈的比拼，但在合氣道中，勝負並非取決於比拼！我們會根據每個人的程度反覆練習各種技巧，​​即使是對自己力量缺乏信心的女性也能輕鬆入門。 （順便一提，我們社團的男女比例是6:4。）我們90%的成員都是在大學期間開始練習合氣道的。在資深教練的指導下，我們從基礎的摔法開始進行全面細緻的練習，即使是初學者也能安全安心地參與其中。我們每週六天練習，您可以選擇每週參加一天，所有練習地點都在大學步行範圍內。合氣道練習很容易兼顧課程、學習和兼職工作，而且時間安排靈活，因此吸引了各個系的學生，包括人文學院和理學院的學生。何不加入我們的合氣道俱樂部，跟我們一起練習呢？隨時歡迎加入，請隨時與我們聯繫！,週一、三、四：16:45-18:15，合氣道總部道場；週二：18:30-21:30，江戶川橋體育館；週五：15:20-16:50，合氣道總部道場；週六：12:20-15:20，新宿宇宙中心,無,google_translate_zh_tw,llm_reviewed,Google Sheets GOOGLETRANSLATE zh-TW draft; structurally checked and normalized for Cantonese/Traditional Chinese site use.
C0093,3439,f733d33cb809b206,早稻田大學射箭俱樂部,體育（非球類）,武術,我們的弓道社每週在資深教練的指導下進行一次訓練。早稻田大學有兩個弓道社，但彼此之間並無敵意，互動良好。我們社團的所有成員都認真對待日常訓練，並在與其他大學弓道社的段位考試和射箭比賽中取得了不錯的成績。週末，我們會一起聚會或小酌；課間休息時，我們會去常去的地方放鬆，之後一起在早稻田大學用餐。除了訓練之外，我們也常常見面。何不加入我們，一起體驗大學生活呢？,每週日 / 濱山射箭場,無,google_translate_zh_tw,llm_reviewed,Google Sheets GOOGLETRANSLATE zh-TW draft; structurally checked and normalized for Cantonese/Traditional Chinese site use.
C0094,3189,7dd18e7d8dcea308,劍道俱樂部,體育（非球類）,武術,我們通常與新宿劍道聯盟的教練一起練習。我們的會員等級涵蓋初學者到經驗豐富的練習者，練習對所有人開放，您可以根據自己的節奏和時間安排進行練習。資深會員會為初學者提供全面的指導，因此即使是大學新生也能輕鬆入門。我們每年參加約10場比賽，包括友誼賽，並持續取得優異成績，例如獲得獎項。加入我們俱樂部後，您將自動成為新宿區劍道聯盟的會員，從而獲得我們俱樂部的段位並參加新宿區的比賽。在春假和暑假期間，沒有比賽的時候，我們會舉辦劍道訓練營，讓您在休賽期專注於練習，充實而有意義。除了劍道之外，我們經常舉辦各種有趣的活動，例如滑雪營和社交聚會，以加強會員之間的聯繫。此外，我們在考試期間不進行練習，因此您可以兼顧劍道、學業、兼職工作和其他俱樂部活動。讓我們一起在劍道社享受充實的大學生活吧！,每週二、四、六 / 下午6:30 / 新宿體育中心4樓第二武術館,無,google_translate_zh_tw,llm_reviewed,Google Sheets GOOGLETRANSLATE zh-TW draft; structurally checked and normalized for Cantonese/Traditional Chinese site use.
C0095,3188,c7a0bb2b11b3a797,空手道精進會,體育（非球類）,武術,我們是空手道正心會，一個傳統的空手道社團，今年迎來54週年。我們已獲得早稻田大學正式認可，並被列為二線體育社團。目前，我們擁有約30名成員，涵蓋一至三年級，其中包括擁有十年以上空手道經驗的成員、參加過高中全國錦標賽的成員以及大學時期才開始練習空手道的成員。我們秉持友善互助的氛圍，不拘泥於流派、背景、性別或大學。我們的流派是和道會，是傳統（點數制）空手道四大流派之一。我們採用點數制規則，因此對女性和初學者來說都很安全（成員男女比例約為1:1，其中約一半是初學者）。我們每週在富山校區的學生會館進行三次訓練，鼓勵會員根據自身狀況調整訓練節奏，目標是每週至少參加一次。在日常訓練中，大家一起練習從基礎到套路和實戰的各個面向。每隔一到兩個月舉辦一次的比賽前，每位成員都會專注於各自的比賽項目進行專項訓練。此外，有興趣的成員可以免費前往隸屬於全日本空手道聯盟的和道會荒川道場，初學者甚至可以在大學期間就以獲得黑帶為目標。俱樂部以每週三次的日常訓練和每年三次的集訓為核心，成員們關係非常密切，在友好溫馨的氛圍中享受著大學生活，並積極參與空手道以外的活動，例如參加夏季祭典、旅行和計劃滑雪之旅。,每週三、五、六/第五堂課（週六為第四節和第五堂課）/學生會大樓,無,google_translate_zh_tw,llm_reviewed,Google Sheets GOOGLETRANSLATE zh-TW draft; structurally checked and normalized for Cantonese/Traditional Chinese site use.
C0096,3429,11544586387881ce,空手道海,體育（非球類）,武術,想加入社團嗎？何不加入我們，體驗空手道的樂趣呢？我們是早稻田大學官方認可的空手道社團－早稻田空手道糸東會！提到空手道，你可能會想到“日本武術”，分為“組手”（kumite，與對手對戰）和“型”（kata，展示動作美感）。然而，空手道在2016年被列為奧運會新項目，如今已成為一項風靡全球的“國際運動”，擁有超過1億的參與者，主要分佈在歐洲和中東地區！如果你在YouTube上搜尋“空手道”，你會驚嘆於它在海外的受歡迎程度以及它的魅力！此外，我們練習的是穿戴護具的傳統空手道，並且盡量避免身體接觸，因此非常安全。無論您是其他流派的空手道愛好者、零基礎的初學者、來自其他大學的學生還是國際學生，我們都熱愛練習空手道，喜歡在俱樂部放鬆身心，舉辦各種活動，也喜歡外出遊玩！我們週一至週六每天放學後都會進行練習，您也可以在空閒時間盡情練習，即使是初學者也能獲得黑帶，並精進技藝，在比賽中贏得大獎！我們有很多機會與其他大學交流互動，參加各種比賽，即使是經驗豐富的練習者也能在充滿支持的環境中提陞技能！此外，我們男女比例為1:1，女生可以安心練習！而且，我們不收取年費，糸東會也一直歡迎新成員加入，所以如果您有興趣加入，無論您是否是大一新生，都歡迎隨時聯繫我們！讓我們一起練習空手道吧！,每週一至週六下午 4:30 至 6:00，學生會大樓俱樂部活動室,無,google_translate_zh_tw,llm_reviewed,Google Sheets GOOGLETRANSLATE zh-TW draft; structurally checked and normalized for Cantonese/Traditional Chinese site use.
C0097,3524,b04de78342095a30,早稻田大學理工學院柔道俱樂部,體育（非球類）,武術,早稻田大學理工學部柔道俱樂部匯聚了形形色色的人，從初學者到柔道精英，他們每天刻苦訓練，各自朝著不同的目標努力。這些目標涵蓋了從克服入學考試造成的運動不足到提升段位等各個方面。俱樂部的最終目標是贏得每年舉辦兩次的九校柔道錦標賽。無論您是初學者還是經驗豐富的柔道選手，無論您有明確的目標還是僅僅對柔道感興趣——只要您想在大學裡練習柔道，我們都歡迎您的加入！,每週二、六 / 晚上7點至9點 / 新宿運動中心,無,google_translate_zh_tw,llm_reviewed,Google Sheets GOOGLETRANSLATE zh-TW draft; structurally checked and normalized for Cantonese/Traditional Chinese site use.
C0098,3431,15279a0d35876d20,射手座射箭俱樂部,體育（非球類）,武術,射手座射箭俱樂部是早稻田大學和實泉女子大學的官方社團，今年迎來45週年。我們每週在新宿運動中心等射箭場進行一到兩次練習，也會與其他大學進行交流比賽並參與各種活動。我們的座右銘是“享受射箭！”，我們重視輕鬆的氛圍和靈活的參與方式。射手座的大部分成員都是在大學時期開始接觸射箭的。資深成員、經驗豐富的射手和射箭場教練會從零開始指導你，所以即使你是初學者也完全沒問題！當然，我們也熱烈歡迎經驗豐富的射手加入！參加練習完全自願，絕對不強制飲酒。我們希望你能以自己喜歡的方式參與俱樂部活動。不過，如果你多參與，一定會更有樂趣！,每週三、日 / 下午 4:30 / 新宿運動中心,無,google_translate_zh_tw,llm_reviewed,Google Sheets GOOGLETRANSLATE zh-TW draft; structurally checked and normalized for Cantonese/Traditional Chinese site use.
C0099,3433,251721dba32b7cc3,阿莫爾空手道俱樂部,體育（非球類）,武術,"歡迎來到博古空手道社！即使您無運動經驗，也能在兩年內獲得黑帶。我們歡迎所有程度的學員，無論您是初學者還是經驗豐富的練習者。許多人可能會問：「什麼是博古空手道？」以下我們將簡單介紹一下。

/
/
/・博古空手道是一種歷史悠久的傳統空手道。

/
/・博古空手道的特點是穿著護具進行實戰練習，讓您可以盡情享受練習的樂趣，​​而無需擔心受傷。

/
/・博古空手道的套路力量強大、精彩絕倫，絕對不容錯過！

/
/
/博古空手道社的亮點

/
/・我們非常歡迎初學者！我們很多會員都是從零基礎開始的。

/
/・男女均可參加。獲得綠帶（白帶之後的下一個級別）後，即可參加比賽。

/
/・我們隨時歡迎新會員加入！我們歡迎所有級別的學員，全年開放，請隨時與我們聯繫。

/
/・我們是一個擁有50年歷史的俱樂部。您可以得到我們黑帶校友的悉心指導。 /
/・我們提供注重真正力量的訓練。沒有堅實的基礎，就無法造就真正的空手道家。

/
/・歡迎國際學生！本俱樂部的一大特色就是擁有眾多國際學生！

/
//
/推薦給以下人群！

/
/・想嘗試空手道，但又被擁有眾多資深成員的俱樂部嚇到的人。

/
/・擔心加入過於浮誇或繁忙的俱樂部的人。

/
/・想要認識志同道合者的理工科學生。

/
/・想要加入新俱樂部但不知從何入手的人。

/
/・想要做一些與眾不同的事情的人。","週二：18:55-20:35 / 週四：18:55-20:35 / 週六：12:50-14:50

/
//

/
// 地點：學生會大樓，富山公園

/
//

//",無,google_translate_zh_tw,llm_reviewed,Google Sheets GOOGLETRANSLATE zh-TW draft; structurally checked and normalized for Cantonese/Traditional Chinese site use.
C0100,3545,82ae1e83aeeebc0d,早稻田大學身心合氣道協會,體育（非球類）,武術,這是早稻田大學理工學部認可的校際合氣道社團。我們每週在理工科校區旁的新宿宇宙中心練習兩次左右。我們的成員不僅包括理工科學生，還有人文科學生、研究生以及其他大學的學生。大多數成員都是合氣道初學者，我們在友好的氛圍中共同努力，目標是在兩年內獲得黑帶。為了方便理工科學生的繁忙日程，我們社團會安排練習時間，所以如果您因為上課或其他安排而無法參加，也完全沒問題。我們會根據每個人的進度練習，幫助他們提升段位，所以即使您無運動經驗也不用擔心。除了春季和夏季的訓練營之外，我們還會組織各種其他活動，在合氣道練習之外享受樂趣。我們懂得何時該練習，何時該放鬆！能夠平衡練習和娛樂是我們社團的特色！,每週三、五 / 16:40-18:40 / 新宿宇宙中心,無,google_translate_zh_tw,llm_reviewed,Google Sheets GOOGLETRANSLATE zh-TW draft; structurally checked and normalized for Cantonese/Traditional Chinese site use.
C0101,3190,4e95849aea23bcc0,體育合氣道俱樂部,體育（非球類）,武術,"體育合氣道俱樂部是擁有30多年歷史的官方認可社團，每週在早稻田大學17號樓地下室進行3-4次訓練。

我們的目標是每年參加多場比賽和晉級考試。我們的優勢在於，無論是比賽、考試或日常訓練，都完全自願且靈活，成員可以根據自己的節奏進行練習！幾乎所有學生都是在大學期間開始學習合氣道，因此加入合氣道比其他體育社團更容易。

無論性別或運動能力如何，都能從中獲得樂趣，最短可在1.5年內獲得黑帶。

我們不僅歡迎大一新生，也歡迎高年級學生！

許多人在大二或大三時開始學習合氣道。此外，體育合氣道俱樂部也歡迎校際學生加入，所以其他大學的學生也歡迎！如果您對合氣道哪怕只有一點點興趣，請透過社群媒體聯絡我們或造訪我們的道場（17號樓地下室）！俱樂部全體成員都期待見到你！",平日活動時間每學期有所不同。週六 12:30-14:40 / 合氣道道場，17 號樓 B1 樓。,無,google_translate_zh_tw,llm_reviewed,Google Sheets GOOGLETRANSLATE zh-TW draft; structurally checked and normalized for Cantonese/Traditional Chinese site use.
C0102,3637,a4ce3326bbc21a07,早稻田大學射箭俱樂部總部,體育（非球類）,武術,"本陣射箭社成立於1984年，是一個校際射箭社團，成員來自早稻田大學及其他多所大學。社團氛圍友善熱情，每週的活動豐富多彩，大家互相學習，努力提升射箭技巧。無論您是希望在大學繼續練習射箭的資深射手，還是想要入門的初學者，我們都歡迎您的加入。

/
/
/
/ 我們每週練習兩次（大學長假期間每週三次），使用租用的射箭場。學期期間，練習時間為週五和週日；長假期間，練習時間為週三、週五和週日。週五的練習地點在隅田區射箭場，週三和週日的練習地點在江東區體育中心。除了日常練習外，我們還會定期參加由「關東射箭俱樂部聯盟」組織的射箭比賽、與其他社團的友誼賽以及社團內部的練習賽。我們隸屬於東京射箭聯盟第二區，會員可以參加晉級考試和成人射箭比賽。此外，我們每年五月和八月舉辦兩次射箭訓練營。除了射箭訓練營，我們還會舉辦滑雪營、單板滑雪營、燒烤聚會等各種活動，讓您在社團中結交朋友，享受大學生活！練習、訓練營和各種活動的參與完全自願，您可以根據自己的步調安排。","每週五 / 下午 5:30 - 晚上 9:00 / 隅田區射箭場

/ 每週日 / 下午 6:00 - 晚上 9:00 / 江東區體育中心

/ 每週三 / 下午 1:00 - 下午 5:00 / 江東區體育中心（僅限二月、三月、八月和九月的長假期間）",無,google_translate_zh_tw,llm_reviewed,Google Sheets GOOGLETRANSLATE zh-TW draft; structurally checked and normalized for Cantonese/Traditional Chinese site use.
C0103,3558,88af0ecf0fd1a2ca,早稻田大學體育合氣道協會,體育（非球類）,武術,道士會（Doshikai）是早稻田大學所澤校區的富木流合氣道社團。社團與人類科學學院同年成立，伴隨學院共同成長。雖然社團規模不大，但氛圍非常友善熱情！大多數人都是在大學開始學習合氣道的！合氣道的一大優點在於，最快一年半就能獲得黑帶。此外，富木流的比賽形式類似於柔道，包含實戰練習（randori），讓您學習更多實用的技巧！您可以每週只參加一次練習。除了練習之外，我們還會舉辦各種活動和定期聚會。社團裡絕對不會有任何豪飲或飲酒遊戲！我們練習時一絲不苟，練習時則盡情享受樂趣。無論您是認真學習合氣道、初次接觸合氣道、不擅長運動，還是性別或運動經驗不足，我們都歡迎您的加入！歡迎您來了解道士會！,每週一、二、五下午 4:30 至 7:00，所澤校區第二體育館,無,google_translate_zh_tw,llm_reviewed,Google Sheets GOOGLETRANSLATE zh-TW draft; structurally checked and normalized for Cantonese/Traditional Chinese site use.
C0104,3430,1c5489dfa38ef10e,早稻田大學大道塾,體育（非球類）,武術,我們是早稻田大學唯一的綜合格鬥社團。我們練習空道，這是一種比賽中需要穿戴護具的武術，讓每個人都能在安全的環境下增強體魄。我們曾培養出多位全國冠軍，並持續進行日常訓練，力求在比賽中取得勝利。綜合格鬥大致可分為打擊、投擲和擒拿三大類，透過練習這些技巧，我們能夠磨練自身技能，以便在實戰中靈活運用。此外，由於空道源自極真會空手道，我們不僅重視體能訓練，也注重心靈成長。本社團推薦給那些想在大學嘗試新事物或繼續從事體育運動的學生。此外，我們許多成員也參加了其他社團，方便您平衡社交和運動。如果您有興趣，請訪問我們的網站。,每週一、三、六 / 學生會大樓、新宿運動中心等。,無,google_translate_zh_tw,llm_reviewed,Google Sheets GOOGLETRANSLATE zh-TW draft; structurally checked and normalized for Cantonese/Traditional Chinese site use.
C0105,3191,993187ac32ef594e,早稻田ITF跆拳道俱樂部,體育（非球類）,武術,我們是早稻田ITF跆拳道俱樂部，也是早稻田大學唯一官方認可的跆拳道俱樂部。我們的大多數成員在進入大學之前都無武術或格鬥運動的經驗。我們歡迎初學者和無格鬥運動經驗的人士加入。我們每週訓練兩次，分別在星期三和星期六。此外，我們每個月還會邀請一位黑帶教練來指導我們一次。在那裡，您可以接受與我們日常課程略有不同的正宗跆拳道指導。俱樂部的氛圍輕鬆，但訓練卻非常認真。無論您是想認真練習格鬥運動、進行一些輕鬆的鍛煉，還是想減肥，本俱樂部都能滿足您的需求。讓我們一起磨練優雅的步法吧！,每週三、六 / 17:00 - 20:35 / 學生會大樓,無,google_translate_zh_tw,llm_reviewed,Google Sheets GOOGLETRANSLATE zh-TW draft; structurally checked and normalized for Cantonese/Traditional Chinese site use.
C0106,3639,6ec4e78efcf0b799,早稻田大學體道俱樂部,體育（非球類）,武術,簡而言之，體道是一種融合了空手道和體操的新興武術！它創立於1965年，如今已在日本各地的道場和大學中傳播開來。體道的一大特色是將後空翻、後空翻等雜技動作融入其套路之中。在實戰比賽中，您可以欣賞到選手們運用獨特的站姿施展的各種腿法，以及被稱為「雲足」的神秘步法，這種步法能夠精準地控制距離！大多數人都是從大學開始學習體道，擁有20多年經驗的教練會提供全面的指導，即使是初學者也能輕鬆入門！每年舉辦的多場比賽，讓您有機會與其他大學的體道俱樂部交流，並結識各界好友。學員們在訓練之餘還要兼顧課程、學習、其他社團活動和兼職工作，彼此之間關係非常密切，在友好溫馨的氛圍中享受著大學生活，甚至還會一起組織滑雪訓練營。我們全年接受試聽課和會員申請，歡迎隨時加入我們！,每週三、四、六和週日 / 週三和週四 18:30-21:00 在附近初中 / 週六和週日根據需要在早稻田大學校園附近,無,google_translate_zh_tw,llm_reviewed,Google Sheets GOOGLETRANSLATE zh-TW draft; structurally checked and normalized for Cantonese/Traditional Chinese site use.
C0107,3436,bb5199c17cb10bc6,早稻田大學居合俱樂部,體育（非球類）,武術,"您好！我們是早稻田大學居合道社。

/
/
/
/ 居合道社是會員學習居合道技巧，使用日本刀並進行個人技藝磨練的社團。雖然我們使用日本刀，但都是安全可靠的鈍刃仿製刀。一旦您決定加入，第一件事就是訂購屬於您自己的刀。您可以依照自己的喜好訂製刀鞘、刀鋇（護手）和刀刃紋路！

/
/
/
/ 我們學習“無雙直傳英心流”（居合道最大的流派之一）和“全日本劍道聯盟居合道”，由八段教士畑中敦美老師指導。我們於2010年加入東日本學生居合道聯盟。東日本學生居合道聯盟下屬大學中，練習英心流的寥寥無幾，因此我們是東日本第一所開設英心流課程的大學。

/

/

/
/ 很多學生在大學才開始學習居合道，事實上，我們俱樂部的大部分成員都是從大學開始的。也有一些學生在大二就開始練習。

/

/
/ 由於居合道基本上沒有身體接觸，即使是運動經驗較少的人也可以入門。而且，居合道是一項個人運動，您可以按照自己的步調練習。如果您有任何問題或困難，前輩、隊友和老師都會隨時耐心指導您。

/

/
/ 歡迎隨時關注我們俱樂部的推特或Instagram帳號，了解俱樂部的氛圍！我們全年歡迎任何年級的訪客、試聽會員和新會員！期待您的加入♪",每週一、三、六或週日：四谷廣場（四谷三丁目）/ 每週五：學生會大樓,無,google_translate_zh_tw,llm_reviewed,Google Sheets GOOGLETRANSLATE zh-TW draft; structurally checked and normalized for Cantonese/Traditional Chinese site use.
C0108,3712,d8f6c13ba4487463,體育 昶原健隼協會,體育（非球類）,武術,"我們是早稻田大學唯一的競技劍術社團。競技劍術（簡稱「Spochan」）是一種相對較新的武術，起源於大約50年前的日本。比賽使用柔軟的充氣劍，參賽者在場地內進行一對一的對抗，率先擊中對手者獲勝。由於競技劍術屬於小眾運動，任何人都可以參加全國性比賽。我們與全國各地的劍術愛好者都有聯繫，遠不止於我們社團內部。


我們的大多數成員都是在大學期間開始接觸競技劍術的，但我們的男女隊每年都在全國錦標賽中屢獲佳績。此外，由於每周有兩天課後練習，我們的成員來自人文和理科等各個領域。如果您想在大學嘗試一些新鮮事物，或者想鍛鍊身體，我們都非常歡迎，請隨時與我們聯繫！",每週一、三 / 晚上 7:00 - 9:30 / （週一）池袋第一小學（板橋站） / （週三）名峰中學（尖川站）,無,google_translate_zh_tw,llm_reviewed,Google Sheets GOOGLETRANSLATE zh-TW draft; structurally checked and normalized for Cantonese/Traditional Chinese site use.
C0109,3474,e0c2f345b56b98a3,騎馬俱樂部,體育（非球類）,騎馬,我們每週日都會舉辦騎馬課程，也會安排戶外騎馬活動。許多會員都是初學者，但也有一些經驗豐富。我們鼓勵大家按照自己的步調，隨時隨地參與，這樣就不會感到壓力。會員男女比例為2:8，女性會員較多，但大家相處融洽，我們經常舉辦聚餐和飲酒聚會。作為一個歷史悠久的俱樂部，我們也非常重視與往屆會員交流的機會。即使是以前對馬匹不感興趣的人，在聆聽了前輩的經驗和建議後，也開始享受騎馬的樂趣。我們每年還會舉辦三次訓練營，旨在提升騎術水平，並讓大家一起享受休閒時光。最近，越來越多的會員主動組織俱樂部外的活動，希望提陞技能或增進與其他會員的聯繫。我們對此感到非常高興，因為我們俱樂部的宗旨就是讓每個人都能享受騎馬的樂趣。,每週日/下午2點起/山陽花園（騎馬場）,無,google_translate_zh_tw,llm_reviewed,Google Sheets GOOGLETRANSLATE zh-TW draft; structurally checked and normalized for Cantonese/Traditional Chinese site use.
C0110,3748,c4e392bf0a26ec2c,早稻田海洋遊艇俱樂部,體育（非球類）,遊艇,早稻田海洋遊艇俱樂部每週日都會在江之島進行帆船航行！你知道什麼是帆船嗎？帆船是一種依靠風力航行的船隻。當您乘風破浪，感受著海風拂面，便能體驗到與江之島壯麗大海融為一體的奇妙感覺！如果天氣晴朗，您甚至可以在帆船上看到富士山！此外，帆船運動不僅充滿樂趣，更是一項可以競技競技的運動。一旦您熟練了帆船的駕駛技巧，甚至可以參加全國性的比賽！事實上，我們俱樂部的一些成員曾在全日本錦標賽中取得優異的成績。有些人可能會想：“我以前從未見過帆船，所以我很擔心”，或者“我不擅長游泳，所以不太確定自己是否適合水上運動……”但是，您完全不必擔心。首先，我們俱樂部的成員大多是初學者，都是在大學才開始接觸帆船運動的。您可以在校友的指導下進行練習，輕鬆愉快地學習駕駛遊艇！此外，遊艇上會提供救生衣，附近還有救援艇，即使您不擅長游泳也能安心無虞。除了航行之外，還有許多其他精彩活動，例如巡航、船上燒烤以及盡情享受江之島的魅力！何不親自體驗航海的樂趣呢？我們也提供試航課程，歡迎您的加入！我們在江之島港恭候您的光臨！,每週日 / 上午 9:00 - 下午 4:00 / 江之島遊艇港,無,google_translate_zh_tw,llm_reviewed,Google Sheets GOOGLETRANSLATE zh-TW draft; structurally checked and normalized for Cantonese/Traditional Chinese site use.
C0111,3472,cd9225fcb1210d8d,帆板俱樂部,體育（非球類）,遊艇,"帆板運動是利用風力在海面上滑行的水上運動。你使用的裝備類似衝浪板，但有類似帆船的裝置。

/
/
/
/我們的比賽方式是繞著兩個標誌點航行，一個順風，一個逆風，以此決定最終排名。我們每週六和週日在由比濱進行訓練，目標是贏得校際團體冠軍。

/
/
/
/我們經常聽到有人說：「我很擔心，因為我是新手。」但實際上，幾乎所有開始這項運動的人都是大學新生，所以不用擔心。而且，即使你不會游泳，也必須穿救生衣，所以沒關係。

/
/
/
/我們目前在校際錦標賽上擁有個人和團體冠軍的佳績。即使你大學才開始接觸這項運動，只要夠努力，你也能成為日本最優秀的選手！此外，一年級運動員將被視為初學者，比賽也只與其他初學者進行，因此您可以從大一開始就積極參與！

/
/
/
/ 俱樂部的氛圍非常好，您不僅可以與同齡人建立深厚的友誼，還可以與學長學姐們建立良好的關係。在漫長的暑假和春假期間，我們會前往平時難以到達的地方進行集訓，例如西湖、本棲湖和濱名湖。從大二開始，我們還有機會在沖繩進行風帆。此外，透過比賽和訓練，您可以結識來自其他大學的運動員，從而結交不僅在關東地區，而且在日本各地的朋友。

/
/
/
/ 如果你想在大學嘗試一些新鮮事！如果你想認真地從事一項運動！那麼這項運動就是你的理想選擇。

/

/

/ 在你大學生涯的最後一年，何不加入早稻田大學帆板俱樂部，全力以赴，向日本頂尖選手發起衝擊呢？",每週六、日定期練習，平日可自行練習 / 9:00-16:00 / 鎌倉坂之下、由比濱,無,google_translate_zh_tw,llm_reviewed,Google Sheets GOOGLETRANSLATE zh-TW draft; structurally checked and normalized for Cantonese/Traditional Chinese site use.
C0112,3441,dec057c4e967285b,滑雪俱樂部（W.S.S.）,體育（非球類）,滑雪,這是早稻田大學歷史最悠久的滑雪社團。所有成員均為早稻田大學在校學生，涵蓋政治經濟學、理工學、體育科學等多個系，甚至包括研究生。社團主要在冬季和春季滑雪季開展活動，包括訓練營和比賽。在非滑雪季，成員們每週進行兩次訓練，為下一個滑雪季做準備。社團活動豐富多彩，例如海灘之旅、煙火表演以及觀賞早稻田-慶應大學滑雪比賽等。許多成員在學習和兼職工作之餘還要兼顧社團活動，有些成員同時也是其他體育社團或多個社團的成員。無論是初學者還是經驗豐富的滑雪者，都能在這裡找到樂趣！即使是大學裡第一次接觸滑雪的學生也能有所進步，而有經驗的學生也能進一步提升滑雪技巧。,每週兩次 / 下午5點起 / 富山公園,無,google_translate_zh_tw,llm_reviewed,Google Sheets GOOGLETRANSLATE zh-TW draft; structurally checked and normalized for Cantonese/Traditional Chinese site use.
C0113,3199,69bc1e3addbf48fd,菅滑雪俱樂部,體育（非球類）,滑雪,這個滑雪俱樂部自成立以來已有50多年的歷史，是日本規模最大的滑雪俱樂部之一。俱樂部成員不僅包括經驗豐富的全國大賽選手，還有許多零基礎的初學者，他們都在為比賽的勝利而努力訓練。目前，他們已連續五年蟬聯早稻田大學男子滑雪總冠軍！他們堪稱早稻田大學頂尖的滑雪俱樂部之一。在非滑雪季，成員們透過每週的自願訓練和活動以及夏令營來鍛鍊身體、磨練意志，並加深彼此的友誼。俱樂部沒有不活躍的成員；所有100名成員全年都能參與活動，而不會感到無聊。冬季，他們主要在尾瀨岩倉、菅平、白馬岩岳等滑雪場舉辦訓練營，並在三月參加全國和早稻田大學的比賽。如果你想體驗一段難忘而精彩的大學生活，菅平絕對是你的理想之選！,每週一至週五 / 下午 4:50 / 富山公園,無,google_translate_zh_tw,llm_reviewed,Google Sheets GOOGLETRANSLATE zh-TW draft; structurally checked and normalized for Cantonese/Traditional Chinese site use.
C0114,3444,063656b9617c8b17,白朗峰滑雪俱樂部,體育（非球類）,滑雪,"在淡季，我們舉辦各種活動來增進會員之間的情誼，例如燒烤、煙火表演和露營旅行。此外，還有各種訓練營來提升滑雪技能，例如輪滑訓練營和草地滑雪訓練營。在旺季，兩個團體都會接受專業教練的指導，並透過參加全國學生比賽和早稻田全校比賽來提陞技能。在不同滑雪勝地工作和生活，能讓你獲得與滑雪者和教練互動交流的寶貴經驗，這是其他地方無法獲得的。即使是初學者，也能在整個雪季達到挑戰滑雪教練資格考試的水平。

/
/俱樂部活動室位於學生會大樓內，總是熱鬧非凡，你隨時都可能遇到其他會員。我們每天都會安排訓練，方便大家平衡俱樂部活動、學習、兼職和其他社團活動。我們珍惜會員之間的緊密聯繫以及與校友的交流。

/
/無論滑雪經驗如何，每個人都能在這個俱樂部找到樂趣。",每週1日/下午4:30起/富山公園，社團活動室（學生會大樓E301）,無,google_translate_zh_tw,llm_reviewed,Google Sheets GOOGLETRANSLATE zh-TW draft; structurally checked and normalized for Cantonese/Traditional Chinese site use.
C0115,3442,3a199b1b342d487e,採爾馬特滑雪俱樂部,體育（非球類）,滑雪,採爾馬特滑雪俱樂部90%的成員都是初學者，但他們每天都努力訓練，透過平日的體能訓練和資深成員淺顯易懂的滑雪理論指導來提升自己的滑雪技巧。在冬季集訓期間，他們會在教練的指導下全力以赴地練習。因此，男女隊都取得了長足的進步，並在全日本大學生岩岳滑雪錦標賽和全早稻田滑雪錦標賽上斬獲佳績。當然，休賽期並非只有訓練。每週日，他們都會舉辦燒烤、保齡球比賽等活動，在娛樂方面也總是充滿活力。透過這些活動和訓練，大家彼此熟悉，並結下了終生的友誼。休賽季建立的友誼成為了賽季的動力，這也是採爾馬特的優勢所在。盡情玩耍，全力訓練，滑行結束後，你將收穫只有在採爾馬特才能獲得的珍貴回憶。為了讓您充分利用一生一次的大學生活，採爾馬特至今仍在全速運轉！,每週一至週五/第五堂課/西登山公園,無,google_translate_zh_tw,llm_reviewed,Google Sheets GOOGLETRANSLATE zh-TW draft; structurally checked and normalized for Cantonese/Traditional Chinese site use.
C0116,3447,6a12669b7c0024a8,史普林根滑雪俱樂部,體育（非球類）,滑雪,夏季休賽期，我們會在大學附近進行各種運動的訓練。參與完全自願，您可以根據自己的學習或其他社團活動安排時間！我們也會舉辦許多有趣的活動，例如燒烤和公路旅行！冬季，我們將前往北海道和長野縣野澤溫泉參加訓練營，並參加比賽！訓練營通常也是自願參加的，您可以自由選擇日期。您可以根據自己的預算和其他安排，按照自己的步調進行訓練！ Springen 非常歡迎初學者。專業的教練和經驗豐富的前輩會從零開始指導您，幫助您快速進步。我們提供器材租賃服務。讓我們一起享受精彩的大學生活吧！期待您的加入！,每週二、五 / 18:30 起 / 富山公園,無,google_translate_zh_tw,llm_reviewed,Google Sheets GOOGLETRANSLATE zh-TW draft; structurally checked and normalized for Cantonese/Traditional Chinese site use.
C0117,3202,27ab967870ca089d,內日滑雪俱樂部,體育（非球類）,滑雪,隸屬於早稻田基礎滑雪聯盟。冬季，我們盡情享受滑雪的樂趣；夏季，我們則舉辦豐富多彩的活動！我們是唯一參加早稻田三大主要賽事－100公里健行、早稻田-慶應滑雪比賽和早稻田節－的基礎滑雪俱樂部。在非滑雪季，我們每週進行兩次訓練，以增強體能並進行滑雪場訓練。此外，我們每月還會舉辦兩次活動，例如章魚燒派對和遊樂園之旅。冬季，我們努力磨練技藝，目標是參加岩岳學生錦標賽和早稻田全校錦標賽！我們歡迎所有滑雪愛好者，無論您是初學者還是經驗豐富的滑雪者。我們甚至還有擁有高山滑雪經驗的成員。訓練營期間，教練會提供指導；即使您只是在訓練營之外與我們一起滑雪，資深成員也會悉心指導您。即使您從大學開始滑雪，也可以在比賽中贏得獎項！我們以良好的俱樂部氛圍而聞名，歡迎您隨時前來參觀！,每週一和週五（以及每月一個週六）/ 下午 5 點 / 西登山公園，學生會大樓，E831 室,無,google_translate_zh_tw,llm_reviewed,Google Sheets GOOGLETRANSLATE zh-TW draft; structurally checked and normalized for Cantonese/Traditional Chinese site use.
C0118,3445,ae9f2548cc393f80,貝爾滑雪俱樂部,體育（非球類）,滑雪,本俱樂部成立於1978年，是早稻田大學認可的滑雪俱樂部！我們隸屬於早稻田基礎滑雪協會。 “belle”這個名字源自法語“美麗”，但學過法語的人可能會覺得有點怪怪的（笑）。雪季期間，我們會在12月、2月和3月舉辦三次訓練營。我們會分成幾個訓練小組，由資深會員和教練指導滑雪。 12月的訓練營是滑雪資格認證（1-3級），2月的訓練營是俱樂部內部比賽，3月的訓練營是早稻田基礎滑雪協會（AW）比賽。除了訓練營之外，你還可以參加在岩岳舉辦的全國滑雪比賽，或是在滑雪學校擔任教練。據說，有些人因為熱愛滑雪，會連續近兩個月待在山裡……！在非雪季，我們每週訓練三次（週二、週四和週六，第五堂課），地點在新宿運動中心前。我們主要進行一些輕鬆的活動，例如捉迷藏和跳繩，來增強體力。此外，策劃團隊每月都會舉辦一次活動，讓大家一起參與。過去，我們一起舉辦過燒烤和公路旅行等活動，玩得非常開心！黃金週期間，我們會為新成員舉辦迎新營（志賀高原），暑假期間則會在海邊或山區舉辦營隊活動。非常歡迎初學者！您可以在友好輕鬆的氛圍中享受滑雪的樂趣！歡迎您隨時來參觀！,每週二、四、六下午 4:30 起，新宿運動中心前,無,google_translate_zh_tw,llm_reviewed,Google Sheets GOOGLETRANSLATE zh-TW draft; structurally checked and normalized for Cantonese/Traditional Chinese site use.
C0119,3443,1c56176ac7b05dcf,基礎滑雪俱樂部,體育（非球類）,滑雪,在淡季，我們進行訓練、輪滑，並參加各種各樣的活動。賽季開始後，我們就進入狀態，全心投入滑雪！只有在Basic，你才能從零運動基礎開始，以滑雪新手的身份參加全國比賽。你與隊友一起克服漫長的訓練營和激烈的團隊比賽，建立起深厚的友誼，這是你在大學生活中其他任何地方都無法獲得的——只有在Basic才能體驗到。當然，生活並非只有艱苦訓練，所以我們像其他大學生一樣享受暑假！我們認真對待滑雪，但也會進行公路旅行、去海島遊玩、舉辦派對，甚至慶祝成年禮。享受大學生活也是Basic獨有的特色。無論你之前是否努力，每個人都會在大學生活中體驗到最大的成就感！,每週三、六 / 下午5:30起（週六下午3:30起）/ 西早稻田校區旁的富山公園,無,google_translate_zh_tw,llm_reviewed,Google Sheets GOOGLETRANSLATE zh-TW draft; structurally checked and normalized for Cantonese/Traditional Chinese site use.
C0120,3467,d808191b51d78ee7,水下俱樂部,體育（非球類）,游泳,"何不將潛水當作您終身的嗜好呢？

/
/
/
/ 水下俱樂部是一個專注於潛水的俱樂部，活動範圍涵蓋沖繩、小笠原群島、伊豆半島等地。我們的主要活動包括每年兩次的長期潛水營、短期潛水營以及一日潛水之旅。在南方島嶼上與朋友們共度美好時光，再加上潛水這項愛好，必將成為您一生的寶貴財富！讓我們一起探索世界剩下的70%吧！

/
/
/
/ 除了潛水，我們還會根據每位成員的興趣愛好組織各種戶外活動，讓您在俱樂部裡永遠不會感到無聊！

/
/
/
/ ★水下俱樂部的亮點★

/
/ ◎ 熱情

/
/ 所有成員都熱愛潛水。我們是一個定期潛水的俱樂部。我們擁有許多水下相機，所以您一定能拍到很多精彩的照片！沒有強制性活動，雖然我們規模不大，但參與度很高，而且絕對不會出現“幽靈”！

/
/
/
/◎安心無憂
/
/水下俱樂部已成立55年。我們與許多商店、住宿和潛水服務機構合作數十年。此外，俱樂部擁有許多經驗豐富的潛水會員。資深會員提供全面的指導，因此即使是初學者也歡迎加入！

/
/
/◎充實快樂

/
/水下俱樂部每次都由大家共同決定要去哪個島嶼，因此在各個島嶼上都能體驗到豐富多彩的活動！俱樂部在春秋兩季還會舉辦訓練營，並定期舉辦潛水一日遊。除了潛水，會員們也喜歡與潛水夥伴一起旅行和滑雪。俱樂部甚至設有活動室，讓校園生活更充實！",行程不規則 / 沖繩、伊豆等地 / 提供俱樂部房間,無,google_translate_zh_tw,llm_reviewed,Google Sheets GOOGLETRANSLATE zh-TW draft; structurally checked and normalized for Cantonese/Traditional Chinese site use.
C0121,3468,65e33af26be9ec0b,游泳俱樂部（速水會）,體育（非球類）,游泳,"我們是擁有超過50年歷史的知名游泳俱樂部，名為「速水會」。

我們每週在富山校區的高石紀念游泳池進行三次訓練。

我們的會員等級參差不齊，從有全國比賽經驗的選手到完全的初學者，我們都歡迎。

即使您已經很久沒有游泳，或者您想學習游泳，也歡迎加入速水會。

除了競技游泳，我們也進行水球活動，如果您對此感興趣，也歡迎加入我們。

我們計劃舉辦許多活動，例如燒烤、訓練營和長距離游泳比賽，敬請期待。

如果您有任何疑問或擔憂，請隨時與我們聯繫。

我們期待與您相見。",每週三天（具體日期待定）/ 第二堂課 / 高石紀念游泳池（富山校區）,Circle 網站已關閉,google_translate_zh_tw,llm_reviewed,Google Sheets GOOGLETRANSLATE zh-TW draft; structurally checked and normalized for Cantonese/Traditional Chinese site use.
C0122,3471,9811b1872364fa64,早稻田大學蹼泳隊 SIX BEAT,體育（非球類）,游泳,"蹼泳是一項水下運動，游泳者穿著腳蹼（蛙鞋）與時間賽跑。 SIXBEAT 擁有各個級別的游泳者，從初學者到日本國家隊隊員，應有盡有。無論您是經驗豐富的游泳者還是完全的初學者，我們都歡迎您的加入。我們的例行活動在富山校區的高石紀念游泳池舉行，時間為週一至週六第一堂課。訓練為自願參加，您可以根據自己的時間安排彈性選擇。

/
/
/
/ 除了參加蹼泳比賽，我們還有許多有趣的活動，例如夏令營和聖誕派對！

/
/
/
/ 請關注 SIXBEAT 的 Instagram 帳號。我們也正在積極招募管理人員。歡迎您隨時來高石紀念泳池觀賞我們的訓練！",每週一至週六，第一堂課：高石紀念游泳池,無,google_translate_zh_tw,llm_reviewed,Google Sheets GOOGLETRANSLATE zh-TW draft; structurally checked and normalized for Cantonese/Traditional Chinese site use.
C0123,3534,48fe0fef83150313,早稻田山地自行車俱樂部 WFR（科學與工程山地自行車俱樂部）,體育（非球類）,騎自行車,"活動：

/
/WFR 是一個官方認可的俱樂部，開展山地自行車 (MTB) 和單板滑雪等活動。目前，俱樂部分為兩個部門：山地自行車部和單板滑雪部。您可以同時加入兩個部門，也可以只加入其中一個。即使您覺得獨自騎乘登山車和單板滑雪有些難度，但加入 WFR 後，只要您有時間，就可以盡情享受這些運動的樂趣！

/
/
//・山地自行車部

/
/山地自行車 (MTB) 是一項使用專為在非鋪裝山地小徑上騎行而設計的自行車的運動。 WFR 是日本唯一的山地自行車俱樂部。我們在關東地區附近的山地小徑以及滑雪季期間在滑雪場的山地自行車賽道上騎行。您可以體驗到各種各樣的山地自行車運動樂趣，從越野騎行到達目的地到在跳台上表演精彩的跳躍！

/

/

/・單板滑雪部

/
/早稻田大學特技滑雪協會（WGTA）是早稻田大學滑雪俱樂部（WFR）的單板滑雪部，專注於地面技巧。順便一提，「地面技巧」指的是一種在普通雪道上進行跳躍、旋轉等特技動作的滑雪風格。我們不像有些人租滑雪屋每天滑雪（有時被稱為「宅家滑雪」），而是主要進行短時間的滑雪活動。因此，我們推薦WGTA給忙碌的人或春假期間有其他安排的人。

//如果您有興趣，請透過以下網址留言與我們聯絡。",關東地區附近的滑雪場（包括冬季和春季秋季）和山脈/每週一次,無,google_translate_zh_tw,llm_reviewed,Google Sheets GOOGLETRANSLATE zh-TW draft; structurally checked and normalized for Cantonese/Traditional Chinese site use.
C0124,3176,c582c695c69b76c3,自行車俱樂部,體育（非球類）,騎自行車,提到“騎自行車旅行”，你會想到什麼？有些人覺得很有趣，有些人則覺得很辛苦。的確，連續騎幾天並不容易。然而，我們依然堅持騎行，因為與朋友們一起完成旅程的喜悅是無價的。每次參加完訓練營或一日遊，我們都渴望再次踏上旅程，前往新的目的地。何不加入我們的騎乘之旅呢？如果您有興趣，歡迎隨時來E327俱樂部敲門。我們也會在網站、部落格、X和Instagram上分享我們的活動，歡迎關注。我們俱樂部的所有成員都期待與您一起騎行。,每週三下午 4:30 起，學生會大樓,無,google_translate_zh_tw,llm_reviewed,Google Sheets GOOGLETRANSLATE zh-TW draft; structurally checked and normalized for Cantonese/Traditional Chinese site use.
C0125,3186,a5fb685a801e05f8,奇蹟自行車俱樂部,體育（非球類）,騎自行車,我們的主要活動是訓練營，通常在漫長的暑假和春假期間舉行。夏季，我們會騎自行車去北海道露營；春季，我們會去四國和九州。訓練營大約持續一周，由於成員眾多，我們會分成小組，在營地集合。小組組成每天都會改變。通常，我們會在每週三第六節課在學生會大樓或教室舉行例會。在這些會議上，我們會討論訓練營和各種活動。這些活動包括體育賽事、聖誕派對、每月一次的騎行活動以及校友聚會。此外，自2014年以來，我們一直在早稻田文化節上設立攤位。如您所見，除了騎乘之外，我們還進行許多其他活動，並且我們制定了許多計劃，以確保成員們始終都能享受其中的樂趣。,每週三/下午6:15/學生會大樓,無,google_translate_zh_tw,llm_reviewed,Google Sheets GOOGLETRANSLATE zh-TW draft; structurally checked and normalized for Cantonese/Traditional Chinese site use.
C0126,3177,ee39102d68d8ff43,山地射箭俱樂部,體育（非球類）,戶外的,山之拱門俱樂部是早稻田大學官方認可的登山社團。我們全年活動不斷，主要包括夏季長途穿越、冬季登山活動以及在俱樂部山間小屋舉辦的各種活動！我們最重要的活動是夏令營，我們會用大約10天的時間在北阿爾卑斯山脈、南阿爾卑斯山脈、北海道和四國地區攀登。完成夏令營後的成就感難以言喻！我們70-80%的成員都是在大學期間開始登山的，所以如果你正打算在大學裡嘗試一項新的運動，或者你本身就是高中登山社團的成員，我們都非常歡迎你加入我們！,任何時候，學生會大樓 E413,無,google_translate_zh_tw,llm_reviewed,Google Sheets GOOGLETRANSLATE zh-TW draft; structurally checked and normalized for Cantonese/Traditional Chinese site use.
C0127,3193,0771684d2aae4cb3,釣魚俱樂部,體育（非球類）,戶外的,"本俱樂部是早稻田大學官方認可的社團，也是「學生會」成員，該頭銜僅授予成績斐然的社團。本俱樂部不收取會員費或年費！我們在學生會大樓E306室設有專屬活動室。本俱樂部成立於1954年，是早稻田大學眾多社團中歷史最悠久的社團之一。在慶祝成立70週年之際，我們依然積極致力於提升釣魚的樂趣和深度。


/
/
/
/我們通常每月舉辦與船隻和碼頭相關的活動，參加早稻田節，並在全年組織多次全俱樂部參與的露營活動，包括新會員迎新露營（以往的露營目的地包括伊豆群島、偏遠島嶼和漁場管理區）。更多活動詳情，請瀏覽我們的部落格。此外，您還可以邀請朋友在週末或課後一起去釣魚，這無疑會拓展您的釣魚視野！

即使您是釣魚新手，從未釣過魚，或者您對釣魚感興趣但覺得入門太難或缺乏相關知識，我們經驗豐富的會員也會提供指導，從購買裝備到實際垂釣，應有盡有。歡迎隨時與我們聯絡。我們也會組織前往近海防波堤、偏遠島嶼和岩石海岸的釣魚之旅，即使是經驗豐富的老手也能盡享樂趣！除了釣魚，我們還會舉辦各種活動，例如派對和燒烤。我們全年歡迎新會員加入，如果您有興趣或想了解更多信息，請通過 X（推特）聯繫我們！期待您的加入！",任何時間 / 學生會大樓 E306 / 任何有魚的地方,無,google_translate_zh_tw,llm_reviewed,Google Sheets GOOGLETRANSLATE zh-TW draft; structurally checked and normalized for Cantonese/Traditional Chinese site use.
C0128,3182,f8c0d58c2e6abdf9,山地俱樂部,體育（非球類）,戶外的,山野會（登山俱樂部）是早稻田大學的全校登山俱樂部。我們全年提供豐富多彩的登山活動，包括夏季的日本阿爾卑斯山帳篷穿越、峽谷漂流和攀岩，以及冬季的雪地登山和滑雪。每項活動並非強制參加，您可以選擇只參加健行或夏季山區穿越。經驗豐富的資深會員和校友會為有風險的活動提供指導。由於校友的資助，俱樂部提供昂貴的登山裝備借用服務，這些裝備存放在學生會大樓的俱樂部活動室。登山活動僅在週末或長假期間舉行，因此即使是忙於學業或兼職工作的學生也能參與。此外，我們還在平日於攀岩館舉辦登山工作坊和訓練課程。許多會員都是在大學期間開始登山的，因此我們歡迎初學者和經驗豐富的登山者加入。我們也歡迎大二以上的學生加入。我們很少舉辦飲酒聚會，所以不喝酒的人也可以放心參加。如果您對登山有興趣，歡迎加入我們！,週六、週日及任何時間 / 山區學生會大樓3樓E338,無,google_translate_zh_tw,llm_reviewed,Google Sheets GOOGLETRANSLATE zh-TW draft; structurally checked and normalized for Cantonese/Traditional Chinese site use.
C0129,3072,b0f20b064ff504c2,羅弗斯,體育（非球類）,戶外的,我們是早稻田童軍（新宿第二分隊），目前共有27名成員（包括校際成員）。我們全年舉辦各種戶外活動，例如露營、健行和滑雪，以及以新宿為中心的社區服務活動（例如東京馬拉松、隅田川煙火祭服務、明治神宮營火晚會服務）。作為早稻田大學唯一的童軍俱樂部，我們積極促進同儕童軍之間的交流互動。無需任何經驗，我們熱烈歡迎有意加入童軍的大學生以及其他大學的學生！如果您對此感興趣，請透過Instagram、Twitter等社交媒體與我們聯繫！,活動,Circle 網站已關閉,google_translate_zh_tw,llm_reviewed,Google Sheets GOOGLETRANSLATE zh-TW draft; structurally checked and normalized for Cantonese/Traditional Chinese site use.
C0130,3179,7ec80b49282ecc0a,旅行團,體育（非球類）,戶外的,旅行俱樂部是由早稻田大學學生組成的旅行社團，2023年迎來了成立64週年。我們的目標是提供只有在大學期間才能體驗到的旅行經歷，足跡遍布日本各地。我們透過多次旅行建立深厚的友誼。我們每隔一到兩個月組織一次旅行，但參與完全自願！如果你不想讓你的大學生活留下遺憾，渴望結交真誠的朋友，並且熱愛旅行和戶外活動，我們期待你的加入！,會議不定期舉行。社團活動室位於學生會大樓E324室。,無,google_translate_zh_tw,llm_reviewed,Google Sheets GOOGLETRANSLATE zh-TW draft; structurally checked and normalized for Cantonese/Traditional Chinese site use.
C0131,3175,ba05f804983264e5,學文海,體育（非球類）,戶外的,學文會是一個專注於登山的戶外社團。我們歡迎初學者和對自身體能不太自信的女性加入！從春季到夏季，我們會先舉辦一些輕鬆的戶外活動，例如燒烤和露營，然後逐步從海拔1000米左右的低海拔山地徒步，過渡到海拔2000米左右的夏季登山，讓身體逐漸適應。社團的主要活動是每年八月下旬舉辦的夏令營，屆時我們將穿越海拔超過3000公尺的北阿爾卑斯山脈。此外，我們全年還會舉辦各種其他戶外活動，例如沖繩之旅和滑雪營。學文會目前擁有100多名成員，但透過我們每月舉辦的活動，您將有機會認識每位成員，所以您不太可能不認識任何人！我們的社團活動室位於學生會大樓的E303，總是擠滿了成員，我們也經常一起外出用餐和聚會。此外，我們每週五第六堂課（18:15~）在學生會大樓舉行的例會，是所有成員聚會交流、互相了解的絕佳機會！雖然社團規模較大，但成員相處融洽，氣氛友善溫馨。不只早稻田大學的學生會參加，其他大學的學生也會加入，歡迎隨時加入！例會時間：每週五第六堂課（18:15~）。,每週五，第六堂課（18:15-）/ 學生會大樓,無,google_translate_zh_tw,llm_reviewed,Google Sheets GOOGLETRANSLATE zh-TW draft; structurally checked and normalized for Cantonese/Traditional Chinese site use.
C0132,3173,b79c0f20916759e3,步行活動,體育（非球類）,戶外的,我們的健走俱樂部組織各種各樣的活動，從登山、古道漫步到悠閒地遊覽中華街和鎌倉等城鎮，再到騎行旅行。我們的成員大多是初學者，之前無登山或類似活動的經驗。步行俱樂部帶領我們前往日本各地，在那裡我們可以品嚐當地美食，結識當地朋友，並擁有美好的體驗。我們的成員相處融洽，在冬季戶外活動受限的時候，我們會每週聚會幾次，或是在俱樂部活動室裡消磨時光。,週六和週日,無,google_translate_zh_tw,llm_reviewed,Google Sheets GOOGLETRANSLATE zh-TW draft; structurally checked and normalized for Cantonese/Traditional Chinese site use.
C0133,3095,583d80cc4c5ec7a2,名勝古蹟研究小組,體育（非球類）,戶外的,"美光研（Meikoken）是一個官方認可的旅行社團，自成立以來已有半個多世紀的歷史。美光研的活動大致分為三類：旅行、例會和個人項目。

美光研的主要活動是旅行，我們會前往日本各地旅行。每年最多舉辦六次旅行，完全自願參加。夏季旅行的目的地輪流在北海道、中國/四國和九州之間，目標是在三年內完成環遊日本的旅程。春季旅行則以京都和關西地區為重點。此外，還有一些為期一到兩天的短期旅行，前往關東地區附近的地方。

例會每週二和週四舉行，在學期期間進行。成員們會討論自己感興趣的話題，玩遊戲，營造輕鬆愉快的氣氛。許多成員每週參加一次，週二或週四都可以，但參加頻率非常靈活。你參加得越多，彼此就越了解，友誼也越深厚。

個人項目是成員們自由規劃活動並共同享受樂趣的地方。許多項目都是一日遊，例如解謎、燒烤和公路旅行，是名光軒的重要活動之一，僅次於靜修活動。

名光軒歷史悠久，但其形式仍在不斷發展，使其成為一個非常靈活的社團。最重要的是，它輕鬆自在，氣氛輕鬆。加入其他社團也很容易。無論您是熱愛旅行，還是計劃未來進行更多旅行，都歡迎加入我們！讓我們與最好的朋友一起旅行吧！",每週二、四 / 18:00-20:00 / 學生會大樓,無,google_translate_zh_tw,llm_reviewed,Google Sheets GOOGLETRANSLATE zh-TW draft; structurally checked and normalized for Cantonese/Traditional Chinese site use.
C0134,3185,b6ca91c470d54723,東寶之會,體育（非球類）,戶外的,東邦俱樂部主要在週末和長假期間組織徒步活動！我們提供豐富多彩的登山行程，從一日健行到過夜露營和夏季靜修，應有盡有。許多會員都是從大學開始徒步的，所以我們非常歡迎初學者！我們的目標是在夏季靜修期間登頂北阿爾卑斯山，並共同努力提陞技能。登頂的成就感、令人嘆為觀止的美景、一起烹飪的美食…讓我們與東邦俱樂部的成員們一起創造終生難忘的回憶！作為一個跨大學的俱樂部，我們的會員來自各個大學。與其他健行俱樂部不同的是，我們擁有較高比例的女性會員，歡迎您前來了解我們。除了健行之外，我們還有許多其他活動，例如海島遊和滑雪營。加入東邦俱樂部，保證您擁有精彩的青春！請關注我們的社群媒體帳號，以了解我們的活動資訊。我們的新會員迎新活動包括線上資訊說明會和歡迎健行活動。會員資格僅限參加迎新活動的會員，我們期待您的參與！,週末和假日，參加與否由您決定，活動地點在關東地區和日本阿爾卑斯山山區。,無,google_translate_zh_tw,llm_reviewed,Google Sheets GOOGLETRANSLATE zh-TW draft; structurally checked and normalized for Cantonese/Traditional Chinese site use.
C0135,3184,13b1932a89bd0f23,山地小屋研究小組,體育（非球類）,戶外的,大家好！我們是早稻田大學登山小屋研究社！我們通常被稱為“山健”，是一個專注於登山的戶外社團。我們是早稻田大學的正式社團，今年是自1969年成立以來的第57年。山健的成員大多是登山新手！讓我們和這些高中前經歷截然不同的成員們一起享受登山的樂趣吧！我們在春、夏、秋三季都會舉辦團體登山活動，所有成員都會參與。此外，我們全年還會舉辦各種各樣的活動！我們還擁有一座山間小屋，每年都會去那裡度假幾次。由於冬季登山危險，我們不進行冬季登山活動。不過，我們在冬季會舉辦滑雪營等豐富的休閒活動！對於剛進入大學想要嘗試新鮮事物的人來說，這是一個絕佳的選擇！當然，我們也熱烈歡迎經驗豐富的登山者加入。適度攀登，適度玩樂。我們希望這裡能成為您在大學以外的第二個家！,每週五 / 18:00 / Plantain（主校區附近的咖啡店）,無,google_translate_zh_tw,llm_reviewed,Google Sheets GOOGLETRANSLATE zh-TW draft; structurally checked and normalized for Cantonese/Traditional Chinese site use.
C0136,3537,f58c27505cf9e4fa,試誤協會（T.E.A.）,體育（非球類）,戶外的,"【基本活動】

我們的活動主要以一日健行為主，但夏季營地也會組織過夜健行。此外，我們也會舉辦其他戶外活動，例如燒烤和滑雪營！我們會根據會員的建議來決定活動，因此我們會盡力滿足您登山、遊覽景點以及進行您想做的活動的願望！

【活動頻率】

我們每月大約舉辦三次徒步和一次活動。沒有強制性活動；您可以自由選擇每月想參加的活動日期！

【成員構成】

TEA 的成員主要來自早稻田大學、法政大學和日本女子大學，因此您可以與來自不同大學的人交流。

我們許多現有成員都是在大學期間開始徒步旅行的，因此我們歡迎所有熱愛大自然的人，無論經驗如何！

我們也歡迎大二以上的學生加入。

【活動記錄（2025）】

4月：高尾山、神馬山

5月：山手線環狀線、高尾山、東京都森林公園、大嶽山

6月：秩父觀光、西澤溪谷健行、全體會員大會

7月：日向山、燒烤

8月：夏令營（高山路線）、西瓜劈開比賽、日光白根山、飯能徒步

9月：東京都森林公園、景延山、運動會

10月：神馬山、萬聖節派對

11月：筑波山、箱根觀光

12月：聖誕派對、年末派對

1月：新年第一次參拜神社

2月：滑雪營、滑冰比賽

3月：湯河原觀光、賞櫻

【其他】

如果您有任何興趣，請聯絡我們。請在Instagram或我們的官方LINE帳號上關注我們！",每週日 / 關東附近的山脈,無,google_translate_zh_tw,llm_reviewed,Google Sheets GOOGLETRANSLATE zh-TW draft; structurally checked and normalized for Cantonese/Traditional Chinese site use.
C0137,3178,0ea09bc1408d7f1d,世界旅行學習小組,體育（非球類）,戶外的,「環球旅行俱樂部」！我們背著背包獨自環遊世界！我們的活動主要包括回家後的旅行總結會。,暫無相關資訊。,無,google_translate_zh_tw,llm_reviewed,Google Sheets GOOGLETRANSLATE zh-TW draft; structurally checked and normalized for Cantonese/Traditional Chinese site use.
C0138,3180,2fdca2ca5b7342a8,探險俱樂部,體育（非球類）,戶外的,我們探索和追尋世界各地的未知事物。學期期間，我們會在週末舉辦活動；假期裡，我們會進行長期探險。,暫無相關資訊。,無,google_translate_zh_tw,llm_reviewed,Google Sheets GOOGLETRANSLATE zh-TW draft; structurally checked and normalized for Cantonese/Traditional Chinese site use.
C0139,3181,dd82a3ee6088c645,鍋之界,體育（非球類）,戶外的,我們是一個喜歡戶外活動的俱樂部，例如在東京附近的公園裡用野生植物烹飪。我們總是玩得很開心！,暫無相關資訊。,無,google_translate_zh_tw,llm_reviewed,Google Sheets GOOGLETRANSLATE zh-TW draft; structurally checked and normalized for Cantonese/Traditional Chinese site use.
C0140,3481,960757d26afe05ee,早稻田大學滑水俱樂部,體育（非球類）,其他運動,【招募新成員！ 】早稻田大學滑水俱樂部歷史悠久，成立於1954年。無論你是想在大學裡開啟一段新的旅程，還是志在成為日本學生中的佼佼者，又或者只是覺得加入某個社團不太合適，我們都歡迎你的加入。何不將青春的最後時光奉獻給滑水運動呢？,每週六、週日 / 音河,無,google_translate_zh_tw,llm_reviewed,Google Sheets GOOGLETRANSLATE zh-TW draft; structurally checked and normalized for Cantonese/Traditional Chinese site use.
C0141,3195,68a22e9595ffc725,槓鈴俱樂部,體育（非球類）,其他運動,"槓鈴俱樂部是早期稻田大學唯一的訓練社團，於2016年慶祝成立54週年。俱樂部的主要活動是自身訓練，但沒有固定的訓練日。會員們只需在課間空閒時間前往俱樂部活動室，做好準備後即可前往訓練中心。在訓練中心，會員會與其他會員一起完成指定的訓練計畫。除了增肌之外，會員們也積極參與健美和力量舉等比賽。俱樂部也會在早稻田節舉辦名為「早稻田先生」的健美比賽。

/
/會員不僅可以使用訓練中心的器材，還可以使用槓鈴俱樂部專屬的訓練器材。

/
/俱樂部的正式活動包括：5月的力量舉比賽、6月左右的校友聚會、8月的夏季訓練營和年終派對、10月的健美比賽、11月在早稻田節期間舉辦的“早稻田先生”比賽、12月的年終派對以及3月的告別派對。",無特定名稱 / 學生會大樓 B2 訓練中心,無,google_translate_zh_tw,llm_reviewed,Google Sheets GOOGLETRANSLATE zh-TW draft; structurally checked and normalized for Cantonese/Traditional Chinese site use.
C0142,3514,c94e40a4d0fe4b24,早稻田大學理工學部賽艇俱樂部,體育（非球類）,其他運動,"我們理工學院賽艇俱樂部致力於平衡學業和賽艇運動。即使是繁忙的理工科學生也會在課餘時間聚在一起練習（人文專業的學生也非常歡迎！我們有大約10名活躍的人文專業成員）。我們的成員等級各異，既有志於衝擊全國冠軍的選手，也有每週划船一次的休閒愛好者。每年春天，我們都會參加在隅田川舉行的早稻田-慶應義塾賽艇比賽。在雷鳴般的歡呼聲中劃過東京晴空塔，必將成為終生難忘的回憶。超過90%參加這類比賽的運動員都是從大學開始接觸划船的。我們的教練和資深成員會提供全面的指導，即使是零基礎的學員也能快速進步。我們可能是唯一一個既能讓你在大學開始賽艇運動，又能參加早稻田-慶應義塾賽艇比賽的俱樂部。如果你想嘗試一些新鮮事物，參加早稻田-慶應義塾賽艇比賽，或者在兼顧學業的同時享受運動的樂趣，歡迎加入理工學院賽艇俱樂部！

/

/

/",每週三、五 / 下午 6:15 起 / 科學與工程校區 51 號樓地下室,無,google_translate_zh_tw,llm_reviewed,Google Sheets GOOGLETRANSLATE zh-TW draft; structurally checked and normalized for Cantonese/Traditional Chinese site use.
C0143,3194,cd90ae351d8f14c9,彈跳床俱樂部,體育（非球類）,其他運動,雖然彈翻床運動可能不廣為人知，但它卻是夏季奧運的正式比賽項目。彈翻床運動的目標是僅憑自身體重跳得更高、更優美。我們的大多數成員都是從零基礎開始的，所以即使你覺得太難，也別擔心！我們從練習直線跳進手，但在教練的指導下，經過一年的練習，你就能掌握空翻的技巧。只要勤加練習，即使是大一新生也能參加享有盛譽的校際錦標賽和早稻田-慶應大學的對抗賽。無論你是想加入社團，還是無法加入校隊但又想認真參與體育運動，亦或是想嘗試一些新鮮事物，又或是想在日常活動之外尋找一個社團，我們都歡迎你的加入！何不嘗試彈翻床運動，體驗一下與眾不同的大學生活呢？,每週一、週三下午5點至晚上8點，以及週六下午1點至4點 / 所澤體育館2號館,無,google_translate_zh_tw,llm_reviewed,Google Sheets GOOGLETRANSLATE zh-TW draft; structurally checked and normalized for Cantonese/Traditional Chinese site use.
C0144,3562,daf93e7a5f11abd2,彈跳床俱樂部,體育（非球類）,其他運動,暫無相關資訊。,每週一、三 17:00-20:00，週六 13:00-16:00，所澤體育館 2 號館,無,google_translate_zh_tw,llm_reviewed,Google Sheets GOOGLETRANSLATE zh-TW draft; structurally checked and normalized for Cantonese/Traditional Chinese site use.
C0145,3200,f4998247c9a95284,田徑俱樂部,體育（非球類）,其他運動,早稻田大學田徑俱樂部是早稻田大學唯一官方認可的田徑俱樂部，擁有超過150名成員，涵蓋從初學者到國家級選手各個程度。成員包括早稻田大學學生以及許多其他大學的學生。俱樂部成員既有力爭關東和日本錦標賽的競技型運動員，也有享受慢跑樂趣的普通人。俱樂部透過田徑和馬拉松運動促進成員間的交流互動，並致力於提升個人運動表現。俱樂部每週一、三、五進行訓練，每月還會安排一次團體訓練。成員們會參加個人賽和團體賽，例如秋季的俱樂部間比賽和冬季的俱樂部間接力賽。俱樂部也會在夏季舉辦早稻田大學田徑運動會，並在秋季舉辦早稻田大學挑戰賽。春夏季節，俱樂部共舉辦七次集訓，其中包括針對特定項目的集訓，例如「中長跑集訓」和「短跑集訓」。,每週一、三、二 / 17:30 / 小田野等。,Circle 網站已關閉,google_translate_zh_tw,llm_reviewed,Google Sheets GOOGLETRANSLATE zh-TW draft; structurally checked and normalized for Cantonese/Traditional Chinese site use.
C0146,3559,6518e012b12d6bff,早稻田大學田徑俱樂部,體育（非球類）,其他運動,早稻田大學田徑俱樂部是早稻田大學唯一官方認可的社團，成員涵蓋了從初學者到經驗豐富的運動員。俱樂部透過田徑和馬拉松運動，促進成員間的交流互動，並致力於提升個人運動表現。成員不僅包括早稻田大學的學生，還有許多來自其他大學的學生。俱樂部成員組成多樣，既有每天刻苦訓練、力爭參加關東錦標賽和日本錦標賽等重要賽事的競技運動員，也有隻是按照自己的步調慢跑的普通愛好者。俱樂部的活動圍繞著每週的訓練和每月一次的集訓展開，成員們會參加秋季舉行的個人賽和團體賽。俱樂部每年還會舉辦兩場賽事：夏季的「早稻田大學田徑俱樂部紀錄賽」和秋季的「早稻田大學田徑俱樂部挑戰賽」。此外，俱樂部全年還會舉辦七次集訓，按學期劃分。,每週一 / 下午 4:00 / 所澤校區體育館,無,google_translate_zh_tw,llm_reviewed,Google Sheets GOOGLETRANSLATE zh-TW draft; structurally checked and normalized for Cantonese/Traditional Chinese site use.
C0147,3470,a418df597d5784da,安庫潛水隊,體育（非球類）,其他運動,我們是早稻田大學官方認可的潛水社團！暑假期間，我們會在八丈島和小笠原群島舉辦長期訓練營！美麗的海洋世界是許多大學生都不了解的。難道你不想體驗日常生活中無法獲得的精彩經驗嗎？而且，Ankou的樂趣可不只潛水！我們還會開車、砸西瓜、挑戰膽量、烤肉等等！各種充滿夏日氣息的活動應有盡有！有時，我們也會欣賞美麗的日落，或是在繁星點點的夜空下暢談。 Ankou，讓你盡情享受人生最後一個暑假！,沒什麼特別的。,無,google_translate_zh_tw,llm_reviewed,Google Sheets GOOGLETRANSLATE zh-TW draft; structurally checked and normalized for Cantonese/Traditional Chinese site use.
C0148,3174,25a49a14a1f892b7,定向越野俱樂部,體育（非球類）,其他運動,定向越野起源於斯堪的納維亞半島，是一項結合了「智力」和「跑步能力」的運動。參賽者需要在森林中閱讀地圖、選擇和處理資訊、導航，並競相以最短時間完成指定路線。速度並非決定勝負的唯一因素；即使速度不快的人也有機會獲勝。我們的定向越野俱樂部（簡稱OC）正是致力於這項挑戰，匯聚了從戶外運動愛好者到代表日本參加世界級比賽的精英人士。我們的日常活動包括跑步和地圖閱讀工作坊，週末活動則包括定向越野旅行。由於這項運動通常在森林中進行，我們經常組織探險活動，因此非常適合戶外運動愛好者和旅行者！遺憾的是，定向越野目前被歸類為小眾運動，所以我們經常與來自日本各地（不僅限於早稻田大學）的大學生合作，這讓我們有機會透過定向越野結識來自全國各地的朋友。如果你想在大學裡嘗試一項新的運動，熱愛地圖、旅行和戶外活動，並渴望在世界舞台上競技，我們熱烈歡迎你的加入！,每週一至週五 / 下午6:30 / 學生會大樓 週末 / 日本各地的森林、山脈和公園,無,google_translate_zh_tw,llm_reviewed,Google Sheets GOOGLETRANSLATE zh-TW draft; structurally checked and normalized for Cantonese/Traditional Chinese site use.
C0149,3776,4c7a8054014bf7a6,潛水隊,體育（非球類）,其他運動,"【潛水社基本資料】

/
/ - 男生：早稻田大學全校；女生：校際

/
/ - 每年招收最多10名新生（出於安全考量）

/
/ - 所有活動均為自願參加！

/
/
/
/ 【活動】

/
/ 四月：迎新營

/
/ 五月：潛水證訓練營

/
/ 六月：夏季一日遊

/
/ 八月初：夏季大島

/
/ 八月中下旬：沖繩訓練營（隔年輪換西表島和座間味島）

/
/ 九月：秋季大島

/
/ 十月：秋季一日遊

/
/ 十一月：八丈島退休訓練營

/
/ 三月：小笠原群島

/
/ 此外，即使在沒有潛水活動的冬季，社團也會舉辦許多其他活動，例如聖誕派對和與社員一起去迪士尼樂園遊玩！

/

/

/
/【潛水俱樂部的亮點】

/

◎安全保障
/
/潛水俱樂部提供兩種潛水方式：自由潛水和導潛。導潛活動在沖繩和小笠原群島進行。我們衷心感謝多年來一直支持我們的店。

/
/為了確保自由潛水的安全，俱樂部管理層中始終有一位持有專業執照的潛水員，並且我們還有許多認證的救援潛水員。

/

/
/◎自由自在

/
/潛水俱樂部的所有活動都對所有人開放。因此，每個人都可以在考慮自身預算的前提下，自由自在地享受潛水生活！

/

/
/◎傳統文化
/
/潛水俱樂部擁有許多代代相傳的「文化」。

/
/推薦島上的咖啡館、可以欣賞日落和星空的風景名勝、潛水歌曲等等。加入我們，您將會發現更多精彩內容！

/

/

/ 跳水俱樂部是你大學生活中最值得投入的地方。我們期待收到你的申請。","潛水活動不固定（詳情請見上文）

/
/
/
/通常情況下，早稻田大學校園15號樓的休息室是我們的聚會場所，我們經常在那裡聊天。",無,google_translate_zh_tw,llm_reviewed,Google Sheets GOOGLETRANSLATE zh-TW draft; structurally checked and normalized for Cantonese/Traditional Chinese site use.
C0150,3479,52c08c69600570e1,滑翔傘俱樂部,體育（非球類）,其他運動,逃離城市的喧囂，與鳥兒一起翱翔於靜謐的天空！我們的活動地點位於茨城縣石岡市的蘆山。我們主要在週末活動，但參與時間非常靈活。在蘆山，我們與包括早稻田大學、東京大學、東京工業大學、慶應義塾大學和立教大學在內的十餘所大學進行交流（本社團本身就是跨校社團）。飛行如今已成為一項學生也能輕鬆享受的運動。起初，您將在山坡上練習滑翔，隨著經驗的積累，您可以從山頂起飛。飛行次數越多，飛行距離越遠，飛行時間越長，您也將欣賞到更多前所未見的壯麗景色。在長假期間，我們也會前往其他地區（福岡、新潟、靜岡、北海道等）。此外，我們還會舉辦春季和夏季露營、萬聖節派對和聖誕節派對！,隨時/俱樂部房間,無,google_translate_zh_tw,llm_reviewed,Google Sheets GOOGLETRANSLATE zh-TW draft; structurally checked and normalized for Cantonese/Traditional Chinese site use.
C0151,3476,9f08ed9ba43b7cb7,救生俱樂部（W.L.S.C.）,體育（非球類）,其他運動,"救生是一項旨在預防水域及週邊事故的活動。夏季，我們主要負責海灘巡邏。在淡季期間，我們會進行海中訓練、衝浪，並在大學游泳池及週邊地區進行每週的泳池練習和陸上訓練。

/
/
/
/ 救生也有比賽。當然，有校際錦標賽和全日本錦標賽。 2023年，我們在校際錦標賽中榮獲亞軍。為了推廣救生，我們也為小學生開設海洋安全課程。救生包含五個要素：拯救生命、運動、教育、環境和福利。許多人在大學期間開始接觸救生。如果你正在上大學，想要嘗試一些新鮮事物，何不加入救生呢？這項運動真正造福他人。這個社團充滿了只有大學生才能體驗到的活動。期待你的加入！","每週二/五、六堂課/校園週邊、學生會大樓附近

//每週四、五/第一堂課/高石紀念泳池

//每週六、週日/白天/各處海灘",無,google_translate_zh_tw,llm_reviewed,Google Sheets GOOGLETRANSLATE zh-TW draft; structurally checked and normalized for Cantonese/Traditional Chinese site use.
C0152,3197,58b67a83a6ffc704,西北鐵人三項隊,體育（非球類）,其他運動,"西北社是早稻田大學唯一的鐵人三項俱樂部！鐵人三項是一項由游泳、自行車和跑步三個項目連續完成的運動。我們的成員來自不同的背景，不僅有游泳和田徑俱樂部的成員，還有足球、棒球和其他運動項目的成員。甚至高中時參加課外活動或文化社團的學生也完成了鐵人三項！衝過終點線後的成就感難以言喻！

/ 西北社也是一個校際俱樂部，所以我們也有來自早稻田大學以外其他大學的學生！我們也非常歡迎社團經理加入！

/ 鐵人三項通常被認為是一項艱苦的運動，但有些距離可以在大約一個小時內完成。我們也推薦大家將鐵人三項作為一種旅行觀光的方式，參加在不同地區舉辦的比賽！我們也有學生參加鐵人三項以外的其他比賽，例如游泳、公路自行車賽和馬拉松！如何享受這項運動，完全取決於你自己！

/

/西北大學最棒的地方在於它自由快樂的氣氛！我們的成員背景各異，既有參加日本全國錦標賽的選手，也有志在校際錦標賽上摘金奪銀的佼佼者，還有那些只想完成比賽的普通人。但每個人都友善和睦，彼此之間相處融洽，共同秉持著「時不時不我待！」的信念。你可以將社團活動與學習、兼職、出國留學以及其他你想在大學四年裡做的事情完美結合！由於是社團活動，練習完全自願參加！何不選擇加入西北大學，開啟你寶貴的四年大學生活？我們期待你的加入！",游泳訓練：每週二、週四晚上8點至10點，地點：奧林匹克中心 / 自行車訓練：每週日（及週六）上午9點至11點，地點：西湖多摩 / 跑步訓練：每週三下午6點至8點（及週六上午9點至11點），地點：代代木公園田徑場和西比山田徑場和西比山田徑場,無,google_translate_zh_tw,llm_reviewed,Google Sheets GOOGLETRANSLATE zh-TW draft; structurally checked and normalized for Cantonese/Traditional Chinese site use.
C0153,3201,b1a33c322531071c,極限飛盤隊：超音速隊,體育（非球類）,其他運動,"成立於1992年 / 2013年升格為學生社團

【極限飛盤的魅力】

極限飛盤是一項競技性很強的運動，它既需要個人體能，也需要團隊戰術，能夠讓你在高中階段充分發揮運動天賦。另一方面，這項運動的一大魅力在於，在日本，大多數球員都是在大學之後才開始接觸這項運動。我們俱樂部培養了許多日本U24國家隊男女隊員，而且許多成員在大學畢業後繼續從事這項運動，加入國家隊、企業隊或美國職業聯賽並不罕見。

【我們俱樂部的魅力】

男子隊曾連續四次獲得全日本大學生錦標賽冠軍，女子隊也曾三次獲得季軍和第四名，這使我們成為一支強大的隊伍。透過俱樂部成員之間的反覆討論，學生們主導著戰術和訓練方法的製定，正是這種組織文化造就瞭如今這支「實力強勁的早稻田」隊伍。許多成員都曾出國留學，過去也曾有成員被選拔代表各自國家參賽，這反映了我們對個性和多元化的重視。此外，由於我們的校友會是法人團體，每一代校友都能提供有系統、全面、細緻的求職指導。每年，許多畢業生都能在綜合貿易公司、開發商、大型銀行、策略顧問公司、電視台和廣告公司找到工作。許多人也曾在政府機構和公共部門任職，成為大學教授（先進理工學部古井健二教授就是我們俱樂部的校友），成為律師、註冊會計師，並通過了稅務會計師考試。我們俱樂部為您提供一個可以專注於運動並獲得各種支持的環境。

充實的四年正等著您。讓我們一起朝著成為日本最強的目標努力吧！","【學期期間】週二、週四：大學附近場地（上午 8:30 起）

週六、週日：小岩江戶川河床（上午 9:00 至下午 3:00）

【長假期間】週二、週三、週六、週日：小岩江戶川河床（全天或半天練習）

【其他】視需要安排會議",無,google_translate_zh_tw,llm_reviewed,Google Sheets GOOGLETRANSLATE zh-TW draft; structurally checked and normalized for Cantonese/Traditional Chinese site use.
C0154,3477,d4ffd8c533c6862b,早稻田大學啦啦隊獵鷹隊,體育（非球類）,其他運動,"我們每年主要參加三項賽事。

///我們也會參加早稻田祭等活動，並為籃球隊和足球隊加油！

///無論是經驗豐富的成員，帶領獵鷹隊走向未來，還是從未接觸過啦啦隊的新手，我們都歡迎！即使你不擅長運動，或是身體僵硬，只要你充滿熱情，笑容燦爛，就一定沒問題！

///何不加入獵鷹隊，與無可取代的朋友們一起創造難忘的回憶呢？

///

//",每週二、四、六、日 / 上午 9:00 或下午 6:00 / 早稻田體育館或東京都市圈的體育館,無,google_translate_zh_tw,llm_reviewed,Google Sheets GOOGLETRANSLATE zh-TW draft; structurally checked and normalized for Cantonese/Traditional Chinese site use.
C0155,3564,12b6796f2c3eb981,早稻田運動訓練學會（WATS）,體育（非球類）,其他運動,"WATS是早稻田大學唯一的運動訓練社團。社團成員構成多元：有志成為運動訓練師的學生，有希望作為學生訓練師為各自隊伍貢獻力量的學生，有希望作為經理支持隊伍的學生，有努力提升自身運動表現的運動員，還有對運動醫學及相關領域感興趣的學生。社團活動包括研討會、學習小組、訓練師派遣以及與其他大學的交流活動，旨在促進資訊分享。 WATS由學生自主管理，並由教授、研究生、校友和校外講師的合作支持。如果您對成為訓練師有興趣，希望在專業領域有所發展，或是想要拓展人脈，何不加入WATS呢？

/
/
/",不定期地，線上或線下,無,google_translate_zh_tw,llm_reviewed,Google Sheets GOOGLETRANSLATE zh-TW draft; structurally checked and normalized for Cantonese/Traditional Chinese site use.
C0156,3549,310fbce73fbe3f91,早稻田大學救生俱樂部（W.L.S.C）,體育（非球類）,其他運動,簡而言之，救生是指在海上保護人們安全的活動。然而，救生活動的範圍非常廣泛且意義深遠。除了救援行動外，還有許多其他活動，例如救生比賽、透過海灘清潔的環境保護活動以及兒童水上安全教育。救生比賽種類繁多，但根據舉辦地點大致可以分為三種類型：海洋（在海裡舉行）、沙灘（在沙灘上舉行）和室內（在游泳池裡舉行）。如此豐富的活動範圍為您提供了運用過往經驗的機會。您過去的運動、學習和經驗無疑將對這項活動大有裨益。,每週二/第六堂課/學生會大樓,無,google_translate_zh_tw,llm_reviewed,Google Sheets GOOGLETRANSLATE zh-TW draft; structurally checked and normalized for Cantonese/Traditional Chinese site use.
C0157,3364,8c84e29a2eaff703,令人震驚,體育（非球類）,其他運動,大家好，我們是早稻田大學男子啦啦隊SHOCKERS，一支全球罕見的純男性啦啦隊。我們的魅力在於我們充滿力量的男子啦啦操技巧，以及我們在一起的快樂時光——即使這意味著偶爾會有些傻氣。我們的主要活動包括秋季的四次訓練，以及參與各種活動的表演和為不同的體育社團加油。今年，我們還參加了沖繩國際影展的演出！我相信，只要我們全力以赴，我們就有能力在任何活動中表演。春季，我們也會參加比賽，並在大熊禮堂舉辦我們自己的獨立演出，例如SHOCKERSSTAGE。隨著動畫改編的製作，我們期待未來會取得更大的成就。我們每天都在努力，讓更多人了解男子啦啦操！,每週一、三、五、日 / 下午 6 點至 7 點 / 東京體育館,無,google_translate_zh_tw,llm_reviewed,Google Sheets GOOGLETRANSLATE zh-TW draft; structurally checked and normalized for Cantonese/Traditional Chinese site use.
C0158,3585,c3d7b7d9adf9eefa,WILD359ers,體育（非球類）,其他運動,我們是一個志願者團體，每週六都會舉辦兩項活動：“趣味運動會”，旨在向小學生介紹各種新運動；以及“腰旗橄欖球”，教授孩子們腰旗橄欖球。在「趣味運動會」中，我們與教練合作，為孩子們的活動提供支持，並為他們創造更好的環境。在「腰旗橄欖球」中，我們這些大學生會參與訓練，為春季和秋季舉行的兒童腰旗橄欖球比賽做準備。此外，我們大學生也會舉辦一些活動，例如聖誕節和畢業典禮活動，在這些活動中我們會和孩子們一起玩耍。在假期裡，我們有時也會外出旅行或進行一些自己的娛樂！,每週六 / 12:30 - 17:00 / 三島小學體育館,無,google_translate_zh_tw,llm_reviewed,Google Sheets GOOGLETRANSLATE zh-TW draft; structurally checked and normalized for Cantonese/Traditional Chinese site use.
C0159,3480,ca597c557b2512bc,早稻田大學雜耍社 ~無限~,體育（非球類）,其他運動,我們是一個雜耍社團，經常在學校慶典和地方節日等各種活動中表演。我們通常在富山公園和學生會大樓練習雜耍！探索屬於自己的獨特技巧固然重要！與團隊一起登上最佳舞台表演也是一大樂趣！何不來體驗一下只有在這裡才能看到的、令人驚豔的雜耍表演呢？豐富的道具、多樣的技巧和豐富的組合，讓雜耍擁有無限可能。讓我們一起相信這些可能性，探索雜耍的魅力吧！您可以透過我們網站上的申請表提交演出申請。歡迎隨時與我們聯繫！我們也歡迎您來觀摩我們的練習並親自體驗。眼見為實，歡迎您來參觀！,每週四、六下午3點起，學生會大樓等地。,無,google_translate_zh_tw,llm_reviewed,Google Sheets GOOGLETRANSLATE zh-TW draft; structurally checked and normalized for Cantonese/Traditional Chinese site use.
C0160,3483,00572a9c7b1b7c66,早稻田立式槳板,體育（非球類）,其他運動,"早稻田立槳衝浪社是早稻田大學官方認可的社團。我們每天都在努力，致力於推廣立槳衝浪（SUP）運動！我們有時會進行高強度的晨練，有時也會享受各種休閒方式，例如在雙人槳板上享受日光浴。

/
/
/
/ 我們也會舉辦各種活動和聚會，並與其他大學的社團保持友好關係。如果你想結交終生摯友，這裡就是你的理想之選！歡迎聯絡我們。

/
/
/
/ [致新生]

/
/ 恭喜你被早稻田大學錄取！如果你想嘗試新鮮事物，覺得社團活動太忙但又想參與運動，或者對水上運動感興趣，那麼早稻田立槳衝浪社就是你的最佳選擇。說不定你很快就能成為代表隊隊員呢！

/
/ 我們也熱烈歡迎二年級學生！我們隨時恭候你的加入。

/

/

/ [亮點]

/ 我們，早稻田SUP隊，贏得了全日本學生SUP錦標賽夏季賽的冠軍！除了日常訓練、每月活動以及與慶應義塾大學和橫濱市立大學的交流，我們的個人生活也十分充實！

/

/ [新會員歡迎活動]

/ 在試劃活動中，您將有機會在河上實際劃槳，並體驗SUP的樂趣和魅力。

/

/ [試劃活動日期]

4月6、13日、14日、20日 @平塚

（五月及以後我們將繼續舉辦試畫活動！詳情請關注我們的社群媒體↓）",團隊訓練：每月 3 次（週六或週日） 上午訓練：參與者可以在一週的任何一天在相模川（平塚）參加。橫濱和東京也有訓練基地。,無,google_translate_zh_tw,llm_reviewed,Google Sheets GOOGLETRANSLATE zh-TW draft; structurally checked and normalized for Cantonese/Traditional Chinese site use.
C0161,3785,698fdbf19b7fd682,早稻田大學卡巴迪俱樂部,體育（非球類）,其他運動,"早稻田大學卡巴迪俱樂部（WASEDA MONSTERS）是早稻田大學唯一的卡巴迪俱樂部。即使您從未聽說過“卡巴迪”，也完全沒關係！我們的大多數成員都是在大學期間開始接觸卡巴迪的。歡迎您前來體驗！我們會詳細講解卡巴迪這項運動！此外，由於我們是校際俱樂部，我們也熱烈歡迎其他大學的學生加入！

我們每週在富山公園進行兩次常規訓練，偶爾也會使用早稻田體育館等體育館。我們每隔幾個月就會參加一次錦標賽，由於我們會與其他隊伍同場競技，所以即使是大一新生也能參與其中，發揮積極作用！

我們不收取任何會員費或年費。我們全年招募新成員，不限大學或年級，歡迎隨時與我們聯繫！",每週六上午 10:00 在富山公園（大久保地區），每週日下午 2:00 在富山公園（大久保地區），不定期在早稻田競技場多功能運動場和故鄉千川會館。,無,google_translate_zh_tw,llm_reviewed,Google Sheets GOOGLETRANSLATE zh-TW draft; structurally checked and normalized for Cantonese/Traditional Chinese site use.
C0162,3791,76f0ea1049a0ed59,早稻田大學極限飛盤社青空,體育（非球類）,其他運動,"您好！

我們是早稻田大學極限飛盤俱樂部－青空！在青空，我們熱愛極限飛盤運動。極限飛盤的魅力在於規則簡單易懂，您可以立即上手。幾乎每個人都是從零開始，所以和隊友一起進步的過程充滿樂趣！對於剛入學想嘗試新運動的人來說，極限飛盤也是不錯的選擇。青空是早稻田大學的社團，因此很容易認識校內其他成員，包括同系的同學！

除了常規的極限飛盤訓練，我們每月至少舉辦一次休閒活動，並在假期安排訓練營，保證您能留下美好的回憶！去年的休閒活動包括在河邊燒烤和租用廢棄礦井進行娛樂。我們每年舉辦三次訓練營：新生歡迎營、夏令營和冬令營。迎新營是新成員和高年級/低年級成員透過精彩的極限飛盤比賽和運動會增進友誼的絕佳機會！夏令營除了極限飛盤之外，還有燒烤和勇氣挑戰等豐富多彩的活動！冬季營我們主要玩單板滑雪！和關係親密的社團成員一起滑雪尤其有趣！

除此之外，我們還有許多社團以外的精彩活動。我們認識的高年級成員一定會帶我們去一些好玩的地方！

讓我們一起擁抱藍天，享受美好的大學生活吧！","每週三 / 15:00-17:00 / 富山公園

每週六 / 11:00-14:00 / 富山公園或北千住",無,google_translate_zh_tw,llm_reviewed,Google Sheets GOOGLETRANSLATE zh-TW draft; structurally checked and normalized for Cantonese/Traditional Chinese site use.
C0163,3063,d93770ec570af337,演說學會,獎學金,政治,"早稻田大學演說學會成立於1902年（明治35年），是政治團體。在媒體尚不發達的年代，它由早稻田大學的創始人小野梓與一群因足尾銅礦污染事件而深感悲痛的學生共同創立。奧隈重信擔任首任會長。此後一百多年來，演說學會始終秉持其創立宗旨，致力於成為「為社會進步做出貢獻的真正演說家」。

演說學會的主要活動是“訓練、研究和實踐”，這三者都是基於學會的宗旨。 「訓練」旨在提升演講稿的撰寫和技巧。會員可以參加辯論比賽，在講台上闡述自己的觀點。 「研究」主要包括學習小組，讓會員有機會與學會分享各自的研究領域。 「實踐」則包括參與各種社會活動；有些會員會到政治人物實習，而有些會員則會參與志工服務。

演講社是由一群具有「開拓精神」的學生組成的團體，他們樂於抓住一切機會，以學生的身份積極參與政治和社會事務。該社在辯論比賽中屢獲殊榮，許多校友活躍於各行各業，其中包括五位前總理，這些都充分展現了該社的獨特魅力。

無論年級、系所或以往經驗如何，所有學生均可申請加入。如果您對此感興趣，歡迎隨時與我們聯繫。我們也會舉辦各種迎新活動，期待您的加入！",學生會大樓 E512 和出租會議室等。,無,google_translate_zh_tw,llm_reviewed,Google Sheets GOOGLETRANSLATE zh-TW draft; structurally checked and normalized for Cantonese/Traditional Chinese site use.
C0164,3062,1144189453329799,政治與經濟研究小組,獎學金,政治,"早稻田大學政治經濟學研究會成立於1911年，是該校最負盛名、最受推崇的綜合學術團體之一。學會氛圍輕鬆自由，會員可以全心投入各自選擇的研究領域。自成立以來，一百多年來，學會培養了許多研究人員，其中包括兩位早稻田大學校長。會員的畢業後發展方向多種多樣，每年都有部分會員繼續攻讀研究生學位，也有部分會員進入企業或從事教育工作。

學會的例行活動包括每週一次的獨立學習小組（自我組織研討會），涵蓋各個研究領域。這些由學生自主組織的學習小組主要以閱讀特定文獻為主，為合作學習提供空間。目前，學會開設了三門課程：政治思想、經濟學和法律哲學。每門課程都以初學者為目標，因此對先驗知識的要求不高。只要有其他會員的幫助，會員就能輕鬆跟上進度。會員也可以根據自己的興趣選擇參加多門課程。其他活動包括出版期刊《Mashira》和《Kokyu》，以及舉辦校友聚會等活動。


/
/
/
/我們不考慮您的所屬系所、年級和背景。無論您是“對學術感興趣”、“想透過學術提升自我”，還是“想獲取通識知識並認真學習但不知從何入手”，Kokyukai 始終歡迎所有對學習感興趣的人士。無論您是初學者，還是覺得大學課程不夠充實，何不加入我們，一起學習呢？",2024年的具體日期尚未確定（通常為工作日晚上或週末）/ 學生會大樓E706室，線上,無,google_translate_zh_tw,llm_reviewed,Google Sheets GOOGLETRANSLATE zh-TW draft; structurally checked and normalized for Cantonese/Traditional Chinese site use.
C0165,3064,dc58a155bc7fef86,國家政策研究協會,獎學金,政治,"我們每週二舉行學習小組，成員輪流演講。演講主題廣泛，涵蓋政治思想、歷史、經濟與安全等領域。每次演講後的問答環節，都旨在幫助成員加深理解。我們也會舉辦講座，邀請我們特別有興趣的學者和評論員。此外，我們與校外的保守派政治團體保持聯繫，並與這些學生團體一起在皇宮參與志工服務。

//最後，我們自認為是一個保守派政治團體，並不聲稱自己是公正或不偏不倚的。然而，我們的成員中也有來自韓國的國際學生，我們絕非排外。我們同樣認為種族主義言論和行為令人深惡痛絕。如果您尊重皇室，我們非常歡迎您的加入。",每週二/下午6:30/學生會大樓,無,google_translate_zh_tw,llm_reviewed,Google Sheets GOOGLETRANSLATE zh-TW draft; structurally checked and normalized for Cantonese/Traditional Chinese site use.
C0166,3065,2eb077693fd0bb79,清友會,獎學金,政治,政治學會是1960年成立的大學認可學生社團，秉持著「公正」、「理論與實踐並重」以及「彌合學生與政治鴻溝」的原則。其主要活動包括每週兩到三次的學習會，涵蓋政治、經濟、新聞、國際關係等廣泛領域。學習會形式多樣，包括成員進行演講、參與討論、參加讀書會。由於學習會根據每位成員的興趣、信念和觀點量身定制，成員們得以接觸到他們之前可能從未考慮過的主題以及與自身不同的觀點，從而獲得新的學習機會。此外，除了課堂學習之外，政治學會也重視與外界溝通的機會，例如舉辦政治家和專家講座，以及創辦學會雜誌《橋樑》（BRIDGE）。除了學術學習之外，政治學會還提供豐富的社交活動，例如觀看大學棒球比賽和每年兩次的聯誼活動，以增進成員之間的友誼。,不定期，每週 2-3 次 / 晚上 7 點 / 學生會會議室,無,google_translate_zh_tw,llm_reviewed,Google Sheets GOOGLETRANSLATE zh-TW draft; structurally checked and normalized for Cantonese/Traditional Chinese site use.
C0167,3074,6c9f344e84092e79,彭世凱,獎學金,政治,我們的計畫強調透過直接參與政治實踐來學習，主要途徑是為國會議員提供實習機會。參與者可以獲得其他地方無法獲得的寶貴經驗，例如協助議會活動、支持全國和地方選舉、參加前往北領地的免簽交流項目，以及組織每年兩次由知名政治家主講的講座。與活躍在社會前線的人士交流，無疑將成為終身受益的寶貴財富。,這包括在國會議員辦公大樓或當地辦事處進行每週實習（具體日期和時間因人而異），以及每月一次的全體會議。,Circle 網站已關閉,google_translate_zh_tw,llm_reviewed,Google Sheets GOOGLETRANSLATE zh-TW draft; structurally checked and normalized for Cantonese/Traditional Chinese site use.
C0168,3066,778743409a65f91d,經濟學會,獎學金,經濟,成立於1915年，即將迎來110週年慶典的經濟學會，秉承著「全力以赴地學習和玩樂！」的座右銘。它是早稻田大學官方認可的社團，也是早稻田大學乃至日本最大的學術社團。在學術方面，我們專注於企業分析和行銷方法；我們的活動則以小組合作解決問題和商業計劃為核心。我們全年每週三定期舉辦講座，此外，每年還會舉辦約四次校友聯誼活動，並邀請外部專家進行講座，讓社團成員的日常生活豐富多彩！我們也會舉辦各種活動，包括夏令營、冬令營、燒烤聚會和聖誕派對等等。透過這些活動，從大一到大四的學生之間建立了深厚的友誼，這也是我們社團的一大魅力所在！加入我們，讓您寶貴的四年大學時光更加精彩充實！,"常規課程：每週三 / 下午 5 點 - 7 點 / 早稻田校區

/
/
/
/ 活動主要在週末舉行！",無,google_translate_zh_tw,llm_reviewed,Google Sheets GOOGLETRANSLATE zh-TW draft; structurally checked and normalized for Cantonese/Traditional Chinese site use.
C0169,3068,a4457465222e3f8a,行銷研究小組,獎學金,經濟,早稻田大學市場研究學會（簡稱「市場研究學會」）是一個歷史悠久、獲得官方認可的社團，今年迎來68週年。秉持著「寓學於樂」的理念，學會致力於行銷的教學與實踐。其核心活動是由社員組織的每週兩次（週一和週四）的學習小組。透過這些學習小組，社員們旨在掌握從基礎到專業領域的各種商業技能。所學知識隨後會透過商業競賽、講座以及與企業合作的專案進行實務應用。此外，學會也舉辦豐富多彩的活動來增進社員之間的情誼，例如每年兩次的團體活動和各種季節性活動。加入市場研究學會，享受充實而精彩的大學生活，在學習與娛樂之間找到平衡！,每週一及週四 / 19:00 起（第五堂課後）/ 早稻田校區，租用會議室,無,google_translate_zh_tw,llm_reviewed,Google Sheets GOOGLETRANSLATE zh-TW draft; structurally checked and normalized for Cantonese/Traditional Chinese site use.
C0170,3751,b8e69b48d412a817,早稻田大學股票投資圈向前,獎學金,經濟,Forward是早稻田大學的股票投資俱樂部，在這裡你可以學習和實踐各種金融知識，主要專注於股票投資。除了每週的例會，我們也會邀請嘉賓進行講座，加深學習。此外，我們還有豐富多彩的活動，例如晚宴、季度報告研討營和年終派對！我們氛圍輕鬆友好，歡迎隨時加入！我們是一個多元化的俱樂部，成員來自各個系所和年級，包括研究生，我們每天都會積極交流經濟新聞。 90%的成員都是投資新手，所以如果你對投資或財富累積哪怕只有一點點興趣，都歡迎來了解我們的活動！如有任何疑問，請透過Twitter私訊聯絡我們。我們歡迎新成員隨時加入！,每週六晚上9點/線上,無,google_translate_zh_tw,llm_reviewed,Google Sheets GOOGLETRANSLATE zh-TW draft; structurally checked and normalized for Cantonese/Traditional Chinese site use.
C0171,3753,a414f0726fa7a4b9,NEW（Next Entrepreneurs Waseda）,獎學金,經濟,"NEW（Next Entrepreneurs Waseda，早稻田大學下一代企業家協會）是早稻田大學校友會（Venture Inmonkai）直屬的社團。

/
/
/■宗旨

/
/透過與早稻田大學商界領袖和對創業感興趣的同儕交流，讓創業變得更加容易，並為早稻田大學培養更多企業家貢獻力量。

/
/
/■活動

/
/我們舉辦各種聯誼活動，邀請各界人士參加，主要包括早稻田大學商界領袖校友。我們也為有志成為企業家的學生舉辦聯誼活動，以此建構一個社群。

/
/過去，我們曾邀請上市公司高層、早稻田大學教授以及領先的區塊鏈公司董事參加活動。

/
/未來，我們計劃與早稻田大學校友會合作，建立一個能夠為創業提供多面向支持的體系。

/

/創業家協會... 早稻田大學創業家畢業生協會 https://v-tomonkai.org

/

/

/■活動形式

/

活動將根據大學的防疫指南，以線上或線下形式進行。

/

/■備註

/

這是一個早稻田大學的專屬社團！",不規則/每月1-2次,無,google_translate_zh_tw,llm_reviewed,Google Sheets GOOGLETRANSLATE zh-TW draft; structurally checked and normalized for Cantonese/Traditional Chinese site use.
C0172,3772,164d4f66bdca2119,早稻田職業研究小組,獎學金,經濟,"早稻田職業研究會（簡稱「職業研究會」）是早稻田大學首個專注於求職與職涯發展的社團。該社團旨在透過加強學生與社會的聯繫，尤其是幫助那些可能感到與世隔絕的學生，提升他們的職業發展機會。為此，社團開展了包括商業學習小組和活動策劃在內的各種活動。

/
/
/
/ 社團的主要活動分為三類：“常規課程”，提供求職和未來職業發展所需的基本知識；“校內活動”，提供在一般求職社區中不常見的獨特的大學生互動機會；以及“校外活動”，為大學生提供與包括CEO在內的商業人士進行非正式交流的機會，這在大學生群體中實屬難得。

/
/
/
/ 今年，「常規課程」涵蓋了費米案例分析、財務報表分析和行業研究等眾多課程。 「校內活動」則包括夏令營和冬令營，以及公路旅行、溫泉之旅等豐富多彩的活動。校外活動包括與外部企業合作舉辦的各種活動，例如CEO交流會和大一、大二學生的實習活動。 /

/

/ 我們總是歡迎新成員加入，無論年級或經驗如何！如果您是早稻田大學的學生，即使對未來有點焦慮，都歡迎加入職業研究小組！

/

/

更多活動詳情，請關注我們的Instagram、X（原Twitter）和網站！",每週三 / 17:30-20:00 / 早稻田校區,無,google_translate_zh_tw,llm_reviewed,Google Sheets GOOGLETRANSLATE zh-TW draft; structurally checked and normalized for Cantonese/Traditional Chinese site use.
C0173,3256,66bcb6edaf3f6c8c,歷史與文化研究協會,獎學金,歷史,"歷史文化研究會是成立於1950年的學術社團。雖然歷史是主要研究方向，但成員們也對哲學、宗教等其他人文學科領域感興趣。任何年級的學生，不論何時都可以加入。非早稻田大學的學生也歡迎加入。

/
/活動

/
/1. 社團例會

/
/這是社團的核心活動。例會每週舉行一到兩次。時間安排靈活，以方便負責人，但通常在工作日晚上6點左右，週末下午3點左右。例會內容包括成員們對有興趣的主題進行研究和報告。也歡迎僅對有興趣的主題或有空閒時間的成員參加。

/
/2. 短途旅行和露營

/
/我們每個學期都會組織一次短途旅行和一次露營活動。短途旅行是東京周邊一日遊。去年，我們去了橫須賀和小田原。露營活動大約持續2晚3天。過去幾年，由於新冠疫情的影響，我們一直沒能舉辦這樣的活動，但以前我們去過平泉和佐渡島。

/
/3. 早稻田祭

/
/我們每年都會參加早稻田祭。之前的活動是“歷史知識問答”，我們會出一些小測驗讓參與者解答。不過，我們正在考慮下次再嘗試一些不同的活動。

/
/如果您有興趣，歡迎隨時來我們社團活動室或參加社團會議。我們也會在推特和網站上發布新成員招募和活動訊息，請您也關註一下。",不固定平日/平日下午6點，週末下午3點/學生宿舍,無,google_translate_zh_tw,llm_reviewed,Google Sheets GOOGLETRANSLATE zh-TW draft; structurally checked and normalized for Cantonese/Traditional Chinese site use.
C0174,3257,9f85e2dce596ea11,地理學習小組,獎學金,歷史,"早稻田大學地理研究會是一個歷史悠久的校際地理社團，今年迎來了74週年成立。 
/
/
/
///地理學通常給人以嚴謹的學術印象，但我們社團涵蓋了與日常生活息息相關的方方面面，例如城市、自然、商業、交通等等，所以不必擔心！ 
/
/
/
////從熱愛地理的資深會員到只是出於好奇的愛好者，我們社團成員構成多元化，每個人都能在我們的活動中找到樂趣。 
/
/
/
////我們的活動包括每月至少一次的實地考察、每年一到兩次的露營活動，以及不定期的聚會和遊戲活動。 
/
/
/
////實地考察是為期一天的旅行，我們會探索東京都市圈的各個城鎮，並在領隊（實地考察組織者）的帶領下，從地理的角度探索城鎮的魅力。 
/
/
/
///露營活動則是在日本各地特定區域進行的為期數天的實地考察。近年來，我們主要關注山陰、伊豆、阿蘇等地區……
/
/
/
////我們偶爾也會舉辦社團會議，為成員們提供一個平台，讓他們可以自由地展示研究成果，而不必局限於特定主題。 
/
/
/
////最近，一項很受歡迎的活動是團隊遊戲，參與者會遊覽東京的各個景點（現實版的《桃鐵》、地理探索、公車路線旅行、解謎等等）！這不僅是娛樂，更是一個積極運用知識、提升空間地理理解能力的機會！ 
/
/
/
////此外，我們也會參加早稻田祭，並為此製作社團雜誌。社團內部也設有各種專注於特定興趣的社團。 
/
/
/
/
/
/
/
/
/
/
/
///何不加入我們，試著用更獨特的視角來欣賞日常風景呢？",每週二、四、五 / 時間不固定 / 學生會大樓 E910 室,無,google_translate_zh_tw,llm_reviewed,Google Sheets GOOGLETRANSLATE zh-TW draft; structurally checked and normalized for Cantonese/Traditional Chinese site use.
C0175,3054,c3c956954ed5b812,考古研究小組,獎學金,歷史,"考古研究社全年招募會員！顧名思義，我們非常歡迎對考古學有興趣的同學，同時也歡迎對歷史、宗教學、語言學等其他領域感興趣的同學！許多高年級學生也對這些領域充滿熱情！此外，我們的社團活動室比一般社團寬敞舒適兩倍，因此會員們經常在課餘時間聚集於此，很快就能結識新朋友！更棒的是！ ！大一新生本學期免繳會費！ ！社團的主要活動是每週一到兩次的學習小組！此外，新生入學指導期間我們會組織一日遊，春夏季還會組織前往全國各地歷史遺址的過夜旅行，我們也會參與當地政府的考古活動！如果您哪怕只有一點點興趣，都歡迎您來學生會大樓E501室諮詢！我們的成員大多來自早稻田大學文學部，但也包括其他系的成員、跨校生和國際學生，所以歡迎所有人加入！我們在X平台（@waseda_koukoken）和Instagram（waseda_koukoken）上都很活躍，您也可以透過Gmail（[email protected]）聯絡我們。早稻田大學的同學們，何不加入考古研究俱樂部，享受精彩的大學生活？我們期待您的加入！ /

///

///

///

//請傳送郵件至：[email protected]",每週可預約 1-2 天，具體日期由會員自行選擇 / 18:00-20:00 / 學生會大樓 E501,無,google_translate_zh_tw,llm_reviewed,Google Sheets GOOGLETRANSLATE zh-TW draft; structurally checked and normalized for Cantonese/Traditional Chinese site use.
C0176,3255,d19234d4095a64aa,歷史研究學院,獎學金,歷史,歷史研究社的主要活動是每週三次的專題報告會，稱為「小組委員會會議」。小組委員會分為週一、週三和週五三個小組。在這些會議上，成員們會就他們感興趣的歷史主題進行報告。參與者可以透過提問和分享想法來加深對主題的理解。活動每週舉行三次，參與時間靈活，方便參加。成員們會加入三個小組委員會之一，大多數成員每週參加一次。參加小組委員會會議無需事先聯繫，只需在18:30之前到達學生會大樓E612室即可。歷史研究社最大的特色是其「多元化」。研究主題不限於日本史和世界史，涵蓋傳記史、文化史等多種類型，拓寬了視野，也讓人們有機會重新發現歷史。此外，成員背景也十分多元，既有歷史專業的學者，也有純粹出於興趣加入的愛好者。在小組委員會會議上，報告人會提供詳細的講解，因此無需任何歷史知識基礎。這是一個任何人都能輕鬆加入的歷史社團。社團活動結束後，我們會一起外出用餐，是否參加完全自願。除了社團活動，我們每年春夏兩季還會舉辦兩次旅行，參觀歷史名勝，並舉辦各種活動來加深彼此的了解。我們也會參與早稻田祭的相關活動。無論你是歷史愛好者還是歷史小白，都可以輕鬆加入我們。快來加入志賀學社，一起體驗歷史的樂趣吧！,每週一、三、五 / 下午 6:30 / 學生會大樓 E612,Circle 網站已關閉,google_translate_zh_tw,llm_reviewed,Google Sheets GOOGLETRANSLATE zh-TW draft; structurally checked and normalized for Cantonese/Traditional Chinese site use.
C0177,3055,f10c9935fb3c5f30,埃及文化研究協會,獎學金,歷史,"我們研究的主題十分廣泛，包括古埃及和現代埃及的歷史，以及中東和伊斯蘭的文化與歷史。埃及研究俱樂部匯聚了對世界各地歷史文化感興趣的人士！

/
/
/〈學習會〉

/
/我們的主要活動是每週一到兩次的學習會。我們使用 Discord 應用，晚上 9 點開始線上學習。由於是線上學習，每個人都可以按照自己的步調參與！ （我們也會不定期在早稻田大學學生會大樓舉辦線下學習會。）

/
/在我們定期舉辦的「自由主題學習會」中，您可以自由地分享您感興趣的主題。許多人選擇的主題並非埃及。新生也可以進行分享！

/
/
/〈其他活動〉

/
/週末，我們會組織參觀博物館和展覽等活動。我們經常參觀與古埃及和考古相關的展覽。

/

/我們還會不定期在中東餐廳舉辦晚宴！

/
/為了慶祝早稻田節，我們策劃了一個與埃及相關的項目！ 2023年，我們舉辦了重現古埃及世界觀的課堂展覽，提供了模擬木乃伊製作體驗，並製作和銷售了相關小冊子。

/
/我們還有夏令營！大家可以享用燒烤、煙火、划船等等。

/

/
/我們全年招募會員，不限大學或年級！",學生會大樓俱樂部活動室（E509），Discord（應用程式），每週三和週六 21:00-22:00（線上）,無,google_translate_zh_tw,llm_reviewed,Google Sheets GOOGLETRANSLATE zh-TW draft; structurally checked and normalized for Cantonese/Traditional Chinese site use.
C0178,3258,e9c71c29fb0b995b,早稻田大學戰爭史研究會,獎學金,歷史,早稻田大學軍事史研究會是成立於1994年的官方認可學生社團。其成員均為對歷史、軍事和國際政治有興趣的學生，每週五第六節課期間會舉行研究成果展示會。此外，社團也積極參與其他活動，例如出版年度通訊、舉辦夏令營以及早稻田祭等。雖然社團名稱中包含“軍事史”，但其活動並不局限於軍事領域，涵蓋廣泛的主題。此外，還有許多其他同名社團也研究歷史和軍事，並透過聯合研究成果展示會和夏令營等活動進行交流互動。我們也歡迎其他大學的學生和研究生加入。欲了解更多活動信息，請關注我們的推特帳號、網站以及在Comic Market等活動中發放的通訊刊物《Hoka》。期待與您攜手共進！,每週五（課程期間）/ 下午 6:15 起 / 學生會大樓、3 號樓等。,Circle 網站已關閉,google_translate_zh_tw,llm_reviewed,Google Sheets GOOGLETRANSLATE zh-TW draft; structurally checked and normalized for Cantonese/Traditional Chinese site use.
C0179,3774,7868855d942dfe65,早稻田大學三國研究會,獎學金,歷史,"早稻田大學三國演義研究會是一個歷史社團，在中斷一段時間後於2023年重新成立。我們進行與中國古代相關的廣泛活動，包括三國演義、漢代和十六國時期。會員資格僅限早稻田大學在學學生，對年級和會籍期限沒有限制。

/
/
/
/活動

/
/(1) 講座

/
/成員們會就感興趣的主題進行講座。主題涵蓋學術課題到光榮遊戲（KOEI Games）等，任何與中國古代相關的內容都歡迎。也歡迎線上參與。

/
/
/(2) 休閒活動

/
/目前，我們主要進行桌遊活動。除了講座之外，桌遊也是我們的核心活動之一，每週大約舉行一到兩次。

/

/

/
/(3) 校外活動

/
/2023年，我們參加了由三國演義社主辦的三國演義文化節，並舉辦了劉備專題討論會。雖然明年及以後的計劃尚未確定，但我們計劃繼續進行課外活動。


/
/
/
/活動資訊主要發佈在X平台上，如有興趣，歡迎隨時私訊聯絡我們。",每週一到兩次 / 晚上7點 / 學生會大樓,無,google_translate_zh_tw,llm_reviewed,Google Sheets GOOGLETRANSLATE zh-TW draft; structurally checked and normalized for Cantonese/Traditional Chinese site use.
C0180,3051,78026aad9690523e,佛教青年會,獎學金,宗教,"我們社團是一個學術團體，研究佛教思想，不分國界、宗派或學派。社團成立於1886年，是早稻田大學歷史最悠久的社團，淵源可追溯至小野梓。

/
/
/
/您常聽到「原草具菩提宗若」（心經），但您知道這段經文的意思嗎？

/
/我們誦讀經文的方式是這樣的。當然，這裡的誦讀並非指宗教意義上的朗讀。

/
/我們以學術的方式解讀一千多年前的佛教經典，正確理解其意義，並忠於原始資料，研究佛教思想自奈良時代、平安時代、鎌倉時代以來對日本文化、藝術和社會產生的深遠影響。

/
/即使在今天，日語中仍然有很多佛教術語。

/

/神秘、大事、業力、依賴他人的力量、世界、本質…/

/許多詞彙源自於深植於日本人過去生活的佛教思想。您將能夠充分理解這些詞彙的含義，並享受閱讀受佛教思想影響的文學作品。

/

/

/此外，其他活動包括舉辦禪修活動、參觀美術館欣賞佛教藝術、與其他學校的佛教青年團體交流……這是一個免費的社團，您可以在這裡滿足您對佛教方方面面的學習渴望！",每隔一周，在不固定的日子，在學生會大樓。,無,google_translate_zh_tw,llm_reviewed,Google Sheets GOOGLETRANSLATE zh-TW draft; structurally checked and normalized for Cantonese/Traditional Chinese site use.
C0181,3728,221a640b1b5185ca,早稻田大學清印團,獎學金,宗教,"您好！我們是早稻田大學禪修團。我們的名字或許乍看之下很難看出我們是什麼類型的社團，但我們的活動非常簡單：我們練習禪修。僅此而已。我們成立於1922年（大正11年），由一群前往北鎌倉圓覺寺修習禪修的早稻田大學學生創立。我們一直延續至今，並將於2022年慶祝成立100週年。我們的具體活動包括每週四在大學舉辦禪修活動，以及參加東京和北鎌倉各禪寺舉辦的禪修活動。

/
/
/
/ *我們從2024年開始在所澤舉辦禪修活動！詳情請點擊下方連結。

/
/
/
/ [關於週四禪修活動] 這是學期期間每週一次的禪修活動，地點在學生會大樓的茶室。我們會進行一些關於禪修及相關主題的簡單學習。無論您是對東方哲學、冥想感興趣，還是只是想讓心靈平靜下來，我們都歡迎您的加入。這是一個禪修小組，成員流動性較高，而非固定不變。您可以隨時加入或退出，無需提前通知。由於小組的性質，成員加入的時間因學年而異。小組沒有嚴格的階級制度，節奏也比較輕鬆。如果您有興趣，歡迎您來參加我們週四的禪修活動。

/
/
/
/我們進行坐禪（禪修）嗎？僅此而已。

/
/",每週四/第五堂課/學生會大樓106茶室，每週二/17:30-19:10/小手舍社區中心附樓,無,google_translate_zh_tw,llm_reviewed,Google Sheets GOOGLETRANSLATE zh-TW draft; structurally checked and normalized for Cantonese/Traditional Chinese site use.
C0182,3052,1c341e55e71d1b9e,基督教學生協會（K.G.K.）,獎學金,宗教,早稻田大學基督教學生會（WKGK）是早稻田大學唯一官方認可的基督教學生組織。你想了解基督教嗎？課堂上提到“彼得”，但你不知道他是誰？基督徒是什麼樣的人？聖經看起來晦澀難懂，但你又很感興趣……如果是這樣，我們非常歡迎你的加入！我們在社團活動室一起讀聖經、禱告、歡笑、放鬆。活動室每天開放。我們提供零食和糖果，也會舉辦生日派對。我們這裡有吉他和鍵盤。你會在這裡結識可以深入交流的朋友。我們隨時歡迎所有學生，包括大一、大四學生和國際學生！ *我們在主校區和理工校區都有活動！更多詳情請查看我們的部落格！,每週一至週五 / 依需求 / 學生會大樓10樓E1008室,無,google_translate_zh_tw,llm_reviewed,Google Sheets GOOGLETRANSLATE zh-TW draft; structurally checked and normalized for Cantonese/Traditional Chinese site use.
C0183,3049,d85b6b009d4a9f5b,當代思想研究小組,獎學金,哲學,"我們是一個關注當代思想的社團，從日常生活中出現的社會議題著手進行探討。

/
/
/
/ 普丁領導的俄羅斯入侵烏克蘭，以色列對巴勒斯坦人民犯下駭人聽聞的種族滅絕罪行，如今在日本，岸田政府正迅速建立一支能夠與美國並肩發動先發制人打擊的軍事力量。今年，當代思想研究小組將以「戰爭時代的反法西斯主義」為主題，進行針對這場危機時代的研究。

/
/
/
/ 諸如「日本的憲法修正案進程」、「國家對軍事研究和大學學術界的干預」、「資本主義的矛盾」、「川普等威權領導人的權力濫用」等議題……與社團成員討論這些議題，形成自己的社會觀點，會帶來與備考截然不同的樂趣。

/
/
/
/ 我們的例行活動是每週的社團例會。我們會準備新聞和報紙文章供大家討論，所以無需任何先驗知識。我們也計劃舉辦其他活動，例如非正式會議、研究報告會和實地考察。我們會定期舉辦線下俱樂部資訊說明會。如果您哪怕只有一點點興趣，都請聯絡我們！期待您的來信。",每週一次 / 學生會會議室,無,google_translate_zh_tw,llm_reviewed,Google Sheets GOOGLETRANSLATE zh-TW draft; structurally checked and normalized for Cantonese/Traditional Chinese site use.
C0184,3252,fdb6f22c347f559b,東方思想研究小組（Toshiken）,獎學金,哲學,暫無相關資訊。,每週一、四、五/上午 8:00/咖啡廳等。,無,google_translate_zh_tw,llm_reviewed,Google Sheets GOOGLETRANSLATE zh-TW draft; structurally checked and normalized for Cantonese/Traditional Chinese site use.
C0185,3275,cea9027639f3b579,哲學與批評研究小組,獎學金,哲學,哲學與批判研究小組致力於閱讀和分析晦澀難懂的哲學文本。每個研究小組都會精心挑選文本，並指定一名成員每週參與一次。新成員在迎新期結束後組成新的研究小組，屆時他們將建立小組、選擇閱讀文本並確定活動日期和時間。我們也歡迎新成員在迎新期結束後隨時加入。屆時，請從現有研究小組中選擇一個加入。研究小組之間的互動主要透過每年四次的全體會議、年度研習會以及定期使用俱樂部活動室進行。成員來自各個領域，包括政治經濟學、法學、教育學、社會科學、文學、文化研究以及科學與工程學，每年都有來自其他大學的學生參與。我們認為，我們的優勢在於提供了一個超越系所和大學的學習場所。加入的要求很簡單：負責你的研究小組，參加全體會議和迎新活動，並在使用俱樂部活動室後保持清潔。只要遵守這三點，會員就能和諧共處，我們也能在來年歡迎新會員的加入。我們不收取任何會員費。以上就是我們的簡單介紹。不過，我們在這裡能說的也有限。歡迎您隨時光臨我們的俱樂部活動室。我們已為您準備好咖啡和茶。,每週/按需,無,google_translate_zh_tw,llm_reviewed,Google Sheets GOOGLETRANSLATE zh-TW draft; structurally checked and normalized for Cantonese/Traditional Chinese site use.
C0186,3744,95070ea8a9b70c5a,放鬆身心，享受哲學吧！,獎學金,哲學,"讓我們直奔主題：究竟什麼是「哲學」？許多人可能認為它是「文學院的一門學科，人們在那裡無休止地思考一些晦澀難懂又毫無意義的問題」。

/
/
/ 當然，這種看法並非全無道理。在哲學2500年的歷史中，人們思考過許多問題。在這個過程中，有些理論發展成為自然科學，有些發展成為社會科學，有些則逐漸被遺忘。或許在現代，「學習哲學的意義」並沒有那麼重大。

/
/
/
/ 但哲學就只有這些嗎？似乎我們周圍仍然蘊藏著值得探索的思想沃土。例如，「意義」是什麼？ 「無意義」又是什麼？再舉一個更貼近日常生活的例子，「大學」是什麼？ 「早稻田大學的學生」又是怎樣的人呢？

/

/
/
/ 為了將這些“日常思考”進行“哲學化”，我們成立了“悠樂與！哲學！”（輕鬆哲學！）小組。我們希望透過哲學對話和學習，幫助參與者建立自己對世界的獨特視角。無論您是對哲學感興趣，還是僅僅出於好奇，都歡迎您的加入。我們熱烈歡迎您的到來。","每週四和週五晚上9點，透過ZOOM進行線上會議

// 我們也正在規劃線下活動！",無,google_translate_zh_tw,llm_reviewed,Google Sheets GOOGLETRANSLATE zh-TW draft; structurally checked and normalized for Cantonese/Traditional Chinese site use.
C0187,3497,bfd2cdf30687b97d,綠色佛教協會,獎學金,法律,綠法會是日本最大的法律社團之一。我們分為10個小組，每週聚會一次。第五節和第六節課是法律講座時間，課後還有豐富多彩的活動供大家參與。我們全年都有各種各樣的活動，例如觀看早稻田大學與慶應義塾大學的棒球比賽、舉辦兩次年度集訓，以及在早稻田祭上設立展位等等，保證你不會感到無聊。歡迎參加我們的小組說明會。每個小組都有其獨特的特色，相信你一定能找到適合自己的。新生入學指導期間，我們會舉辦賞櫻派對等活動，屆時會有二、三年級的學生參加，歡迎大家踴躍加入。今年是綠法會成立80週年，我們將在10月舉辦一場盛大的慶祝活動，邀請傑出校友出席。我們期待與眾多新生共同慶祝這一里程碑。加入綠法會，豐富你在法學院的學習生活，絕對是明智之選。我們期待與您見面！,星期三、星期四、星期五,無,google_translate_zh_tw,llm_reviewed,Google Sheets GOOGLETRANSLATE zh-TW draft; structurally checked and normalized for Cantonese/Traditional Chinese site use.
C0188,3496,0c9094080b5f9e6f,索豐凱,獎學金,法律,大家好！我們是早稻田大學三大官方認可的法律社團之一－宗法會！宗法會歷史悠久，至今已有68年的歷史！我們社團每週三次由三年級學生帶來高品質的法律講座，並舉辦各種各樣的活動！我們每年舉辦三次夏令營（暑期營、寒假營和新生歡迎營），組織校內法律辯論賽和與其他大學聯合舉辦的法律辯論賽，邀請活躍於各領域的宗法會校友參加校友聚會，為即將畢業的四年級學生舉辦歡送會……活動實在太多，無法一一列舉！最重要的是，宗法會的一大優點是，許多成員加入後都會繼續留在社團！這就是我們社團成員之間，包括學長學姊和學弟妹之間，關係非常密切！大學生活只有一次，何不與宗法會一起度過呢？,授課時間：每週二、三、四 / 16:30-18:00（本學年春季學期）,無,google_translate_zh_tw,llm_reviewed,Google Sheets GOOGLETRANSLATE zh-TW draft; structurally checked and normalized for Cantonese/Traditional Chinese site use.
C0189,3499,7a9a9dcd783648a1,民法學習小組,獎學金,法律,我們的民法學習小組以簡單易懂的講座和全面的考前輔導，為您的學習提供強而有力的支持。我們的講義在法學院名列前茅，是所有本科生的必備之選。您或許認為民法學習小組只有學習，但我們也舉辦豐富多彩的活動！除了春季和夏季的集訓之外，我們每月還會舉辦課後聚會，並組織前往水族館、迪士尼樂園、動物咖啡館等各種場所的郊遊。我們致力於成為法學院裡一片溫馨的綠洲。加入民法學習小組，一起享受精彩的大學生活吧！民法學習小組是早稻田大學的法律社團。我們透過考前輔導、每週講座和資深成員的指導，幫助法學院的學生更了解法律。課後，我們經常一起外出用餐或參加其他有趣的活動。我們也會舉辦各種有趣的活動，例如集訓、早稻田節和模擬法庭。我們重視認真學習，但也會在課餘時間盡情玩樂！民法學習小組將豐富你的法學生生活。,每週二下午 4:30 起 / 3 號樓和 11 號樓,無,google_translate_zh_tw,llm_reviewed,Google Sheets GOOGLETRANSLATE zh-TW draft; structurally checked and normalized for Cantonese/Traditional Chinese site use.
C0190,3500,72801d8fba37326f,刑法研究小組,獎學金,法律,"刑法學習小組是一個歷史悠久的法律社團，自1949年成立以來，一直秉承著悠久的傳統。我們的前輩在各個領域都取得了卓越的成就，包括法官、律師、檢察官、國家公務員、大學教授以及東京都政府工作人員。秉承這項傳統，我們的成員盡情享受大學生活。

//目前，我們約有40名會員，其中以二年級學生居多。他們個個都很有趣，社團氛圍也十分友善。如果您擔心大學社團活動膚淺或充斥著酗酒，那麼刑法學習小組絕對是您的理想之選——我們強烈推薦您加入！

//我們的活動包括每週由研究生主講的刑法講座，為您提供高品質的教學。這些學習內容將對2017年的模擬法庭考試大有裨益。除了學習之外，我們還舉辦豐富多彩的活動，包括每年兩次的學術交流會、輕鬆的飲酒聚會、夏季遊輪之旅以及法庭旁聽。我們相信，即使是那些尚未找到適合自己的法律社團的人，也能在這​​個靈活度極高的社團中找到樂趣。

去年，我們與商業廣播研究協會合作舉辦的模擬法庭活動（每兩年舉辦一次）在刑法研究協會舉行。因此，從夏令營前後開始，我們就忙於編寫模擬法庭的劇本、分配角色，幾乎每週都進行排練，並為此投入了大量精力。我們始終歡迎法學院學生的加入。",每週五、六及週日 / 不定期 / 學生會大樓,無,google_translate_zh_tw,llm_reviewed,Google Sheets GOOGLETRANSLATE zh-TW draft; structurally checked and normalized for Cantonese/Traditional Chinese site use.
C0191,3505,03afd788eb397ad2,法律社會學研究小組,獎學金,法律,法律社會學學習小組是一個學生組織，旨在透過法律學習增進法學生之間的友誼。雖然它是一個規模相對較小的法律社團，通常被稱為“中小型法律社團”，但其魅力在於大型社團無法提供的緊密交流。法律社會學學習小組積極參與法律社會學和其他基礎法律科目的學習，也積極參與實證法的學習。特別是對於初入法律領域的大一新生，小組會組織學習會，重點講解憲法和民法等必修科目，幫助新生學習，並幫助高年級學生加深對法律研究的理解。其他活動包括研討會和法院參觀。位於學生會大樓八樓的社團活動室始終對會員開放，是日常活動（包括法律學習）的場所。書架上擺滿了各種書籍，不僅包括法律教材和其他專業書籍及實用書籍，還包括小說等一般文學作品。會議室的設計旨在創造一個舒適的學習空間，同時也促進成員之間的友誼。,每週三/第五堂課/學生會大樓,無,google_translate_zh_tw,llm_reviewed,Google Sheets GOOGLETRANSLATE zh-TW draft; structurally checked and normalized for Cantonese/Traditional Chinese site use.
C0192,3498,f0cc6287665ff26d,公共法律研究小組,獎學金,法律,"公法學習小組是一個主要針對法學院學生的法律社團，我們也歡迎其他系所的學生加入。

/
/公法學習小組與其他許多法律社團有許多不同之處。首先，我們主要關注憲法問題。其次，大多數法律社團採用講座形式回顧課程內容，而公法學習小組則採用討論形式。

/
/公法學習小組最大的魅力在於這種討論形式。通常，學習需要輸入訊息，例如聽教授講課或閱讀書籍，而我們則是透過將自己的想法表達出來，並透過討論與他人交流來學習。這種學習方式培養的技能不僅對法律學習有用，對其他各個領域也同樣適用。

/
/當然，討論能夠促進成員之間的緊密聯繫，使本社團成為一個非常友好和熱情的社團。何不藉此機會體驗大學式的學習方式呢？",每週五 / 下午 6:30 起 / 學生會大樓 3 號大樓,無,google_translate_zh_tw,llm_reviewed,Google Sheets GOOGLETRANSLATE zh-TW draft; structurally checked and normalized for Cantonese/Traditional Chinese site use.
C0193,3495,80644a1f67756427,螢火蟲紀念儀式,獎學金,法律,在螢火蟲法律俱樂部（簡稱「螢火蟲」），我們每週提供三堂課（週一：刑法，週三：憲法，週五：民法），幫助您順利通過出了名的難考的法學院考試。我們不僅在日常活動中認真學習法律，也專注於學習與娛樂的平衡，例如活動結束後一起外出用餐，或參加每月一次左右的活動。俱樂部成員人數適中，既不多不少，又兼具大型俱樂部的廣泛交流和小型俱樂部的親密氛圍。最重要的是，對於大部分大學生活都在8號樓度過的法學生來說，我們相信在8號樓擁有歸屬感是我們法律俱樂部的一大優勢。快來加入我們，體驗充實的螢火蟲生活吧！,每週一、三、五/下午6點起/學生會大樓、3號樓等。,無,google_translate_zh_tw,llm_reviewed,Google Sheets GOOGLETRANSLATE zh-TW draft; structurally checked and normalized for Cantonese/Traditional Chinese site use.
C0194,3501,6eee55a71acf7ff4,犯罪學研究小組,獎學金,法律,"犯罪是了解社會的重要線索之一。

// 每年，我們都會選擇一個與犯罪或刑事政策相關的主題，每週聚會一次進行研究。秋季，我們會報告研究成果。去年的主題是「為青少年罪犯和年輕罪犯提供就業支持——預防再犯和再次犯罪」。詳細的報告已發佈在我們的部落格上，如果您有興趣，歡迎查看。

// 除了閱讀書籍，我們也會實地考察相關機構並採訪從業人員。去年，我們參觀了少年拘留中心和一些僱用罪犯的公司。犯罪往往是人們關注的焦點，但了解其真實情況的機會卻很少，人們常常基於印象和想像來討論犯罪問題。實地考察對於避免脫離現實至關重要。這種實地研究是我們俱樂部活動的特色之一。",我們每週聚會一次，但具體哪一天由我們協商決定。聚會地點通常是學生會大樓的會議室。,無,google_translate_zh_tw,llm_reviewed,Google Sheets GOOGLETRANSLATE zh-TW draft; structurally checked and normalized for Cantonese/Traditional Chinese site use.
C0195,3509,e7e1387e6d21db60,國際法研究小組,獎學金,法律,我們的社團積極參與在日本及世界各地舉辦的國際法模擬法庭比賽。過去五年，我們連續代表日本參加傑賽普盃（Jessup Cup），這是國際法領域最負盛名的賽事。一年級新生透過每週由三年級學生授課的研討會，以輕鬆有趣的方式學習國際法基礎知識。從一年級冬季學期到二年級，他們開始認真地參加各項比賽。二月份，他們參加一場以太空為主題的國際法比賽，這是一年級新生首次參加正式比賽，與其他學校的學生同台競技。七月份，他們參加第二場正式比賽－日本盃（Japan Cup），與京都大學、東北大學、上智大學等強校展開角逐。暑假期間，他們參加亞洲盃（Asia Cup），與來自國外大學的隊伍進行英語辯論。第二學期，他們參加傑賽普盃的國內預選賽，目標是晉級世界總決賽。這項賽事是他們之前所有活動的最終成果。,每週一至週五（其中一天）/ 14:00 起 / 學生會大樓等。,無,google_translate_zh_tw,llm_reviewed,Google Sheets GOOGLETRANSLATE zh-TW draft; structurally checked and normalized for Cantonese/Traditional Chinese site use.
C0196,3510,839a7475023757c3,現代司法研究小組,獎學金,法律,現代司法研究會（簡稱「現視研」）是早稻田大學官方認可的學生社團，隸屬於法學部，其成員皆為早稻田大學法學部學生。現視研的活動包括考前複習、會員間的日常交流、參觀律師事務所、校內法律辯論，以及與執業律師共同參與在厚生勞動省前舉行的年度禁毒日活動，並擔任組織委員會成員。與其他社團相比，現視研規模較小，每個年級約有10名成員，但其活動範圍不僅限於早稻田大學，也積極參與校外活動，例如透過參與禁毒日組織委員會與律師合作。,暫無相關資訊。,無,google_translate_zh_tw,llm_reviewed,Google Sheets GOOGLETRANSLATE zh-TW draft; structurally checked and normalized for Cantonese/Traditional Chinese site use.
C0197,3599,fd684cab962e465a,歡迎來到法學院,獎學金,法律,我們透過舉辦新生入學歡迎會和畢業生慶祝會等活動，為學生提供機會，幫助他們通過律師資格考試，並建立長久的深厚人脈。這些活動已成為半官方的傳統，每年都有許多活躍在法律界的學生、教職員和校友參與。近年來，我們也深化了與法學院校友會的合作，進一步加強縱向聯繫。通過律師資格考試是一條漫長而艱辛的道路，但我們相信，在同伴的鼓勵和支持下，在導師和資深校友的指導下，這條路終將通關。我們將繼續進行各項活動，希望能為選擇這條充滿荊棘之路的人們創造一個互相扶持的環境。,不定期,無,google_translate_zh_tw,llm_reviewed,Google Sheets GOOGLETRANSLATE zh-TW draft; structurally checked and normalized for Cantonese/Traditional Chinese site use.
C0198,3601,250d5f9c4551d6ff,LawZPractice,獎學金,法律,我們編輯出版法律期刊（法律評論）《法律與實務》。具體來說，我們向本研究所的教職員和校友律師徵集文章和圓桌討論，並將內容彙編成期刊《法律與實務》。學生們主導著文章徵集、編輯、出版、全國發行以及活動籌款等工作。您將有機會與教授、律師、法官、檢察官以及其他您平時難以接觸到的人士交流互動。您的研究成果將以期刊的形式保存下來，您甚至可能在研究其他文獻時發現《法律與實踐》的引用，我認為這非常有意義！如果您想取得期刊《法律與實務》，或有興趣加入我們的社團，請隨時與我們聯絡！,每月一次，七月和一月除外 / 27號樓,無,google_translate_zh_tw,llm_reviewed,Google Sheets GOOGLETRANSLATE zh-TW draft; structurally checked and normalized for Cantonese/Traditional Chinese site use.
C0199,3605,d4890e48fc0b6685,法律課堂 街頭法律,獎學金,法律,"您好。我們是「街頭法律」（Street Law），一個經法學院研究生院批准的法律教育團體，為初高中學生提供法律教育課程。

/
/我們的法律教育課程旨在鼓勵學生思考「法律思維方式」、「憲法理念」以及「規則真的必要嗎？」等主題。我們不採用單向講授的方式，而是力求使用能引起國高中學生共鳴的語言，並鼓勵對話和批判性思考。

/
/雖然投票年齡有所降低，圍繞憲法的討論也日益增多，年輕人也有了更多表達意見的機會，但現實情況是，許多年輕人仍然對政治和司法漠不關心。我們希望我們的課程能成為一個起點，提供學生思考法律的素材。

/
/我們致力於透過課程研究、邀請講師舉辦研討會以及與學校教師會面等方式來精心準備課程。

/
/感謝您的關注。",不定期 / 早稻田校區 27 號大樓,無,google_translate_zh_tw,llm_reviewed,Google Sheets GOOGLETRANSLATE zh-TW draft; structurally checked and normalized for Cantonese/Traditional Chinese site use.
C0200,3735,c7d20935513b52eb,性別法研究小組,獎學金,法律,我們是法學院研究生院正式認可的學生社團。我們主要進行與性別相關議題的研究報告與討論。,不定期,無,google_translate_zh_tw,llm_reviewed,Google Sheets GOOGLETRANSLATE zh-TW draft; structurally checked and normalized for Cantonese/Traditional Chinese site use.
C0201,3795,ca9aa7b8928ad4ff,WLS職業畫布,獎學金,法律,"早稻田大學法學院職業畫布社（WLS Career Canvas）是該校官方認可的律師事務所參觀社團。我們擁有超過150名會員，在學期期間和長假期間都非常活躍。我們的律師事務所參觀計畫廣受歡迎，因為與官方活動相比，它能讓您更輕鬆地了解律師事務所和律師的工作情況。除了律師事務所，我們也會積極參觀企業法務部門和政府機構。成為律師後，參觀不同事務所的機會可能會比較少。加入我們，探索您想成為什麼樣的律師，想加入什麼樣的組織，並擁有充實的早稻田大學法學院體驗！

我們每年都會為新生舉辦職業活動，如果您有興趣，歡迎參加。",不定期,無,google_translate_zh_tw,llm_reviewed,Google Sheets GOOGLETRANSLATE zh-TW draft; structurally checked and normalized for Cantonese/Traditional Chinese site use.
C0202,3080,5b5d96aa24e0d1b0,生物俱樂部,獎學金,自然科學,我們的生物俱樂部分為四個小組：水生生物組、昆蟲組、鳥類組和爬行動物/兩棲動物組。每個小組都會到野外與自己感興趣的生物互動。例如，水生生物組會進行海釣和潮間帶生物觀察；昆蟲組專注於昆蟲採集和標本製作；鳥類組喜歡觀鳥；爬行動物/兩棲動物組則進行戶外觀察，並在家中飼養活體標本。不過，俱樂部成員並非完全獨立運作；我們會積極組織各種團體活動，例如春季迎新營、夏季夏令營、秋季早稻田祭展以及冬季聖誕派對。我們每月也會舉行例會，各小組會報告各自的活動。更多詳情，請訪問我們俱樂部的網站、推特和臉書。無論您是熱愛生物但從未進行過野外考察的初學者，還是高中時就參加過生物俱樂部、今年想去房總半島採集昆蟲的專家，都歡迎加入我們，體驗大自然的奇妙與魅力！,"活動日期和時間：不定期

/
/
/
/ 活動地點：自然環境，學生會大樓社團活動室（E723室）",無,google_translate_zh_tw,llm_reviewed,Google Sheets GOOGLETRANSLATE zh-TW draft; structurally checked and normalized for Cantonese/Traditional Chinese site use.
C0203,3081,707e8d122e18a571,天文俱樂部,獎學金,自然科學,這個社團是為所有熱愛休閒觀星的人而設。在每週的例會上，我們會進行各種與星空相關的活動，例如使用社團的望遠鏡在學生會樓頂觀測星空、參觀天文館、前往天文台等等。我們甚至還為早稻田祭搭建了一個大型天文館！此外，我們也會舉辦許多觀星露營活動。即使在遠離城市的地區，例如長野和伊豆大島，也能看到繁星點點的夜空！我們歡迎所有對星空有興趣的朋友，也歡迎那些對星空一無所知但渴望欣賞美麗星空的人。這是一個輕鬆自在的社團，您可以按照自己的步調參與。讓我們一起觀測銀河、流星和無數星座吧！,每週三 / 18:30~ / 學生會大樓11樓,Circle 網站已關閉,google_translate_zh_tw,llm_reviewed,Google Sheets GOOGLETRANSLATE zh-TW draft; structurally checked and normalized for Cantonese/Traditional Chinese site use.
C0204,3288,04e4d4f5583c4699,化石與礦物研究會 (Kokken),獎學金,自然科學,"化石礦物研究社（Kakōken）是一個透過收集和觀察化石礦物來探索地球奧秘的社團！

/
/
/
/主要活動

/
/・採集之旅：每月一次。我們會前往關東地區的採集地點進行一日遊，收集化石和礦物。我們會選擇安全的地點，並有經驗豐富的成員提供支持，因此即使是無化石礦物採集經驗的人也能放心參與。

/
/・訓練營：主要在暑假期間進行。我們會前往常規採集之旅無法到達的偏遠採集地點。其吸引力在於能夠體驗與關東地區不同的當地氛圍，並在更長的時間內盡情收集。

/
/・早稻田祭：我們會展出並販售化石和礦物。

/

/・參觀礦物展和博物館：我們會參觀一些展出和銷售化石和礦物的活動，例如東京國際礦物博覽會（新宿）、東京礦物展（池袋）以及國立科學博物館的特展。

/・社團活動：這些活動在新冠疫情爆發前就已經開展，我們目前正在考慮恢復。我們致力於打造一個輕鬆愉快的空間，讓大家可以觀察和討論收集和購買的物品，並研究化石和礦物。

/

/・無論您是經驗豐富的收藏家，還是僅僅對化石和礦物感興趣但不確定是否要獨自去收集，或者不熟悉收集地點，都沒關係！我們許多現有成員都是在加入化石礦物研究俱樂部後才開始收集的。

/・歡迎所有熱愛化石和礦物的人，無論年級或經驗如何。歡迎您的加入！","大約每月一次 / 關東地區化石和礦物遺址

/
/
/
/ 俱樂部活動室的活動目前正在考慮中。",無,google_translate_zh_tw,llm_reviewed,Google Sheets GOOGLETRANSLATE zh-TW draft; structurally checked and normalized for Cantonese/Traditional Chinese site use.
C0205,3736,1221ac53e181cf57,iGEM - 早稻田,獎學金,自然科學,"我們正積極進行研究和合成生物學推廣活動，為參加國際基因工程機器大賽（iGEM）做準備。 iGEM是一項國際合成生物學競賽。合成生物學旨在透過「創造性生物學」的方法，利用基因工程等技術賦予生物體所需功能，從而加深我們對生物系統的理解。典型的例子包括創造出能發出螢光或散發水果香味的大腸桿菌。此外，iGEM不僅要求進行實驗，還要求透過合成生物學為社會做出貢獻。我們也正在進行利用合成生物學技術的企業項目，並在合作院校為高中生講授合成生物學課程。透過這些活動，本科生可以深入了解科學研究中的團隊合作、跨學科合作的重要性以及科學技術與社會之間的關係。參與我們的活動無需具備深厚的生物學知識，重要的是熱情和責任感。我們歡迎所有人參與，無論他們是人文科學專業還是理科專業。

/
/
/
/
/
/",學期期間：每週見面一次。時間和其他細節可以協商。長假期間：在Twins進行實驗，以及每週一18:00至19:30的例會。,無,google_translate_zh_tw,llm_reviewed,Google Sheets GOOGLETRANSLATE zh-TW draft; structurally checked and normalized for Cantonese/Traditional Chinese site use.
C0206,3207,990b62fcec9b9b0c,日本速記學習小組,獎學金,語言,"我們是一個速記社，練習速記，這是一種用特殊字符轉錄口語的技術。 ////

///

//練習時間安排在工作日的第五節課，您可以隨時參加。資深會員會根據每個人的進度進行教學，所以即使您不能經常參加練習，也可以按照自己的步調學習速記。除了速記練習，我們還會舉辦各種活動，例如季節性營隊、聖誕派對和郊遊。所有練習和活動都是自願參加的。因此，您完全可以兼顧學習和其他活動。 ////

///

///
我們歡迎任何想要學習一項特殊技能、嘗試一些與眾不同的事情，或是想要在大學裡找到歸屬感的人。如果您哪怕只有一點點興趣，都歡迎來參觀！讓我們一起享受速記的樂趣吧！",每週一至週五 / 17:00 - 18:40 / 學生會大樓,無,google_translate_zh_tw,llm_reviewed,Google Sheets GOOGLETRANSLATE zh-TW draft; structurally checked and normalized for Cantonese/Traditional Chinese site use.
C0207,3208,17cba38b48315f0c,英語系（WESA）,獎學金,語言,大家好！英語俱樂部（WESA）是一個擁有70多年歷史的官方認可社團，擁有超過100名成員，涵蓋一至三年級學生！我們俱樂部的宗旨是提高英語水平，並促進成員間的友誼。我們的主要活動包括辯論、討論、演講和課程學習。我們也舉辦日本規模最大的相關活動比賽之一。除了每年四次集訓之外，我們還會舉辦各種各樣的活動。儘管俱樂部規模龐大，但每個人都能在這裡加深彼此的友誼！如果你想盡情享受英語學習的樂趣，​​並充分利用你的大學生活，那麼WESA期待你的加入！,每週五天（週一至週五）/ 13:00 至 18:00（參與時間和頻率可自行決定）/ 學生會大樓,無,google_translate_zh_tw,llm_reviewed,Google Sheets GOOGLETRANSLATE zh-TW draft; structurally checked and normalized for Cantonese/Traditional Chinese site use.
C0208,3206,235468de1dd27bd1,西班牙語學習小組,獎學金,語言,西班牙語學習小組是早稻田大學歷史最悠久的社團之一，成立於1960年。大多數人都是在進入大學後才開始學習第二外語。你可能會有很多焦慮，例如如何學習、推薦哪些字典和參考書等等。加入西班牙語學習小組就能一次解決所有這些問題！你可以和自稱「專家前輩」的同學們討論你不懂的地方，還能結交學習夥伴。小組活動豐富多彩，不僅限於語言學習，還包括在節日活動中做志工、烹飪西班牙美食等等。近年來，我們很榮幸地邀請到教育學部跨文化研究系的後藤教授擔任社長。後藤教授對西班牙語充滿熱情，或許能給你一些建議！如果你哪怕只有一點點興趣，都歡迎來我們的社團活動室看看。,每個學期，我們會與社團成員協商他們的日程安排，並據此確定具體的日期和時間。我們會在學生會大樓的社團活動室E536見面。,無,google_translate_zh_tw,llm_reviewed,Google Sheets GOOGLETRANSLATE zh-TW draft; structurally checked and normalized for Cantonese/Traditional Chinese site use.
C0209,3516,eb061aa388a7c3f5,早稻田大學理工學英語協會,獎學金,語言,"我們俱樂部的主要優勢有兩點：“在活動中使用英語的機會”和“與其他大學交流的機會！”

/
/
/
/ 英語活動：我們主要有四項活動！

/
/ 1. 價值討論

/
/ 在討論中，我們用英語談論各種話題，從簡單的自我介紹到哲學探討和社會問題。這不僅能提升你的英語會話能力，還能培養你的邏輯思考能力。與同伴討論一個話題本身就是一個有趣的體驗。

/
/
/
/ 2. 導遊

/
/ 顧名思義，這項活動是帶領外國遊客遊覽。地點包括日本著名的旅遊景點，例如皇居、淺草和明治神宮。透過與母語人士交談，你不僅可以體驗地道的英語，還可以透過對話了解該國的文化！

/
/
/
/3.演講

/
/在演講比賽中，你的表現將根據多個方面進行評估，不僅包括你的英語流利程度，還包括演講的內容和表達方式。如果你認真投入演講，不僅你的英語能力會顯著提高，還能磨練你的演講技巧和邏輯思考能力！

/
/
/4. PDD 討論會

/
/你將就某個社會或其他主題用英語交流觀點。使用圖表紙是其一大特色，這不僅能顯著提高你的英語水平，還能提升你的演講能力。你甚至可以贏得名為「排名」的獎項！

/
/
/〇 校際交流

/
/這個社團最大的吸引力在於有機會與其他大學的學生交流！

/
/其他大學也有所謂的 ESS（英語演講社團），你可以透過參加討論比賽和擔任指導員，結識其他大學 ESS 的成員。

/
/
/你一定會享受精彩的社團生活！",每週兩次，分別是星期一、星期三和星期五,無,google_translate_zh_tw,llm_reviewed,Google Sheets GOOGLETRANSLATE zh-TW draft; structurally checked and normalized for Cantonese/Traditional Chinese site use.
C0210,3488,99e12e61c5a42603,中文語言學習小組,獎學金,語言,"我們用中文進行輕鬆的聊天和遊戲。我們也可以一起準備漢語程度考試，例如HSK和漢語程度考試。我們偶爾會一起去看電影，或是舉辦烹飪聚會！

/
/
/
/ 我們的成員背景多元，從初學者到高級學習者都有。我們尤其歡迎來自漢語地區的同學以及在日本出生、擁有華人家庭的同學。許多同學也會在大學中途加入。

/
/
/
/ 我們每週聚會兩次，在較長的假期裡，我們主要會舉辦一些活動。當然，你也可以選擇在自己想來的時候參加。

/
/
/
/ 如果你想在學習語言的同時結交朋友，那麼這個社團非常適合你。歡迎加入我們！

/
/

/

/

/

/

/

/

/

/

/",每週兩次（日期不定）/ 下午 4:30 - 晚上 7:00 / 學生會大樓,無,google_translate_zh_tw,llm_reviewed,Google Sheets GOOGLETRANSLATE zh-TW draft; structurally checked and normalized for Cantonese/Traditional Chinese site use.
C0211,3076,2f6ce1075954dad0,手語圈,獎學金,語言,早稻田大學手語社是早稻田大學官方認可的社團，成立於1982年。社團活動室位於富山校區學生會大樓（E203）。春季學期的主要活動是“策劃”，每週一和週五第六節課（18:55-20:35）在學生會大樓舉行。社團不邀請講師，而是由資深成員親自授課。此外，社團還會舉辦校際活動，不僅早稻田大學的學生，許多其他大學的學生也能參與其中，享受社團的樂趣。秋季學期的主要活動是練習手語，為各種活動做準備。在春季學期的企劃活動中，一年級新生會跟隨資深成員學習手語；秋季學期，他們會將春季學期所學的知識運用到各種活動中，一年內手語水平就能得到顯著提高。大多數成員在大學期間才開始學習手語，但他們現在已經能夠用手語溝通。,每週一和週五/第六節課（18:55-20:35）/學生會大樓,無,google_translate_zh_tw,llm_reviewed,Google Sheets GOOGLETRANSLATE zh-TW draft; structurally checked and normalized for Cantonese/Traditional Chinese site use.
C0212,3487,3a3d8b914e2f67db,帕迪·菲爾德的茶會（實用英語）,獎學金,語言,"Paddy 是一個針對日本高校學生的英語學習社團，旨在幫助大家提升英語能力！那麼，加入 Paddy 你能獲得什麼呢？

/
/
/
/1. 實用英語技能

/
/一些成員的托福和托業成績有所提高，甚至有人取得了接近滿分的成績！由於社團專注於英語口語，你將能夠用英語與外國人交流（笑）

/
/
/
/2. 結識國際學生

/
/我們每年秋季都會招募國際學生。你將有機會與英語母語人士進行英語交流，學習實用英語，不僅能提升英語水平，還能結交國際學生朋友！一年後，國際學生會回到家鄉，但他們會在你旅行時為你提供指導，甚至邀請你住在他們家，這將會非常有趣！

/
/
/
/3.其他大學的朋友

/
/Paddy 是一個跨校社團，所以成員來自不同的大學（立教大學、明治大學、日本女子大學、嘉政大學、聖路加護理大學、東京女子醫科大學等等）！如果你只在早稻田大學，可能很難認識這些人。

/
/
/
/4. 最美好的回憶

/
/你可能會覺得英文會話社團很嚴肅，對吧？我們的確很認真地對待活動。讓我們在活動中練習英文吧！ （笑）但其他時間我們玩得很開心！週末的時候，有人會組織一個自駕遊，或者我們會聚在某個人家裡玩。上個月我們還去玩了滑翔傘！ （笑）

/
/
/
/5.豐富多彩的活動

//除了私人活動外，帕迪的策劃團隊還會組織各種各樣的活動，包括每年四次夏令營（春季、夏季、秋季和冬季）、夏季遊船之旅、萬聖節派對、聖誕派對和賞櫻活動！",每週二、五 / 下午 6:30 - 晚上 8:30 / 學生會大樓,無,google_translate_zh_tw,llm_reviewed,Google Sheets GOOGLETRANSLATE zh-TW draft; structurally checked and normalized for Cantonese/Traditional Chinese site use.
C0213,3281,f1068811a9a2b7b5,早稻田辯論社,獎學金,語言,"WAD是一個以英語進行即興辯論的社團。辯論主題廣泛，涵蓋從日常社會問題到國際政治挑戰的方方面面。辯論的魅力在於能夠在規定的時間內，透過語言表達自己的觀點（世界觀）。加入WAD無需任何辯論經驗或英語流利程度。雖然WAD的成員中日本人（沒有長期海外經驗者）和辯論新手較多，但它在英語辯論界實力強勁，在國內外比賽中均取得了優異成績。透過持續的辯論，批判性思考、表達能力和邏輯推理能力自然會得到提升。此外，WAD還提供了許多與擁有豐富國際關係知識的資深成員以及來自其他大學的同學交流的機會，從而豐富學生生活。如果你想在大學裡嘗試一些新鮮事物，何不加入辯論呢？

/
/
/
/
/
/
/
/",每週二、四、五 / 17:00 起（第五堂課起）/ 早稻田校區 10 號樓或 7 號樓,無,google_translate_zh_tw,llm_reviewed,Google Sheets GOOGLETRANSLATE zh-TW draft; structurally checked and normalized for Cantonese/Traditional Chinese site use.
C0214,3212,65afd1bef1dc70e7,早稻田文學社,獎學金,日本文學,早稻田文藝會（簡稱「早稻文」）是早稻田大學歷史最悠久的文學社團，成立於1911年！早稻文主要致力於文學作品的創作和評論。社團成員擁有豐富的寫作機會，積極參與各種活動，例如製作小冊子《裸女與餓鬼》在學校文化祭上售賣，以及在春秋兩季的文學跳蚤市場擺攤。此外，社團每月還會舉辦一次作品點評會。除了創作文學作品外，早稻文還會舉辦讀書會和學習會，並探討現有的文學作品。社團的文學體裁涵蓋所有與文字媒介相關的文化作品，例如小說、漫畫、詩歌和電影。小說體裁也十分廣泛，涵蓋純文學、通俗文學、日本文學、外國文學、哲學和當代文學批評等許多領域。無論您是否想寫作，都歡迎您的加入！由於每位成員都專注於自己感興趣的領域，社團氛圍非常輕鬆愉快。我們也舉辦露營和休閒活動。 “早稻田是個好地方，你至少應該來一次！”,任何時間 / 學生會大樓 E728,無,google_translate_zh_tw,llm_reviewed,Google Sheets GOOGLETRANSLATE zh-TW draft; structurally checked and normalized for Cantonese/Traditional Chinese site use.
C0215,3213,929ccaffb728b893,短歌詩歌團體,獎學金,日本文學,"早稻田大學富山校區學生會大樓會議室每週二或週五下午6:30舉辦短歌賞析及研習會。我們每年出版期刊《早稻田短歌》，會員可投稿短歌系列、評論及單首短歌賞析。春夏兩季，我們也會與全國各地的學生短歌社團聯合舉辦靜修活動，其中夏季靜修活動由早稻田社負責組織，確保活動圓滿成功！

//我們社團的許多成員都曾榮獲角川短歌獎等新人獎，因此，無論是經驗豐富的短歌詩人還是初學者，都能在這裡加深對短歌的興趣。我們也熱烈歡迎其他大學的學生前來參加！",每週二或週五/學生會會議室,無,google_translate_zh_tw,llm_reviewed,Google Sheets GOOGLETRANSLATE zh-TW draft; structurally checked and normalized for Cantonese/Traditional Chinese site use.
C0216,3209,dedd0336f7700802,早稻田大學當代文學學會,獎學金,日本文學,我們社團專注於製作（包括創意寫作、評論和編輯）雜誌《Mare》，該雜誌每年春秋兩季在東京文學跳蚤市場發售。我們也舉辦涵蓋廣泛領域的學習會，包括文學、批判理論、哲學、電影、音樂和戲劇。此外，我們還有讀書會，成員們會認真研讀文學作品；我們也會舉辦講座，邀請對成員興趣領域有興趣的演講者。我們也會舉辦夏季靜修活動。每個人都有自己喜歡的作家和作品。在這裡，你可以思考你喜歡他們的原因和理由。我們社團規模不大，但我們從從事不同領域的人身上汲取靈感，並與目標相近的人一起學習，因此我們能夠支持成員們當下最想做和想學習的事情。我們也熱烈歡迎其他大學的學生和國際學生加入。,依會員行程/學生宿舍,無,google_translate_zh_tw,llm_reviewed,Google Sheets GOOGLETRANSLATE zh-TW draft; structurally checked and normalized for Cantonese/Traditional Chinese site use.
C0217,3217,b71489404a36136f,早稻田神秘俱樂部,獎學金,日本文學,這是一個綜合性的文學社，接受各種類型的作品，包括推理、科幻、奇幻和輕小說。我們的第一位指導老師正是江戶川亂步。我們的校友中不乏像北村薰和宮內祐介這樣的專業作家。無論你是讀者還是創作者，我們都是一個輕鬆愉快的社團。,不定時 / 13:00 / 學生會大樓,無,google_translate_zh_tw,llm_reviewed,Google Sheets GOOGLETRANSLATE zh-TW draft; structurally checked and normalized for Cantonese/Traditional Chinese site use.
C0218,3210,6fe9362371ccabcb,詩人協會,獎學金,日本文學,我們每個月舉行一到兩次小組會議，成員們會帶著自己的作品互相點評，也會進行一些非正式的討論，由志工朗誦詩歌。我們也在東京文學市場出版發行社刊。除此之外，我們通常會在學生會大樓11樓的沙發上放鬆身心，眺望東京晴空塔，做任何我們想做的事。我們的座右銘是：只在寫作和閱讀方面積極參與，其他義務和約束則保持寬鬆，只要不崩潰。當然，我們也歡迎加入其他社團。無論你是想認真投入寫作，還是只想讀完回家，或只是隨波逐流，什麼都不做，都沒關係。雖然我們主要關注所謂的現代詩歌及其創作，但也歡迎對小說、戲劇、音樂和評論更感興趣的成員，並且我們一直在尋找能夠編輯社刊的人。,非正式/學生會,無,google_translate_zh_tw,llm_reviewed,Google Sheets GOOGLETRANSLATE zh-TW draft; structurally checked and normalized for Cantonese/Traditional Chinese site use.
C0219,3218,f49e2eee18716f97,兒童文學研究協會,獎學金,日本文學,兒童文學研究會是一個綜合性的文學社團，由文學、繪本與手工、詩歌、評論和說故事五個部分組成。每個部分的活動內容會根據一週中的不同日子而有所變化。文學部分著重於小說的寫作和評論；繪本與手工部分包括繪畫和手工製作；詩歌部分圍繞特定主題，創作和評論各種形式的詩歌，例如短歌和俳句；評論部分則由一位被稱為“記者”的成員挑選文學作品，供大家討論各自的感想、評論和繪本講故事部分則會在新宿本圖書館區的鶴卷為孩子們朗讀。我們也會舉辦兒童說故事活動，並為早稻田祭製作宣傳冊。對創意活動感興趣、喜歡和孩子們玩耍、以及想要分享自己喜愛事物的人們，都會聚集在這裡，在輕鬆愉快的氛圍中參與各種活動。,每週一、三、四、五下午 6:30 在學生會大樓；每週六下午 2:00 在學生會大樓。,無,google_translate_zh_tw,llm_reviewed,Google Sheets GOOGLETRANSLATE zh-TW draft; structurally checked and normalized for Cantonese/Traditional Chinese site use.
C0220,3749,8c5602b215ad5e31,秀文介,獎學金,日本文學,集文會是一個以創作短篇小說（稱為「合作作品」）為主要活動的文學社團。合作作品篇幅在2000到5000字之間，圍繞特定主題展開，之後社團成員會分享作品並進行討論。合作作品每月舉辦一到兩次，以往的主題包括「指示」、「重做」和「教育」等等。我們每年也會出版兩期名為《白紙》的社刊，計劃在早稻田文化祭和文學跳蚤市場進行派發。除了常規的合作作品活動外，我們每年還會舉辦兩次不限字數的合作作品活動，成員可以自由發揮，寫出自己想寫的任何內容。參與每次合作作品活動和討論會並非強制性的，成員可以根據自己的時間表選擇參加。無論寫作或閱讀經驗如何，對寫作、創意活動和編輯感興趣的人都能在這裡享受友好和諧的氛圍！,任何時間/線上或在學生會大樓,無,google_translate_zh_tw,llm_reviewed,Google Sheets GOOGLETRANSLATE zh-TW draft; structurally checked and normalized for Cantonese/Traditional Chinese site use.
C0221,3132,0ed12b00954c786f,京築會,獎學金,日本文化,教竹會是一個金古流尺八（竹笛）社團。它的魅力在於能夠演奏從日本流行音樂到古典本曲等各種類型的音樂！每週一都有免費的專業指導。這是一個擁有百年歷史的傳統社團。您可以隨時加入，而且加入其他社團也完全沒問題。由於這是一個跨校社團，我們也歡迎其他大學的學生加入。尺八是一種簡單的樂器，由一根竹竿鑽五個孔製成。由於其結構簡單，它可以發出豐富的音調，而且聲音會隨著演奏者的不同而變化，讓每個人都能創造出自己獨特的聲音。一開始可能有點難吹出聲音，但老師和資深會員會耐心指導，讓您很快就能吹出聲音。何不在大學期間培養一項終身嗜好呢？,每週一及週五 / 13:00 - 18:00 / 學生會大樓,無,google_translate_zh_tw,llm_reviewed,Google Sheets GOOGLETRANSLATE zh-TW draft; structurally checked and normalized for Cantonese/Traditional Chinese site use.
C0222,3135,dad281fae4100c62,竹遊會,獎學金,日本文化,"早稻田大學竹友會成立於1920年（大正9年），致力於純粹的日本古典音樂。雖然古典表演藝術可能會讓人聯想到“拘謹”、“陰鬱”或“莊重”，但我們所有成員之前都完全沒有古典表演藝術的經驗！我們非常歡迎初學者！此外，我們最近與多個團體合作，因此有很多演出機會供大家選擇！ （不過，本團的正式演出僅限於第一學期的研習會和第二學期的音樂會，所以如果您只想參加這些活動或時間比較忙，也完全沒問題。事實上，大多數成員都是這種情況。）

/
/ 我們是早稻田大學唯一同時演奏箏、尺八和三味線的團體。竹友會的目標是在春季學期的研討會和秋季學期的竹友會音樂會上進行演出。我們每年春季和夏季都會舉辦兩次集訓。我們甚至會去一些一般社團集訓不會去的地方！

/
/ 竹友會隸屬於「早稻田大學古典表演藝術聯盟」與「關東學生三曲聯盟」。早稻田大學古典表演藝術聯盟每年舉辦兩場聯合音樂會：一場是春季音樂會，另一場是早稻田節音樂會。我們積極促進早稻田大學各古典表演藝術社團之間的交流，合作舉辦新成員招募活動和社交聚會。關東學生三曲聯盟每年舉辦兩場音樂會和兩次集訓，並以此為中心進行各種活動。超過25所大學參與其中，為與其他大學的交流提供了機會。

/
/ 竹友會是個擁有96年歷史的社團，因此內部的交流互動也十分活躍。這裡氛圍友善熱情，歡迎大家加入！我們還擁有寬敞的社團活動室！如果您對古典表演藝術哪怕只有一點點興趣，都歡迎來體驗一下我們的練習！排練通常每週六舉行。我們提供彈性的排練時間，所以即使是學習、兼職或其他社團活動繁忙的人也能輕鬆兼顧！期待與您一起演出！",每週六下午（時間彈性）/學生會大樓,無,google_translate_zh_tw,llm_reviewed,Google Sheets GOOGLETRANSLATE zh-TW draft; structurally checked and normalized for Cantonese/Traditional Chinese site use.
C0223,3789,aa0abf6c7f2e74fc,早稻田大學豐成會,獎學金,日本文化,我們是早稻田大學能劇社－能劇社！我們練習能劇的舞蹈和吟唱，這是一種從室町時代傳承至今的日本傳統表演藝術。何不來早稻田大學體驗一下這傳承了600年的能劇魅力？在專業能劇演員的指導下，您很快就能在能劇舞台上翩翩起舞，一起吟唱舒緩的吟唱，也能讓您在忙碌的大學生活中逐漸放鬆身心……新生免交月費！也無需繳交年費。您只需要準備足袋襪！我們會提供舞台上穿的和服。在您精彩的大學生活中，請在空閒時間光臨學生會大廳的能劇舞台！ 「高砂屋，小船にして，月だだことだししちはの……」社團全體成員期待您的到來！,每週三下午3點 - 學生會大樓能樂舞台B107：葛西能樂演員練習舞台（不定期演出）,無,google_translate_zh_tw,llm_reviewed,Google Sheets GOOGLETRANSLATE zh-TW draft; structurally checked and normalized for Cantonese/Traditional Chinese site use.
C0224,3130,2d19f99b1dba42d3,觀世會,獎學金,日本文化,"我們的活動以每週兩次自主練習和每月兩次由導師指導的課程為中心，專注於訓練、研究和推廣。

/
/
/ 我們每月舉辦一次匯報演出，但參與並非強制。訓練進度也十分靈活。您最快可以在六個月內開始學習能樂舞蹈和音樂，一年半後即可開始學習能樂。

/
/
/ 自成立以來，我們出版了研究期刊《桐戶口》（Kiritoguchi），我們的校友包括眾多研究人員和戲劇專業人士。許多從我們團體畢業的能樂表演者至今仍活躍在舞台上。

/
/
/ 我們與另外12個主要的能樂社團同台演出，即使您不善言辭，也能輕鬆找到理解您的朋友。","星期一：110室 / 星期四：能劇舞台B107

/
/
/
/ 教師培訓：鐵仙會能劇培訓中心（表參道）",Circle 網站已關閉,google_translate_zh_tw,llm_reviewed,Google Sheets GOOGLETRANSLATE zh-TW draft; structurally checked and normalized for Cantonese/Traditional Chinese site use.
C0225,3133,2cdecb1283a89cda,金春協會,獎學金,日本文化,"在金巴魯會，我們練習名為「舞舞」的能劇舞蹈和吟唱！我們也會不定期接受專業老師的指導。

/
/在大學裡能有機會練習能劇非常難得，這一定會成為你人生中非常寶貴的經驗！

/
/我們每週聚會三天！不過，你可以根據自己的課餘時間、兼職等情況來練習，事實上，能夠每週來三天的成員並不多。 （很多成員還參加了其他社團！）

/
/我們在春夏兩季會舉辦訓練營，每年秋季都會在大隈禮堂定期舉辦演出和能劇工作坊，所以這絕對是一項很有意義的活動，也一定會成為你大學生活中一段美好的回憶！

/
/我們經常一起外出吃飯，享受日常生活！

/
/很多人會擔心：「什麼是能劇？我以前從來沒接觸過，這樣可以嗎？」但我們所有現有成員都是在大學之後才第一次接觸能劇的！

何不體驗能劇這種濃縮於現實的日本文化形式呢？

我們隨時歡迎訪客和新成員。如有任何疑問，請隨時與我們聯繫！",週二、三，第二、三堂課；週五，第六、七堂課；早稻田大學學生會大樓地下一層B107室（能樂舞台）,無,google_translate_zh_tw,llm_reviewed,Google Sheets GOOGLETRANSLATE zh-TW draft; structurally checked and normalized for Cantonese/Traditional Chinese site use.
C0226,3137,057fff5a8d72a579,那高塔研究協會,獎學金,日本文化,"我們每週四都會跟著吉住流的老師練習“長唄”，這是一種源自歌舞伎背景音樂的曲風。在老師的悉心指導下，您將有機會體驗傳統文化的魅力。

/
/除了每年兩場音樂會之外，我們還會舉辦豐富多彩的活動，包括春季和夏季的夏令營，以及與其他大學長唄研究社團的交流活動！我們非常歡迎初學者和二年級及以上的學生！如果您對長唄三味線哪怕只有一點點興趣，都歡迎加入我們。我們全體成員都期待您的到來！

/
/
/

/

/
/
/
/
/",每週四下午 4:30 至晚上 9:00 左右，學生會大樓內的日式房間,無,google_translate_zh_tw,llm_reviewed,Google Sheets GOOGLETRANSLATE zh-TW draft; structurally checked and normalized for Cantonese/Traditional Chinese site use.
C0227,3156,80ee42ede0c940a0,落語研究協會,獎學金,日本文化,大家好！我們是早稻田大學落語社，簡稱落語社（Rakken）。落語社已有70多年的歷史，舉辦過約90次名為「早稻田寄宿」的大型落語演出！ 「早稻田寄宿」因邀請過許多知名落語表演者而聞名落語愛好者！目前，我們主要在兩個方面開展活動：欣賞落語和表演落語！在欣賞落語方面，我們大約每兩個月舉辦一次“欣賞會”，並每年舉辦一次“早稻田寄宿”，邀請專業落語表演者近距離觀看落語表演，讓大家“深入體驗”落語的魅力。在表演方面，我們大約每兩個月舉辦一次“會員現場演出”，透過向觀眾展示日常練習的成果來“磨練技藝”。無論您是想觀看落語表演還是參與落語演出，讓我們齊聚一堂，互相啟發，共同學習落語！知識會在您享受的過程中自然累積。落語是一種廣受歡迎的娛樂形式，所以不要想太多，大膽嘗試吧！我們熱烈歡迎初學者和零基礎的朋友們！,每週三、六下午 2:30，學生會大樓,無,google_translate_zh_tw,llm_reviewed,Google Sheets GOOGLETRANSLATE zh-TW draft; structurally checked and normalized for Cantonese/Traditional Chinese site use.
C0228,3316,5d2fba6da0b7d711,下掛鳳翔會,獎學金,日本文化,我們是下懸奉行會，一個專門練習能劇中脇的角色的社團！脇是能劇中一個特殊的角色，扮演劇中人物。那麼，脇究竟是什麼呢？如果說示手代表來自另一個世界的存在，那麼脇則代表來自這個世界（人類）的存在。因此，他們扮演著類似說書人的角色。目前，下懸奉行會是全日本唯一可以練習脇的大學社團。此外，我們每週都能獲得專業導師的免費課程。我們的常規課程包括練習能劇的合唱部分——歌台。我們也會練習在能劇舞台上扮演脇。課程每週一晚上6點在110教室舉行。歡迎參觀和試聽課程！,每週一/下午6點/學生會大樓110室,無,google_translate_zh_tw,llm_reviewed,Google Sheets GOOGLETRANSLATE zh-TW draft; structurally checked and normalized for Cantonese/Traditional Chinese site use.
C0229,3131,ae2b10b0f4ad4415,狂言研究組,獎學金,日本文化,狂言是擁有六百多年歷史的日本傳統喜劇形式。我們學習和練習狂言，每年舉辦兩次獨立演出，並在許多其他舞台上表演。本社團由著名狂言家野村萬齋先生的父親野村萬作先生創立。我們至今仍接受萬作會老師的指導，並與他們保持積極的交流。我們的目標是享受狂言的幽默，並透過學生的表演將其傳播到現代世界。雖然社團規模不大，但我們的成員大多來自其他大學或參與其他社團，高度的自由是我們的一大優勢。我們也與早稻田大學及日本各地的其他狂言和能劇社團保持著積極的交流，這拓展了我們的人脈網絡。練習完全免費，歡迎隨時來參觀！,每週二 - 學生會大樓 B107 能劇舞台 / 每週五 - 學生會大樓 110 木質房 / 下午 6 點 - 晚上 10 點（所有人開放）,無,google_translate_zh_tw,llm_reviewed,Google Sheets GOOGLETRANSLATE zh-TW draft; structurally checked and normalized for Cantonese/Traditional Chinese site use.
C0230,3093,740c459bc3c0b343,漫畫學習小組,獎學金,日本文化,"■主要活動：

/
/訓練營：每年兩次，分別在春季和夏季，如果大家積極性高，冬季也會舉辦。

/
/社團雜誌：我們每年製作並出版兩期《早稻田漫畫》。

/
/此外，全年還會舉辦各種活動。

/
/■社團會費：永久免費！

/
/●社團會費怎麼可能免費？

/
/→你說的有道理。你說對了一半。我們在秋季的早稻田祭上會畫大量的漫畫，以此來增加社團會費。這對畫師和招攬顧客的人來說都很累。

/
/
/●所以不會畫漫畫的人就沒用了嗎？

/
/→別擔心，祭典當天，連不會畫漫畫的人也會忙著招攬顧客。",每日/俱樂部房間,無,google_translate_zh_tw,llm_reviewed,Google Sheets GOOGLETRANSLATE zh-TW draft; structurally checked and normalized for Cantonese/Traditional Chinese site use.
C0231,3136,026e05d059814337,稻銀會,獎學金,日本文化,"您好！稻銀會是一個練習和表演詩歌朗誦、劍舞和扇舞的傳統藝術社團。如果您不了解詩歌朗誦，可以上網搜尋一下！劍舞就是隨著詩歌朗誦的節奏揮舞寶劍！非常酷炫！扇舞則是優雅地揮舞扇子！非常優美！現任成員和校友都會熱情地指導您。我們非常歡迎初學者！大多數成員都是從零基礎開始的！我們每年舉辦兩次集訓，前往神戶一位大師級教練的道場進行訓練。即使在集訓之外，這位大師級教練也有機會來我們學校授課。

此外，稻銀會與其他大學社團的不同之處在於，它擁有四個友好社團：詩之森之會、宗惠線支援協會、星會和早稻田精神紅洋會（均為官方認可的社團）。因此，稻銀會的成員可以體驗早稻田大學的所有活動！相慶泉、百派、早稻田祭等等，精彩活動數不勝數！當然，我們也有很多機會與其他大學的詩歌朗誦社團交流互動，從東部的慶應義塾大學、明治大學、東京大學，到西部的關西大學、龍谷大學、岡山大學！

此外，我們還擁有寬敞的社團活動室！請把它當作您校園生活的基地。這裡舒適無比，甚至有些成員已經住進社團活動室了…

您或許對傳統表演藝術抱持刻板印象，但我們的活動通常都非常輕鬆自在！想要體驗輕鬆自在、毫無「強迫」的社團生活，歡迎加入稻銀會！",每週五/第三至第五堂課（13:10-18:40）/學生會大樓,無,google_translate_zh_tw,llm_reviewed,Google Sheets GOOGLETRANSLATE zh-TW draft; structurally checked and normalized for Cantonese/Traditional Chinese site use.
C0232,3149,b37b38060079abfb,鮮花研究小組,獎學金,日本文化,插花研究社每週二下午5點至8點舉辦池坊式插花課程，每次都由池坊老師授課。課程在學生會大樓的茶室進行，環境寧靜，鋪著榻榻米。社團規模較小，成員不足20人，因此大家相處融洽，老師也能在課堂上給予充分的指導。社團對所有年級、所有院校、所有經驗程度的學生開放，近年來也吸引了許多國際學生加入。因此，我們推薦希望了解日本文化的國際學生以及希望加深與國際學生交流的學生加入！除了定期課程外，我們還會參加早稻田祭、大型花卉展覽等各種活動，展示我們的作品。此外，我們也會定期舉辦聚餐，為成員們提供增進友誼的機會。我們一直接受試聽課程和參觀預約，如果您有興趣，請私訊（[email protected]）、X（@ikeken_waseda）或Instagram（@ikeken_waseda）與我們聯繫！我們所有成員都期待收到您的來信。,每週二下午5點至晚上8點，學生會大樓106號茶室,無,google_translate_zh_tw,llm_reviewed,Google Sheets GOOGLETRANSLATE zh-TW draft; structurally checked and normalized for Cantonese/Traditional Chinese site use.
C0233,3729,d40c3b2c4a041c3f,早稻田大學古箏俱樂部,獎學金,日本文化,古箏音樂研究會是一個擁有六十餘年歷史的傳統生田流古箏社團。在本社團，您可以學習各種曲目，從古典古箏音樂到現代作品，應有盡有。我們歡迎經驗豐富的演奏者，也熱烈歡迎初學者。我們積極歡迎國際學生、二年級及以上學生以及其他大學的學生加入。您也可以加入其他社團。我們的主要活動是每週一次課程或練習。在課程中，您可以獲得專業老師的悉心指導。在沒有課程的周，我們會組織練習。老少咸宜，大家在友善的氛圍中一起練習。透過共同練習，即使是初學者也能快速進步。我們每年舉辦一次音樂會，也會舉辦夏令營、早稻田音樂節演出等各種活動。此外，本社團隸屬於“早稻田大學古典表演藝術聯盟”和“關東學生三曲聯盟”，並與早稻田大學及其他大學的社團保持積極的交流。透過這些交流，您可以結識與您一樣熱愛古典表演藝術和日本傳統樂器的愛好者。如果您對箏只有一絲興趣，都歡迎加入我們的社團！這是入門箏的絕佳途徑。此外，箏也是一項可以持續多年的嗜好。快來加入箏樂社，享受充實的大學生活吧！我們期待您的加入。 （信箱：[email protected]）,每週五下午3點至7點，學生會大樓,無,google_translate_zh_tw,llm_reviewed,Google Sheets GOOGLETRANSLATE zh-TW draft; structurally checked and normalized for Cantonese/Traditional Chinese site use.
C0234,3353,a912547f10e4cceb,早稻田落語與表演藝術研究會,獎學金,日本文化,我們是早稻田大學喜劇表演藝術社，主要組織以脫口秀和小品為主的喜劇演出。我們每年定期在校內場地舉辦4-5場為期兩天的演出。有時我們也會與其他喜劇社團共同演出。我們所有演出的段落都由社員創作，雖然我們深知創作新段子的難度，但我們每天都在努力，力求讓觀眾開懷大笑。除了日常演出，暑假期間我們也會以志工的身份前往日本各地的醫院進行喜劇表演。每年11月的早稻田文化節上，我們會租用一間教室，舉辦一場“7小時不間斷演出”，社員們輪流表演，不間斷。,每週二、五下午 4:30，學生會大樓,無,google_translate_zh_tw,llm_reviewed,Google Sheets GOOGLETRANSLATE zh-TW draft; structurally checked and normalized for Cantonese/Traditional Chinese site use.
C0235,3358,b6db7cc9ce39e1e8,悶悶不樂的孩子漫畫集團,獎學金,日本文化,"我們是一個名為「Ijiman」的原創創作社團！

即使您無經驗或缺乏自信，也歡迎您的加入！我們創作漫畫、插畫、小說等原創作品，並以書籍的形式出版！

● 活動

〇 製作及出版社團雜誌《Solange》，每年9-10期

我們出版社團雜誌《Solange》，收錄社員們的原創作品。任何可以以文字形式表達的作品都歡迎投稿，包括漫畫、插畫、小說等等！

〇 參加夏季和冬季Comiket、COMITIA、早稻田祭，並分發《Solange》雜誌

我們會在各種同人誌銷售活動中分發我們製作的《Solange》雜誌！我們每年參加夏季和冬季各兩種類型的銷售活動，總共四次！

在早稻田祭上，我們會租用一整個教室舉辦各種活動！我們以團隊形式共同籌備和舉辦活動，包括展出原創作品、分發Solange和周邊商品，以及現場繪畫！

〇夏令營和冬令營

我們每年舉辦兩次夏令營和冬令營，每次為期兩天三夜！夏令營通常在沿海地區舉辦，冬令營則通常在溫泉度假勝地舉辦！

會員們可以享受觀光、放鬆、創作，以及按照自己的步調度過時光！

〇除此之外，我們還有許多其他活動，例如一小時繪畫課程、俱樂部創意活動和晚宴！

所有活動均為自願參加，您可以按照自己的步調自由創作！

●俱樂部費用

新會員：年費5000日圓 + 入會費1000日元

由於需要出版俱樂部雜誌，費用略高……敬請諒解！",不定期（每週日期不定）/ 社團活動室（學生會大樓 E827）/ Discord,無,google_translate_zh_tw,llm_reviewed,Google Sheets GOOGLETRANSLATE zh-TW draft; structurally checked and normalized for Cantonese/Traditional Chinese site use.
C0236,3157,e5d195afc594077f,少女漫畫研究俱樂部,獎學金,日本文化,我們熱愛各種各樣的事物，從少女漫畫到漫畫、動畫，再到2.5次元音樂劇，無所不包。我們沒有固定的活動；通常情況下，大家會在社團活動室自發性地聚會，增進彼此的友誼。活動室配備了漫畫、電視和電腦，是大家課餘時間放鬆身心的好去處。我們每年的活動包括：新成員歡迎會、觀看早稻田大學對陣慶應義塾大學的棒球比賽、第一學期和第二學期結束的聚會、計劃在早稻田文化節舉辦的展覽、聖誕派對，以及社團雜誌的出版。雜誌會在夏季和冬季的Comic Market上出售。所有活動都是自願參加的，所以我們歡迎同時參加其他社團的成員！我們也歡迎新手為社團雜誌投稿！我們接受二年級及以上學生的新成員，以及在歡迎會結束後加入的成員，如果您有興趣，請隨時與我們聯繫！,不規則/學生會大樓 E531,無,google_translate_zh_tw,llm_reviewed,Google Sheets GOOGLETRANSLATE zh-TW draft; structurally checked and normalized for Cantonese/Traditional Chinese site use.
C0237,3161,7b3afb180563642d,早稻田大學寶塚歌劇愛好者會（佐保會）,獎學金,日本文化,我們負責雜誌《夢之花束》（Yume no Hanataba）的策劃、製作等所有環節，每年出版三期。夏季，我們將前往真正的寶塚大劇場進行集訓。無論您是寶塚的忠實粉絲，還是從未看過演出的新人，都歡迎男士前來參觀！,日比谷學生會大樓,無,google_translate_zh_tw,llm_reviewed,Google Sheets GOOGLETRANSLATE zh-TW draft; structurally checked and normalized for Cantonese/Traditional Chinese site use.
C0238,3159,ce5750ce4c7dfbd4,津輕三味線愛好者協會三葉,獎學金,日本文化,我們是一支難得一見的津輕三味線樂團，秉持著「分享津輕三味線的快樂」的宗旨。我們的成員大多是大學時期開始學習三味線，但由於可以在俱樂部活動室隨時練習，所以他們可以按照自己的步調練習。樂團的技法由曾獲全國比賽獎項的前輩和校友教授，氣氛友善融洽，後輩們可以隨時提問！由於我們經常一起練習，成員們相處融洽，而且作為一支跨大學的樂團，我們的成員來自不同的大學！我們在各項比賽中屢獲殊榮，並在每年於青森縣弘前市舉辦的津輕三味線世界錦標賽上，連續四年（2016年至2019年）榮獲A組冠軍。從我們的成績來看，您或許會認為我們的練習非常艱苦，但實際上，我們通常都是在輕鬆愉快的氛圍中一起演奏津輕三味線。我們活躍於國內外的演出舞台，不僅參加早稻田音樂節等大學活動，也活躍於托兒所、地方節慶、企業活動等福利機構，甚至每年都會收到海外演出邀約。三葉三味線歡迎所有熱愛津輕三味線的朋友們加入我們。我們的YouTube頻道上也有演出視頻，歡迎觀看。相信您一定會被這件樂器的魅力所深深吸引。,每週五 / 下午 5:30 - 7:30 / 附近設施,無,google_translate_zh_tw,llm_reviewed,Google Sheets GOOGLETRANSLATE zh-TW draft; structurally checked and normalized for Cantonese/Traditional Chinese site use.
C0239,3116,cde632a2bf7caac5,琵琶圈 毘沙門,獎學金,日本文化,我們是日本頂尖的學生琵琶社團。我們演奏的是鶴田流薩摩琵琶，以其渾厚的音色而聞名。在專業老師的指導下，您可以按照自己的步調享受琵琶演奏的樂趣。所有成員都是大學才開始學習琵琶的初學者，所以您完全可以放心。您可以挑戰各種類型的曲目，從以日本歷史為背景的古典樂曲，如《祇園莊子》、《本能寺》、《敦盛》和《那須與市》，到現代作品、合奏曲和原創作品，應有盡有。除了例行活動外，我們每年還會舉辦三場音樂會，分別在三月、六月和十一月舉行，並參加古典表演藝術聯盟的聯合音樂會「和樂」以及圖書館音樂會。此外，我們夏季也會舉辦前往河口湖等地的集訓活動。我們還擁有一個舒適的社團活動室，配備了冰箱、微波爐等生活設施！而且您無需購買樂器！如果你想享受輕鬆的社團生活，對日本樂器和音樂感興趣，或者只是熱愛音樂……無論年級或學校，我們都歡迎你的加入！,每週二/第4-6堂課/學生會大樓一樓日式教室,無,google_translate_zh_tw,llm_reviewed,Google Sheets GOOGLETRANSLATE zh-TW draft; structurally checked and normalized for Cantonese/Traditional Chinese site use.
C0240,3365,084bbdb3dbf7e7e1,早稻田大學哆啦A夢研究協會,獎學金,日本文化,通常情況下，我們會觀看哆啦A夢和其他藤子·F·不二雄的漫畫和動畫。四月和五月，我們會舉辦新生歡迎會，屆時可以觀賞哆啦A夢電影。六月，我們會參觀位於川崎市的藤子·F·不二雄紀念館。暑假期間，我們會參加夏令營。以往的夏令營，我們去過各種各樣的地方。從與哆啦A夢相關的地方，例如哆啦A夢的創作者藤子·F·不二雄的故鄉富山縣、哆啦A夢歡樂天空公園所在的北海道、舉辦過哆啦A夢集章活動的箱根，到與哆啦A夢無關的地方，例如愛知縣。此外，在9月3日哆啦A夢的生日當天，我們會慶祝哆啦A夢的生日。過去幾年，我們都會在那天參觀藤子·F·不二雄紀念館。暑假結束後，我們會開始準備十一月初舉行的早稻田祭。每年早稻田祭期間，我們都會舉辦「哆啦A夢問答」活動，遊客可以回答有關哆啦A夢的問題。早稻田祭結束後，我們會恢復日常活動。 12月，我們會舉辦校友聚會，與畢業生們交流互動。聖誕節前後，我們會參觀藤子·F·不二雄紀念館。春假期間，我們會去看每年3月上映的新哆啦A夢電影。如果您是哆啦A夢的粉絲，我們非常期待您的到來！,每週不固定日期 / 下午 6:15 起 / 學生會大樓,無,google_translate_zh_tw,llm_reviewed,Google Sheets GOOGLETRANSLATE zh-TW draft; structurally checked and normalized for Cantonese/Traditional Chinese site use.
C0241,3350,856f7c785ede9ff0,青年和服協會,獎學金,日本文化,在若物和服會，我們每個月會在學生會大樓的日式房間舉辦一到兩次和服及浴衣穿著練習！我們也會舉辦其他輕鬆的活動，例如穿著和服漫步淺草、鎌倉、川越等地，以及參加與和服相關的活動！即使您從未穿過和服，練習兩三次後也能輕鬆駕馭，樂趣無窮♪ 我們也非常歡迎男士和國際學生加入！我們的活動包括：四月：和服穿著體驗及歡迎新成員的晚宴；五月：參加ICC日本文化活動，並讓國際學生體驗浴衣穿著；六月：在繡球花盛開的鎌倉漫步；八月：夏季派對及浴衣煙火表演；九月：前往京都、日光、秩父等地進行訓練營，遊客穿著專業老師和服服，在十一月參加越風：十一月和愛一切！,不限星期幾 / 16:30 起 / 學生會大樓內的日式房間,無,google_translate_zh_tw,llm_reviewed,Google Sheets GOOGLETRANSLATE zh-TW draft; structurally checked and normalized for Cantonese/Traditional Chinese site use.
C0242,3607,23d15e15baedba03,團隊茶道,獎學金,日本文化,在研究所的文化社團裡，我們是早稻田大學第一個茶道社團，每天都和來自七個以上國家的留學生一起練習茶道。茶道隊由來自學研都會三所大學的日本學生和國際學生組成，大家不分國籍、年齡和院校，團結合作。我們每年都會舉辦名為「國際學生男士茶道」的大型茶道活動，如今已成為北九州市的特色活動。最近，我們還組織了一次海外旅行。透過日本傳統文化，人們可以跨越國界，彼此建立聯繫。,每週三至週五 / 上午 11:00 至 下午 4:00 / 在東京學研市國際學生支援網絡 FORSNET 辦公室內,無,google_translate_zh_tw,llm_reviewed,Google Sheets GOOGLETRANSLATE zh-TW draft; structurally checked and normalized for Cantonese/Traditional Chinese site use.
C0243,3621,a594038def533a2e,寶可夢粉絲俱樂部早稻田分部,獎學金,日本文化,我們是早稻田大學唯一官方認可的寶可夢社團！我們每週的常規活動包括玩寶可夢遊戲和卡牌，以及其他各種寶可夢相關的活動。每個月月底，我們都會舉辦寶可夢遊戲錦標賽，所有社團成員都可參加。我們也會與其他大學的寶可夢社團進行交流活動，讓你認識更多熱愛寶可夢的朋友！除了寶可夢相關的活動，我們還會在春假和暑假期間舉辦晚宴、卡拉OK比賽、燒烤和訓練營等活動。今年，我們社團成員贏得了遊戲和卡牌遊戲的國內預選賽冠軍，成功晉級世界錦標賽！無論你是想“認真鑽研寶可夢！”還是“只是單純地喜歡寶可夢”，我們都是一個適合你的社團！如果你有興趣，請聯絡我們！,每週三下午 4:30 起，學生會大樓,無,google_translate_zh_tw,llm_reviewed,Google Sheets GOOGLETRANSLATE zh-TW draft; structurally checked and normalized for Cantonese/Traditional Chinese site use.
C0244,3738,e283599538f162b0,早稻田大學服裝研究學會,獎學金,日本文化,很多人會穿浴衣或和服，但能穿徠衣或鬢衣的人卻不多見。徠衣是一種相對輕便的活動服，常用於獵鷹和蹴鞠（日本傳統球類運動）等活動；而鬢衣則是朝覲皇室時所穿服飾的簡化版。我們的服裝研究社團，讓您有機會親身體驗平安時代那些日常生活中難得一見的服飾。我們會從最基礎的打結技巧開始，所以不需要任何經驗，只要勤加練習，人人都能學會。我們使用社團提供的服裝，所以您無需自行準備任何衣物。我們的主要活動是練習如何穿戴這些服飾，此外，我們還有機會為早期稻田祭的賓客提供服裝服務。讓我們一起感受這優雅的世界吧！,每週一次，時間不定/（如在工作日）下午6點開始/學生會大樓內的日式房間,無,google_translate_zh_tw,llm_reviewed,Google Sheets GOOGLETRANSLATE zh-TW draft; structurally checked and normalized for Cantonese/Traditional Chinese site use.
C0245,3061,86e938ad80fe84ee,國際事務研究小組,獎學金,獎學金,"今年的研究主題是「俄羅斯入侵烏克蘭、以色列入侵加薩以及東亞緊張局勢——審視美中俄衝突下的戰爭世界」。

/
/
/
/ 俄羅斯入侵烏克蘭兩年後，世界局勢日益動盪，美中衝突不斷加深，加劇了這一動盪。以色列入侵加薩始於去年十月，而東亞地區核戰風險迅速升級，台灣和朝鮮半島成為焦點。

/
/
/
/ 如今，面對戰爭、分裂、貧窮和壓迫，許多人飽受苦難，我們比以往任何時候都更需要面對當今世界。讓我們共同探討如何在抵制民族主義浪潮的同時，解決這些問題。

/
/
/
/ 我們的日常活動包括每週一次的社團會議。我們以報紙和新聞為資料，共同研究最新的國際議題。我們的研究成果將在早稻田文化節展出和展示。國際研究中心的真正魅力在於，它提供了一個透過合作研究來發展個人世界觀的機會。無需任何先驗知識。如果您有興趣，請在我們的官方LINE帳號上註冊。",每週一次 / 學生宿舍,無,google_translate_zh_tw,llm_reviewed,Google Sheets GOOGLETRANSLATE zh-TW draft; structurally checked and normalized for Cantonese/Traditional Chinese site use.
C0246,3059,dce12f9dee352ad4,思考戰爭、貧窮與環境協會,獎學金,獎學金,"我們是一個致力於探討和深入研究當前全球及日本議題的社團。我們希望透過這種方式，培養成員對現代世界危機的深刻理解能力，並建立對社會的紮實認知。本社團提供獨特的社內合作研究體驗，讓您收穫滿滿的成就感與成就感。此外，我們也計劃參與早稻田節的實地考察和展覽策劃。

/
/
/
/ [2024年，我們將開展以下研究↓]

/
/ 俄羅斯入侵烏克蘭的暴行已過去兩年多，繼以色列屠殺巴勒斯坦平民之後，美國、日本和中國如今又在東亞地區加劇了圍繞台灣的軍事衝突。日本岸田內閣已徹底放棄「專屬防禦」原則，正積極推動打造一個能夠與美國聯手發動先發制人打擊的「戰爭型國家」。

/

/

/
/ 今年，我們將探索如何超越已步入戰爭和大規模軍事擴張時代的現代世界。政府和自由民主黨提出的憲法修正案究竟意欲何為？前所未有的軍事集結的現實究竟是什麼？動員大學進行軍事研究的現實又是什麼？

/

/
/ 什麼是「普丁的戰爭」？是什麼驅使烏克蘭人民進行頑強抵抗？自詡為「社會主義」的蘇聯是如何崩潰的？ ——我們將圍繞「反對新法西斯主義」這個年度主題，探討這些問題。

/

/
/ 我們將不定期舉辦資訊交流會，歡迎各位前來參加！期待您的參與。",每週一到兩次/在學生會大樓E530俱樂部房間,Circle 網站已關閉,google_translate_zh_tw,llm_reviewed,Google Sheets GOOGLETRANSLATE zh-TW draft; structurally checked and normalized for Cantonese/Traditional Chinese site use.
C0247,3541,33bb50789ff4b46d,早稻田社會與環境工程研究組,獎學金,獎學金,"早稻田社會環境工程研究會（社研研）是一個旨在加深學生對社會環境工程興趣的社團。社研會由學習社會環境工程的學生組成，社會環境工程是一門支撐城市和國土的學科，涵蓋橋樑、隧道、河流和道路等各種結構。

社研會的主要活動包括交流土木工程資訊、每年舉辦2-3次工程現場參觀、社交聚會、參觀傑出土木工程建築。現場參觀活動讓會員有機會親身感受土木工程的宏大規模，並參觀東京都會區內外最新的建設項目。同時，會員也能從中了解施工流程等實際工作中的寶貴經驗。

會員有時也會組織城市漫步和短途旅行。擁有地理或民俗等多元化的背景知識，或許能讓你發現那些你習以為常的城鎮、道路和橋樑的新面貌！

此外，我們的活動地點位於西早稻田校區，這也是一大優點。該俱樂部成立於1974年，起源於一場河流工程研討會，歷史悠久。無論您是城市規劃、交通運輸和社區發展領域的資深人士，還是剛剛萌生興趣的初學者，只要對這方面感興趣，都歡迎加入。

[2025年活動紀錄]

* 澀谷步行遊覽（6月）

* 高速公路施工現場參觀（7月）

* 機場地鐵站施工現場參觀（7月）

* 印度尼西亞共和國實地考察及城市結構分析活動（8月）

* 港口考察（計劃於2026年1月進行）",幾乎每天 / 西早稻田校區,無,google_translate_zh_tw,llm_reviewed,Google Sheets GOOGLETRANSLATE zh-TW draft; structurally checked and normalized for Cantonese/Traditional Chinese site use.
C0248,3276,a64c6434c4676347,資格獲得者,獎學金,獎學金,我們社團旨在幫助會員取得各種資格證書，從求職實用的TOEIC考試和簿記，到國家級資格證書，例如房地產經紀人和理財規劃師，甚至還有一些趣味十足的證書，例如忍者證書和大阪燒證書。我們是一個跨校社團，擁有約150名成員。我們的日常活動包括：每週二和週四的第三、四、五節課，在學生會大樓內的社團活動室開放，供成員們學習準備和交流資訊。此外，我們還會利用週末時間來組織集體考試，並每月舉行一次例會。我們也會參加諸如百公里健行和早稻田祭等活動。在漫長的暑假和春假期間，我們會舉辦訓練營，所有參與者都會挑戰各種資格證書考試。在2016年的夏令營中，我們獲得了燒烤教練資格證書；在2017年的冬令營中，我們挑戰了滑雪和單板滑雪資格證書考試。在社團活動中，我們互相鼓勵、競爭，享受其中的樂趣。,每週二、四 / 13:00 - 18:00 / 學生會大樓,無,google_translate_zh_tw,llm_reviewed,Google Sheets GOOGLETRANSLATE zh-TW draft; structurally checked and normalized for Cantonese/Traditional Chinese site use.
C0249,3249,8c1b476286c763ea,教育教學圈 T 團隊（T 團隊）,獎學金,獎學金,T-team是早稻田大學唯一官方認可的教育社團。雖然我們乍看之下可能顯得嚴肅，但實際上社團氛圍友好，成員來自各院系，大家齊心協力！我們每週二和週四的第六節和第七節課進行活動。活動內容主要包括模擬授課，我們會進行實際的課堂教學，並討論教學中的優點和需要改進的地方。我們也會舉辦一些活動，讓大家共同參與教師資格證申請流程，例如課程註冊和教師資格認證表格的填寫。此外，我們也會舉辦實地考察和短途旅行，讓大家有機會結識志同道合的教師朋友。課後我們有時也會一起玩紙牌遊戲！具體的活動日期和詳情會發佈在X（原Twitter）和Instagram上。所有社團成員都期待著新成員的加入！,每週二、四 / 18:55 起 / 學生會大樓,無,google_translate_zh_tw,llm_reviewed,Google Sheets GOOGLETRANSLATE zh-TW draft; structurally checked and normalized for Cantonese/Traditional Chinese site use.
C0250,3555,341f94463333a635,臨床心理學研究小組,獎學金,獎學金,我們組織臨床心理學學習小組和心理學相關領域的志工活動。我們的主要活動包括協助復健機構的複習會進行社交技能訓練（SST），負責記錄筆記、在茶會上與參與者交流，以及與機構工作人員和SST導師一起回顧課程內容。無需任何特殊技能，您可以抱著社會觀察者的心態參與。我們也組織臨床心理學研究生入學考試學習小組，總結臨床心理學關鍵字，並準備臨床心理學研究生入學考試的歷年真題。這些學習小組在所澤校區或其他地點舉行，以方便參與者的時間安排。此外，我們以「蟄居族」（hikikomori，指社交退縮者）的身份參與「KHJ西東京萌之會」聚會場所Cosmos的月度會議，這是一個為蟄居族設立的自助小組，我們也以學生的身份參與志願活動。,每月第一個和第三個星期日 / 上午 8:30 - 上午 11:00 / 從高田馬場站步行 15 分鐘,無,google_translate_zh_tw,llm_reviewed,Google Sheets GOOGLETRANSLATE zh-TW draft; structurally checked and normalized for Cantonese/Traditional Chinese site use.
C0251,3765,2b81101a20d029d2,科學與工程學術圈 Wathematica,獎學金,獎學金,"Wathematica 是理工科學生的學術社團，主要活動於西早稻田校區！對數學、物理、資訊科學及其他相關領域有興趣的學生聚集於此，進行自主研討活動。

/
/
/
/ 在 Wathematica，您可以自由選擇有興趣的主題，並以研討的形式深入探討。大學學習如果獨自進行可能會充滿挑戰，但透過與同儕合作，您可以保持學習動力，加深理解。此外，定期舉辦的社交聚會、年度報告和學術研討會等活動也有助於增進成員間的友誼。

/
/
/
/ 雖然大多數成員是理工科學生，但來自各個系所的成員數量每年都在增加。我們也熱烈歡迎對理工有興趣的人文科學生加入！

/
/
/
/ Wathematica 是一個分享學習熱情、獨立思考、加深理解的地方。如果您有興趣，歡迎加入我們的活動。讓我們一起加深知識，享受新的發現與互動。",工作日（不規則的時間表）/ 空閒時間或第 5 和第 6 節課期間 / 61 號樓的學習共享空間等。,無,google_translate_zh_tw,llm_reviewed,Google Sheets GOOGLETRANSLATE zh-TW draft; structurally checked and normalized for Cantonese/Traditional Chinese site use.
C0252,3794,205c0b49706c6e1e,早稻田大學問題創建圈,獎學金,獎學金,"【活動】

早稻田大學問題創作社（以下簡稱「問題創作社」）創作涵蓋各種學科的問題！從數學、物理、化學、生物等理科科目，到英語、日本歷史、世界歷史、日本現代文學等人文科目，甚至還有成員創作家事、資訊科技等小眾學科的問題！當然，我們不僅歡迎高中生的問題，也歡迎國中生和小學生的問題！快來創作屬於你自己的原創問題吧！

【參與方式】

我們曾成功創立「全國問題創作社聯盟」！我們擁有Discord伺服器，匯聚了來自全國各地的問題創作社團。這是一個與不同背景人士交流的絕佳機會！

我們每年舉辦兩次訓練營。透過問題創作活動和休閒活動，你可以認識各年級的朋友！

我們會在早稻田文化節/科學與工程展覽會上出售會員創作的原創問題集。何不將你最喜歡的問題也加入問題集中呢！ ？

我們也與其他大學保持著積極的交流！過去，我們曾舉辦過合作模擬考和早稻田大學與慶應義塾大學的對抗賽等活動！

【社團特色】我們歡迎大家提出任何科目的問題！

作為跨校社團，我們歡迎其他大學的學生加入！

不太有自信自己的酒量！","星期一、星期三、星期四，第五節和第六節課

我們經常使用3號樓的教室！",無,google_translate_zh_tw,llm_reviewed,Google Sheets GOOGLETRANSLATE zh-TW draft; structurally checked and normalized for Cantonese/Traditional Chinese site use.
C0253,3088,17bb71d203be8041,鐵路研究協會（WRC）,獎學金,嗜好,早稻田大學鐵路俱樂部（WRC）是日本規模最大的大學鐵路俱樂部之一。俱樂部全年舉辦各種活動，包括每月例會、夏令營以及早稻田節展覽等，旨在匯聚鐵路愛好者，增進彼此間的友誼。俱樂部成員構成多元，從休閒愛好者到資深鐵桿粉絲，每個人都以自己的方式加深對鐵路的了解。 「鐵路愛好」涵蓋了攝影、火車模型製作、車輛研究等廣泛的活動。因此，俱樂部設立了多個“分會”，讓成員們能夠根據自身興趣開展活動，並深入探索特定領域。俱樂部的主要活動包括新生入學迎新期間的賞櫻活動、火車模型操作體驗、包車遊覽以及夏令營。夏令營期間，成員們自行選擇路線出行，在目的地集合和解散，並始終包含參觀鐵路車輛段的環節。我們每年都會參加早稻田節，展出大型鐵路模型佈局、鐵路照片和零件，展現各小組委員會的綜合專業知識。我們也出版名為《調車員》（Switcher）的期刊，向大眾展示會員們的研究成果。此外，我們也會收到雜誌和電視台的採訪邀請，以及與鐵路相關的工作邀約。在早稻田鐵路俱樂部（WRC），您能體驗許多獨一無二的體驗。如果您對此有興趣，歡迎隨時光臨我們在學生會大樓內的俱樂部活動室！,每週一至週六 / 學生會大樓，E516 俱樂部房間（自願參加）,無,google_translate_zh_tw,llm_reviewed,Google Sheets GOOGLETRANSLATE zh-TW draft; structurally checked and normalized for Cantonese/Traditional Chinese site use.
C0254,3277,e6be91b5ce63f8f2,自助餐廳研究小組,獎學金,嗜好,成立於1999年的早稻田大學食堂研究社是日本歷史最悠久的大學食堂研究社。該社團利用其獨創的研究報告，每六個月對大學食堂進行評估並發布排名。這份排名備受矚目，社團也曾與許多媒體合作，包括Mezamashi TV、World Business Satellite、《朝日周刊》和J-WAVE！社團全年都會造訪各大學的食堂，不僅限於早稻田大學。此外，他們每年還會舉辦兩次“食堂考察之旅”，分別在八月和三月。這些考察之旅讓社員們有機會前往遠方的食堂，體驗與日常食堂研究活動不同的樂趣。社團成員以輕鬆自在的方式參與日常活動，每週約兩到三次。入會要求之一是至少參加三次例行的食堂考察活動，歡迎大家加入我們！,東京學校食堂不時營業,無,google_translate_zh_tw,llm_reviewed,Google Sheets GOOGLETRANSLATE zh-TW draft; structurally checked and normalized for Cantonese/Traditional Chinese site use.
C0255,3486,e1e4afe75e9d23e1,特效委員會,獎學金,嗜好,本俱樂部致力於觀賞特攝作品，廣泛涉獵運用特效技術的影像作品。我們的目標有三：首先，與大家一起享受觀影的樂趣；其次，重新發掘特攝作為日本傳統技法的價值；第三，分析評價其藝術性和表現力，並從中發現新的價值。為此，我們自費出版各類主題論文集，每年在Comic Market上發行兩次。我們的活動分為常規活動和特別活動。在常規活動中，我們會定期集體觀看3-4季的特攝作品；特別活動中，我們會根據需要參與各種與特攝相關的活動。此外，我們還會在春夏兩季組織大型旅行團，使我們成為一個不僅滿足興趣愛好、增長知識，還能促進成員間積極互動的俱樂部。根據活動的不同，我們可能會接觸到各種類型的錄像作品，例如動畫和電影，而不僅僅是特攝片，從而拓寬每個人的視野，培養他們的美學意識。,每週三下午 4:30 和每週六下午 1:00 / 學生會大樓,無,google_translate_zh_tw,llm_reviewed,Google Sheets GOOGLETRANSLATE zh-TW draft; structurally checked and normalized for Cantonese/Traditional Chinese site use.
C0256,3799,9af6186693b4df9c,無,獎學金,嗜好,暫無相關資訊。,暫無相關資訊。,無,google_translate_zh_tw,llm_reviewed,Google Sheets GOOGLETRANSLATE zh-TW draft; structurally checked and normalized for Cantonese/Traditional Chinese site use.
C0257,3800,9af6186693b4df9c,無,獎學金,嗜好,暫無相關資訊。,暫無相關資訊。,無,google_translate_zh_tw,llm_reviewed,Google Sheets GOOGLETRANSLATE zh-TW draft; structurally checked and normalized for Cantonese/Traditional Chinese site use.
C0258,3801,9af6186693b4df9c,無,獎學金,嗜好,暫無相關資訊。,暫無相關資訊。,無,google_translate_zh_tw,llm_reviewed,Google Sheets GOOGLETRANSLATE zh-TW draft; structurally checked and normalized for Cantonese/Traditional Chinese site use.
C0259,3802,5264a1e14a711a3c,早稻田大學幻想鄉研究會,獎學金,嗜好,"我們是早期稻田大學的東方Project社團「幻想鄉研究會」（Gesokyo Research Society），又名「幻想鄉研究會」（Geso-ken）！

/
/
/
/・活動？ <線下活動>

/
/我們定期進行線下活動，包括原創東方Project射擊遊戲和東方Project同人桌遊！

/
/除了以上活動，我們也會在上課日的放學後不定期舉辦小型活動！

/
/
/
/・活動？ <線上活動>

/
/我們主要使用Discord進行交流，透過語音聊天直播原創遊戲，並多人一起玩東方TRPG！

/
/
/
/・活動？ <參與活動>

/
/我們會參加每年5月和11月在東京國際展覽中心（Tokyo Big Sight）舉辦的「博麗神社例大祭」！

/
/在例大祭上，我們會製作並發行社團聯合刊物《幻想鄉與譜》（Gensokyo Nenpo）！

/

/我們每年都會參加早稻田祭，準備各種活動，例如原創遊戲試玩！

/

/
/・活動？ 〈訓練營〉

/
/在長假期間（春季和夏季），我們會進行社團訓練營！

/
/在訓練營中，我們會前往東方Project的地點進行朝聖之旅，一起享受桌遊和原作的樂趣！

/
/以往的訓練營地點主要包括諏訪、京都、日光和佐渡！

/

/
/・會費

/
/會費全年收取。金額每年有所不同，但大約在2000-3000日元之間。

/

/
/・加入

/
/我們全年接受新成員！歡迎高校學生和國際學生加入！

/
/請透過私訊GesokenX (@studyoftoho)或Gmail與我們聯繫！","線下活動每月約舉辦一到兩次（約13:00-19:00），地點包括學生會大樓、教室、早稻田校園內的會議室等。

此外，也會不定期舉辦小型活動。線上交流也透過Discord等平台進行。",無,google_translate_zh_tw,llm_reviewed,Google Sheets GOOGLETRANSLATE zh-TW draft; structurally checked and normalized for Cantonese/Traditional Chinese site use.
C0260,3803,9af6186693b4df9c,無,獎學金,嗜好,暫無相關資訊。,暫無相關資訊。,無,google_translate_zh_tw,llm_reviewed,Google Sheets GOOGLETRANSLATE zh-TW draft; structurally checked and normalized for Cantonese/Traditional Chinese site use.
C0261,3804,9af6186693b4df9c,無,獎學金,嗜好,暫無相關資訊。,暫無相關資訊。,無,google_translate_zh_tw,llm_reviewed,Google Sheets GOOGLETRANSLATE zh-TW draft; structurally checked and normalized for Cantonese/Traditional Chinese site use.
C0262,3798,0d890b05e2ed3925,早稻田大學 Vocaloid 粉絲俱樂部,獎學金,嗜好,早稻田大學Vocaloid粉絲俱樂部是一個面向所有熱愛合成語音（包括VOCALOID）的學生社團。我們的日常活動包括分享我們最喜歡的Vocaloid歌曲、舉辦Vocaloid相關知識問答、一起去KTV等，旨在促進成員間的交流互動。此外，我們也會舉辦Vocaloid DJ活動並參與大學文化節。在這些活動臨近時，除了日常活動外，我們還會進行一些準備工作。我們歡迎所有對Vocaloid了解程度不限的新成員加入。此外，作為一個跨校社團，我們也歡迎非早期稻田大學的學生加入。,不定時 / 下午 5:30 / 學生會大樓,無,google_translate_zh_tw,llm_reviewed,Google Sheets GOOGLETRANSLATE zh-TW draft; structurally checked and normalized for Cantonese/Traditional Chinese site use.
C0263,3781,25611fd62b3e5e49,早稻田大學虛擬主播研究組,獎學金,嗜好,"我們是早稻田大學唯一官方認可的VTuber社團！

/
/
/■VTuber企劃與管理（VTuber）

/
/目前，我們負責管理第二位官方VTuber「早見五月」。

/
/我們也在籌備第三位官方VTuber！

/
/我們社團內部負責所有事務，包括規劃、模型製作、影片剪輯和公關。

/
/
/■出版活動（編輯部）

/
/我們會參加漫畫市集、文學跳蚤市場等活動，並發行社團雜誌《VTrue》和研究期刊《早稻田V學》！

/
/我們允許社團成員作為銷售人員參加活動，因此除了大約兩小時的輪班時間外，您可以享受由社團承擔的入場費！

/

/

/■與其他大學的互動
/
我們是關東虛擬學生聯盟（V-Uni）的成員，並參與聯合活動和交流活動。

/
您也可以認識其他大學的虛擬主播愛好者，拓展您的社交圈！

/

/■其他活動

/
任何成員都可以提出並實施與社團目標相關的新活動，例如虛擬主播或VR相關活動！

/
我們將根據需要為每項活動（項目）提供資金。

/

/■會員費

/
第一學期免費！

/
從下一學期開始，我們將收取每學期1000日元（每年2000日元）的會員費。

/
收取的會員費將用於虛擬相關的營運、出版物製作以及書籍和設備的購買。

/

/

/■標籤

/虛擬YouTuber、VR、出版、研究、Comiket、BunFuri、同人誌、早稻田V-Lab、早稻田VTuber實驗室",持續進行/主要在線進行，根據需要進行線下授課,其他連結（失效連結）,google_translate_zh_tw,llm_reviewed,Google Sheets GOOGLETRANSLATE zh-TW draft; structurally checked and normalized for Cantonese/Traditional Chinese site use.
C0264,3770,93f7f2a1affab526,早稻田大學占卜研究社,獎學金,嗜好,"早稻田大學占卜社是早稻田大學唯一官方認可的占卜社團。

/
/
/
/ 您可以學習各種占卜方法，包括手相、塔羅牌、西方占星術、四柱八字、紫微鬥數、符文以及瑪雅歷占星術。

/
/
/
/ 我們每週二都會舉辦輕鬆的活動。主要活動包括互相占卜、討論塔羅牌解讀以及一起閱讀書籍和觀看影片學習。活動結束後，我們還會一起外出用餐。

/
/
/
/ 此外，我們還會舉辦許多有趣的活動，例如在早稻田祭上非常受歡迎的占卜活動、專家講座、訓練營以及參與校外活動！

/
/
/
/ 參加活動完全自願。您可以選擇只參加週末活動或訓練營。這是一個您可以按照自己的步調享受其中的社團！

/

/

/
/ 歡迎所有新生、其他大學的學生、二、三年級學生、國際學生。

/

/
/ 我們全年歡迎訪客前來參觀我們的活動並結識新成員。如果您有興趣，請透過 Instagram 或 X（原 Twitter）私訊與我們聯繫！",每週二下午 5:30 至 8:00，高田馬場附近,無,google_translate_zh_tw,llm_reviewed,Google Sheets GOOGLETRANSLATE zh-TW draft; structurally checked and normalized for Cantonese/Traditional Chinese site use.
C0265,3784,e5415c5b6b91cd68,早稻田戲劇研究會,獎學金,嗜好,"早稻田戲劇研究社是成立於2022年的早稻田大學學生社團。

我們的常規活動包括每週一在3號樓或租用的場地觀看日劇，並參與與戲劇相關的娛樂活動。我們喜歡觀看由投票選出的劇集。

除了例行活動外，我們也會不定期舉辦一些活動，例如勘景和探訪拍攝地點。雖然我們主要在東京及其周邊地區活動，但偶爾也會前往你最喜歡的電視劇的拍攝地進行更長的旅行！你甚至有可能參觀你最喜歡的電視劇的拍攝地點。

我們也參與各種與戲劇相關的活動，包括獨立電視劇製作、戲劇訊息傳播以及參與電視劇的群眾演員拍攝。

我們每年舉辦兩次靜修活動和許多其他活動，所以無論你是不是電視劇愛好者，都能找到自己喜歡的活動！

我們隨時歡迎試聽會員和新會員加入。期待你的加入！",每週一 / 19:00 / 3號樓，出租空間,無,google_translate_zh_tw,llm_reviewed,Google Sheets GOOGLETRANSLATE zh-TW draft; structurally checked and normalized for Cantonese/Traditional Chinese site use.
C0266,3786,e9387a31c362078e,早稻田樂高積木研究小組,獎學金,嗜好,"我們是早稻田大學唯一的樂高社團，每週大約聚會一次（具體日期不定）。雖然我們主要在西早稻田校區活動，但也有許多來自其他系（非理工科）甚至其他大學的學生加入我們！

我們創作各種各樣的樂高作品，從基礎模型到類似魯布·戈德堡機械那樣的可動樂高裝置，應有盡有。我們的作品會在校內文化節和校外展覽中展出。除了樂高搭建，我們還會舉辦各種活動，例如參觀樂高商店和樂高聯誼活動。

我們將在社交媒體上分享我們的樂高作品和活動，如果您有興趣，歡迎關注！

我們歡迎所有樂高愛好者、曾經玩過樂高並懷念樂高時光的人以及樂高新手！

我們全年招募新成員，歡迎隨時透過社群媒體私訊聯繫我們！","每週一次（日期不定）

平日：下午 5 點 - 7 點 / 西早稻田校區

週末：下午 2 點 - 5 點 / 學生會大樓",無,google_translate_zh_tw,llm_reviewed,Google Sheets GOOGLETRANSLATE zh-TW draft; structurally checked and normalized for Cantonese/Traditional Chinese site use.
C0267,3529,7490a2ba73954ad3,早稻田大學航空航天研究協會,獎學金,科技,早稻田大學航空航天研究會（WASA）是理工學部正式認可的最大製造類社團。該社團透過四個項目進行活動：旨在設計、製造和運營人力飛行器以參加“鳥人”飛行大賽的“鳥人計劃”；組織觀測活動、學習小組並建造天文館的“天文計劃”；旨在通過建造飛機機器人和無線電遙控自動駕駛系統來鞏固和發展WASA內部電氣工程技術的“電氣工程計劃”；以及建造衛星模型和CanSat”。 WASA歷史悠久，成立於1960年代的早稻田大學，當時該校還沒有專門的航空航天系，其宗旨是「不受系別限制地開展航空航天領域的研究」。 WASA培養了眾多傑出校友，其中包括日本宇宙航空研究開發機構（JAXA）的工作人員，並且定期舉辦交流活動。目前，本社團與其他大學合作，與包括日本女子大學在內的多所大學的學生共同活動。日本女子大學是WASA（世界女子學生協會）的官方認可院校。歡迎初學者！也歡迎加入多個社團！活動可依個人需求量身訂做！,日租/出租房產、學生宿舍、手工藝工作室,無,google_translate_zh_tw,llm_reviewed,Google Sheets GOOGLETRANSLATE zh-TW draft; structurally checked and normalized for Cantonese/Traditional Chinese site use.
C0268,3540,d957e595a43688e8,早稻田大學微型小鼠俱樂部,獎學金,科技,"在早稻田大學微型機器人俱樂部 (WMMC)，即使是初學者也能在資深成員的指導下輕鬆建造機器人！

/
/ 俱樂部名稱中的「微型機器人」指的是一種小型自主迷宮導航機器人。在早稻田大學微型機器人俱樂部，每位成員都會建造自己的微型機器人。因此，您可以參與機器人搭建的整個過程，並根據自己的時間表進行建造。此外，俱樂部還提供預先設計和編程的標準微型機器人模型，方便初學者上手。

/
/ 在建造微型機器人的過程中，您可以學習到與機器人建造相關的技能，例如機械設計與製造、電子電路設計與焊接以及 C 和 C++ 程式設計。我們也計劃參加每年舉辦的三項微型機器人比賽。

/
/ 除了迷你機器人比賽之外，我們還計劃參加筑波挑戰賽，這是一項機器人自主導航筑波市街道的比賽。本次比賽，俱樂部志工將齊心協力，以團隊形式搭建一台機器人。

您只需支付機器人材料費；無需繳納會員費或年費。我們也提供夏令營和冬令營。無論您是機器人搭建新手還是經驗豐富的愛好者，如果您有興趣，歡迎前來了解！",• 每週六 / 上午 10:00 - 下午 5:00 / 手工藝工作坊 • 志工在學生會大樓舉辦不定期活動,無,google_translate_zh_tw,llm_reviewed,Google Sheets GOOGLETRANSLATE zh-TW draft; structurally checked and normalized for Cantonese/Traditional Chinese site use.
C0269,3624,68610831613e5291,早稻田方程式項目,獎學金,科技,我們的「學生方程式賽車」計畫旨在讓學生自主研發方程式賽車（類似F1賽車的單座開輪式賽車）。各大學的學生車隊將展開角逐，爭奪最佳賽車的頭銜。在國際公認的規則架構下，各車隊每年規劃一款賽車，利用3D CAD軟體進行設計和分析，然後透過機械加工和焊接等工藝製造賽車。他們還將透過大量的駕駛測試來評估和改進賽車，力爭在日本學生方程式賽車大賽中打造最快的賽車。比賽不僅檢視賽車性能，還檢視駕駛技巧、燃油效率、成本控制和商業計劃，從而培養學生全面的「製造」技能。資金籌措、零件和材料採購、贊助商談判、目標管理和進度管理也是專案管理的重要組成部分。親手打造一輛真正的賽車並組建一支車隊固然充滿挑戰，但當我們親手打造的賽車馳騁在賽道上，並且速度超越其他所有車隊時，那種成就感是無與倫比的。如需了解更多詳細資訊和日常活動的最新動態，請造訪我們的團隊網站。我們衷心感謝您的支持與鼓勵。我們一直在尋找新的團隊成員！,每日/上午 9:00 - 下午 6:00/西早稻田校區，製造車間（週六和週日有許多校外車間！）,無,google_translate_zh_tw,llm_reviewed,Google Sheets GOOGLETRANSLATE zh-TW draft; structurally checked and normalized for Cantonese/Traditional Chinese site use.
C0270,3547,2d495150cfe1ed47,早稻田電腦娛樂,獎學金,科技,早稻田電腦娛樂社（簡稱WCE）是一個透過電腦創意計畫教授程式設計、插畫、3DCG、桌上音樂（DTM）和遊戲設計的社群。我們於2011年在早稻田大學成立，並曾參與科學與工程展（大學節）、Comic Market、Comitia和M3等活動。自2014年6月起，我們正式註冊成為理工學部認可的社團。許多人想嘗試程式設計、插畫或音樂製作，卻不知從何入手，或獨自創作感到孤獨。 WCE正是為這些人而設，匯集志同道合的人們，指導他們入門，幫助他們踏出創作世界的第一步——儘管這個世界近在咫尺，卻似乎遙不可及。經驗豐富的成員會耐心指導初學者，而且只要是創意活動，都是免費的，所以你一定能創作出自己想要的作品。此外，我們整個團隊也會為科學與工程展覽會（大學節）創作完全原創的遊戲，並製作插畫集和音樂CD在校外活動中展出。因此，即使是那些想創作但沒有具體目標的人，也能享受創作的樂趣。何不加入我們，一起踏入創作的世界？,每週三、五 / 下午 6:00 起 / 西早稻田校區,無,google_translate_zh_tw,llm_reviewed,Google Sheets GOOGLETRANSLATE zh-TW draft; structurally checked and normalized for Cantonese/Traditional Chinese site use.
C0271,3291,a4531eeef5b84cca,早稻田大學 ROBOSTEP,獎學金,科技,大學生活是一生一次的體驗，何不投入自己熱愛的事物呢？ ROBOSTEP 是經大學認可的機器人社團，我們每天都以贏得 NHK 學生機器人大賽為目標而奮鬥。我們曾在 2015 年贏得 NHK 學生機器人大賽冠軍，2019 年獲得亞軍，並已連續五年參賽。由於 NHK 學生機器人大賽的規則每年都在變化，我們每年都會從零開始設計機器人以適應新的規則。社團分為“設計組”和“電子組”，分別負責機械設計、加工組裝、電路設計、控制系統等工作，並團隊合作打造大型比賽機器人。從第一年開始，我們就參加新手賽和社團間比賽，從基礎做起，不斷磨練技能，所以即使你無經驗也不用擔心。我們歡迎所有積極進取的學生加入，不限年級、專業或經驗程度。如果你真的熱愛創造，那就加入我們吧！如果你想參加機器人競賽！如果你想製作機器人！請來參觀我們這裡！,例會每週三下午6點舉行，個人空閒時間可進行各種活動/手作坊,無,google_translate_zh_tw,llm_reviewed,Google Sheets GOOGLETRANSLATE zh-TW draft; structurally checked and normalized for Cantonese/Traditional Chinese site use.
C0272,3042,a4ccf9dd3f80cd99,早稻田守護者,媒體・出版,發布,我們社團主要進行兩項活動。首先，我們製作並發行一份免費的英文報紙。社團成員提出自己想做的項目，然後實際採訪各界名人，並組織圓桌討論，最終撰寫出引人入勝的文章。其次，我們製作並銷售一本名為《早稻田精神》的雜誌，面向未來的學生。這本雜誌以「只有在早稻田大學就讀的學生才能展現的早稻田的真實面貌」為主題，由社團成員親自策劃並執行各種項目，力求為讀者帶來愉悅的閱讀體驗。雜誌的銷售範圍遍及日本全國，從北海道到九州。這些活動的獨特之處在於，在撰寫文章時，我們可以根據文章內容來採訪各界名人，並構思和執行只有學生才能完成的創新專案！,每週二/下午6:30/學生會大樓,無,google_translate_zh_tw,llm_reviewed,Google Sheets GOOGLETRANSLATE zh-TW draft; structurally checked and normalized for Cantonese/Traditional Chinese site use.
C0273,3641,3c2d5c98691cf45b,早稻田大學大眾傳播研究學會,媒體・出版,發布,"大眾傳播研究社分為四個小組：計畫小組、訪談小組、設計小組、文學小組。這些小組負責製作免費雜誌《早稻田吉》（Wasekichi）並在網路上發表文章。

/
/
/
/ 企劃小組根據成員的興趣和關注點，為《早稻田吉》撰寫文章。採訪小組以大學生的獨特視角進行採訪，而文學小組的成員則創作小說、散文等作品。設計小組則根據其他小組的文章和作品，設計雜誌的版面，最後完成《早稻田吉》的製作。許多成員在文章創作和設計方面都是新手，但他們從零開始學習，並在與其他成員的合作中不斷磨練技能！

/
/
/
/ 此外，在早稻田文化節上，我們每年都會邀請知名人士進行講座和訪談。過去，我們曾邀請過來自各領域的嘉賓，包括作家京極夏彥和早峰薰，以及作詞作曲家杉山克彥。

當然，除了嚴肅的活動之外，我們還會舉辦許多活動，例如靜修和一日遊，讓會員們有機會加深彼此的友誼！我們每週舉辦四天活動，您可以彈性安排參與頻率，因此也可以同時加入其他社團。無論您是否對出版或設計感興趣，我們都非常歡迎您的加入。讓我們在大眾傳媒研究社將您的「嗜好」和「興趣」變成現實吧！",每週二、週四、週五/第五或第六堂課/富山校區學生會大樓（活動日期和時間可能會因課程延長而有所變更。詳情請關注我們的官方推特帳號。）,無,google_translate_zh_tw,llm_reviewed,Google Sheets GOOGLETRANSLATE zh-TW draft; structurally checked and normalized for Cantonese/Traditional Chinese site use.
C0274,3267,08c656ee5d54bd71,早稻田連結,媒體・出版,發布,"我們是早稻田Links，一個官方認可的學生組織。我們的主要活動包括每年春秋兩季出版免費刊物，經營網路媒體平台，發布其他資料，以及策劃活動。

/
/
/
/ 我們的免費刊物每期都有不同的主題（例如，「選擇」、「思考二元對立」、「清晨」、「失去」），我們嘗試透過訪談、專欄、設計和攝影文章等多種方式來探討主題。由於我們免費發行，因此能夠打造一份反映學生生活獨特煩惱和焦慮的雜誌，使其與商業市場保持一定的距離。

/
/
/
/ 我們提供豐富的活動，包括文章寫作/編輯、設計、攝影和影片製作。

/
/
/
/ 我們提供一個環境，​​讓您加入後能夠獲得必要的技能，因此無論您是初學者還是經驗豐富的人，只要有興趣，都能在這裡茁壯成長。

/

/

/ 如果你是大學生，想要追求自己的興趣愛好或嘗試一些新鮮事物，歡迎來訪！",每週三，第六堂課 / 學生會大樓,無,google_translate_zh_tw,llm_reviewed,Google Sheets GOOGLETRANSLATE zh-TW draft; structurally checked and normalized for Cantonese/Traditional Chinese site use.
C0275,3245,73e9840679622cc8,出版甲子園執行委員會,媒體・出版,發布,"出版甲子園大賽秉持著「將商業出版帶給學生」的願景，致力於連結擁有獨特創意的學生與出版社。

我們的主要活動包括：全國學生徵集提案，由會員進行多輪評審，最後由資深編輯進行決賽評審。優秀提案將獲得商業出版機會。過去20年間，已有43本書籍透過我們的計畫成功出版。

籌備委員會負責提案評審，並為參賽者提供賽前準備支援。我們也會與許多業內人士交流互動，包括知名人士和專業編輯，他們會作為嘉賓出席決賽。 ……雖然聽起來工作量很大，但您不必擔心。我們的資深會員都非常友善風趣，我們尊重每個人的時間安排，也歡迎同時參與其他社團的學生加入！

何不體驗「連結有出版夢想的學生與出版社」的獨特經驗呢？","每月召開一次全體會議。

會議一般每週召開一次，但具體情況因人而異。會議地點包括富山校區、東京大學駒場校區、線上。",無,google_translate_zh_tw,llm_reviewed,Google Sheets GOOGLETRANSLATE zh-TW draft; structurally checked and normalized for Cantonese/Traditional Chinese site use.
C0276,3246,ec08e3809dd81f98,出版機構 ENJI,媒體・出版,發布,"ENJI 是一個成立於 2009 年 10 月的學生社團，其理念是「用時尚改變早稻田」。

/
/ 我們的主要活動是每年出版三期免費雜誌（春夏刊、秋刊和冬刊）。雜誌中的模特兒皆為早稻田大學的學生，所有工作都由我們自己完成：尋找模特兒、搭配服裝、拍攝照片，以及使用編輯軟體設計雜誌的版面和排版。我們也透過開展對外活動、爭取企業和餐廳的贊助來籌集資金。

/
/ 社團氛圍友善融洽，成員之間不分資歷都能相處融洽。一群熱愛時尚和文化的多元化群體聚集在一起，享受著共同工作的樂趣！",每週一/下午6:30/學生會大樓,Circle 網站已關閉,google_translate_zh_tw,llm_reviewed,Google Sheets GOOGLETRANSLATE zh-TW draft; structurally checked and normalized for Cantonese/Traditional Chinese site use.
C0277,3544,1b4573fac03991e8,視角研究小組,媒體・出版,溝通,"透視研究小組是一個以早期稻田大學為中心的建築參觀社團。成員來自包括日本女子大學、橫濱國立大學、明治大學和東京大學在內的多所大學。我們每月舉辦一次參觀活動，主要參觀東京地區由著名建築師設計的建築。此外，我們在春假和暑假期間還會組織兩次為期四至五晚的“建築之旅”，參觀地點不僅限於東京及其周邊地區，還會擴展到其他地區。


/
/
/
/ 在聆聽資深會員的講解時，您可以體驗到雜誌和照片無法呈現的建築之美。透過與其他大學的學生互動交流，您可以獲得豐富的建築知識，從而更好地理解建築。


/
/
/
/ 無論您是想學習建築、加深對建築的了解，或是不是建築系學生，亦或是國際學生，都歡迎加入我們！",每月一次（主要在週六和週日）/東京都市圈（視地點而定）,無,google_translate_zh_tw,llm_reviewed,Google Sheets GOOGLETRANSLATE zh-TW draft; structurally checked and normalized for Cantonese/Traditional Chinese site use.
C0278,3145,5a1aa119f82e6639,動畫俱樂部（WALT）,媒體・出版,溝通,"動畫社（WALT）是一個以觀看動畫為主的「消費型」社團。它是早稻田大學官方認可的社團，甚至擁有自己的社團活動室。 ←這是優勢！活動室配備了電腦，讓我們幾乎可以觀看所有你能想到的動畫，從經典老片到最新熱播的應有盡有。除了動畫，我們還有豐富的桌遊、漫畫和輕小說。因此，WALT的成員不僅包括動畫宅，還有各種各樣的其他宅友潛伏在活動室裡。 WALT沒有固定的活動日期和時間；成員可以隨時來活動室參與，活動形式非常靈活。社團的另一項重要成就是「參加Comic Market」。在這個通常被稱為Comiket的活動中，成員們會合作製作和銷售小冊子。 /
///

///

///

///

///

///

///

///",當會員在俱樂部活動室 - 學生會大樓 E504 室,無,google_translate_zh_tw,llm_reviewed,Google Sheets GOOGLETRANSLATE zh-TW draft; structurally checked and normalized for Cantonese/Traditional Chinese site use.
C0279,3491,e0875990e5250f7c,早稻田模擬聯合國學習小組,媒體・出版,溝通,簡而言之，模擬聯合國是一項模擬國際會議的活動。模擬聯合國活動遍布世界各地，而早稻田大學模擬聯合國研究小組每週二第六堂課在早稻田大學舉行例行活動。您可以參加會議營、全國性會議以及海外會議！我們致力於在會議之餘營造輕鬆愉快的氛圍，並組織豐富多彩的活動，例如休閒營。如有任何疑問，請透過各種社交媒體或電子郵件與我們聯繫！,每週二/第六節和第七節課/學生會大樓或大學附近的設施。,無,google_translate_zh_tw,llm_reviewed,Google Sheets GOOGLETRANSLATE zh-TW draft; structurally checked and normalized for Cantonese/Traditional Chinese site use.
C0280,3271,573eebbee5cb8199,輝光,媒體・出版,溝通,除了每月舉辦的活動外，GLOW 還舉辦各種各樣的活動，包括每月例會、午餐聚會、學習小組，以及最近在早稻田文化節上進行的戲劇表演和電影製作。他們還擁有一個專屬的社團活動室，供成員們課間休閒娛樂。透過這些豐富多彩的活動，GLOW 為 LGBTQ+ 學生提供了一個彼此建立深厚友誼的平台。,每日根據需要。由於俱樂部的特殊性質，相關資訊不對外公開。,無,google_translate_zh_tw,llm_reviewed,Google Sheets GOOGLETRANSLATE zh-TW draft; structurally checked and normalized for Cantonese/Traditional Chinese site use.
C0281,3570,7b2052017820c4e8,電子學習溝通研究小組（ELC）,媒體・出版,溝通,本社團由就讀人類科學學院電子學院的學生組成，電子學院以線上學習為主要教學方式。因此，我們需要一個學生間的交流平台。每年，我們都會策劃並舉辦各種活動，為成員們提供資訊分享和增進友誼的空間。我們的主要活動包括春季迎新慶祝活動、早稻田大學對陣慶應義塾大學的棒球比賽加油助威、夏令營學習小組以及研討會籌備會議。三月份，我們會舉辦畢業典禮，屆時師生將共同慶祝即將畢業的學長學姐，為在校學生創造一個充滿意義的學習氛圍，激勵他們繼續努力學習。未來，我們將繼續積極開展這些活動，並努力成為遠距學習學生之間「友誼與熱情的橋樑」。,不定期/學生會大樓/人文科學學院教室,無,google_translate_zh_tw,llm_reviewed,Google Sheets GOOGLETRANSLATE zh-TW draft; structurally checked and normalized for Cantonese/Traditional Chinese site use.
C0282,3750,a15ce53e787772ca,重新思考時尚 早稻田,媒體・出版,溝通,Rethink Fashion Waseda (ReF) 以「將永續時尚融入生活方式」為願景，透過社群媒體傳播易於學生融入日常生活的永續時尚訊息。他們的目標是提高人們對永續時尚的思考和行動。截至2024年，他們的主要平台Instagram已擁有超過3000名粉絲。他們也透過舉辦活動（例如復古服裝跳蚤市場和海灘清潔活動）以及與WWD、JanSports和《日經新聞》等時尚雜誌合作，拓展學習和行動，致力於建立一個更環保、更人性化的永續社會。,每月最後一個星期日 / 晚上9點 / 線上（Zoom）,無,google_translate_zh_tw,llm_reviewed,Google Sheets GOOGLETRANSLATE zh-TW draft; structurally checked and normalized for Cantonese/Traditional Chinese site use.
C0283,3084,597f0b310985cb4f,廣告研究集團,媒體・出版,媒體,"我們的廣告研究俱樂部將廣告視為“能夠打動人心的事物”，我們每天研究廣告如何改變日常生活。這廣泛的定義直接促成了我們豐富多彩的活動和多元化的成員組成。因此，在廣告研究俱樂部，每個人都能找到自己想參與的活動。此外，由於我們的成員來自不同的文化和體育背景，我們是一個高度個人化的團體。

/
/我們超過百年的歷史也孕育了這種人員和活動的多元化。我們自1913年（大正2年）起就已成立，這為我們贏得了強大的外部信任，我們的校友也都是各行各業的傑出人士。在這種得天獨厚的環境下，我們不僅根據企業提出的挑戰創作廣告，還會從多個角度思考廣告，包括大學社團、當地商業區和各種活動。

/
/廣告是“能夠打動人心的事物”，它不應止步於理論知識。我們的活動延伸到對外溝通和打動人心。我們每天都努力與各界人士溝通，力求將廣告傳播到日本各地，並透過廣告為日本注入活力。在廣告製作領域，並不存在所謂的「經驗豐富」之人。個性、真誠的熱情和勇於嘗試的勇氣至關重要。或許會遇到困難，但我們將繼續認真投入廣告事業，探索新的可能性，迎接挑戰。這些日常經驗將為我們創造無可取代的回憶。",每週二和週五晚上 6:30 - 9:00，早稻田大學校園內的教室和學生會大樓。,無,google_translate_zh_tw,llm_reviewed,Google Sheets GOOGLETRANSLATE zh-TW draft; structurally checked and normalized for Cantonese/Traditional Chinese site use.
C0284,3087,254f5c27bcabbcf0,廣播研究俱樂部,媒體・出版,媒體,早稻田大學廣播社是全校1000多個社團中規模最大的。我們的主要活動大致可分為兩大類。第一類是運用視訊、音訊和燈光設備以及播音技巧。我們接受來自早稻田大學內外各組織的邀請，使用符合他們需求的設備進行操作，並承擔主持工作。典型的例子包括為早稻田大學對陣慶應義塾大學的棒球比賽提供音響和主持服務，以及在早稻田文化節上負責特設舞台的運作。第二類是創作和策劃節目內容。除了為其他組織的演出和活動提供支援外，廣播社還策劃和製作自己的節目。此外，我們每年六月和十二月都會舉辦名為「節目展示會」的活動，作為展示我們製作的節目的平台。具體來說，我們策劃和製作嘉賓脫口秀、即興喜劇等喜劇節目，以及舞蹈等表演節目。早稻田大學廣播社今年迎來成立76週年。即使會員人數不斷增加，廣播研究協會歷經漫長歷史累積的設備知識、製作技能和播音技巧依然傳承至今，絲毫未減。每位會員都積極致力於廣播研究協會的進一步發展。,開放日期和時間不固定 / 學生會大樓,Circle 網站已關閉,google_translate_zh_tw,llm_reviewed,Google Sheets GOOGLETRANSLATE zh-TW draft; structurally checked and normalized for Cantonese/Traditional Chinese site use.
C0285,3083,f180a73a71547f8c,公告研究小組（WAK）,媒體・出版,媒體,我們探索各種類型的播音，從發音、發聲和自由對話等基礎練習，到新聞播報、朗讀、劇本朗讀、廣播廣告、現場解讀、主持、報道和電台主持人等實用訓練。您也可以練習使用節目製作設備！我們擁有約180名成員，全部是早稻田大學的學生，男女比例約為1:1。活動每日舉行，參與完全自願，方便您同時加入其他社團。我們也歡迎想要每天來練習的同學。根據活動的不同，成員的動機也各不相同，例如對配音感興趣的，或者像“不，我是一名播音員，我喜歡說話，我想提高我的口語能力！”這樣的人。我們也會舉辦一些大學式的活動，增強所有成員的凝聚力，例如夏令營和春令營、計畫展示、在早稻田文化節設立衛星攝影棚以及社團內部的畢業典禮。你可以在這裡結識志同道合的朋友，探索你從未了解過的世界！大學生活豐富多彩的體驗至關重要。何不加入我們的廣播社，培養你用引人入勝的方式講述自己經歷的能力呢？比起任何經歷，你的聲音將會是你最強大的武器。,每日（自願參加！）/學生會大樓,無,google_translate_zh_tw,llm_reviewed,Google Sheets GOOGLETRANSLATE zh-TW draft; structurally checked and normalized for Cantonese/Traditional Chinese site use.
C0286,3043,5a40cebd54b58ccb,早稻田體育報社,媒體・出版,媒體,「聚焦所有體育社團」。早稻田體育報社（早稻田體育報）報道早稻田大學全部44個體育社團，透過報紙、網站及各種社群媒體平台，展現早稻田體育的魅力！從採訪運動員、撰寫比賽報道，到拍攝比賽照片、製作完整的報紙，在早稻田體育報社，您將體驗到許多獨特的體驗。報紙透過現場發放和社群媒體傳播，讓校外人士也能廣泛閱讀文章和照片。自創刊以來，早稻田體育報社持續出版，深受讀者喜愛，今年將迎來第600期，屆時將發行早稻田-慶應棒球（春季）特刊！除了新聞報道，我們也舉辦訓練營、運動比賽等豐富多彩的活動。無論您是熱愛運動、對媒體感興趣，還是喜歡影像製作和攝影，都能在這裡找到屬於自己的天地。我們熱忱歡迎新成員的加入。我們期待您參加我們的歡迎活動或進行諮詢！,（時間因活動而異） 各個比賽場地/學生會大樓/東日印刷廠,無,google_translate_zh_tw,llm_reviewed,Google Sheets GOOGLETRANSLATE zh-TW draft; structurally checked and normalized for Cantonese/Traditional Chinese site use.
C0287,3089,c1dc8d473c493ca6,調頻早稻田,媒體・出版,媒體,FMwaseda是早稻田大學官方認可的社團，專注於廣播節目製作！我們以多種形式播出自己製作的節目。我們不僅有電台主持人，還有混音師（錄音設備技術人員）、導演、編劇和廣播劇配音員——所有與製作相關的工作都由學生完成。我們的活動豐富多彩，包括在餐廳和網路上直播節目、參加廣播比賽以及在早稻田節上舉辦活動。我們每年也會舉辦兩次社團活動。從零開始，你將學習如何使用錄音設備，所以即使是新手也能立即上手。只要你有「創作有趣作品」的熱情，任何人都可以立即加入。這就是FMwaseda。,根據需要舉辦活動/每月舉行一次例會/學生會大樓,無,google_translate_zh_tw,llm_reviewed,Google Sheets GOOGLETRANSLATE zh-TW draft; structurally checked and normalized for Cantonese/Traditional Chinese site use.
C0288,3716,1f13d8ea4a771c30,科學與工程展覽聯絡委員會,媒體・出版,計劃,我們是科學與工程展覽聯絡委員會，一個負責策劃和運營早稻田大學理工學部年度校慶活動「科學與工程展覽」的學生社團，該展覽每年11月初舉行。我們每週六都會為科學與工程展覽做準備。我們是規模最大的理工科學生專屬社團之一。由於我們的成員來自理工學部的各個系，因此這裡為理工科學生提供了一個非常舒適的環境。除了社團活動之外，我們還會舉辦各種活動，例如下班後一起吃飯、每年三次旅行以及社團活動，讓你有機會結交各種各樣的朋友。科學與工程展覽聯絡委員會最大的優勢在於「活動的豐富性」。與高中節慶相比，大學節慶的活動範圍更廣，而且所有環節都需要從零開始規劃。你不僅可以參與節日當天的策劃，還可以參與籌款、活動宣傳、設備調試以及當日人員安排等工作，這些都是你在高中節日中通常接觸不到的。當然，從零開始打造一件事情並不容易，但當你最終完成時，那種成就感是難以想像的。我們正在尋找志同道合的人加入我們，共同為學校節慶活動的成功舉辦而努力。如果您對科學與工程展覽聯絡委員會感興趣，請關注我們的網站和社交媒體，以了解各種新成員招募活動。我們期待您的加入！,每週六下午 1:00 - 5:00 / 西早稻田校區教室,Circle 網站暫時關閉,google_translate_zh_tw,llm_reviewed,Google Sheets GOOGLETRANSLATE zh-TW draft; structurally checked and normalized for Cantonese/Traditional Chinese site use.
C0289,3264,38253e6933955ebf,人格研究小組,媒體・出版,計劃,早稻田大學研究小組致力於親自訪問各領域傑出人士，力求提供與大眾媒體不同的視角，揭示受訪者不為人知的一面。我們的工作包括遴選受訪者、安排訪談時間、進行訪談、撰寫報告。小組成員在整個過程中提供熱情周到的支持，因此任何人都可以放心加入。我們是一個充滿活力的團隊，成員之間互相尊重意見，共同努力進步。除了日常的訪談活動外，我們每年還會在早稻田文化節舉辦系列講座。屆時，所有成員將共同合作完成一個項目，並在專案完成後獲得滿滿的成就感。,不定期,無,google_translate_zh_tw,llm_reviewed,Google Sheets GOOGLETRANSLATE zh-TW draft; structurally checked and normalized for Cantonese/Traditional Chinese site use.
C0290,3292,f62be119790ed98d,規劃組 Benrisha,媒體・出版,計劃,我們是Benrisha，一個獲得早稻田大學官方認可的計畫策劃社團！我們每年大約五次，在四月和七月的早稻田祭期間，邀請名人嘉賓舉辦脫口秀和各種活動。從活動的規劃、籌備到實際執行，所有環節都由我們自己負責。為了讓大家了解我們的流程，我們首先會舉辦一個創意大賽，讓成員們展現自己的創意。比賽無限制，所以你可以提出任何你喜歡的想法，無論是與你的興趣愛好相關的，還是你想邀請的名人。一旦方案確定，我們會負責預訂場地和安排會議，雖然會比較忙碌，但這是一次非常寶貴的經驗。此外，在我們的例會上，所有社團成員都會集思廣益，討論活動內容和其他方面的想法，並不斷嘗試，力求提出更好的方案。隨著活動臨近，我們會花一整天的時間進行準備，製作活動所需的幻燈片和影片。我們也會親自操作視訊和音訊設備，所以在彩排時會進行大量的練習。在活動現場，我們有時有機會在後台與嘉賓交流，甚至還能拿到簽名！資深會員會指導大家了解製作和營運流程，所以即使是新手也能放心參與。我們每年還會舉辦早稻田國王錦標賽，讓早稻田祭更加熱鬧非凡。這場評選「最像早稻田」之人的比賽是早稻田祭的重頭戲。活動資訊會定期在我們的官方社群媒體帳號上更新。,每週一、五/下午6:30/學生會會議室,無,google_translate_zh_tw,llm_reviewed,Google Sheets GOOGLETRANSLATE zh-TW draft; structurally checked and normalized for Cantonese/Traditional Chinese site use.
C0291,3345,c2ae64ad93ed94da,早稻田大學動漫聲優社,媒體・出版,計劃,過去，我們曾組織過與動漫相關的活動，例如《魔法老師》、《再見，絕望先生》和《侵略！烏賊娘》，以及“竹達彩奈&辰巳由依子早稻田講座”，每年吸引約600人參加。自2007年以來，我們也舉辦了一些獨特的活動，使我們與其他動漫社團區分開來，例如邀請動漫及動漫歌曲製作領域的業內人士進行免費講座，包括渡邊真一、佐藤順一、畑亞紀和近藤光。這些活動不僅僅是組織與你喜愛的動漫相關的活動；它們也充分利用了我們作為大學社團的身份，讓你體驗未知的世界，感受與同伴共同取得成就的喜悅和團結，並創造美好的回憶。策劃和管理一場活動涉及許多環節，包括與公司談判、公共關係活動、財務管理以及活動當天的入場和接待工作。這些寶貴的經驗難得一見，無疑會對您大有裨益。您是動漫和聲優的粉絲，並且對組織活動有興趣嗎？何不親自成為活動策劃人？我們熱切期待充滿熱情的您加入我們。,每週三（以及十月的每週五）下午 5 點 / 學生會大樓,無,google_translate_zh_tw,llm_reviewed,Google Sheets GOOGLETRANSLATE zh-TW draft; structurally checked and normalized for Cantonese/Traditional Chinese site use.
C0292,3274,f288147db12d9bd8,早稻田祭組織人員（祭典工作人員）,媒體・出版,計劃,"早稻田祭組委會（Matsuri Staff）負責舉辦和管理早稻田祭，這是日本規模最大的大學祭之一。疫情前，早稻田祭每年吸引約20萬遊客，舉辦超過400場活動，是早稻田文化一年一度的盛會。即使在疫情期間，我們也透過線上和線下混合活動，持續為早稻田文化的繁榮發展創造空間。每年，我們都會設定一個體現「早稻田特色」的主題，並以此為基調來豐富早稻田祭的各項活動。

我們是一個擁有約600名成員的大型組織。我們的工作內容豐富多樣，涵蓋早稻田祭當日的場地準備、為參賽團體和個人提供支持、對外聯絡活動、早稻田祭的公共關係和設計創作、組委會活動的策劃和運營、新領域的探索以及內部資源和資金的管理等。秉持著學生自主管理的理念，所有成員齊心協力，像一個團隊一樣共同籌備一年一度為期兩天的節慶。",每週一及週四 / 18:30 起 / 學生會大樓,無,google_translate_zh_tw,llm_reviewed,Google Sheets GOOGLETRANSLATE zh-TW draft; structurally checked and normalized for Cantonese/Traditional Chinese site use.
C0293,3278,a9ee1d4a1fd75db1,早稻田照明工程執行委員會,媒體・出版,計劃,早稻田燈光計畫執行委員會（WIP）成立於2005年。該項目最初是大學官方項目，旨在促進與國際學生的交流互動，如今主要由學生運營。他們利用燈光為早稻田節創作創意作品，並與當地社區合作，用燈光裝飾大學週邊地區。迄今為止，他們已經創作了“發光早稻田熊”，並與日本J1聯賽球隊川崎前鋒隊合作。學生與當地居民透過分享想法、攜手合作而建立的聯繫，正是此計畫最珍視的價值所在。 WIP將繼續用燈光為早稻田的人們帶來笑容。,每週三、五 / 下午 6:15 / 主校區，學生會大樓,無,google_translate_zh_tw,llm_reviewed,Google Sheets GOOGLETRANSLATE zh-TW draft; structurally checked and normalized for Cantonese/Traditional Chinese site use.
C0294,3280,842903478769a903,WasePro,媒體・出版,計劃,我們是早稻田大學官方認可的社團－早稻田時裝秀（簡稱早稻田時裝秀），負責策劃管理早稻田大學最大的時尚盛會。我們的目標是打破人們對早稻田女生樸素不時尚的刻板印象，展現她們時尚、魅力四射、獨具個性的風采。我們發掘並聘用早稻田大學的學生設計師模特，每年舉辦數場大型時裝秀。今年是早稻田時裝秀舉辦十週年，過去培養了許多活躍在模特兒、播音員等各行各業的優秀人才。,每週一/第六節和第七節課/學生會大樓,無,google_translate_zh_tw,llm_reviewed,Google Sheets GOOGLETRANSLATE zh-TW draft; structurally checked and normalized for Cantonese/Traditional Chinese site use.
C0295,3282,1a5c3acdf17cc3b0,沃金,媒體・出版,計劃,Walkin' 是早稻田大學官方認可的校內企劃社團，歡迎其他大學的學生加入。雖然早稻田大學有很多企劃社團，但我們的獨特之處在於我們是「校內」社團。換句話說，我們是一個「自己策劃、為自己策劃、自己享受」的企劃社團。秉持著「讓我們做一些明天可以炫耀的蠢事」的口號，我們認真地策劃各種奇葩活動，以便第二天可以向朋友們炫耀。在 Walkin'，你可以做任何你想做的事，做那些你一直想做卻做不到的事，一個「夢想成真」的社團。 「我」做不到的事，「我們」或許可以做到。這就是我們的理念。例如：鮪魚拆解表演、真實密室逃脫遊戲、密室逃脫遊戲、鯖魚生存遊戲、感官體驗競賽、空手旅行等等。,每週三/下午6:30/學生會大樓,無,google_translate_zh_tw,llm_reviewed,Google Sheets GOOGLETRANSLATE zh-TW draft; structurally checked and normalized for Cantonese/Traditional Chinese site use.
C0296,3771,dfb2d954a54c46f6,TEDxWasedaU,媒體・出版,計劃,"TEDxWasedaU 的宗旨是「思想分享」。 TEDxWasedaU 為來自不同背景、國籍和系所的學生提供了一個平台，讓他們分享創新且有價值的想法。 TEDxWasedaU 分為四個團隊：財務團隊、演講團隊、設計團隊、行銷團隊。這四個團隊通力合作，共同打造一場雙語活動。我們主要的工作是籌備「學生演講比賽」和「主活動」。

/
/
/","領導團隊：每週二晚上 7 點，Wspace 3 號大樓

/ 財務團隊：每週五下午 5 點，3 號樓

/ 行銷團隊：每週一晚上 7:30，3 號大樓

/ 演講團隊：每週四晚上 7 點，11 號大樓

/ 設計團隊：每週四晚上 7:30，11 號大樓",無,google_translate_zh_tw,llm_reviewed,Google Sheets GOOGLETRANSLATE zh-TW draft; structurally checked and normalized for Cantonese/Traditional Chinese site use.
C0297,3740,a4a41da37bf5c17e,扶輪社,媒體・出版,計劃,"我們是一個致力於解決高田馬場站前旋轉廣場垃圾遍地問題的社團！我們的主要活動包括：工作日早晚進行清潔，與商家和商業區合作策劃項目，張貼海報和舉辦展覽以提高公眾對該問題的認識，以及向新宿區政府就旋轉廣場的環保政策提出建議。

/
/
/
/ 近年來，隨著新冠疫情期間街頭飲酒問題的日益凸顯，高田馬場站旋轉廣場也頻頻出現在新聞節目中，使我們的旋轉社團也進入了公眾視野。我們不僅在電視上亮相，還在報紙和其他媒體上頻頻露面，成為早稻田大學發展最快的社團之一！許多看過新聞報道的人認為，旋轉廣場的垃圾是早稻田大學學生造成的。旋轉廣場對早稻田大學學生來說意義非凡。或許，解決這裡的垃圾問題正是我們早稻田大學學生的責任。

/

/

/ 即使您不是會員，也可以參與清潔活動，所以如果您想早起、附近有事要辦，或者想嘗試一些新事物，歡迎隨時過來！

//",平日/上午 8:00（週五晚上 10:00 結束）/高田馬場站環形廣場,無,google_translate_zh_tw,llm_reviewed,Google Sheets GOOGLETRANSLATE zh-TW draft; structurally checked and normalized for Cantonese/Traditional Chinese site use.
C0298,3155,265cc6fc62cda192,魔法俱樂部,媒體・出版,娛樂,本社致力於籌備每年三場舞台魔術表演。這三場表演分別是：六月由二年級學生帶來的“家庭派對”、九月由一年級學生帶來的“魔法網絡”以及十一月由三年級學生帶來的“常規演出”，每個年級的學生都會參與。其他社員擔任工作人員，大家齊心協力完成每一場演出。雖然接近演出日期會有排練和其他活動，但社團活動時間通常比較靈活，方便成員兼顧兼職工作或其他社團活動。大多數成員加入時都沒有魔術經驗，因此任何人都能在這裡獲得充實的社團體驗。,不規則/學生會大樓 E637,無,google_translate_zh_tw,llm_reviewed,Google Sheets GOOGLETRANSLATE zh-TW draft; structurally checked and normalized for Cantonese/Traditional Chinese site use.
C0299,3289,df61ab9fb67538a3,電腦研究組/WINC,媒體・出版,娛樂,我們是早稻田大學歷史最悠久的IT社團！即使您無程式設計經驗，我們經驗豐富的資深會員也會耐心指導您，讓您循序漸進地提陞技能。除了編程，我們也進行網路、伺服器搭建等活動，以及近年來興起的物聯網、CG渲染、數位地形模型等電腦相關活動。我們會優先考慮每位成員的興趣與嗜好，並每六個月調整一次活動安排，讓您有機會專注於自己感興趣的領域。我們的日常活動在學生會大樓內的社團活動室進行，那裡配備了電腦，即使沒有筆記型電腦的成員也能進行程式設計和其他活動。在沒有課程的時候，這裡也是會員們聚會和交流的好去處。,隨時 / 學生會大樓 E-731,無,google_translate_zh_tw,llm_reviewed,Google Sheets GOOGLETRANSLATE zh-TW draft; structurally checked and normalized for Cantonese/Traditional Chinese site use.
C0300,3069,9d2f1fc8700df593,日本管理資訊系統學會（MISW）,媒體・出版,娛樂,日本管理資訊系統學會（MISW）是早稻田大學規模最大的綜合創意社團，專注於程式設計、CG插畫、電腦音樂創作等數位內容創作。社團成員隸屬於三個研究小組：專注於遊戲開發的程式設計研究小組、負責插畫製作的CG研究小組以及負責電腦音樂創作的MIDI研究小組。成員加入後通常會組成名為「Projects」的遊戲開發團隊，開發各類遊戲和應用軟體，並在早稻田文化節、Comic Market等活動中進行推廣。除了遊戲開發，社團還會發行畫冊和音樂CD，並將基於VOCALOID的音樂影片發佈到Nico Nico Douga、YouTube等外部平台，展現了其豐富多彩的活動。近年來，社團的活動範圍已擴展到上述三個研究小組之外，涵蓋了3DCG建模、Unity引擎開發、劇本創作、影片製作等新領域，以滿足成員的興趣和目標。社團的另一大優勢在於其完善的體系，經驗豐富的成員會悉心指導新手。加入MISW，開啟一段全新的創意之旅！,每週三、五 / 下午 6:15 - 7:45 / 西早稻田校區 52-101 室,無,google_translate_zh_tw,llm_reviewed,Google Sheets GOOGLETRANSLATE zh-TW draft; structurally checked and normalized for Cantonese/Traditional Chinese site use.
C0301,3260,f1a4effc41f71d12,早稻田大學萬歲聯盟,媒體・出版,娛樂,該俱樂部成立於1971年，是一家享有盛譽的萬歲舞（Banzai）主題俱樂部。他們的宗旨是「前往全國各地的慶祝活動，讓歡樂更加濃烈，並在慶典中盡情享受」。他們日夜鑽研，不斷精進768種不同的萬歲舞變奏（截至2016年）。他們在全國各地都有精彩的演出，主要在歡送會、歡迎會、頒獎典禮和婚宴上表演，每年都會接到超過50場演出邀約。他們也經常出現在各種電視和報紙節目中，儘管風格略顯神秘，卻擁有極高的知名度。他們的主要活動通常是在俱樂部活動室（目前位於學生會大樓E709室）研究和開發萬歲舞，成員們透過參加各種訓練營和全年各種活動的演出，積累豐富的實踐經驗，從而掌握高超的萬歲舞技巧。,日本各地吉祥之地 / 學生會大樓 E709,無,google_translate_zh_tw,llm_reviewed,Google Sheets GOOGLETRANSLATE zh-TW draft; structurally checked and normalized for Cantonese/Traditional Chinese site use.
C0302,3351,2679a728ac2934ad,知識競賽俱樂部（W.Q.S.S）,媒體・出版,娛樂,週一僅限新手，週二面向經驗豐富的玩家。其他時間，各種小組活動也精彩紛呈，包括入門問答！我們擁有多元化的會員群體，期待您的加入！,每週一至週五及隔週週六 / 15:05 - 21:35 / 學生會大樓,無,google_translate_zh_tw,llm_reviewed,Google Sheets GOOGLETRANSLATE zh-TW draft; structurally checked and normalized for Cantonese/Traditional Chinese site use.
C0303,3757,f5c19b233b29e33a,捉迷藏式重聚,媒體・出版,娛樂,"讓我們來玩捉迷藏吧。

/
/
/
/mikke

/
/
/
/我們來玩環球捉迷藏吧。",不規則/世界,無,google_translate_zh_tw,llm_reviewed,Google Sheets GOOGLETRANSLATE zh-TW draft; structurally checked and normalized for Cantonese/Traditional Chinese site use.
C0304,3354,504b62d4dfbcea70,模擬遊戲研究小組,媒體・出版,娛樂,我們每週六聚在一起玩遊戲。我們玩桌遊和卡牌遊戲，像是萬智牌和魏斯施瓦茨。,暫無相關資訊。,無,google_translate_zh_tw,llm_reviewed,Google Sheets GOOGLETRANSLATE zh-TW draft; structurally checked and normalized for Cantonese/Traditional Chinese site use.
C0305,3356,b47183bbd1619002,喜劇工作坊 LUDO,文化與藝術,表演藝術,我們是喜劇工作室LUDO，一個主要在早稻田大學舉辦每月一次現場演出的喜劇社團，每週還會舉行兩次社團活動，展示我們的作品。除了表演者之外，我們還有許多工作人員負責現場演出的影片、燈光、音響等支援工作。所有成員齊心協力，共同打造深受觀眾喜愛的精彩演出。我們曾多次在全國大學生喜劇比賽中獲獎，部分成員正朝著職業喜劇演員的目標努力，因此我們能夠呈現高品質、高水準的現場演出。歡迎前來觀賞我們的表演。如果您有興趣加入我們，無論是作為表演者還是工作人員，我們都全年接受申請，您可以透過電子郵件或其他方式與我們聯繫。我們歡迎所有經驗水平、大學、性別、年齡和國籍的人士申請。,每週三下午6:00和週六下午4:30 / 早稻田大學教室,無,google_translate_zh_tw,llm_reviewed,Google Sheets GOOGLETRANSLATE zh-TW draft; structurally checked and normalized for Cantonese/Traditional Chinese site use.
C0306,3139,00b6a3795698825c,戲劇社,文化與藝術,戲劇,早稻田大學戲劇社（通常簡稱早稻田劇研）是早稻田大學官方認可的戲劇社團，其活動場地位於大隈禮堂後方的專屬工作室。社團的歷史可以追溯到二戰前，是早稻田大學歷史最悠久的戲劇社團。他們不僅進行演出，還自行搭建舞台和觀眾席，擁有豐富的材料、音響和燈光設備，是校園內規模最大、成就最高的戲劇社團。在這樣優越的條件下，早稻田劇研培養了許多影視劇人才，包括目前人氣頗高的坂井雅人、著名劇作家兼導演幸上浩二，以及曾執導過電影的今井翔平。此外，與其他戲劇社團不同，早稻田劇研採用劇團制度，讓成員組成自己的劇團（劇團）。在這個體系下，湧現出眾多極具影響力和人氣的劇團，例如大三舞台、山手地上社、宗鬚島舞和巴西劇團。最近，以娛樂性著稱的東京垃圾Z劇團也於去年底從該社團畢業。因此，自去年以來，組成下一代劇團的工作力道不斷增加。 2016年5月至6月，他們舉辦了名為「三友企劃演出集錦」的項目，由三位年輕導演在一個月內呈現了三部風格迥異的作品。此後，他們持續積極地組織策劃演出，並對自己的工作充滿熱情。,不定期,無,google_translate_zh_tw,llm_reviewed,Google Sheets GOOGLETRANSLATE zh-TW draft; structurally checked and normalized for Cantonese/Traditional Chinese site use.
C0307,3143,661f16b02ac54731,舞台藝術研究小組,文化與藝術,戲劇,"我們承接話劇、音樂劇、舞蹈及其他演出的舞台設計和燈光設計，服務對象包括早稻田大學內外的機構。我們每年也會舉辦兩次自己的演出。大多數成員都是從零基礎開始，但在資深成員的指導下，他們可以掌握專業技能。

/
/我們每月舉行一次全體會議，其他活動時間不固定，您可以依照自己的時間安排參與。我們隨時歡迎新成員加入，不限年齡、年級或院校。

/
/如果您想挑戰自我，熱愛戲劇，享受創意活動，或想加入高度專業化的社團…

/
/歡迎蒞臨位於大隈紀念館後面的工作室！

/
/讓我們一起享受創作的樂趣吧！

/
/請使用電腦版造訪舞台設計研究會網站。請透過網站提交您的需求。",不定期 / 大熊禮堂後面的工作室,無,google_translate_zh_tw,llm_reviewed,Google Sheets GOOGLETRANSLATE zh-TW draft; structurally checked and normalized for Cantonese/Traditional Chinese site use.
C0308,3140,96f9666ff9785363,歌舞伎研究協會,文化與藝術,戲劇,這是一個擁有70多年歷史的傳統歌舞伎鑑賞社。我們的座右銘是「學生應以觀眾的視角欣賞、研究和評論歌舞伎」。秉承這一座右銘，自成立以來，我們始終致力於“戲劇鑑賞”，主要透過集體觀摩歌舞伎座等場所的演出來實現。近年來，我們積極與其他大學的歌舞伎研究社進行交流，我們的一大亮點是會員構成廣泛，從歌舞伎初學者到資深愛好者，應有盡有。此外，我們的社團活動室收藏了大量珍貴的歌舞伎相關資料，會員可以自由查閱，並如我們社名所示，進行“研究”歌舞伎。何不加入我們，一同欣賞與體驗歌舞伎──這門融合了傳統與創新魅力的日本表演藝術，也是日本的民族驕傲？我們隨時歡迎新會員的加入。,不定期/主要在歌舞伎座等劇場演出,無,google_translate_zh_tw,llm_reviewed,Google Sheets GOOGLETRANSLATE zh-TW draft; structurally checked and normalized for Cantonese/Traditional Chinese site use.
C0309,3141,7e08030715057034,劇團“Kodama”,文化與藝術,戲劇,"這是一個歷史悠久的劇團，在早稻田大學大熊禮堂後方擁有專屬排練廳。只有「Kodama」劇團和早稻田大學戲劇社擁有自己的專屬排練廳。由於這是「Kodama」劇團的專屬排練廳，您可以全年365天全心投入戲劇創作！我們的校友中不乏各領域的傑出人士，近年來，我們積極參與與其他劇團和專業演員的研討會，並組織雙城巡演！

/ 也非常歡迎校際學生和在職人士加入！",不定期/放學後/早稻田大學奧隈禮堂幕後，Kodama Atelier劇團,無,google_translate_zh_tw,llm_reviewed,Google Sheets GOOGLETRANSLATE zh-TW draft; structurally checked and normalized for Cantonese/Traditional Chinese site use.
C0310,3324,50d6e58141ecefa3,（劇團）森,文化與藝術,戲劇,"成立於1960年左右。劇團名稱寫作“森”（Mori），但發音為“Shin”，不過劇團成員都不知道這個名字的由來。

/
/它是早稻田大學六大戲劇社團之一，也是成員人數最多的社團。

/
/我們每年舉辦三場主要演出（春季迎新演出、夏季新成員演出以及其他演出）和若干專案演出（不定期舉辦）。由於每次演出的劇本和導演都不同，劇團沒有統一的指導方向，但我們創作的劇目類型廣泛，從地下戲劇到當代口語劇都有涉獵，演出的多樣性是我們的一大特色。

/
/你可以體驗到各種各樣的角色，從演員到幕後工作人員（燈光、音響、舞台設計、舞台監督、製作），再到劇本創作和導演，讓你能夠參與到適合自己的戲劇活動中。此外，我們自由的氛圍，包括客串外部演出、專案自主選擇以及隨時參與的自由，也是我們的一大優勢。

//我們歡迎所有人，無論年級、院校、年齡或職業。如果您對戲劇感興趣，歡迎前來參觀！",非正式/學生會,無,google_translate_zh_tw,llm_reviewed,Google Sheets GOOGLETRANSLATE zh-TW draft; structurally checked and normalized for Cantonese/Traditional Chinese site use.
C0311,3322,cab9929f5ca11363,（劇團）音樂會,文化與藝術,戲劇,"1971年，東京大學和早稻田大學俄語教授塔季揚娜·野村及其學生創立了「音樂會劇團」（Konzert Theatre Company）。劇團最初是一個“學生藝術活動=音樂會”，旨在透過小品、詩歌朗誦和合唱表演等形式，促進俄語交流，並逐漸開始演出更嚴肅的戲劇。目前，劇團駐紮在早稻田大學，匯聚了來自其他大學的俄語學生，並繼續每年舉辦兩場常規演出（一場新人演出和一場正式演出）。

/
/
/
/ 自1999年以來，劇團接受了白俄羅斯導演娜塔莉亞·巴爾沙伊的強化語音和表演指導，近年來演出過《活屍》（托爾斯泰）、《晨星》（加林）和《聰明蜜蜂的禮物》（索洛古布）等作品。

/
/
/
/ 歡迎零基礎學員加入！我們所有資深成員都是在大學入學後才開始學習俄語和表演的。無論您是否就讀於某所大學，只要您對俄羅斯、俄語或外語戲劇感興趣，我們都歡迎您的加入！


/
/
/
/ 歡迎新會員隨時加入。請隨時前來觀摩排練！",每週一、四/下午6點/早稻田大學富山校區學生會大樓/東京外國語大學多摩校區,無,google_translate_zh_tw,llm_reviewed,Google Sheets GOOGLETRANSLATE zh-TW draft; structurally checked and normalized for Cantonese/Traditional Chinese site use.
C0312,3146,9bbc0f5fdc579f42,（劇團）Teatro 50',文化與藝術,戲劇,這是一個曾推出過「Caramelbox」和「Rappaya」等劇團的戲劇社。除了五月的主演出、九月的新人試鏡和三月的新人計劃演出外，還可以隨時安排演出。其一大特色是，每個人都能獲得作為工作人員的經驗，而不僅僅是作為演員。,演出時間不固定，每次演出安排不同。俱樂部房間：E537,無,google_translate_zh_tw,llm_reviewed,Google Sheets GOOGLETRANSLATE zh-TW draft; structurally checked and normalized for Cantonese/Traditional Chinese site use.
C0313,3319,67467b56d6dec6dd,綜合,文化與藝術,戲劇,我們是早稻田大學官方認可的音樂社團，每年都會上演數部音樂劇！ Omnibus是一個跨校社團，成員來自各大學，不限於早稻田大學。我們通常在輕鬆友好的氛圍中一起排練音樂劇。即使你無唱歌跳舞的經驗，也完全不用擔心！每個人都是從零開始的。看到自己的練習成果最終呈現在舞台上，感覺真的非常令人感動！錯過舞台的樂趣豈不是太可惜了！當然，這還不是全部。作為一個以娛樂為導向的音樂社團，Omnibus的活動安排也非常豐富！我們全年都會舉辦各種各樣的活動，例如煙火表演、夏令營和萬聖節派對。如果你想享受大學生活，但又不想只是玩樂，Omnibus絕對是你的理想選擇！在這裡，你既能體驗到共同創作舞台劇的成就感，又能享受與朋友們共度美好時光的樂趣！在Omnibus的每一天都像在參加校園祭典一樣精彩！何不和我們一起度過四年如夢似幻的時光？,每週二、五、六 / 週二、週五下午6:30，週六下午4:30 / 早稻田大學學生會大樓及週邊其他地點,無,google_translate_zh_tw,llm_reviewed,Google Sheets GOOGLETRANSLATE zh-TW draft; structurally checked and normalized for Cantonese/Traditional Chinese site use.
C0314,3144,b56ed2976f082568,戲劇俱樂部,文化與藝術,戲劇,"在第一學年的暑假（6月至9月），新成員會接受培訓，並在9月舉行的新成員演出中亮相。之後，每位社團成員都會探索自己對戲劇的獨特理解，並追尋自己對「有趣」的定義。

/
/
/",每週/下午6:30/學生會大樓,無,google_translate_zh_tw,llm_reviewed,Google Sheets GOOGLETRANSLATE zh-TW draft; structurally checked and normalized for Cantonese/Traditional Chinese site use.
C0315,3158,54f14db8fd2c537c,默劇舞☆夢☆步（舞）,文化與藝術,戲劇,"默劇舞☆夢☆文（Pantomime Mai☆Yume☆Fumi）是由專業街頭藝人吉澤快樂（Happy Yoshizawa）於1985年創立的表演團體。

該團體超越了傳統大學社團的範疇，成員包括其他大學的學生和在職人士，他們以默劇為核心表演。

在吉澤快樂的獨特指導下，一群多元化的表演者正在成長，他們學習默劇的魅力——僅用肢體語言來講述故事。

他們的主要活動包括每年11月在早稻田文化節的演出，以及3月的獨角戲《默劇人生》（Mime to Live）。他們也會參與各種活動，例如以校友為主題的「Next to Live」以及其他校外活動。

我們歡迎所有對戲劇或表演感興趣的人，想要在大學裡嘗試新鮮事物的人，以及所有熱愛生活的人！

大多數成員都是在大學期間開始接觸默劇的。

歡迎您前來體驗排練。期待您的加入！",每週二、五、日下午5點（參與者可隨時加入或離開）/ 學生會大樓,無,google_translate_zh_tw,llm_reviewed,Google Sheets GOOGLETRANSLATE zh-TW draft; structurally checked and normalized for Cantonese/Traditional Chinese site use.
C0316,3321,6dd598ef90eda020,庫魯梅魯劇院（劇團）,文化與藝術,戲劇,久留米魯劇院是早稻田大學六大戲劇社團之一。劇場涵蓋多種戲劇類型和風格，並擁有龐大的成員群體，每年上演三部主要劇目，以及許多其他演出。這裡沒有嚴格的訓練，成員們個性鮮明，在輕鬆友善的氛圍中享受戲劇活動。有些成員畢業後會參與校外項目，甚至組成自己的劇團。許多校友劇團至今仍活躍。除了戲劇之外，成員們也喜歡在社團活動室社交、觀賞煙火表演、參與靜修活動，與朋友們一起充分享受大學生活。當然，社團活動和課程安排完全可以兼顧，參與方式也十分靈活。這是一個可以讓你自由自在地享受大學生活的社團。歡迎加入久留米魯！,不定期 / 學生會大樓 / 早稻田小劇場戲劇廳,無,google_translate_zh_tw,llm_reviewed,Google Sheets GOOGLETRANSLATE zh-TW draft; structurally checked and normalized for Cantonese/Traditional Chinese site use.
C0317,3338,0743ae680e39c499,飯村R,文化與藝術,戲劇,我們協助其他組織和俱樂部裝卸活動所需物品。當其他組織和俱樂部因人手不足導致裝卸工作無法順利進行，或需要運送大量物品時，我們會提供協助，以緩解他們的人員短缺問題。我們俱樂部的許多成員都具備處理木材、木製品以及其他組織和俱樂部在活動中常用的各種設備的知識，因此我們能夠提供流暢、安全的協助。此外，我們每年都有足夠數量的成員進行活動，這使我們能夠在合作過程中加深與其他組織和俱樂部的聯繫。,不定期,無,google_translate_zh_tw,llm_reviewed,Google Sheets GOOGLETRANSLATE zh-TW draft; structurally checked and normalized for Cantonese/Traditional Chinese site use.
C0318,3331,ecced63c14994b3c,（劇團）SWANDIVE,文化與藝術,戲劇,我們每年大約演出1到3次。演出場地主要在學生會大樓和早稻田小劇場。排練也在學生會大樓進行。演出時間並非每年固定，我們會依照大家的演出意願安排場地和排練時間。如引言所述，我們常與其他社團共同演出。我們會與包括工作人員和演員在內的各個團體和個人合作，力求呈現更精彩的演出。具體來說，我們會在演出前2到3個月開始排練，每週排練4到6天。雖然我們是戲劇社，但也歡迎加入其他社團。我們是一個非常自由的社團，成員可以根據自己的意願選擇參與的演出。社團成員人數不多，因此氛圍友善和諧。,每週 4-6 次（演出期間）/ 第 6 和第 7 節課 / 學生會大樓,無,google_translate_zh_tw,llm_reviewed,Google Sheets GOOGLETRANSLATE zh-TW draft; structurally checked and normalized for Cantonese/Traditional Chinese site use.
C0319,3328,81b65c64fd1aef91,（劇團）赫奇瑪,文化與藝術,戲劇,我們的戲劇社在學生會大樓排練，每年大約會與其他劇團在學生會大樓聯合演出一次。我們會在演出前兩個月左右開始準備，每週排練五到六次，共同創作劇本。我們社團裡很多成員都是戲劇新手，所以我們每天都在透過反覆嘗試和良性競爭來磨練技巧。許多成員同時也是其他社團的成員，由於他們有許多空閒時間，所以都積極參與各種活動。去年三月的演出中，我們邀請了其他劇團的演員，共同呈現了一部完全原創的90分鐘劇目，所有演員都個性鮮明，而且演出完全免費。我們也嘗試了一些新的東西，例如在舞台上擺放樂器，以及進行演出前的暖場表演。此外，我們也投入了大量精力進行宣傳，最終五場演出全部售罄，取得了巨大的成功。,每週上課日期不固定 / 平日第6-7堂課，週六、週日第3-7堂課 / 學生會大樓,無,google_translate_zh_tw,llm_reviewed,Google Sheets GOOGLETRANSLATE zh-TW draft; structurally checked and normalized for Cantonese/Traditional Chinese site use.
C0320,3337,aa60d3a2e4e727ae,塞倫,文化與藝術,戲劇,"我們的口號是“你的靈感”，實現這一目標的指導原則是“讓最優秀的音樂學生創作出最精彩的作品”、“讓每個人都能認真對待音樂”以及“創造早稻田的音樂文化”。為了實現這些目標，除了每年三次的主要演出（八月、十二月和三月）之外，我們還會舉辦主要面向新生的內部演出、特別演出以及新生歡迎演出。我們不僅在舞台上表演，還會參加早稻田音樂節等活動。在主要演出中，我們會邀請專業導師和技術人員提供高水準的指導。我們的成員不僅作為演員參與演出，還擔任工作人員。除了每次演出的工作人員工作之外，成員們全年還負責各種部門工作，包括舞台設計、道具、製作、公共關係、管理和服裝設計。我們也提供舞蹈練習和聲樂訓練等工作坊，為初學者創造一個可以成長的環境。

/
/
/
/",練習課每週進行 4-6 天，平日從下午 6 點到晚上 10 點，週末從下午 1 點到晚上 10 點，地點在早稻田大學學生會大樓、終身學習中心等。,無,google_translate_zh_tw,llm_reviewed,Google Sheets GOOGLETRANSLATE zh-TW draft; structurally checked and normalized for Cantonese/Traditional Chinese site use.
C0321,3341,0126371d0ac5a053,劇團24,文化與藝術,戲劇,第24區劇團每年主要演出三次（夏季演出在六七月，秋季演出在十一月，春季演出在二三月）。我們歡迎所有人士參與，包括初學者、高年級學生、在職人士、其他大學的學生、國際學生以及那些忙於兼顧學業和兼職工作的人士。尤其推薦給那些考慮在大學期間從事戲劇活動的學生。參與其他社團、培訓機構或機構的活動無限制。您也可以僅以工作人員的身分參與或協助演出。然而，由於我們是一個小型劇團，演員和工作人​​員的角色經常合併。劇團不收取年費，即使只參與一次演出也可以。每次演出的排練日期都會另行安排。劇本和導演都會根據每次演出而變化，因此每次演出的劇目類型也各不相同。我們每年也會舉辦各種其他活動（例如訓練營和畢業派對）。,不定期開放（平日兩次，週末一次）/ 學生會大樓,無,google_translate_zh_tw,llm_reviewed,Google Sheets GOOGLETRANSLATE zh-TW draft; structurally checked and normalized for Cantonese/Traditional Chinese site use.
C0322,3340,5ed25351fba18b79,阿卡娜,文化與藝術,戲劇,我們是早稻田大學一個相對較新的戲劇社。今年是我們的十週年紀念。雖然我們在戲劇社中地位尚不高，但我們以輕鬆自由的節奏運作，不受傳統束縛。我們日常練習的宗旨是「玩得開心」——既不過分放鬆，也不過於嚴苛。我們也允許會員參加其他社團，因此我們許多成員都同時參與了其他社團。我們的目標是成為一個讓那些在短暫的大學生活中想要嘗試各種事物，並將戲劇作為其中之一的人能夠毫不猶豫地加入的戲劇社。因此，我們不會設定過多的限制。相反，我們要求成員在參與任何專案時都認真負責。每年十二月，我們都會與Teatro 50'劇團合作演出。,不定時/下午6點左右/學生會大樓,無,google_translate_zh_tw,llm_reviewed,Google Sheets GOOGLETRANSLATE zh-TW draft; structurally checked and normalized for Cantonese/Traditional Chinese site use.
C0323,3334,5f370805c9624d90,POP3,文化與藝術,戲劇,我們是早稻田大學最新的喜劇社團。除了每年六場以上的常規演出外，我們還會參加早稻田文化節和其他各種活動。此外，參加與其他大學的比賽以及校外團體組織的比賽，可以大大擴展你的社交圈。本社團推薦給那些想要在觀眾面前充分錶達自我、增強在大型團體面前演講的自信，或者只是想結交熱愛喜劇的朋友的人。何不加入我們，一起模仿你在電視上看到的脫口秀和小品喜劇演員呢？當然，你也可以成為社團工作人員，負責音響燈光、製作宣傳單等等。我們的工作人員都是內向但熱愛喜劇的人。此外，POP3 也歡迎其他大學的學生加入。各年級的學生都歡迎！我們社團成員來自不同的學術背景和年級！讓我們一起享受創作喜劇的樂趣吧！,每週三/下午6:30起/學生會大樓,無,google_translate_zh_tw,llm_reviewed,Google Sheets GOOGLETRANSLATE zh-TW draft; structurally checked and normalized for Cantonese/Traditional Chinese site use.
C0324,3592,dc7d23017ed2905a,劇團,文化與藝術,戲劇,這個戲劇社於2011年在所澤校區成立，由兩位原先來自早稻田校區「劇團森」劇團的成員創立。他們的目標是每年演出約五場。近年來，他們積極參與戲劇活動，包括在早稻田校區和當地公共場所演出。他們最大的魅力在於歡迎所有人加入，無論是否有戲劇經驗，並提供了輕鬆有趣的戲劇體驗。,活動不規律；每當有演出時都會舉辦活動。,無,google_translate_zh_tw,llm_reviewed,Google Sheets GOOGLETRANSLATE zh-TW draft; structurally checked and normalized for Cantonese/Traditional Chinese site use.
C0325,3320,ccb46b82f4e741d1,快樂的似曾相識,文化與藝術,戲劇,暫無相關資訊。,暫無相關資訊。,無,google_translate_zh_tw,llm_reviewed,Google Sheets GOOGLETRANSLATE zh-TW draft; structurally checked and normalized for Cantonese/Traditional Chinese site use.
C0326,3330,1032e265ab39d17d,（劇團）Kokekagami,文化與藝術,戲劇,"我們是一個劇團，每年都會上演多場。

//我們始終堅持呈現原創性和創意的作品。",暫無相關資訊。,無,google_translate_zh_tw,llm_reviewed,Google Sheets GOOGLETRANSLATE zh-TW draft; structurally checked and normalized for Cantonese/Traditional Chinese site use.
C0327,3332,df244519a8c8adf6,來自頂部的一個詞,文化與藝術,戲劇,我們每年都會舉辦幾場戲劇演出。,暫無相關資訊。,無,google_translate_zh_tw,llm_reviewed,Google Sheets GOOGLETRANSLATE zh-TW draft; structurally checked and normalized for Cantonese/Traditional Chinese site use.
C0328,3333,7fd643496b233ab2,紀水工房,文化與藝術,戲劇,我們每年大約會舉辦兩到三次學生戲劇演出。我們也與其他劇團保持積極的交流互動。,暫無相關資訊。,無,google_translate_zh_tw,llm_reviewed,Google Sheets GOOGLETRANSLATE zh-TW draft; structurally checked and normalized for Cantonese/Traditional Chinese site use.
C0329,3335,f8dff7f4471a237e,安吉利卡體系,文化與藝術,戲劇,"我們主要在學生會大樓地下二樓的戲劇排練室進行戲劇演出。

//我們也定期與其他團體一起排練和演出。",暫無相關資訊。,無,google_translate_zh_tw,llm_reviewed,Google Sheets GOOGLETRANSLATE zh-TW draft; structurally checked and normalized for Cantonese/Traditional Chinese site use.
C0330,3138,efde69bf0ba16a9f,電影研究俱樂部,文化與藝術,電影,"「百年電影史」。在早稻田大學眾多電影社團中，電影研究會歷史最悠久，擁有超過百名成員。作為關東地區最早有記載的電影社團，它吸引了來自許多大學的充滿熱情、技藝精湛的電影人。憑藉豐富的拍攝器材、廣泛的外部資源和優秀的人才，電影研究會幾乎無所不能。許多校友活躍在電影產業的前沿，製作出屢獲殊榮的影片，並擔任電影導演。 2022年，他們與韓國仁荷大學合作，完成了國際合作計畫。

//我們需要更多支援人員，而不僅僅是那些立志成為導演、製片人、演員和編劇的人。影片拍攝/燈光/音效/音樂/剪輯/化妝造型/服裝/劇照拍攝/海報設計/車輛駕駛等等，不勝枚舉。每個人的獨特才能，在各自的崗位上得以展現，最終融合昇華，成就一部傑作，這本身就是一個奇蹟。請將您的熱情投入我們這裡。我們歡迎所有年級和院校的學生。全年收容。即使是完全不懂電影的初學者也歡迎加入。讓我們一起捕捉奇蹟。首先，請加入我們的官方LINE帳號：https://lin.ee/79eOYCA

/
/
/
/
/
/
/
/
/",不定期,無,google_translate_zh_tw,llm_reviewed,Google Sheets GOOGLETRANSLATE zh-TW draft; structurally checked and normalized for Cantonese/Traditional Chinese site use.
C0331,3142,57fce03999b15577,伊納蒙情境研究小組,文化與藝術,電影,伊納蒙劇本研究社（以下簡稱「劇本研究社」）是一個製作獨立電影的社團。與略顯正式的名稱相反，劇本研究社的顯著特徵是自由。社員們製作的電影類型豐富多元，他們可以自由表達自己感興趣的內容。社團擁有包括攝影機、麥克風和燈光設備在內的精良器材，因此你一加入就能立即開始電影製作。有些社員從大一開始就積極參與社團活動。許多社員來自其他大學或為國際學生，也有不少人在學年中途加入。我們隨時歡迎新成員加入。你可以透過推特聯絡我們，或直接前往我們的社團活動室（學生會大樓E619室）。我們歡迎任何想要嘗試電影導演、編劇、表演或攝影的人。,不規則/學生會大樓 E619,無,google_translate_zh_tw,llm_reviewed,Google Sheets GOOGLETRANSLATE zh-TW draft; structurally checked and normalized for Cantonese/Traditional Chinese site use.
C0332,3346,91e5b8830f6a8d94,電影循環：叛逆的大腦,文化與藝術,電影,我們是電影製作社團「Cinecycle Rebellious Brain」。我們的活動包括每年拍攝幾部電影，以及策劃戲院巡迴放映。我們社團最大的特質是成員之間親密的友誼。不僅在拍攝期間，即使在不拍攝的時候，我們也總是在專屬的社團活動室E525放鬆聚會。我們製作的電影大多是喜劇類的，但也有一些導演會創作一些更嚴肅的作品。由於我們是一個規模相對較小的電影社團，所以設備隨時可用，我們可以自由地進行拍攝。我們也會舉辦夏令營和冬令營，拍攝團隊負責拍攝，其他成員則可以享受觀光和其他活動。該拍的時候就拍，該放鬆的時候就放鬆。這就是我們社團的風格。,每日新聞/學生會大樓 E525,無,google_translate_zh_tw,llm_reviewed,Google Sheets GOOGLETRANSLATE zh-TW draft; structurally checked and normalized for Cantonese/Traditional Chinese site use.
C0333,3343,b74479b1824b558a,CINEMAX SIDEVARG,文化與藝術,電影,我們每個人都以同樣的熱情追求自己的愛好。我們製作和觀看電影，並就電影展開熱情而輕鬆的討論。無論你是想拍電影還是只是想看電影，我們都歡迎！這是一個尊重每位成員個人需求和人際關係的俱樂部。我們的活動大致分為三大類：「放映」、「電影製作」和「活動」。放映是我們每週兩次的常規活動，成員們可以挑選自己想看的電影，然後大家一起用投影機和音響觀看——這是我們俱樂部的亮點！當然，我們也會進行電影製作。我們很多成員都是新手，大家一起嘗試、摸索，共同創作作品！至於活動，我們會一起計劃並去看電影，或外出玩樂！我們還有一個俱樂部活動室，歡迎隨時來參觀。我們還有推特、Instagram 和 YouTube 帳號，會在上面發布我們過去的作品，歡迎搜尋我們的俱樂部名稱！,學生會大樓俱樂部活動室（E730室，週一、週三、週五，17:00開始）,無,google_translate_zh_tw,llm_reviewed,Google Sheets GOOGLETRANSLATE zh-TW draft; structurally checked and normalized for Cantonese/Traditional Chinese site use.
C0334,3147,5a063d391f6b1fca,動畫研究小組,文化與藝術,電影,"早稻田大學動畫研究社（WAFL）是早稻田大學官方認可的校際社團，也是該校唯一可以獨立創作動畫的社團。 // 我們歡迎您在校際比賽進行到一半時加入我們，隨時歡迎您的到來！ ////

///

/// 請關注我們的推特和YouTube帳號，了解我們的作品、幕後製作影片以及新成員招募資訊！",每週二、四、五 / 16:30 - 20:00 / 學生會大樓 E510,無,google_translate_zh_tw,llm_reviewed,Google Sheets GOOGLETRANSLATE zh-TW draft; structurally checked and normalized for Cantonese/Traditional Chinese site use.
C0335,3347,46e4e470b32fe7f8,電影製作（Cinepro）,文化與藝術,電影,電影製作社是早稻田大學官方認可的電影社團，擁有眾多電影社團中最多的學生成員，並配備了完整的拍攝設備。社員們與資深成員保持密切的聯繫，甚至有機會與專業電影導演合作拍攝。無論你是想從事導演、表演還是攝影，都能在這裡找到自己感興趣的領域。我們經常與其他電影社團合作拍攝，並積極參與每年冬季由早稻田大學各電影社團聯合舉辦的「早稻田電影節」。除了「早稻田電影節」之外，我們還在其他眾多知名電影節上屢獲佳績。我們的日常活動包括每週例會，週末和長假期間，我們會進行拍攝、剪輯和其他影片製作活動。,每週四/下午6:30/學生會大樓,無,google_translate_zh_tw,llm_reviewed,Google Sheets GOOGLETRANSLATE zh-TW draft; structurally checked and normalized for Cantonese/Traditional Chinese site use.
C0336,3344,f6f3c1341ac7f489,影片製作團體浪人外,文化與藝術,電影,我們是浪人外（Ronin-gai），一個影片製作小組。我們是一個電影製作社團，成員不限於準備考試的學生。我們的主要活動是每月約三次的例會（日期尾數為9），以及根據需要進行的拍攝。這種「根據需要進行的拍攝」聽起來很有意思，對吧？基本上，我們會利用假期或長假來拍攝。春假和暑假期間，我們可以去很遠的地方拍攝，也可以留在當地進行密集拍攝。我們擁有拍攝電影所需的一切，我保證。我們擁有高品質的設備，技術可靠，值得信賴。我們還有一群很棒的人會幫助你，這點毋庸置疑。一旦劇本完成，演員和工作人​​員就位，拍攝場地和設備也安排妥當，我們就開始拍攝。之後，剪輯和試映就標誌著電影的完成。至於是否將作品提交給電影節或比賽，則由每個人自行決定。任何想嘗試拍攝、導演、表演、剪輯，想與他人合作創作，想做出一些有形的作品，或只是單純好奇的人，都歡迎加入。看到自己參與的作品最終以任何形式呈現，都是一件非常棒的事情。我個人強烈推薦。 Roningai。,每月尾數為9的日子（例如4月9日、4月19日、4月29日）/ 下午6:30 / 學生會大樓，拍攝時間不限,無,google_translate_zh_tw,llm_reviewed,Google Sheets GOOGLETRANSLATE zh-TW draft; structurally checked and normalized for Cantonese/Traditional Chinese site use.
C0337,3148,de7fa32e2793377f,怪物聯盟,文化與藝術,電影,我們不僅觀看特攝片，還將對特攝片的熱情投入到實際活動中，例如製作獨立電影、設計服裝、表演英雄秀等等。我們的影片可以在官方YouTube頻道上觀看。我們的英雄秀主要在早稻田祭上舉行，但也會在當地的節慶、各種活動，甚至幼稚園表演。我們偶爾也會客串電視廣告和藝人的音樂錄影帶。無論你是喜歡怪獸、英雄，還是純粹的特攝片愛好者，或者你對錶演、手工製作、娛樂大眾、以及與孩子們一起工作感興趣，我們都歡迎你的加入！這是一個你可以做任何你想做的事情的社團！,每週一、三、六/第五節及第六堂課/學生會大樓E609,Circle 網站已關閉,google_translate_zh_tw,llm_reviewed,Google Sheets GOOGLETRANSLATE zh-TW draft; structurally checked and normalized for Cantonese/Traditional Chinese site use.
C0338,3742,489dd6c8c69d5504,早稻田大學哈利波特研究協會,文化與藝術,電影,"哈利波特愛好者們，快來加入我們吧！

/
/
/
/ DA 是一個面向所有熱愛《哈利波特》和《神奇動物在哪裡》系列作品的大學生的跨校社團。我們有時會熱烈地討論對作品的熱愛，有時則會在輕鬆友善的氛圍中交流。 2019 年，我們在早稻田文化節上販售奶油啤酒，並舉辦了一次日本環球影城和英國環球影城之旅。 2020 年，我們創作並體驗了一款原創遊戲，並出版了研究期刊《早稻田的魔法世界》。社團男女比例約 1:1，約一半成員來自其他大學，所以即使你來自其他大學，也一定能很快交到朋友！社團活動基本上自願參加，即使只是參加週末活動或夏令營也可以。即使你忙於上課、兼職或其他社團活動，也可以輕鬆加入。你不需要對哈利波特系列作品有深入的了解，只要對它感興趣就足夠了！當然，鐵桿粉絲也十分歡迎。

無論你只讀過原著、只看過電影，還是兩者都不熟悉但又想進入這個奇幻世界，都請務必先關注我們的推特和Instagram帳號！",每週三下午 3 點至 7 點，學生會大樓 3 號大樓,無,google_translate_zh_tw,llm_reviewed,Google Sheets GOOGLETRANSLATE zh-TW draft; structurally checked and normalized for Cantonese/Traditional Chinese site use.
C0339,3573,e78affb9d2c67da3,早稻田大學交響樂團（早期稻田大學交響樂團）所澤分部,文化與藝術,音樂,早稻田大學交響樂團，暱稱“早稻田管弦樂團”，是早稻田大學的官方樂團。它是該校唯一一支完全由本科生組成的官方樂團，共有約250名成員。樂團成立於1913年，於2013年慶祝了其百年華誕，並於2012年4月至2013年3月舉辦了「早稻田大學交響樂團百年紀念音樂會」（共5場）。樂團的主要活動包括每年4-5場由學校贊助的音樂會、在早稻田大學官方活動和文化項目中（例如入學典禮和畢業典禮）的演出，以及每年20-30場委約創作的作品。自1978年贏得第五屆國際青年交響樂比賽（通常被稱為卡拉揚國際交響樂比賽）以來，該樂團已在海外演出14次。在2015年2月至3月舉行的「2015歐洲巡演」期間，我們造訪了德國、奧地利和法國的13個城市，並在每場演出中都獲得了極高的評價。尤其值得一提的是，3月8日在柏林的演出透過柏林愛樂樂團的網路直播平台「數位音樂廳」向全球進行了現場直播，此前該樂團曾在2009年和2012年進行過類似的直播。,每週一、三、六 / 18:15 / 各練習場地租賃,無,google_translate_zh_tw,llm_reviewed,Google Sheets GOOGLETRANSLATE zh-TW draft; structurally checked and normalized for Cantonese/Traditional Chinese site use.
C0340,3101,7884a9a0e7b9f822,交響樂團,文化與藝術,音樂,"早稻田大學交響樂團，暱稱「早稻田管弦樂團」（Waseoke），是早稻田大學的官方樂團。它是校內唯一一支完全由本科生組成的樂團，擁有約250名成員。 2023年，樂團慶祝成立110週年，並於同年3月舉辦了「早稻田大學交響樂團110週年大阪特別演出」以作紀念。此外，從2024年2月底開始，樂團進行了“2024歐洲巡迴演出”，到訪德國和奧地利的九個城市，所到之處均獲得好評。樂團每年舉辦4-5場贊助音樂會，同時積極參與大學官方活動和文化項目，並接受校外機構的演出邀請。

自1978年贏得第五屆國際青年管弦樂比賽以來，已故的赫伯特·馮·卡拉揚以各種形式支持樂團的發展。這場比賽也為樂團的海外演出奠定了基礎。 1979年，卡拉揚被早稻田大學授予榮譽博士學位，並在大隈禮堂指揮了理查·施特勞斯交響詩《蒂爾·尤倫施皮格爾的惡作劇》的公開彩排。

此外，我們很榮幸接待了許多指揮家，包括已故的朱塞佩·西諾波利、西蒙·拉特爾、小澤徵爾、已故的茲德涅克·科甚勒、倫納德·斯拉特金、已故的岩城博之、大友直人、高關健、山下和文、曾我大輔和寺岡清隆，以及許多教師和訂立樂團合作者，他們主要來自柏林交響樂團和曾愛柏林交響樂團。",每週一、三、六 / 下午 6 點至晚上 9 點 / 早稻田附近,無,google_translate_zh_tw,llm_reviewed,Google Sheets GOOGLETRANSLATE zh-TW draft; structurally checked and normalized for Cantonese/Traditional Chinese site use.
C0341,3104,6abd987c9e11c41e,曼陀林俱樂部,文化與藝術,音樂,曼陀林社是個擁有103年歷史的著名音樂社團。曼陀林是一種義大利弦樂器，以其顫音技巧、迷人的外觀和音色而聞名。社團的樂器包括曼陀林、曼陀拉、曼陀隆大提琴、古典吉他、低音提琴、長笛和單簧管。社團每年舉辦三場大型音樂會，其中一場是與慶應義塾大學的聯合音樂會，並與慶應義塾大學曼陀林社保持著積極的交流。此外，社團還會舉辦內部音樂會，會員可以自由演奏自己喜歡的曲目，並進行公益演出（例如，2016年在大船渡和陸前高田舉辦音樂會，以支持當地的重建工作）。社團歡迎所有程度的演奏者加入（管樂器演奏者僅限有經驗者）。超過一半的會員是初學者。社團也培養了許多專業音樂家。以下是本社團的一些亮點：樂器免費租借。憑早稻田大學學生證即可隨時使用社團活動室。而且活動室空間寬敞。可以參加其他社團和校際比賽。社團成員相處融洽——無論是高年級學生、低年級學生還是同班同學——課餘時間也經常聚會。與其他音樂社團相比，社團費用相對較低。每個樂器都有專業老師指導。即使是初學者也可以參加，因為高年級成員會提供一對一指導，所以即使你不會識譜也沒關係。社團裡女生很多，所以氣氛比較輕鬆，也許正是因為男生少，所以大家的關係也更親密。 ……社團活動豐富多彩，我們總是樂在其中。如果你有興趣，歡迎隨時來學生會大樓B117！,每週二、五下午 4:30 至晚上 8:30，學生會大樓,無,google_translate_zh_tw,llm_reviewed,Google Sheets GOOGLETRANSLATE zh-TW draft; structurally checked and normalized for Cantonese/Traditional Chinese site use.
C0342,3103,6525d8eea74c8626,口琴協會,文化與藝術,音樂,我們是一個以口琴為核心的大樂隊形式演奏的社團。樂器配置如下：口琴（單管、法國號）、長笛、單簧管、吉他、貝斯、鍵盤、鼓和打擊樂。我們演奏的音樂風格多樣，從日本流行音樂、西方音樂到管樂作品，應有盡有，所以您可以演奏任何您想演奏的曲目。我們每年舉辦兩次音樂會（六月和十二月）。六月的音樂會是與中央大學、明治大學和立教大學共同舉辦的。十二月的音樂會是早稻田大學單獨舉辦的例行音樂會。除了音樂會之外，我們有時還會參加早稻田文化節。春夏兩季，我們還會舉辦集訓，期間除了練習之外，還會舉辦煙火表演、燒烤和編曲比賽等活動，這有助於增進成員之間的感情。,每週二、三（16:30～）及週六（13:00～）/學生會大樓B125,Circle 網站已關閉,google_translate_zh_tw,llm_reviewed,Google Sheets GOOGLETRANSLATE zh-TW draft; structurally checked and normalized for Cantonese/Traditional Chinese site use.
C0343,3102,2a2f9883618dc74c,納雷奧,文化與藝術,音樂,"在眾多樂團社團中，我們專注於演奏所謂的黑人音樂，例如靈魂樂、放克和節奏藍調。我們每年計劃舉辦約10場現場演出，主要集中在夏季和冬季的音樂會上，並為此每天認真練習。 Naleo擁有各種設備，在學生會大樓進行現場演出時，從設備搭建到操作，所有環節都由我們自己負責。因此，我們的成員對音響和演出策劃有著深刻的理解。 //
///

///我們採用固定的樂隊制度，成員可以組建自己的樂隊，並持續演奏三年，不斷完善和追求自己的風格。此外，由於這是一個跨校的體系，沒有大學的限制，你可以純粹透過音樂認識朋友。 //

///除了樂團排練，我們還在俱樂部活動室舉辦即興演奏會。歡迎俱樂部以外的人士參加，你可以透過一起演奏音樂，認識其他大學和校外的朋友。 //

///

///2016年，我們在東京藍調之音舉辦了一場派對，慶祝建校70週年，現任成員也進行了表演。由於學校歷史悠久，與校友之間有著深厚的聯繫，這使得學生能夠體驗到普通學生通常無法體驗到的事情。",每週二、週四、週六以及每月第二和第四個週日/時間由個人自行安排/學生會大樓B124,無,google_translate_zh_tw,llm_reviewed,Google Sheets GOOGLETRANSLATE zh-TW draft; structurally checked and normalized for Cantonese/Traditional Chinese site use.
C0344,3111,c1f143c13454d591,拉丁美洲協會,文化與藝術,音樂,我們是拉丁美洲協會，簡稱“LateAme”，致力於研究巴西及其他拉丁美洲國家的文化。我們的活動主要集中在音樂文化方面，探索各種音樂類型，包括裡約熱內盧狂歡節上演奏的桑巴巴圖卡達、咖啡館裡常見的波薩諾瓦，甚至還有安第斯山脈的民謠（山地音樂）。雖然我們都是初學者，但我們樂於演奏和跳舞，享受任何我們喜歡的音樂。當然，我們不只關注音樂；我們也熱愛巴西美食文化，例如製作巴西烤肉（churrasco）！如果您對此稍感興趣，歡迎來我們的俱樂部參觀！我們期待您的光臨！,每週一及週四/晚上7點/學生會大樓,無,google_translate_zh_tw,llm_reviewed,Google Sheets GOOGLETRANSLATE zh-TW draft; structurally checked and normalized for Cantonese/Traditional Chinese site use.
C0345,3105,eecc73fbf334627a,早稻田探戈樂團,文化與藝術,音樂,我們是早稻田探戈樂團（Orquesta de Tango Waseda），是日本唯一的早稻田大學阿根廷探戈學生社團。我們目前的演出陣容包括小提琴、鋼琴、低音提琴、中提琴、大提琴、長笛、班多鈕琴，有時也會加入吉他和人聲。我們是擁有60多年歷史的官方認可社團，培養了許多校友。我們也是跨校社團，成員來自各大學，不僅限於早稻田大學的學生，而且不分年級和學院。我們幾乎都是“探戈初學者”，在進入大學後才接觸到阿根廷探戈，現在我們每天都一起練習。我們也會舉辦各種表演活動，包括年末的定期報告演出、早稻田藝術節的表演以及夏季獨立音樂會，歡迎您來參觀我們的社團活動室或觀看我們的現場演出！,每週一、三、六/下午6點至晚上9點/學生會大樓地下1層B116室,無,google_translate_zh_tw,llm_reviewed,Google Sheets GOOGLETRANSLATE zh-TW draft; structurally checked and normalized for Cantonese/Traditional Chinese site use.
C0346,3293,7d1f95ee39d3d59b,不列顛哥倫比亞大學,文化與藝術,音樂,"UBC是早稻田大學認可的音樂現場活動策劃社團，成立於1953年。 「UBC」是「大學廣播公司」（University Broadcasting Company）的縮寫，寓意著我們致力於成為利用各種廣播媒體的資訊中心。在創辦學生經營的迷你調頻電台「UBC-FM」和校園迷你電視台「UBC-TV」等活動之後，我們現在主要從事音樂活動的策劃和管理。

///除了在早稻田音樂節舉辦的、擁有5000名觀眾的免費現場活動“UBC-jam”之外，自2007年以來，我們不斷拓展業務，推出新的音樂活動。

///我們致力於播放我們作為聽眾真心認為好聽的音樂，並積極策劃每個人都能盡情享受的活動。",每週五/下午6:30/學生會大樓,無,google_translate_zh_tw,llm_reviewed,Google Sheets GOOGLETRANSLATE zh-TW draft; structurally checked and normalized for Cantonese/Traditional Chinese site use.
C0347,3643,c6c5308009b6710a,上流社會管弦樂團,文化與藝術,音樂,我們的「高雅社團」（High Society Orchestra）成立於1955年，是早稻田大學唯一的爵士大樂團社團。我們被親切地稱為“高雅社團”，在學生爵士大樂隊領域享有盛譽，擁有悠久的傳統和令人矚目的成就。在漫長的發展歷程中，我們培養了許多專業音樂家。我們的主要活動包括每週三次的排練、自主演出、與其他大學樂隊的聯合音樂會、與日本及海外專業音樂家的合作演出，以及在派對和其他活動中的表演。每年三月，我們會舉辦一場集體音樂會；八月，我們會參加全國學生爵士大樂隊的比賽。此外，我們還提供豐富的大學活動，例如夏令營和冬令營。另一方面，憑藉悠久的傳統和卓越的成就，「高雅社團」與專業音樂家的合作機會獨樹一幟，而我們頻繁在企業派對上的演出也為求職提供了優勢！在這裡，您將獲得許多在普通大學生活中無法體驗到的體驗。何不加入上流社會管弦樂團，體驗獨特的大學生活？在那裡，你不僅可以演奏音樂，還可以做更多的事情。,每週一、四、五 / 16:30 起 / 學生會大樓，地下一層,無,google_translate_zh_tw,llm_reviewed,Google Sheets GOOGLETRANSLATE zh-TW draft; structurally checked and normalized for Cantonese/Traditional Chinese site use.
C0348,3107,fb9ac934f07142aa,早稻田大學新奧爾良爵士俱樂部,文化與藝術,音樂,早稻田大學新奧爾良爵士俱樂部（簡稱「新奧爾良」）是日本唯一演奏「新奧爾良爵士」的俱樂部。 「新奧爾良爵士」是一種起源於路易斯安那州新奧爾良的古老爵士樂形式，新奧爾良被譽為爵士樂的誕生地。俱樂部通常以七人左右的樂隊形式演出。他們的主要活動包括每兩個月一次的校內演出、每年十二月的年度音樂會，以及參加早稻田音樂節和稻門音樂節等活動。此外，他們還為志工舉辦夏季訓練營和冬季新奧爾良之旅。新奧爾良俱樂部也接受校外演出邀請，並在各種場合表演，例如在商業區、派對場所演出，以及參加爵士音樂節。因此，俱樂部在校內外的廣泛活動以及靈活適應各種演出環境的能力是其主要特色。,每日/按需/學生會大樓B116室,無,google_translate_zh_tw,llm_reviewed,Google Sheets GOOGLETRANSLATE zh-TW draft; structurally checked and normalized for Cantonese/Traditional Chinese site use.
C0349,3303,2b0f45abe30e1108,音樂愛好者俱樂部（MFC）,文化與藝術,音樂,我們是音樂愛好者俱樂部（MFC），一個成立於1959年的傳統樂隊團體，演奏的音樂風格廣泛，涵蓋了從靈魂樂、放克、藍調、搖滾等西方音樂到日本音樂等各種類型。我們擁有12支大型自由樂團。我們的一大特色是，許多樂團都設有管樂組，包括小號、薩克斯風、長號等，有時樂團成員甚至接近15人！如果您曾在中學或高中參加過銅管樂隊，或者您想學習一種新的樂器，我們都非常歡迎您的加入。我們的主要活動包括樂團排練、每年7-8場大型現場演出、春季和夏季音樂營以及每週的俱樂部例會。此外，還有無數其他有趣的活動！排練主要在高田馬場的一間音樂工作室進行，每個樂團都會依照各自的演出安排排練時間。我們也計劃根據需要為初學者提供一對一的樂器課程，所以請放心！我們的俱樂部活動室裡也收藏了大量的唱片和播放器，歡迎您有空的時候隨時來！ MFC 一直在招募新成員。讓我們一起沉浸在音樂的世界裡，盡情跳舞吧！,不同樂隊的情況有所不同。俱樂部例會每週五晚上8點在高田馬場舉行。通常都會有人在俱樂部活動室。,無,google_translate_zh_tw,llm_reviewed,Google Sheets GOOGLETRANSLATE zh-TW draft; structurally checked and normalized for Cantonese/Traditional Chinese site use.
C0350,3304,1b2b7f41e18e82c9,現代音樂團（MMT）,文化與藝術,音樂,"我們是現代音樂團（簡稱MMT），一個專注於原創音樂的樂團社團。我們許多樂團都會在社團以外的表演場所表演，例如現場音樂演出，我們也培養了許多專業音樂人。我們歡迎原創歌曲和翻唱歌曲，所以即使是初學者也歡迎加入。我們不限制樂團形式；你也可以進行個人表演或以小組形式表演。我們有許多其他大學的成員，我們歡迎所有人加入，無論你是哪個學校、哪個年級、上班族或兼職人員。在這裡，你可以按照自己的步調享受音樂。我們的社團活動包括每年兩次的露營活動、在早稻田音樂節的現場演出，以及許多其他有趣的活動，例如燒烤和迎新健行。我們也會在迎新活動期間和早稻田音樂節上製作一張原創歌曲合輯。如果你想在進入大學後開始創作原創音樂，那就加入MMT吧！

/
/
/
/

/

/

/
/
/
/
/
/
/",不規則/學生會大樓 E1117,無,google_translate_zh_tw,llm_reviewed,Google Sheets GOOGLETRANSLATE zh-TW draft; structurally checked and normalized for Cantonese/Traditional Chinese site use.
C0351,3108,fb1928357831a680,現代爵士樂研究小組,文化與藝術,音樂,這是早稻田大學官方認可的社團，擁有超過60年的歷史。我們培養了許多專業音樂家。雖然我們許多成員經驗豐富，但也歡迎初學者加入。我們的社團活動室配備了三角鋼琴、鼓、三把低音提琴和一台電子琴，供成員練習和即興演奏使用。每隔一週的週一和週三，我們會在學生會大樓B124舉行即興演奏會，主要演奏經典曲目，並致力於提升演奏技巧。除了定期的即興演奏會，我們全年還會舉辦許多現場表演和訓練營。在現場演出中，成員可以與其他成員組隊，加深彼此的友誼。我們也接受咖啡館、大學等場所的演出邀約。請關注我們的各個社群媒體帳號，以了解更多活動詳情。,"俱樂部活動室開放時間（單數週的週一、週三、週五和週日）：上午 8:00 至晚上 10:00

/
/
/
/ 常規活動日期和時間：每月第一、三、五週的週一以及第二、四、六週的星期三，下午 6:00 至晚上 10:00（四月份，常規活動每週一和週三舉行）

/
/
/
/ 地點：學生會大樓 B124 室（四月份，週一的活動在 B124 室舉行，週三的活動在另一個房間舉行）",無,google_translate_zh_tw,llm_reviewed,Google Sheets GOOGLETRANSLATE zh-TW draft; structurally checked and normalized for Cantonese/Traditional Chinese site use.
C0352,3058,761c24bf0900dfa6,拉丁美洲研究小組,文化與藝術,音樂,"拉丁美洲研究俱樂部是一個樂隊俱樂部，演奏牙買加音樂，例如雷鬼、斯卡和搖滾樂，以及其他音樂類型，例如卡利普索、拉丁音樂和非洲節奏！

/
/我們擁有自己的俱樂部活動室，配備所有必要的設備，我們主要在那裡練習。在活動方面，我們每年大約有六場現場演出，還有一個夏令營和一個冬季靜修營。通常，我們會在俱樂部活動室放鬆聊天。很多人可能不熟悉拉丁美洲音樂，但我們的大多數成員最初也是如此。他們加入的主要原因是覺得這很有趣、很酷、很有趣！所以，如果您有興趣，歡迎隨時來俱樂部活動室看看！

/
/我們正在招募各種職位，從主唱、合唱、吉他、貝斯、鍵盤和鼓，到小號、薩克斯風、長號、長笛和打擊樂。我們尤其需要盡可能多的管樂演奏者！如果你有銅管樂隊或輕音樂社團的經驗，想在大學嘗試新的音樂風格；或者你想專注於吉他上的切分節奏；又或者你想掌握一拍子技巧，那麼這裡就是你的理想之選。當然，我們也熱烈歡迎初學者和一段時間沒接觸音樂的朋友！我們是早稻田大學最快樂、最有趣的樂團社團，歡迎加入我們！",每週不固定時間/主要在課後/學生會大樓,無,google_translate_zh_tw,llm_reviewed,Google Sheets GOOGLETRANSLATE zh-TW draft; structurally checked and normalized for Cantonese/Traditional Chinese site use.
C0353,3100,f203869663d1c768,吉他俱樂部,文化與藝術,音樂,"早稻田大學吉他社是一個歷史悠久的古典吉他社團。雖然名為古典吉他社，但我們的演奏風格涵蓋廣泛，包括流行樂、器樂以及電影和音樂劇歌曲。我們不僅注重合奏，也重視獨奏和二重奏表演。所有社員每天都在努力練習，樂在其中，為早稻田音樂節和日常音樂會做準備。儘管吉他社非常活躍，但並非所有成員都是經驗豐富的吉他手。大約一半的成員是在進入大學後才開始學習吉他的，甚至有些成員從未接觸過樂器。即使是初學者和不識譜的成員，也能在資深成員的指導下快速學習演奏。社團活動之外，成員們關係非常密切，我們積極參與各種古典吉他演出以外的活動，例如春季滑雪營。如果您有興趣加入吉他社，經驗和年級都不是問題。歡迎您來體驗我們的活動！我們期待您的加入。

//",每週三（第五節和第六節課）和週六（第四節和第五節課）/學生會大樓,無,google_translate_zh_tw,llm_reviewed,Google Sheets GOOGLETRANSLATE zh-TW draft; structurally checked and normalized for Cantonese/Traditional Chinese site use.
C0354,3309,2e2ac6f159101260,早稻田民歌協會（WFS）,文化與藝術,音樂,早稻田民謠社是早稻田大學十二個官方認可的社團之一，成立於1963年。我們主要演奏翻唱歌曲，風格涵蓋另類、獨立、後龐克、情緒搖滾等，包括日本和西方音樂。不過，我們基本上對任何風格和類型的音樂都持開放態度！我們每月大約舉辦一次現場演出，採用自由的演出形式，每次演出都會組樂團並招募成員。因此，你不必每次都和同樣的成員一起演出，你可以隨心所欲地演奏你想聽的音樂，在你想演奏的時候，以你想演奏的方式。我們也非常歡迎剛入學開始學習樂器的同學。當然，我們歡迎早稻田大學的學生，也歡迎其他大學的學生！你可以隨時加入，我們也歡迎學期中途加入的同學，例如第一學期或第二學期。我們社團氛圍友善輕鬆，歡迎大家來體驗！,每週一/下午6點/學生會大樓,無,google_translate_zh_tw,llm_reviewed,Google Sheets GOOGLETRANSLATE zh-TW draft; structurally checked and normalized for Cantonese/Traditional Chinese site use.
C0355,3526,f89d79e218a39a34,搖擺爵士俱樂部,文化與藝術,音樂,"這是早期稻田大學理工學部正式認可的爵士社團，以3至6人的團體形式演奏爵士樂。我們演奏的曲目風格廣泛，主要以現代爵士樂為主，但也包括拉丁、波薩諾瓦等其他風格。

//我們每年舉辦數場現場演出，任何社團成員均可參加。我們的社團活動室位於學生會大樓B121室，配備了一架直立式鋼琴、兩把低音提琴和一套鼓組。此外，我們還擁有一些管樂器，包括薩克斯風和喇叭。許多成員都是初學者；他們大多在大學期間才開始學習爵士樂或其他樂器。我們當然歡迎經驗豐富的樂手加入，同時也熱烈歡迎零基礎的初學者。順便一提，我們社團曾經的社長也是一位在大學期間才開始學習樂器的成員。

///我們每月在學生會大樓舉辦幾場即興演奏會。即興演奏會是指在場的成員即興演奏他們喜歡的歌曲。即使非社團成員也歡迎參加或旁聽。會議日期和地點已發佈在我們的部落格上。",平日：學生會大樓 B121（社團活動室），週末：學生會大樓 B123 等。,無,google_translate_zh_tw,llm_reviewed,Google Sheets GOOGLETRANSLATE zh-TW draft; structurally checked and normalized for Cantonese/Traditional Chinese site use.
C0356,3527,c271aed62f9c351d,早稻田大學合奏吉他,文化與藝術,音樂,這是理工學院正式認可的社團，我們以合奏的形式演奏古典吉他。社團的魅力在於其豐富的音樂風格，從全體成員共同演奏的古典樂曲到流行歌曲配以鼓、貝斯等打擊樂器伴奏，應有盡有。大多數新成員都是初學者，所以我們非常歡迎初學者！經驗豐富的吉他手也可以在此施展技藝，嘗試其他樂器。我們每年與其他大學社團聯合舉辦三場音樂會。每年十二月，我們會租用場地舉辦一場常規音樂會，作為一年學習成果的總結。排練在學生會大樓進行，我們的社團活動室也位於此處。您無需購買吉他，因為我們使用社團活動室的吉他進行練習。活動室裡還有木吉他和鼓，所以許多成員會嘗試唱歌、演奏樂器或組樂團。雖然由於我們是理工學院的正式社團，所以理工科學生人數較多，但我們也有很多文科學生，歡迎您加入我們！歡迎二年級以上學生！,每週二，第5-6堂課；每週六，第4-5堂課 / 學生會大樓,無,google_translate_zh_tw,llm_reviewed,Google Sheets GOOGLETRANSLATE zh-TW draft; structurally checked and normalized for Cantonese/Traditional Chinese site use.
C0357,3127,2cf41367bd7669fa,Chanson 研究協會（Chan-Ken）,文化與藝術,音樂,香頌研究社秉持著「想做什麼就做什麼！」的理念。香頌研究社不只是研究香頌的社團；隨著時代的變遷，它已發展成為一個包容各種音樂風格的社團，如今更是早稻田大學音樂風格最多元的社團。我們招募吉他手、貝斯手、歌手、鼓手、鍵盤手，甚至還有管樂演奏者，因此我們有許多成員都擁有銅管樂團的背景。每個人都熱愛練習和自己的樂器，並且對音樂一絲不苟！我們演奏的音樂風格廣泛，從流行、搖滾、前衛金屬到爵士融合、動漫歌曲、後搖滾、數學搖滾、俄羅斯民謠、印度前衛搖滾——只要你想聽的音樂，我們都能演奏！即使你之前沒有找到志同道合的成員，香頌研究社也歡迎各種類型的音樂！我們也與慶應義塾大學、日本女子大學和白百合女子大學的香頌研究社建立了合作關係，並定期舉辦聯合練習和表演。我們擁有近200名成員，是一個規模龐大的樂團俱樂部，所以你一定能找到與你志同道合的人！加入香頌研究俱樂部，在大學生活中盡情享受音樂的樂趣吧！,每週二、六 / 第3-7堂課 / 學生會大樓,無,google_translate_zh_tw,llm_reviewed,Google Sheets GOOGLETRANSLATE zh-TW draft; structurally checked and normalized for Cantonese/Traditional Chinese site use.
C0358,3533,6e41caa90c5f5497,科納夏威夷人,文化與藝術,音樂,"想在早稻田大學找個輕音樂社團嗎？您好！感謝您在眾多社團中選擇我們。 KONA HAWAIIANS 是一個非常普通的樂隊社團。我們不演奏夏威夷音樂！以下介紹以下四個亮點！

/
/
/
/ 首先，我們採用「固定樂團制度」。這意味著從您加入到退役，您都將在一個固定的樂隊中，每月大約演出一次！不過，您也可以很快與其他樂團建立友誼，拓展您的社交圈！這是採用自由樂隊制度的樂隊社團所不具備的一大優勢。

/
/
/
/ 其次，這裡氛圍溫馨如家。我們不會像其他樂團社團那樣舉辦喧鬧的飲酒派對，也不會強迫任何人喝酒。這裡氛圍輕鬆愉快，您可以和志同道合的朋友輕鬆交流。

/
/
/
/ 第三，我們的社團活動室設施齊全，可以進行個人練習和樂團排練。節省錄音室費用可是個巨大的優點！

/
/
/
/最後，這裡什麼音樂類型都有！從J-rock粉絲到龐克粉絲再到Vocaloid粉絲…各種各樣的人都有。有時候甚至還有饒舌愛好者（？）

/
/
/
/對了，這裡每年還會舉辦大約四場現場演出，你可以用和自由樂隊社團一樣的規則演奏你喜歡的藝人的作品！你也可以加入多個社團。說不定KONA就是你演奏樂器的好地方…？",隨時/學生會大樓 B118（俱樂部活動室，提供設備）,無,google_translate_zh_tw,llm_reviewed,Google Sheets GOOGLETRANSLATE zh-TW draft; structurally checked and normalized for Cantonese/Traditional Chinese site use.
C0359,3128,db74a11b5cd98837,星空音樂社,文化與藝術,音樂,這是一個歷史悠久的社團，2016年慶祝了成立50週年！我們每週舉辦一到兩次原聲音樂會，例​​如獨奏表演，每月還會舉辦一次樂隊演出！近年來，社團成員人數不斷增長，已成為校園內最大的社團！我們的成員樂器程度從初學者到專家不等，雖然許多成員是日本搖滾樂的愛好者，但我們也有喜歡西方音樂和Vocaloid等各種音樂類型的成員！即使是從未接觸過樂器的人，或是想要學習新樂器的人，也能透過我們的活動快速成長，並在社團內外都積極參與活動！你想獨奏，也想加入樂團嗎？如果你有這樣的抱負，我們期待你的加入！歡迎隨時來訪！,每週一到兩次，時間不固定 / 16:30 開始 / 學生會大樓,無,google_translate_zh_tw,llm_reviewed,Google Sheets GOOGLETRANSLATE zh-TW draft; structurally checked and normalized for Cantonese/Traditional Chinese site use.
C0360,3106,987eadefc6399bee,吉他協會,文化與藝術,音樂,今年是我們早稻田大學唯一古典吉他獨奏社團成立50週年。我們歡迎所有程度的吉他愛好者，無論您是初學者還是經驗豐富的演奏者，我們都歡迎您的加入。我們營造了一個友好輕鬆的學習氛圍。我們的社團活動室位於學生會大樓E1115室，成員們會在課餘時間聚集在這裡彈奏吉他，享受音樂的樂趣。我們擁有豐富的樂譜收藏，不僅能演奏古典樂曲，還能演奏流行樂、西方音樂、迪士尼歌曲、吉卜力動畫歌曲等等。我們歡迎早稻田大學的學生、其他大學的學生、國際學生加入。我們每年舉辦三次活動——新生歡迎營、夏令營和秋季強化營——您可以在這裡練習吉他，並結識不同年級的伙伴，增進友誼！夏令營還包含合奏比賽，總是充滿樂趣。我們每年舉辦兩場音樂會，分別在六月和十一月，場地均租用。六月的音樂會是新成員的首次亮相，十一月的常規音樂會是對一年學習成果的總結。歡迎您隨時來我們的社團活動室參觀！,每週二、五下午 4:30 至 7:30，學生會大樓,無,google_translate_zh_tw,llm_reviewed,Google Sheets GOOGLETRANSLATE zh-TW draft; structurally checked and normalized for Cantonese/Traditional Chinese site use.
C0361,3110,0cfb7126760ebcc3,利多爾合奏,文化與藝術,音樂,"Lidoll樂團是早期稻田大學認可的社團，以獨特的流行樂團配置進行演出，是早稻田大學獨一無二的樂團。我們採用大樂隊的編制，並加入了小提琴、長笛和單簧管。我們的音樂會涵蓋多種音樂風格，從流行、爵士、融合、古典音樂到遊戲和動漫配樂，應有盡有。

【Lidoll樂團的主要特色】

「非正式成員制」…所有成員均可直接參與音樂會演出，無需試聽。

「編曲」…由於樂團配置獨特，我們會為想要演奏的曲目自行創作樂譜。創作樂譜並非強制性的，僅供有意參與的會員選擇。我們也提供編曲工作坊，即使是初學者也能輕鬆上手！

「歡迎初學者和校際學生」…我們約有30%的成員是初學者。我們擁有多元化的成員群體，包括大學時期就開始學習音樂的學生、轉而學習其他樂器的學生，以及希望以更輕鬆的節奏繼續練習的資深樂手。資深會員會提供支持，我們重視純粹的音樂樂趣，因此您可以按照自己的步調練習。此外，還有許多其他大學的學生，例如慶應義塾大學、日本女子大學和東京女子大學的學生也參與其中！

「豐富多彩的活動」…除了每年三次的集訓和兩場音樂會之外，還有許多其他活動，例如僅限會員參加的私人現場演出、觀看早稻田大學對陣慶應義塾大學的棒球比賽以及欣賞煙火表演！

唯一的要求就是熱愛音樂。何不與志同道合的朋友一起，享受充滿音樂的大學生活呢？",每週三次（週一、週四、週六）/ 週一和週四 19:00-21:30，週六 17:00-20:30 / 學生會大樓地下一樓音樂練習室,無,google_translate_zh_tw,llm_reviewed,Google Sheets GOOGLETRANSLATE zh-TW draft; structurally checked and normalized for Cantonese/Traditional Chinese site use.
C0362,3543,06bc8d378656d7d5,早稻田歌唱俱樂部,文化與藝術,音樂,我們是早稻田歌王會，一個經理工學部批准的樂隊社團！我們演奏的音樂風格多樣，包括搖滾、龐克、爵士、金屬、偶像歌曲、動漫歌曲以及Vocaloid等，即使是初學者也能輕鬆加入！事實上，我們很多前輩都是大學才開始學習樂器的！我們全年的活動包括在東京的現場音樂場所舉辦的三場「音樂會」、在學生會大樓教室舉辦的三場「教室現場演出」以及三次集訓。我們經常舉辦各種規模的現場演出，所以即使是初學者也能輕鬆參與，按照自己的步調來！我們採用自由樂隊制度，每次演出都會重新組成樂隊成員，因此您可以很快結識不同的前輩，社團氛圍友好和諧！此外，即使是忙碌的人或參加了其他社團的人也可以按照自己的步調參與！歌王會是跨校社團，我們的男生成員幾乎全來自早稻田大學理工學部，女生成員則來自早稻田大學理工學部、學習院女子大學、東京化成大學、日本女子大學等大學。社團裡有來自各系的學長學姐，所以即使你學習遇到困難也不用擔心（笑）。即使畢業後也可以繼續參與，所以你可以長期保持活躍！我們相處融洽，歡迎加入！,不定期在東京的學生宿舍和現場音樂場所舉行。,無,google_translate_zh_tw,llm_reviewed,Google Sheets GOOGLETRANSLATE zh-TW draft; structurally checked and normalized for Cantonese/Traditional Chinese site use.
C0363,3122,3dc914d8c19301c7,歡樂合唱團,文化與藝術,聲樂,"早稻田大學男聲合唱團擁有117年的歷史。

///在我們的定期音樂會上，您將有機會在2000名觀眾面前唱歌！

///每次排練結束後，我們都會一起外出用餐。新生可免費用餐！


/
/
/
/我們與其他合唱團的不同之處在於，除了音樂會之外，我們還有許多演出機會。

///早稻田大學男聲合唱團擁有豐富的演出機會，例如早稻田-慶應大學對抗賽、入學典禮和畢業典禮。

///我們還有機會在日本國內外巡演，甚至登上紅白歌合戰等電視節目！

///我們擁有專業的歌劇演唱家進行指導，您的歌唱水準一定會得到提升！

///歡迎初學者加入！

///我們積極與其他大學進行交流，並計劃與其他合唱團舉辦聯合音樂會。

我們的校友活躍於各行各業，培養了許多播音員和歌手。

對於那些渴望每天都過著充實生活的人來說！

對於那些想要體驗普通學生生活中無法體驗的事情的人來說！

而且，我們尤其歡迎熱愛美食的人！",每週一、三、五 / 17:00 起 / 學生會大樓、早稻田服務中心等。,無,google_translate_zh_tw,llm_reviewed,Google Sheets GOOGLETRANSLATE zh-TW draft; structurally checked and normalized for Cantonese/Traditional Chinese site use.
C0364,3124,0dc691dc4c0448f1,混聲合唱團,文化與藝術,聲樂,"我們是早稻田大學全校合唱團♪

/
/在這裡，您可以獲得各種寶貴的經驗，例如與樂團合作演出、接受專業指揮的指導以及與聲樂老師進行一對一練習。

/
/我們會參加集訓，在社團活動室與朋友們聊天，練習結束後一起外出吃飯，週末和同學們一起玩耍……每位成員都能在早稻田大學混聲合唱團享受精彩的大學生活！

/
/無論您是初學者還是有比賽經驗，只要您熱愛歌唱，我們都歡迎您的加入！

/
/
/
/我們是早稻田大學混聲合唱團♪

/
/
/","活動安排

/
/
/
/ 第一學年七月前：週一和週三：第五節和第六節課，週六：第三節和第四節課

/
/
/
/ 八月起：週二：18:50-21:00，週四和週六：第五節和第六節課

/
/
/
/ *練習地點：學生會大樓",YouTube連結已失效,google_translate_zh_tw,llm_reviewed,Google Sheets GOOGLETRANSLATE zh-TW draft; structurally checked and normalized for Cantonese/Traditional Chinese site use.
C0365,3123,d38afd6f7465b06b,呼叫弗呂格爾,文化與藝術,聲樂,"早稻田大學男聲合唱團「Flügel」由關穀進等人於1949年創立。 「Flügel」在德文中意為「翅膀」。

我們的主要活動圍繞著四項：四月的迎新音樂會、八月的伊拉卡音樂會、九月的東京都合唱比賽以及十二月的獨唱音樂會。我們擁有三位指揮，他們也是我們合唱團的成員。為了每一場演出，我們每天都認真排練。

在伊拉卡音樂會和獨唱音樂會上，我們演唱各個時期、各個地區的多元化音樂作品，並積極參與委約作品的首演，為男聲合唱開闢了新的可能性。

我們曾在《朝日新聞》主辦的比賽中多次榮獲金獎。最近一次是在2025年，我們在第78屆全日本合唱比賽中榮獲金獎和NHK獎。

此外，我們的活動豐富多彩，包括參加東京都市合唱節、NHK「一起唱必唱歌曲」節目，以及作為新友會合唱團成員參與管弦樂合作演出。

我們始終歡迎新成員加入。

我們將於4月2日（星期四）舉辦新成員歡迎音樂會！

如有興趣，請透過我們的社交媒體帳號或電子郵件與我們聯繫。

常任指揮：清水圭一

指揮：清水彰、真下洋介

鋼琴：小田博之

排練鋼琴：井川博樹

聲樂指導：吉田博之

電子郵件諮詢：[email protected]

最後更新：2026年2月23日

（封面照片 ©=山口敦）","每週一、三、五，18:30-21:00

練習主要在學生會大樓和東京的其他設施進行。",無,google_translate_zh_tw,llm_reviewed,Google Sheets GOOGLETRANSLATE zh-TW draft; structurally checked and normalized for Cantonese/Traditional Chinese site use.
C0366,3121,96807e8cbe1de6ae,詩班,文化與藝術,聲樂,"歡迎來到Soai！在這裡，我們一起玩耍、歡笑、唱歌！ ／

/
/
/
/Soai是早稻田大學規模最大、實力最強的男女混合校際合唱團，今年迎來71週年。

/
/我們擁有50位各具特色的成員，每天都有豐富多彩的活動。

/
/Soai的一大特色是全年舉辦超過20場活動！

/
/其中，最精彩的活動是8月的夏季音樂會和12月的常規音樂會！

/
/今年的夏季音樂會將在靜岡縣三島市舉行。屆時將與當地高中生合作演出，許多成員共同打造的舞台必將精彩！這必將成為一段美好的夏日回憶。

/
/常規音樂會，我們邀請了外部教師在排練期間提供專業指導。與大家一起，用一年的辛勤付出，共同演繹最精彩的舞台！

/

/

/
/大約60%的Soai成員是在大學入學後才開始加入合唱團的。我們不僅唱合唱歌曲，也唱流行歌曲，所以無論你是初學者還是經驗豐富的歌手，都能享受一起歌唱的樂趣。

//而且…Hayagou的魅力不只在於唱歌。

//我們舉辦許多活動來加深成員之間的情誼，例如兩場聯誼會、夏季音樂會營以及排練後的聚餐！

////無論你是熱愛歌唱還是只想吃頓免費的飯！

///我們全年365天都在招募會員！我們會在官方社群媒體上發布最新資訊！


/
/
/
/何不加入我們，一起度過最美好的Hayagou人生呢？","每週二、四 / 18:55-20:35 / 學生會大樓

/
/
/
/ 每週六 / 17:00-20:35 / 學生會大樓",無,google_translate_zh_tw,llm_reviewed,Google Sheets GOOGLETRANSLATE zh-TW draft; structurally checked and normalized for Cantonese/Traditional Chinese site use.
C0367,3126,5e73d5cd64e4e18e,街角交響曲,文化與藝術,聲樂,"我們是街角交響樂團（Street Corner Symphony），是日本歷史最悠久的無伴奏合唱團之一，擁有超過30年的歷史。我們培養了眾多已在專業領域嶄露頭角的畢業生，包括TRY-TONE、Smooth Ace、AJI和The Gospellers等。

///我們用純人聲演繹各種音樂風格，從J-pop到爵士、拉丁和民謠，無所不包。

///在早稻田大學眾多的音樂團體中，我們相信我們能夠駕馭如此多元化的音樂風格，是獨一無二的；您一定能在這裡找到自己喜歡的音樂。


/
/
/
/本團全年舉辦各種活動。

///其中，我們完全由成員自主策劃的現場演出尤為精彩絕倫。

///從表演者到燈光音響設備、舞台佈景，甚至宣傳冊，所有的一切都由我們的成員親自策劃和管理。 ///這是本團的重要活動，每次都能吸引超過300名觀眾。

我們俱樂部的成員也會參加日本各地舉辦的全國性比賽，包括關東和關西地區的比賽。

您是否想加入我們，以高水準的無伴奏合唱團參加全國比賽？

期待您的加入！",隨時可用 / 學生會大樓 B1、1、9、10、11 層,無,google_translate_zh_tw,llm_reviewed,Google Sheets GOOGLETRANSLATE zh-TW draft; structurally checked and normalized for Cantonese/Traditional Chinese site use.
C0368,3129,6354c0103a7c9541,巧克力脆片,文化與藝術,聲樂,"我們是無伴奏合唱團Choco Crunch！ /

//
/Choco Crunch成立於2000年，是一個跨大學的合唱團，成員來自各大學。我們有很多理工科專業的學生，也有很多大二及以上年級的學生加入，所以你可以接觸到各種各樣的人。即使無音樂基礎，也有很多人可以加入，這是一個任何人都能樂在其中的合唱團。 /

//
/我們的座右銘是「一起快樂，一起進步！」/

//
/除了每月約兩次的團體排練外，我們每個無伴奏合唱團都有自己的活動。在合唱團活動中，你可以演奏各種風格的歌曲，可以根據自己的目標享受無伴奏合唱的樂趣，例如爭取參加合唱團每年兩次的現場演出、享受合唱團內部的表演，或者參加外部比賽。 Choco Crunch的合唱團甚至在全國比賽中獲得分區冠軍。 /

//
/除了無伴奏合唱之外，我們還有各種各樣的活動，例如每年兩次的訓練營、萬聖節派對、聖誕派對、郊遊、保齡球等等。透過這些活動，你一定能結交到所有人的朋友，無論年級、年齡或性別！",每月第一個星期二/第五節和第六節課/學生會大樓，每月第三個星期六/第二節課/學生會大樓,無,google_translate_zh_tw,llm_reviewed,Google Sheets GOOGLETRANSLATE zh-TW draft; structurally checked and normalized for Cantonese/Traditional Chinese site use.
C0369,3315,1484961f3f99efdd,口哨圈 Kotorip,文化與藝術,聲樂,我們是口哨社“Lip”，以合奏為主的口哨社團！我們每週在富山校區的學生會大樓聚會兩次，練習口哨、聊天，營造出友善溫馨的氣氛。即使你無音樂基礎，或是口哨吹得不太好，只要你想找個地方融入其中，都歡迎來加入我們！社團裡有來自其他大學的學生，也有國際學生（視年份而定），所以你可以結識一群來自不同背景的口哨愛好者♪ 加入社團無資格要求，也沒有會費；我們只在每次演出時收取費用，所以非常適合預算有限的朋友！我們參加早稻田音樂節、早稻田地球感恩節等地方性節慶、全國口哨愛好者齊聚的音樂會，近年來，我們甚至還參加了世界錦標賽。此前，早稻田大學只有學生口哨社團，但近一兩年，全國各地都湧現出了口哨社團，我們也開始與其他社團進行交流！當然，我們不只是吹口哨；我們還會組織輕鬆的聚會，讓大家一起演奏，我們舒適的氛圍絕對一流。歡迎隨時聯絡我們，也歡迎您來參觀！,每週一、四下午 5:00 至晚上 8:30，學生會大樓,無,google_translate_zh_tw,llm_reviewed,Google Sheets GOOGLETRANSLATE zh-TW draft; structurally checked and normalized for Cantonese/Traditional Chinese site use.
C0370,3734,786abe1935603ce7,早稻田大學女子合唱團,文化與藝術,聲樂,"我們是早稻田大學女子合唱團，簡稱早稻城！

/
/
/
/ 當然，您可以接受指揮和聲樂老師的專業指導！但練習的樂趣也是早稻城的魅力之一！

/
/
/
/ 我們全年都會舉辦各種活動，例如獨奏音樂會、與其他大學的聯合演出、參加合唱節和比賽以及集訓。

/
/
/
/ 我們歡迎所有想加入女子合唱團的人，不論來自哪所大學、哪個年級、哪個性別！來吧，何不成為歷史的見證者？

/
/
/
/ 歌唱是我們的力量。

/
/ 早稻田女子合唱團，讓我們一起唱歌吧！

/
/
/
/
/",每週一、四 / 18:55-21:10 / 早稻田大學,無,google_translate_zh_tw,llm_reviewed,Google Sheets GOOGLETRANSLATE zh-TW draft; structurally checked and normalized for Cantonese/Traditional Chinese site use.
C0371,3556,2e207a4c75f4580c,早稻田大學混聲合唱團所澤支部,文化與藝術,聲樂,"這裡是早稻田大學混聲合唱團所澤分部！我們在所澤也有自己的社團活動室。我們的活動主要在富山校區的學生會大樓舉行，混聲合唱團和所澤分會都會參與。

/
/
/
/ 您可以獲得各種寶貴的經驗，例如與樂團合作演出、接受專業指揮的指導以及與聲樂老師進行一對一練習。

/
/
/
/ 我們會參加集訓，在社團活動室與朋友們聊天，練習後一起外出用餐，週末與同學們聚會……每位成員都能在早稻田大學混聲合唱團享受精彩的大學生活！

/
/
/
/ 只要熱愛歌唱，無論您是初學者還是有比賽經驗，都歡迎加入！

/
/

/

/

/

/

/

/

/

/",第一學年7月之前的活動安排：週一和週三：第五節和第六節課；週六：第三和第四節課。 8月起：週二：下午6點至晚上9點；週四和週六：第五節和第六節課。,YouTube連結已失效,google_translate_zh_tw,llm_reviewed,Google Sheets GOOGLETRANSLATE zh-TW draft; structurally checked and normalized for Cantonese/Traditional Chinese site use.
C0372,3090,f16a23d4e4f4aa63,攝影俱樂部,文化與藝術,美術,攝影社的活動主要圍繞著每年舉辦的八場攝影展以及工作坊（團體活動）。工作坊於每年四月至七月以及十月至十二月的平日舉行，通常於晚上七點開始（以第五節課結束為準）。這些團體活動包括學習如何使用相機、電腦和印表機，暗房訓練，拍攝照片，以及在社團活動室悠閒地閱讀攝影書籍，確保從初學者到經驗豐富的攝影師都能樂在其中，並提升攝影技巧。部分團體活動是攝影社獨有的，這得益於我們擁有自己的器材和經驗豐富的指導老師。此外，我們也透過每年春夏兩季舉辦的兩次露營活動來增進社員之間的友誼。攝影社也積極參與早稻田-慶應大學攝影展和六校攝影展等活動，為社員提供接觸多元視角的機會，使其成為一個充滿學習樂趣的場所。在攝影展上，我們會運用在團體活動中磨練出的技能，創作、展示並點評攝影作品。俱樂部活動室設施齊全，包括修圖顯示器、Mac電腦、可列印A3+尺寸彩色照片的印表機以及底片掃描器。黑白暗房也可供無限次使用。所有活動均為自願參加，您可以隨時加入。我們歡迎所有人，無論您是喜歡用智慧型手機拍照但尚未購買相機的攝影新手，還是已經擁有相機或高中時就參加過攝影社團的資深攝影師！作為一個跨校社團，我們歡迎所有對攝影有興趣的人士，而不僅僅是本校學生！,四月至七月及十月至十二月 / （平日）晚上7點起在學生會大樓及其他地點 / （週末）拍照,無,google_translate_zh_tw,llm_reviewed,Google Sheets GOOGLETRANSLATE zh-TW draft; structurally checked and normalized for Cantonese/Traditional Chinese site use.
C0373,3092,be8955949d905288,藝術研究與創作小組,文化與藝術,美術,藝術研究創作社（簡稱「Biken」）是早稻田大學官方認可的社團，顧名思義，這是一個以藝術為主題的社團！我們以「藝術」為名開展各種項目，從定期舉辦的個人展覽，到為綜合商店進行室內外設計，再到參加設計節，以及在早稻田節上進行現場繪畫！我們創作的作品種類繁多，涵蓋油畫、水彩畫、CG插畫、剪紙、拼貼等平面作品，以及陶藝、編織，甚至還有影像作品。會員可以自由創作！這是一個氛圍輕鬆自在、不需參與的社團。會員可以按照自己的步調進行創作。無論您是“喜歡創作”、“想嘗試使用從未用過的藝術材料進行創作”，還是“只是想享受創作的樂趣”，這裡都是一個對藝術和創作感興趣的人們的聚集地！,每週一及週四 / 約下午 3:00 至 7:30 / 學生會大樓 (W402),無,google_translate_zh_tw,llm_reviewed,Google Sheets GOOGLETRANSLATE zh-TW draft; structurally checked and normalized for Cantonese/Traditional Chinese site use.
C0374,3082,bf1fd94e5adacb16,紡織研究協會,文化與藝術,美術,早稻田大學紡織研究會是一個以早稻田大學為中心的時尚社團，成立於1949年。其宗旨是「大學生在時尚領域能夠表達怎樣的理念和影響？」該社團組織時裝秀和裝置藝術展。目前，社團擁有約80名成員，許多校友已成為設計師。,每週三/學生會大樓,無,google_translate_zh_tw,llm_reviewed,Google Sheets GOOGLETRANSLATE zh-TW draft; structurally checked and normalized for Cantonese/Traditional Chinese site use.
C0375,3091,e70f022746d42753,早稻田大學書法社,文化與藝術,美術,早稻田大學書法社是早稻田大學唯一官方認可的書法社團，擁有超過60年的歷史。其主要活動包括每週三和週六在學生會大樓舉行的練習，為五月的春季書法展和冬季舉辦的規模最大的學生書法展——稻莊展做準備。此外，社團還提供其他豐富多彩的活動，例如新生入學期間的訓練營、為期近一周的夏令營以及不涉及書法練習的滑雪營。同時，早稻田大學書法社也是東京學生書法聯盟的成員。該聯盟由東京九所大學（原子學園女子大學、慶應義塾大學、國學院大學、東京女子大學、日本女子大學、法政大學、明治大學、立教大學和早稻田大學）的書法社團組成，旨在促進與其他大學的交流。俱樂部與校友保持緊密的聯繫，會員可以參加校友舉辦的展覽，並在練習課上接受指導，從而提升書法技藝。會員可以根據自身時間安排參與活動，包括上課和兼職工作，並且在活動時間內可以自由進出，方便會員同時參與其他俱樂部的活動。這是一個氛圍輕鬆自在的俱樂部。,每週三和週六 / 13:00 - 18:00 / 學生會大樓 W402,無,google_translate_zh_tw,llm_reviewed,Google Sheets GOOGLETRANSLATE zh-TW draft; structurally checked and normalized for Cantonese/Traditional Chinese site use.
C0376,3531,23b6ad732a2dd100,早稻田大學理科沙攝影俱樂部,文化與藝術,美術,我們的活動主要包括每年四到五次攝影展，以及春夏兩季的兩次訓練營。此外，我們每月還會舉辦一到兩次外出拍攝。通常情況下，有空的成員會來社團活動室聊天、玩遊戲、沖印照片，做任何他們喜歡的事。社團活動室前面還有一個暗房，一些有特殊興趣的成員會在那裡沖洗底片相機拍攝的照片…為了舉辦攝影展，我們每年會在早稻田大學附近租用兩到三次咖啡館。其餘時間，我們會租用校園內的房間。我們有時也會接到大學各種活動的攝影合作邀約。我們每天都按照自己的步調工作，並透過攝影展和定期拍攝等活動來提升彼此的攝影技巧。最後，因為我們社團的名字是“理工社”，所以經常有人說“我以為只有理工學院的學生才能加入”，但事實並非如此。與其他攝影社團相比，我們社團中來自理工學院的學生略多一些，但我們的成員在大學或系所方面並無明顯傾向。即使您之前無攝影經驗，我們也熱烈歡迎！我們很多成員都是在大學期間開始接觸攝影的！如果您對攝影哪怕只有一點點興趣，都請聯絡我們！,不定期週六和週日 / 學生會大樓俱樂部活動室 E217 - 拍照點,Circle 網站已關閉,google_translate_zh_tw,llm_reviewed,Google Sheets GOOGLETRANSLATE zh-TW draft; structurally checked and normalized for Cantonese/Traditional Chinese site use.
C0377,3094,0dfd70bf255a956d,古董藝術研究小組,文化與藝術,美術,早稻田大學古代藝術研究會是一個擁有60年悠久歷史的藝術社團。我們的主要活動是每月一次參觀東京的美術館。雖然社團名稱包含“古代藝術”，但我們參觀的展覽大多是印象派作品以及其他不屬於“古代藝術”範疇的作品。更多詳情請查看我們的社團部落格。參觀完美美術館後，我們會舉辦晚宴（自願參加），以促進成員之間的交流。古代藝術研究會與其他藝術社團的不同之處在於，它是一個專注於藝術鑑賞的社團。即使您不會畫畫或對藝術了解不多，我們也十分歡迎您的加入。由於我們專注於參觀活動，因此我們的預算也集中用於此。加入我們，您可以享受博物館參觀的優惠價格。總之！我們是一個值得向所有對藝術略感興趣的人推薦的社團。雖然我們的核心活動是每月一次的參觀，但我們也歡迎那些希望「因為我們是一群志同道合的人，所以想多交流！」的人加入。我們是一個靈活的社團，能夠迅速將想法付諸行動，例如組織到新宿禦苑野餐或觀看煙火表演。我們也設有社團活動室，方便您與其他成員加深交流。我們的社團成員來自各大學，氣氛輕鬆自在。這種氛圍難以用語言形容，因此我們鼓勵您親身體驗我們的活動，例如參觀美術館，以便更了解我們社團。歡迎隨時前來體驗。如有任何疑問，請隨時與我們聯繫。,每月一次（通常在星期日），地點在東京的一家美術館。俱樂部活動室隨時可用。,無,google_translate_zh_tw,llm_reviewed,Google Sheets GOOGLETRANSLATE zh-TW draft; structurally checked and normalized for Cantonese/Traditional Chinese site use.
C0378,3098,a7122ab2bcce6a73,陶瓷社：稻穗窯,文化與藝術,美術,稻穗窯陶藝社是早稻田大學唯一允許會員從零開始創作陶藝作品的社團。他們在社團活動室完成陶藝製作的各個環節，從使用電動和腳踏式拉坯機塑形，到塗抹自製釉料，再到窯爐燒製。雖然煤油窯比電窯操作更困難，但他們使用煤油窯，這使得燒製方法更加多樣化，作品也更有趣。學生加入社團的理由各不相同，例如“我喜歡動手做東西”、“我想製作自己的餐具”或“我想在大學裡嘗試一些不同的東西”，但大多數成員加入時都是陶藝新手。在向學長學姐學習基本技巧的同時，成員們可以自由地進行自己的創作。成員們的創作範圍極為廣泛，從傳統的茶道用具到日常餐具和雕塑，應有盡有。社團每年在校內外舉辦三次展覽，展示他們的作品。在早稻田文化節上，他們會舉辦“陶藝市集”，販售成員製作的陶器。每年九月，他們也會前往以陶藝聞名的栃木縣益子市，在當地的設施舉辦夏季陶藝訓練營。除了展覽和訓練營之外，他們還會定期參觀美術館和博物館，欣賞和學習古代名家的作品以及頂尖藝術家的作品。社團成員們在距離校園僅幾步之遙的理想環境中，利用課餘時間、放學後和週末，悠閒地投入陶藝創作。,週一至週日 / 上午 8:00 至 晚上 10:00 / 早稻田大學校園 29-3 號大樓,無,google_translate_zh_tw,llm_reviewed,Google Sheets GOOGLETRANSLATE zh-TW draft; structurally checked and normalized for Cantonese/Traditional Chinese site use.
C0379,3096,250c11c2ded4e7fd,繪畫協會,文化與藝術,美術,"我們的社團活動每週二和週五下午1點至晚上8點舉行，成員們可以自由參與各種活動，包括使用石膏像、油畫、水彩和數位藝術等各種材料進行藝術創作，以及聊天和完成課堂作業。活動結束後，我們經常一起吃晚餐、進行小型聚會，或只是在社團活動室放鬆。

我們也有很多機會展示自己的作品。我們每月大約舉辦一次展覽，既會策劃自己的展覽，也會與其他大學聯合舉辦展覽。今年，我們在大學營運的畫廊舉辦了展覽，也與早稻田大學的其他社團以及其他大學的藝術社團進行了許多合作計畫和展覽。在休息日和長假期間，我們會透過參觀博物館、參加活動和進行藝術靜修來加深彼此的友誼。 ////

//強烈推薦這個社團給那些希望加入一個能夠平衡發展、豐富藝術生活和校園生活的社團的人！",每週二 13:00-20:00，每週五 13:00-18:00 / 學生會大樓 W402,無,google_translate_zh_tw,llm_reviewed,Google Sheets GOOGLETRANSLATE zh-TW draft; structurally checked and normalized for Cantonese/Traditional Chinese site use.
C0380,3355,079cbfe56d0dff5a,夏拉德攝影集團,文化與藝術,美術,俱樂部的活動圍繞著每年四次攝影展：六月的「六月展」、十月的「新人展」、十一月的「早稻田節展」以及二月的「畢業展」。成員們既可以獨立創作，有時也會合作，拍照並互相點評作品。雖然大多數展覽都在校內舉辦，但二月的畢業展會在校外畫廊舉行。此外，俱樂部還會舉辦攝影工作坊，以及其他各種活動，例如成員們一起參觀展覽和燒烤聚會。俱樂部每年還會舉辦兩次訓練營，分別在暑假和寒假期間，成員可以自行選擇目的地。俱樂部在學生會大樓內也設有一個活動室，成員們經常在空閒時間來這裡聊天交流。,每週不固定日期 / 任何時間 / 學生會大樓 E224,無,google_translate_zh_tw,llm_reviewed,Google Sheets GOOGLETRANSLATE zh-TW draft; structurally checked and normalized for Cantonese/Traditional Chinese site use.
C0381,3571,1cd1f5af36beeaf2,遲緩的駱駝,文化與藝術,美術,我們是經人文科學學院正式認可的綜合藝術、電影和溫泉社團。社團成立於2000年，從事電影拍攝、插畫創作、音樂製作及遊戲開發等各類藝術活動。社團成員主要來自人文科學學院，通常在所澤校區活動。目前的主要活動包括不定期出版合作雜誌、CD和錄音帶，以及舉辦“電影馬拉松”，即在24小時內完成劇本創作、拍攝和剪輯。我們出版的雜誌和CD會在Waseket、Sun-Cri和Comiket等活動中分發。社團成員之間都是好朋友，氣氛非常友善熱情。許多成員都精通動漫、漫畫和遊戲。作為玩具相機社團「lomotion」的姊妹社團，我們經常會聯合舉辦溫泉靜修等活動。,每天,無,google_translate_zh_tw,llm_reviewed,Google Sheets GOOGLETRANSLATE zh-TW draft; structurally checked and normalized for Cantonese/Traditional Chinese site use.
C0382,3575,d494f12ff51e7a8d,創意圈禮物,文化與藝術,美術,"GIFT是一個以紙媒為載體，致力於以小說、插畫、詩歌、漫畫、攝影和評論等形式進行創作的社團。

/
/
/
/ 我們每年出版兩本社團雜誌《Sky Walk》。我們也會根據成員提出的主題創作合作小冊子，並舉辦社團範圍內的特別活動。這些小冊子會在所澤祭、早稻田祭等活動中分發和販售。我們也會參加Comiket和Sun-Cri等活動。

/
/
/
/ 我們也會舉辦各種有趣的活動，例如靜修、聖誕派對、烘焙派對和晚宴。

/
/
/
/ 非常歡迎從未接觸過創作活動的新手！何不隨時隨地，隨心所欲地進行創作呢？",不規則/所澤校區,無,google_translate_zh_tw,llm_reviewed,Google Sheets GOOGLETRANSLATE zh-TW draft; structurally checked and normalized for Cantonese/Traditional Chinese site use.
C0383,3153,ebd401cd6b348626,將棋俱樂部,文化與藝術,其他文化,將棋俱樂部是一個熱愛將棋的人們聚集在一起享受棋藝的社團。我們的目標是在冬季舉行的「大座」錦標賽中奪冠。最近一次奪冠是在2013年。為了實現這個目標，我們定期在俱樂部活動室聚會，下棋、學習，力求提升棋藝。然而，並非所有成員都是高手。許多成員段位較低，或是在大學才開始接觸將棋的初學者。將棋俱樂部裡也有很多高手，因此許多成員都積極參與各項活動，從他們身上學到了很多，棋藝也得到了顯著提升。至於具體的活動安排，每天都有所不同。平日里，我們會在課間聚集在俱樂部活動室，和在場的任何人下棋。週六，我們會進行學習，並進行兩盤棋，先是每盤棋限時30分鐘，然後每步棋限時60秒，這是大學比賽中常見的規則。週日經常會有大學比賽，屆時整個將棋俱樂部都會參加。我們幾乎每天都有活動，但參與完全自願，所以每個人都可以根據自己的意願選擇參與方式。我們也會在長假期間舉辦為期一週的集訓。在此期間，每個人平均會下約30盤棋。集訓的目的是為了增進成員之間的友誼，並提升大家的將棋水準。我們偶爾也會與其他大學的將棋社團進行友誼賽。將棋社是一個以享受將棋樂趣為宗旨的社團，所以無論棋藝水平如何，所有對將棋感興趣的人都會聚集在這裡。如果您對將棋感興趣，歡迎隨時來我們的社團活動室參觀。,每日/按需/學生會大樓俱樂部房間,無,google_translate_zh_tw,llm_reviewed,Google Sheets GOOGLETRANSLATE zh-TW draft; structurally checked and normalized for Cantonese/Traditional Chinese site use.
C0384,3151,f24e50961c9eff16,茶道學習小組,文化與藝術,其他文化,茶道作為日本文化的象徵，或許對您來說有些遙遠，對吧？茶道研究社（俗稱「茶研」）的成員大多是初學者，我們會循序漸進地學習如何使用茶具，讓即使是初次接觸茶道的人也能輕鬆上手！平日的課程由學生互相教授，週六的課程則由表千家和里千家的老師親自授課。除了常規課程，我們的活動還包括豐富的夏令營（包含各種課程和活動）、向來賓展示學習成果的茶道表演、手工製作日式點心和茶碗等研究活動，以及受邀參加其他大學茶道表演等校外活動。平日的課程始終對公眾開放，如果您對我們的活動即使只有一點點興趣，都歡迎您來學生會大樓的茶室參觀！,每週工作日兩次（日期不定），每週六一次 / 12:10-18:00 / 不定時 / 神樂坂清瀨學生會大樓,無,google_translate_zh_tw,llm_reviewed,Google Sheets GOOGLETRANSLATE zh-TW draft; structurally checked and normalized for Cantonese/Traditional Chinese site use.
C0385,3150,1e7d61d728a6d196,去俱樂部,文化與藝術,其他文化,早稻田圍棋俱樂部每週三、五下午6點至9點在新宿圍棋中心舉行練習。練習氣氛活躍，不僅吸引了早稻田在校學生，也吸引了其他大學的學生、校友和研究生。即使沒有練習，您也可以在學生會大樓的俱樂部活動室下棋。早稻田圍棋俱樂部不僅僅是一個圍棋愛好者聚集的地方！我們提供豐富多彩的活動，無論您的棋藝水平如何，都能找到樂趣！我們參加每年舉辦兩次的關東聯賽，派出代表隊參加普通組的比賽；同時，我們也參加與關東聯賽同期舉行的B聯賽（友誼賽），組成多支隊伍參賽。此外，我們還舉辦許多其他活動，包括每年兩次的集訓和新會員歡迎會。加入我們的一大亮點是，您可以透過比賽和活動，與其他大學的圍棋俱樂部成員建立更緊密的聯繫。我們歡迎經驗豐富的棋手，也熱烈歡迎初學者加入！我們的資深會員會熱情地指導您，歡迎您來體驗我們的活動！我們期待您的光臨！,每週三、五 / 18:00-21:00 / 新宿GO中心,無,google_translate_zh_tw,llm_reviewed,Google Sheets GOOGLETRANSLATE zh-TW draft; structurally checked and normalized for Cantonese/Traditional Chinese site use.
C0386,3152,615802b325e858fe,歌留多俱樂部,文化與藝術,其他文化,我們是一個競技歌牌社團，歌牌這項運動去年因漫畫、動畫和真人電影《花牌情緣》的熱門而人氣飆升！我們通常每週進行四次比賽形式的練習，場地設在早稻田大學學生會大樓的日式房間或校外社區活動中心。長假期間，我們也會舉辦訓練營和聚會等趣味活動。無論您是經驗豐富的玩家，還是熟悉《百人一首》的新手，我們都歡迎您的加入！我們的前輩會耐心指導您，從如何記憶《百人一首》到歌牌規則，無所不包。我們許多成員都是大學時期的初學者，但他們每天與經驗豐富的玩家一起練習，如今已成長為實力強勁的選手，並多次贏得比賽！歌牌雖然目前玩家人數不多，但它是一項博大精深、趣味盎然的運動，任何人都能從中找到樂趣！如果您就算只有一點點興趣，都歡迎您來觀摩我們的練習！,每週二、週四至週六 / 13:00-18:00 或 17:30-21:30 / 學生會大樓或社區活動中心,無,google_translate_zh_tw,llm_reviewed,Google Sheets GOOGLETRANSLATE zh-TW draft; structurally checked and normalized for Cantonese/Traditional Chinese site use.
C0387,3046,4f7853a5919b62d2,早稻田精神振興協會,文化與藝術,其他文化,"身著校服、頭戴學士帽、腳蹬高筒木屐，腰間繫著毛巾，這群現代版的「班卡拉」（bankara，一種武術表演團體）昂首闊步地走遍日本各地。這裡是男子道場。

/
/
/
/ 早稻田精神振奮協會是早稻田大學官方認可的社團，旨在透過各種活動促進個人成長。早稻田精神振奮協會的活動大致分為三個面向：

/
/
/
/ 第一，「組織本莊早稻田100公里健行活動」；第二，「透過夏令營活動將活動範圍擴展到日本各地」；第三，「策劃並參與各種活動」。本莊早稻田100公里健行活動，俗稱“百公里健行”，於2023年慶祝了60週年紀念。如今，這項活動已發展成為一項大型賽事，數百名參與者身著各式服裝，從埼玉縣的本莊早稻田出發，全程步行兩天，最終抵達大熊禮堂。早稻田武士會的夏令營是一項為期10晚11天的日本全國旅行，僅限男性參加（被暱稱為“早稻田武士”），成員們在旅途中加深友誼，並與當地居民互動。每位成員背負30碗米飯，每天每人100日圓的伙食預算，在炎炎夏日下不知疲倦地跋涉。活動內容豐富多彩，包括在青木原森林舉辦的聖誕派對，這場派對專為單身成員而設。此外，他們也積極參與早稻田祭和運動會。

/

/

/
我們歡迎所有來訪者，也歡迎所有離開者。來吧，加入早稻田大家庭！

/

/

來吧，早稻田精神小妖會！",學生會大樓E719 / 大隈禮堂,無,google_translate_zh_tw,llm_reviewed,Google Sheets GOOGLETRANSLATE zh-TW draft; structurally checked and normalized for Cantonese/Traditional Chinese site use.
C0388,3538,7cf12931965bf4a0,早稻田大學理工學將棋協會,文化與藝術,其他文化,圍棋社提供多種棋類遊戲，包括圍棋、將棋、麻將和紙牌遊戲。規則簡單易學，氣氛友善輕鬆。圍棋社是您暢玩各種遊戲的理想場所。它是理工學院正式認可的社團，社團活動室位於學生會大樓9樓。同時，它也是一個歷史悠久的社團，今年正值成立50週年。如果您喜歡益智遊戲，歡迎前來體驗！,每日/按需/學生會大樓 E936,無,google_translate_zh_tw,llm_reviewed,Google Sheets GOOGLETRANSLATE zh-TW draft; structurally checked and normalized for Cantonese/Traditional Chinese site use.
C0389,3359,e55d28a429c6c68a,咖啡研究協會,文化與藝術,其他文化,"咖啡研究俱樂部擁有超過50年的歷史。任何熱愛咖啡或咖啡館的人，甚至只是略感興趣，都歡迎加入！即使您不喝咖啡或不是專家，也完全沒問題。

/
/
/ 每週六下午，我們會提前規劃並「研究」各種活動。具體來說，我們會比較不同產地的咖啡豆，舉辦手沖咖啡工作坊，有時甚至會練習用義式咖啡機製作拿鐵。週一和週三下午，我們會一邊享用咖啡，一邊完成作業和聊天。

/
/
/ 此外，我們還有各種有趣的活動，包括咖啡館遊行、拉花工作坊、咖啡靜修和參與各種活動！我們的咖啡館巡遊活動一定能幫助您結識新的咖啡館朋友！在11月的早稻田節期間，我們計劃製作原創拼配咖啡，練習手沖咖啡，並開發原創飲品。

/
/
/
/ 無論您是咖啡愛好者還是普通人，都歡迎加入咖啡研究俱樂部！一群形形色色的「Kohiken居民」恭候您的光臨！

/
/
//咖啡愛好者們！來我們這裡享用咖啡吧。",每週一、三、六下午 3 點至 6 點，學生會大樓,無,google_translate_zh_tw,llm_reviewed,Google Sheets GOOGLETRANSLATE zh-TW draft; structurally checked and normalized for Cantonese/Traditional Chinese site use.
C0390,3047,40078ee74664240d,早稻田慶應比賽支援協會,文化與藝術,其他文化,我們是早稻田-慶應比賽支援協會，一個致力於支援久負盛名的早稻田-慶應棒球比賽的社團。比賽當天，我們會引導觀眾並清理神宮球場周圍的區域。賽前賽後，我們會認真看待各項活動，但平常我們會在社團活動室放鬆休息。比賽當天，您可以在完成工作後觀看比賽。在神宮球場高唱校歌《金碧之空》，一定會成為您終生難忘的回憶！我們的成員不僅包括棒球愛好者，還包括熱愛早稻田大學的人，以及因為前輩們的熱情而加入的成員，所以即使您對運動不感興趣也沒關係！我們也會與其他社團互動交流，互相幫忙。我們與其他社團關係友好，甚至有些成員本身也是其他社團的成員。我們每年春秋兩季都會與慶應大學舉辦交流活動，讓您有機會認識來自不同大學的朋友！我們期待您的加入！,神宮體育場/學生會大樓7樓E704室,無,google_translate_zh_tw,llm_reviewed,Google Sheets GOOGLETRANSLATE zh-TW draft; structurally checked and normalized for Cantonese/Traditional Chinese site use.
C0391,3352,3f29864eccfe10f8,Table Talk RPG Circle Kenkondo,文化與藝術,其他文化,桌上角色扮演遊戲（TRPG）是一種模擬遊戲，多人圍坐在桌旁，扮演故事中的角色，透過對話推進劇情（例如在影片分享網站上廣為流傳的《克蘇魯的呼喚》TRPG）。遊戲基於一本包含故事世界觀和遊戲特定數據的規則手冊，由一名被稱為「遊戲主持人（GM）」的玩家和3到5名扮演角色的玩家共同協作，達成最終目標（例如解開謎團或擊敗敵人）。作為一款遊戲，GM會提供一定程度的場景引導，擲骰子也會帶來一定的運氣成分，但玩家可以完全自主地採取行動和說出台詞。玩家可以用精彩的台詞給人留下深刻印象，用滑稽的表演逗樂大家，或者對場景進行細緻的描述，在與其他玩家合作的同時，充分展現各自的優勢，使故事更加生動有趣。換句話說，玩家不僅是即興戲劇中的演員，也是編劇和觀眾——TRPG 的多元樂趣正是其魅力所在。我們通常每月一次，在周日聚會，一起享受 TRPG 的樂趣。在戰鬥遊戲中，當你克服重重難關，最終取得勝利；或者在解謎遊戲中，當你意外發現解謎方法，迎來感人的結局時，每個人都會充滿成就感，覺得自己「創造了一個精彩的故事」。我們非常歡迎新手加入，快來一起玩吧！,每月一次 / 週日 / 上午 10:30 - 下午 6:00 / Discord,無,google_translate_zh_tw,llm_reviewed,Google Sheets GOOGLETRANSLATE zh-TW draft; structurally checked and normalized for Cantonese/Traditional Chinese site use.
C0392,3370,8dc31cd647e9137b,早稻田大學迪士尼研究協會,文化與藝術,其他文化,"我們通常會在東京的文化中心舉辦各種休閒活動！活動種類繁多，包括適合初學者和迪士尼粉絲的趣味問答、可以分享你熱情的閃電演講，以及季節性特別活動！

我們每月都會舉辦主題樂園週末遊！

我們會根據大家喜歡的類型分組，所以你可以盡情享受觀看遊行、品嚐美食、與迪士尼角色合影以及體驗各種遊樂設施！

我們每年還會舉辦兩次研究成果展示會！這些展示會會與其他大學的迪士尼俱樂部和研討會共同舉辦，我們也會邀請教授出席。

由於你可以從不同的角度分析迪士尼，所以也推薦給想要認真研究迪士尼的人！

迪士尼研究實驗室最獨特的活動就是舞濱漫步！我們會從早稻田大學步行前往舞濱！這是在東京觀光的同時加深友誼的絕佳機會！

你可以自由選擇參加哪些活動，所以可以按照自己的步調參與！

大學生活只有一次，何不與透過迪士尼認識的好友們一起度過美好時光呢？

無論你是迪士尼新手、蕭邦粉絲、卡通人物合照愛好者、遊樂設施愛好者、美食家、迪士尼粉絲、電影愛好者、皮克斯粉絲、漫威粉絲、星際大戰粉絲，還是遊戲玩家，我們都熱烈歡迎你加入早稻田大學迪士尼研究俱樂部！",每週一次（日期不定）/ 晚上6:30 起 / 東京文化中心、富山校區食堂、舞濱,無,google_translate_zh_tw,llm_reviewed,Google Sheets GOOGLETRANSLATE zh-TW draft; structurally checked and normalized for Cantonese/Traditional Chinese site use.
C0393,3290,7eb8ec5399b1020e,算盤俱樂部,文化與藝術,其他文化,珠算俱樂部的主要活動是每年參加約10項比賽並進行賽前練習。俱樂部成立於2009年，雖然成立時間不長，但許多畢業生在包括日本國內最負盛名的珠算比賽——全日本珠算錦標賽在內的眾多全國性比賽中都取得了優異成績。練習時間安排在課間空閒時間以及每月兩次的週末。我們共同製定練習計劃，並互相提供建議和鼓勵。我們的目標是繼續參加比賽，並在校內外積極推廣珠算，為珠算愛好者的增加做出貢獻。目前，珠算俱樂部正在招募新成員。無論您是珠算愛好者、希望在大學入學後重新開始練習珠算，還是僅僅熱愛珠算，都歡迎加入我們。讓我們一起沉浸在「一心一意」的珠算精神中吧！,每週上課日期不固定 / 課間空閒時間 / 學生會大樓,無,google_translate_zh_tw,llm_reviewed,Google Sheets GOOGLETRANSLATE zh-TW draft; structurally checked and normalized for Cantonese/Traditional Chinese site use.
C0394,3760,699887afa8a790db,早稻田大學復古研究協會,文化與藝術,其他文化,我們是一群熱愛20世紀復古文化的人，主要關注昭和和平成初期的文化（音樂、漫畫、傳統咖啡館、偶像、建築、動畫、復古服裝等等）。我們的主要活動是每週一次的聚會，週末則會去參觀復古相關的場所，例如傳統咖啡館、唱片店和商店街。在往屆早稻田大學文化節上，我們曾重現昭和時代的音樂節目，並舉辦攝影工作坊。我們也會與校外人士交流互動，相信您一定會收穫寶貴的經驗！,大約每週一次/第五堂課至第六堂課/學生會大樓,無,google_translate_zh_tw,llm_reviewed,Google Sheets GOOGLETRANSLATE zh-TW draft; structurally checked and normalized for Cantonese/Traditional Chinese site use.
C0395,3769,7c3b0a8a578bda0d,早稻田大學韓國學生會,國際交流及志工工作,國際交流,"您好。我們是早稻田大學韓國學生會。

///早稻田大學約有800名韓國學生，包括所有大學部學生和研究生。作為早稻田大學韓國學生會（WUKSA），我們的職責是支持他們的校園生活，並代表他們發聲。

///早稻田大學韓國學生會成立於1947年，一直以來都持續進行著豐富多彩的活動。透過與學生會下屬社團以及早稻田大學韓國校友會的合作，我們致力於支持許多韓國留學生的學習生活，並幫助他們實現理想的職業道路。

///我們將努力成為一個始終為學生謀福祉的早稻田大學韓國學生會，陪伴他們度過大約四年的大學時光。謝謝。

///

//
/",不固定/各種地點（早稻田大學校園外、新大久保週邊等）,無,google_translate_zh_tw,llm_reviewed,Google Sheets GOOGLETRANSLATE zh-TW draft; structurally checked and normalized for Cantonese/Traditional Chinese site use.
C0396,3044,ff2b4ba38edde946,國際學生友誼協會（WIC）,國際交流及志工工作,國際交流,"早稻田國際學院 (WIC) 是早稻田大學歷史最悠久的國際交流社團。我們每月至少舉辦一次各種活動、旅行和遊覽，為國際學生提供有趣的互動交流機會。每週三，我們也會舉辦“日本課堂”，學習日本文化以及來自不同國家的國際學生文化。此外，我們也會為國際學生提供支持，例如應學校要求參與課堂志工服務，以及陪同他們前往地方政府部門。 WIC 的特色在於，我們不僅注重娛樂，更致力於透過各種方式與國際學生建立深厚的友誼！我們的成員通常會在工作日第二節課到第五節課之間聚集在15號樓的半地下休息室，如果您對 WIC 感興趣，歡迎前來了解！更多活動詳情，請關注我們的 Twitter 和 Instagram！

/
/
/",每週三：「日文教室」 / 週一至週五，第二至第五堂課：15號樓休息室 / 每月至少舉辦一次活動,無,google_translate_zh_tw,llm_reviewed,Google Sheets GOOGLETRANSLATE zh-TW draft; structurally checked and normalized for Cantonese/Traditional Chinese site use.
C0397,3724,ed8ad6ef87990354,AIESEC 早稻田大學委員會,國際交流及志工工作,國際交流,"AIESEC是一個非營利組織，在全球100多個國家設有分會，約有3萬名學生會員。

/
/
/
/ 我們致力於建構一個和平的社會，最大限度地發揮每個人的潛能。我們參與並管理旨在培養青年領導力的計畫。

/
/
/
/ 我們通常與AIESEC的海外分會和校友合作，參與並管理海外實習計畫以及線上國際交流活動。

/
/
/
/ AIESEC日本分會成立於1962年，目前主要透過24個大學委員會進行活動。

/
/
/
/ AIESEC早稻田大學委員會是這24個委員會中歷史最悠久的。

/
/
/
/
/
/",每週五 18:15 至 19:45（時間可能變更），以及其他需要安排的日期 / 學生會大樓和 7 號樓,無,google_translate_zh_tw,llm_reviewed,Google Sheets GOOGLETRANSLATE zh-TW draft; structurally checked and normalized for Cantonese/Traditional Chinese site use.
C0398,3048,d189146340af039a,國際交流彩虹協會,國際交流及志工工作,國際交流,彩虹社成立於1965年，是早稻田大學歷史悠久的國際交流社團，也是該校眾多社團中規模最大的社團。顧名思義，彩虹社是一個國際學生和日本學生透過各種活動進行交流的社團。成員來自美國、英國、澳大利亞，甚至還有來自人口約50萬的盧森堡。作為跨校社團，成員不僅來自早稻田大學，也來自其他大學。彩虹社的主要活動包括學術活動，例如日本文化研究、世界文化研究和英語學習，學生們在這些活動中互相學習彼此的文化和俚語；此外，還有萬聖節派對和聖誕節派對等聚會活動。社團也舉辦足球和籃球等體育活動！,不定期（大約每週兩次）/ 地點不定,無,google_translate_zh_tw,llm_reviewed,Google Sheets GOOGLETRANSLATE zh-TW draft; structurally checked and normalized for Cantonese/Traditional Chinese site use.
C0399,3766,3544ea624b40f7a4,早稻田台灣學生會,國際交流及志工工作,國際交流,"大家好！早稻田台灣學生會是早稻田大學官方認可的社團。我們是由來自台灣的早稻田學生組成的團體，歡迎所有學生加入，包括本科生、研究生和CJL（中國青年學者聯盟）學生。我們的宗旨是促進在早稻田就讀的台灣學生之間的交流，並為在日本的日常生活和學習生活提供各種支持。

我們每月大約舉辦一次活動，包括迎新活動、野餐和露營。我們也會舉辦一些有助於職涯規劃的活動，例如校友招聘會，以及與其他社團、其他大學的台灣學生會和校外機構的交流和體驗活動。

台灣同學們，歡迎加入我們！讓我們一起拓展在早稻田就讀的台灣學生之間的交流與友誼。無論您是新生還是曾經在早稻田就讀的學生，我們都期待您的加入。

如果您有任何疑問或對早稻田台灣學生會感興趣，請隨時與我們聯繫。讓我們一起在早稻田創造美好回憶吧！

我們期待您的加入，早稻田台灣學生會！

歡迎加入早稻田台灣學生會！",至少每月一次,無,google_translate_zh_tw,llm_reviewed,Google Sheets GOOGLETRANSLATE zh-TW draft; structurally checked and normalized for Cantonese/Traditional Chinese site use.
C0400,3590,c4d54e31570a1dc7,早稻田大學中亞研究協會,國際交流及志工工作,國際交流,寒假期間，您可以前往哈薩克參加學生交換計畫和寄宿家庭體驗。哈薩克之旅可根據您的個人興趣安排。您將有機會親身了解全球福利狀況，包括參觀社會福利機構和安養院。除了學習之外，您還可以挑戰自我，體驗滑雪、滑冰等冬季運動。此外，您還將受到往屆留學生的熱情歡迎，與在日本結識的朋友重聚，並體驗精彩紛呈的日哈交流計畫。這將為您帶來超越傳統旅行或留學體驗的獨特學習經驗。,每週一/下午4點/101號樓,無,google_translate_zh_tw,llm_reviewed,Google Sheets GOOGLETRANSLATE zh-TW draft; structurally checked and normalized for Cantonese/Traditional Chinese site use.
C0401,3211,61c326fc5ae02a65,兒童文化研究協會,國際交流及志工工作,志工,兒童文化研究會成立於1945年，是早稻田大學認可的歷史悠久的兒童志工社團。我們的主要活動是「兒童志工服務」和「木偶戲」。 「兒童志工服務」方面，我們會在早稻田附近的兒童中心舉辦的活動中擔任後勤人員。我們會親手製作手工和遊戲，並與孩子們一起玩耍。 「木偶戲」方面，我們主要在學校長假期間進行演出。演出結束後，我們會讓孩子們玩木偶，並與他們共進午餐。從木偶、劇本到舞台，所有東西都是手工製作的。大多數成員一開始都是表演和木偶製作的初學者，但我們和藹可親的前輩成員會以輕鬆的方式指導您，所以請不必擔心。這兩項活動都針對學齡前兒童到小學低年級兒童，與他們互動會讓您充滿活力！我們每週在友好溫馨的氛圍中舉行一次聚會。這是一個輕鬆的小團體，您很容易與其他成員成為朋友。歡迎所有大學和年級的學生！讓我們一起享受與孩子互動的樂趣吧！,每隔一週的星期一和星期四下午 5 點 / 學生會大樓,無,google_translate_zh_tw,llm_reviewed,Google Sheets GOOGLETRANSLATE zh-TW draft; structurally checked and normalized for Cantonese/Traditional Chinese site use.
C0402,3045,848846f441593b08,思想森林協會,國際交流及志工工作,志工,五十多年來，我們一直在岩手縣田野畑村從事森林管理和社區交流活動。田野畑村是一個人口約3500人的村莊。在靜修期間，我們住在早稻田大學的宿舍。我們使用自己劈的柴火，用鍋子煮飯，甚至連洗澡用的火都是用柴火生的。在森林管理方面，我們在我們擁有的兩座山上進行疏伐和修剪；在社區交流方面，我們幫助當地從事農業、林業和畜牧業等初級產業，並參與各種節日活動。在東京時，我們每週開會，討論下一次靜修的準備工作和各種活動。此外，我們還會參加早稻田祭、稻門祭和環保競賽。無論是在東京還是岩手縣，我們都是這樣一個可以依靠自身力量做自己想做的事情的社團。,每週一次 / 下午6點 / 學生會大樓,無,google_translate_zh_tw,llm_reviewed,Google Sheets GOOGLETRANSLATE zh-TW draft; structurally checked and normalized for Cantonese/Traditional Chinese site use.
C0403,3266,66c916591183fe06,向日葵兒童俱樂部,國際交流及志工工作,志工,向日葵兒童俱樂部與目黑區的四所小學合作，與各校特殊教育班的孩子們互動交流。俱樂部接收一至六年級的學生，每週六，俱樂部會安排兩到三名學生陪伴每個孩子在公園玩耍。此外，俱樂部還會在五月、七月、十月、十一月、十二月和三月組織週日郊遊，孩子們會前往葛西臨海公園或其他他們平時不常去的公園遊玩。夏季，俱樂部還會舉辦為期兩晚三天的夏令營。每次郊遊都由學生組成的「郊遊策劃委員會」負責籌備工作，委員會會在出發前兩個月左右開始工作，並主導策劃過程。學生們也會透過製作紀念品、策劃娛樂活動等方式增進彼此的了解。向日葵兒童俱樂部為孩子們提供了一個與眾多孩子互動交流的難得而寶貴的機會。,每週六/下午1點至6點/目黑區公園,無,google_translate_zh_tw,llm_reviewed,Google Sheets GOOGLETRANSLATE zh-TW draft; structurally checked and normalized for Cantonese/Traditional Chinese site use.
C0404,3269,b27406154431958d,池袋兒童協會,國際交流及志工工作,志工,池袋兒童協會每週日都會借用池袋的一所小學，與協會的孩子們一起玩耍。遊戲種類繁多，包括足球、捉迷藏等等。我們也會策劃許多活動，例如季節性遠足和露營。每週四，我們會討論週日要玩什麼遊戲、去哪裡健行、露營活動的內容。每個人都非常努力，因為這些討論的內容會成為協會活動的依據。此外，我們在春夏兩季還會舉辦露營活動。在露營期間，我們會集思廣益，探討如何改善協會，在體育館進行各種娛樂活動，晚上還會舉辦熱鬧的聚會。,每週日 9:00-13:00 / 每週四 18:00-21:00,無,google_translate_zh_tw,llm_reviewed,Google Sheets GOOGLETRANSLATE zh-TW draft; structurally checked and normalized for Cantonese/Traditional Chinese site use.
C0405,3079,4c160b02573e8cd5,藍天兒童俱樂部,國際交流及志工工作,志工,大家好！青空兒童會是一個在當地公園活動的兒童志工團體。我們主要服務大學週邊地區的小學生。我們的主要活動是每週六的例行活動。在活動中，我們會一起在公園裡玩捉迷藏、躲避球以及我們團體自創的各種遊戲，孩子們玩得不亦樂乎！除了常規活動，我們還會舉辦一些季節性活動，例如春秋兩季的郊遊、夏季的露營以及冬季的運動會！此外，我們也為學生們舉辦許多活動，學生們在友善的氛圍中共同參與！所有活動都由學生從零開始策劃和組織。看到孩子們享受並喜愛這些由學生們共同創作的活動，我們感到無比欣慰。孩子們可愛又充滿活力，不僅讓我們感到溫暖，還能近距離見證他們的成長，這正是我們團體的獨特之處！,每週六下午 1:30 至 4:30，地點在大學附近的某個公園。,無,google_translate_zh_tw,llm_reviewed,Google Sheets GOOGLETRANSLATE zh-TW draft; structurally checked and normalized for Cantonese/Traditional Chinese site use.
C0406,3075,e539837498a95369,新宿兒童協會 KIDS,國際交流及志工工作,志工,新宿兒童會KIDS是成立於1982年的志工社團。每週六下午，我們會在早稻田大學附近的會議室和公園裡，與特殊教育班的孩子們一起玩耍。兩位學生擔任領隊，負責策劃當天的活動主題和內容。我們有很多自由活動時間，孩子們活潑可愛，讓我們感到無比放鬆！我們還會舉辦許多與孩子們一起玩耍的活動，例如春季郊遊、夏令營（一晚或兩天）、秋季郊遊、聖誕派對和畢業典禮。此外，我們還會舉辦許多專為學生準備的活動，例如新成員歡迎營、煙火表演、燒烤和夏令營。我們最大的亮點在​​於社團的氛圍。無論你來自哪個大學或年級，我們都歡迎你的加入！歡迎你親自來體驗！,每週六 / 12:00 至 19:00 / 富山公園,無,google_translate_zh_tw,llm_reviewed,Google Sheets GOOGLETRANSLATE zh-TW draft; structurally checked and normalized for Cantonese/Traditional Chinese site use.
C0407,3768,636af007b060174d,志工圈 man-vo。,國際交流及志工工作,志工,Man-vo 代表「人性志工」！我們是一個以所澤市及週邊地區為基地的福利類志工團體，專注於「與人互動」！我們的志工活動包括與智力障礙人士一起烹飪、運動，以及與兒童和老人一起學習、玩耍，從而加深彼此的日常交流。我們也與所澤市教育委員會和市民志工團體合作，支持當地活動的發展。志願服務並非強制性的，您可以根據自己的步調和時間靈活參與。除了志工服務之外，我們還會舉辦年級聚會和露營等活動，讓您有機會認識高年級學長學姊和其他大學的同學。即使您“不知道如何與殘障人士互動”或“從未做過志工”，也完全沒關係！經驗豐富的學長學姊會熱情地幫助您。何不把握這個機會，投身福利事業呢？歡迎隨時與我們聯繫！,根據活動安排而定（主要在周六和周日）,無,google_translate_zh_tw,llm_reviewed,Google Sheets GOOGLETRANSLATE zh-TW draft; structurally checked and normalized for Cantonese/Traditional Chinese site use.
C0408,3268,095d89c6c2c0fec7,環境羅德里格斯,國際交流及志工工作,志工,羅德里格斯環保社是早稻田大學官方認可的規模最大的環保志工社團，成立於1997年。雖然社團名稱可能會讓人覺得你需要是環保專家才能加入，但事實並非如此。我們的成員背景多元，既有對環境有著濃厚興趣的資深人士，也有進入大學後才開始關注環保的新生。我們最重視的是「在享受樂趣的同時找到自己能做的事」。我們的活動分為六大主題：“里山”（鄉村景觀）、“海洋”、“區域振興”、“教育”、“產品開發”和“塑料”，涵蓋自然體驗、工作坊和再生產品製作等內容。每個主題的活動大約每週一次，氣氛友善輕鬆。認識來自不同大學和年級的朋友也是一大亮點。就算你不是環保專家，只要你對環保哪怕只有一點點興趣，我們都熱烈歡迎！無論你是想嘗試新鮮事物還是結交新朋友，你都能在這裡找到歸屬感。,"專案會議：每週一次（週一、週三、週四、週五）/ 18:00-20:30 / 學生會大樓 E817

實地活動和活動參與：根據每個項目的需要而定（通常為每週六和週日）",無,google_translate_zh_tw,llm_reviewed,Google Sheets GOOGLETRANSLATE zh-TW draft; structurally checked and normalized for Cantonese/Traditional Chinese site use.
C0409,3078,ea0db16d16f74f05,早稻田大學廣域BBS協會,國際交流及志工工作,志工,BBS是致力於青少年矯正與保護的法律專業支援組織之一，主要從事青少年矯正和預防犯罪相關活動。我們是關東地區最大的BBS分會，而且與一般地區分會不同的是，我們是一個完全由學生組成的跨大學社團！我們利用空閒時間在兒童指導中心和兒童獨立支持機構擔任「哥哥姐姐」的角色，陪伴和輔導不同境遇的孩子們。目前，我們的成員來自各大學，主要來自早稻田大學和東洋大學！雖然法律、心理學和教育專業的學生比較多，但我們也有來自理科、政治學和經濟學專業的學生。我們的會員涵蓋了從大一到研究生各個階段！在克服了新冠疫情帶來的挑戰之後，我們最近拓展了活動範圍，開始為無法到校上課的學生提供支援。我們一直在尋找對青少年矯正和兒童福利事業充滿熱情的優秀學生！何不加入我們呢？,根據活動類型和具體情況而定,無,google_translate_zh_tw,llm_reviewed,Google Sheets GOOGLETRANSLATE zh-TW draft; structurally checked and normalized for Cantonese/Traditional Chinese site use.
C0410,3272,166264a303c37409,早稻田貓（早稻田貓協會）,國際交流及志工工作,志工,WaseNeko是一個致力於流浪貓活動的志工社團。我們的目標是減少流浪貓對當地居民造成的困擾，例如糞便、尿液和求偶叫聲。我們的活動得到了大學教職員、新宿區公共衛生中心工作人員以及當地居民的理解與合作。我們的日常活動主要包括餵貓，每天在大學第五堂課期間，我們會沿著校園內指定的路線餵食出現的流浪貓。我們也會將每日活動記錄在筆記本中，並在每月一次的例會上交流資訊並回顧活動。雖然並非定期舉辦，但我們也會努力透過與報社和電視台合作進行採訪，以及在研討會上發表演講來宣傳我們的流浪貓活動，並探討如何改進我們的活動。我們歡迎您諮詢我們的活動並預約參觀。,每日下午 4:30 至 6:00，主校區學生會大樓,無,google_translate_zh_tw,llm_reviewed,Google Sheets GOOGLETRANSLATE zh-TW draft; structurally checked and normalized for Cantonese/Traditional Chinese site use.
C0411,3270,98d4a47d24718da9,早稻田大學配對工作小組,國際交流及志工工作,志工,"我們致力於“早稻田社區發展”，透過活動策劃和管理，與早稻田商店街的居民和孩子們互動！

我們每月都會參與許多活動，包括當地的節慶和小學活動。

我們也會參與早稻田三大節日：「早稻田祭」、「地球感恩祭」和「東門祭」。

我們也出版宣傳早稻田魅力的雜誌《早稻田小鎮雜誌》，並在東西線早稻田站和早稻田的各個商店的貨架上擺放。

我們每週三第五堂課的例會氣氛友好，相信您很快就能成為朋友！我們成員之間也會舉辦許多休閒活動。

無論您是對志工服務略感興趣、喜歡孩子、想要幫助他人，還是想更了解早稻田地區，我們都歡迎您的加入！",每週三/17:00/學生會大樓,無,google_translate_zh_tw,llm_reviewed,Google Sheets GOOGLETRANSLATE zh-TW draft; structurally checked and normalized for Cantonese/Traditional Chinese site use.
C0412,3627,2894fc3c874fd560,特許學校教育支持——夏威夷篇——,國際交流及志工工作,志工,"ALOHA！我們是特許學校教育支持~夏威夷版~（Hawaii PJ），一個由早稻田大學認可的教育支持志工團體，起源於早稻田大學平山鬱夫紀念志工中心（WAVOC）。秉持著「教學相長」的活動理念，我們每年春假和暑假都會前往美國夏威夷大島火山村的一所特許學校。我們會與當地家庭一起生活兩週，教導孩子們日語和日本文化，並與他們互動交流。

/
/
/* 熱愛教育和孩子！

/
/* 想體驗美國與夏威夷文化

/
/* 想體驗海外教育環境

/
/* 熱愛日本文化，並希望將你所了解的日本美好之處分享給世界

/
/* 對國際交流有興趣

/
/* 想積極練習英文！

如果您也對此感興趣，何不加入我們，成為夏威夷小學和初中教育志願者，體驗一段與眾不同的暑假？我們也能從這些誠實勤奮的孩子身上學到很多。此外，我們「OHANA」團隊也會舉辦行前說明會和夏威夷及日本文化學習會，並積極參與諸如WAVOC贊助的演講比賽等活動。",每週參加兩次線上課程、每月一次團隊會議及其他不定期活動 / 上午 8:25 - 9:15（線上課程），其他活動時間待定 / WAVOC 會議空間、Wspace、線上,無,google_translate_zh_tw,llm_reviewed,Google Sheets GOOGLETRANSLATE zh-TW draft; structurally checked and normalized for Cantonese/Traditional Chinese site use.
C0413,3645,38dce66d333fd400,農業學校,國際交流及志工工作,志工,「這裡叫早稻田『稻田』，為什麼沒有稻田呢？」這個簡單的問題催生了我們農業學校－野樂塾的成立。我們圍繞著大熊園的「早稻田」開展了豐富多彩的活動。自成立以來，近20年過去了，如今，除了在早稻田種植水稻外，我們還開展了其他各種活動。我們的主要活動是管理大熊園的稻田和農田。我們會在工作日的午餐時間進行這項工作，活動結束後，在第三節課之前有空的成員通常會去早稻田吃飯。我們也與早稻田幼兒園和隅田區的Step Class進行交流，並組織志工活動，讓孩子們有機會體驗大自然。我們有時會一起插秧收割水稻，或是去捕捉小龍蝦。週末，我們也會定期與農民交流。當我們造訪所澤市和霞浦市的農戶時，不僅能體驗農耕生活，還能品嚐到美味佳餚。此外，我們還有各種各樣的其他項目，從與農業無關的項目到以農業為重點的項目，全年都有精彩活動等著您！我們將繼續秉承「享受農業，思考農業」的概念，進行各項活動。,平日午餐時間/不定期週末/大熊花園等,Circle 網站已關閉,google_translate_zh_tw,llm_reviewed,Google Sheets GOOGLETRANSLATE zh-TW draft; structurally checked and normalized for Cantonese/Traditional Chinese site use.
C0414,3714,d8eb74b7ef74644f,DOORS - 日本-越南交換計畫 -,國際交流及志工工作,志工,您好！我們是DOORS日越交流計畫。我們的活動主要圍繞著兩大支柱：為越南兒童提供獎學金和組織交流活動。我們每年春假和暑假期間會前往越南兩次，每次兩週。在日本，我們會參加早稻田節等活動，販售越南商品以籌集獎學金；此外，我們每月還會為在日外籍人士（主要是越南人）舉辦一次活動。我們社團氣氛融洽，成員之間不僅彼此友好，而且學長學姐和學長學妹之間也相處融洽！許多成員在大二或大三時加入，因此我們歡迎所有對海外志願服務、東南亞、跨文化交流或活動策劃感興趣的人士！歡迎您隨時來參加我們的活動。,每週一 / 下午 6:15 / 早稻田大學 3 號大樓,Circle 網站已關閉,google_translate_zh_tw,llm_reviewed,Google Sheets GOOGLETRANSLATE zh-TW draft; structurally checked and normalized for Cantonese/Traditional Chinese site use.
C0415,3788,cd136837c2331d6a,學生非政府組織 EST,國際交流及志工工作,志工,學生非政府組織EST是一個實踐性志工團體，致力於為菲律賓兒童提供教育支持和文化交流，其宗旨是「提供只有學生才能提供的最大支持」。每年暑假，學生們都會前往菲律賓，透過寄宿家庭、當地遊戲和簡單的課程與孩子們直接互動，為他們的未來注入希望和無限可能。在課程中，學生們圍繞著衛生、歷史和當地傳統文化等主題，共同思考和學習，為孩子創造實現夢想的機會。此外，學生主導活動的規劃和實施，這不僅能培養他們的國際視野、領導力和解決問題的能力，還能讓他們累積在現實世界中受益匪淺的經驗。 EST全年還會舉辦各種活動，例如夏令營，讓活動既嚴肅又充滿樂趣。有志向的學生，何不加入EST，與我們一起支持菲律賓，共創美好未來？,每週二/晚上7點/學生會大樓,無,google_translate_zh_tw,llm_reviewed,Google Sheets GOOGLETRANSLATE zh-TW draft; structurally checked and normalized for Cantonese/Traditional Chinese site use.
C0416,3630,c1165e4df3bea778,原子貨幣執行委員會，早稻田/高田馬場分部,國際交流及志工工作,志工,"我們負責管理和營運「原子幣」（Atom Currency），這是一種可在早稻田和高田馬場地區使用的本地貨幣。我們也會以志工的身份參與當地的各種活動。

/
/
/
/ 我們有很多機會與當地的店主和餐廳老闆互動，您可以藉此機會熟悉他們，並深入了解當地美食！

/
/
/
/ 管理本地貨幣需要一定的責任感，但您也可以從零開始規劃活動。如果您對此感興趣，歡迎來我們的俱樂部活動室參觀！",每週二 / 下午 6:15 / 學生會大樓 E532,無,google_translate_zh_tw,llm_reviewed,Google Sheets GOOGLETRANSLATE zh-TW draft; structurally checked and normalized for Cantonese/Traditional Chinese site use.
C0417,3725,d918438eccd5b17f,早稻田大學防災教育支援協會 (WASEND),國際交流及志工工作,志工,早稻田大學防災教育支援協會（WASEND）成立於2004年印尼蘇門答臘島地震之後。目前，該協會約有80名成員，在日本、印尼和菲律賓等地進行兒童防災教育活動。他們與當地大學生和專家進行深入的實地研究，並根據不同地區的特點，運用實驗設備和其他實踐方法，制定個人化的防災課程，提高兒童的防災意識。此外，他們也積極參與當地的防災節活動。 WASEND也製作防災繪本，目前已出版兩本：《吉濱討厭人的故事》和《我不是孤單一人－瓦尤與襲擊亞齊的大海嘯》。這兩本書都有日語/英語和印尼語兩個版本，並分發給日本國內外的小學生。,每週三和週五，以及春暑假期間 / 18:15 起 / 工程實踐室,Instagram連結已失效,google_translate_zh_tw,llm_reviewed,Google Sheets GOOGLETRANSLATE zh-TW draft; structurally checked and normalized for Cantonese/Traditional Chinese site use.
C0418,3644,a12e249f29758094,松大早稻田延野俱樂部,國際交流及志工工作,志工,新潟縣十日町市的松台地區自然資源豐富，是日本降雪量最大的地區之一，冬季積雪有時可達3至4公尺。近年來，由於人口減少，人口流失和老化問題日益嚴峻，該地區也出現了許多邊緣村落。我們的基地位於松台地區的蒲生村。我們的主要活動包括每週例會、每月一次的實地考察、提供教育支持的「松台塾Jr.」計畫以及雪鄉體驗活動。在實地考察中，我們透過參與當地活動和改善環境與當地居民互動，同時努力保護豐富的自然資源、美麗的梯田以及鄉村活動等當地文化。 「松台塾Jr.」計畫則在暑假期間為居住在松台地區的小學生和初中生以及普通參與者提供教育支持。 「雪鄉體驗計畫」是一項面向大眾的活動，旨在讓參與者透過鏟雪和寄宿家庭等方式體驗雪鄉風情。這兩個項目都旨在讓大眾了解松台的魅力，我們也積極參與大學活動和其他活動，將鬆台的魅力傳播給更廣泛的受眾。我們以大學生的身份，透過與當地居民互動分享快樂體驗，並為地區振興貢獻力量，積極參與各種活動。,每週五 / 下午 6:30 / WAVOC,無,google_translate_zh_tw,llm_reviewed,Google Sheets GOOGLETRANSLATE zh-TW draft; structurally checked and normalized for Cantonese/Traditional Chinese site use.
C0419,3715,7ae3f379117ed5e8,日韓未來項目,國際交流及志工工作,志工,"日韓未來計畫（簡稱Nikori）秉持著「透過我們的活動，認識、思考並發揮自身潛力，連結日韓，共創人人皆可微笑的未來」的宗旨。我們每週舉辦與南韓和北韓相關的專題學習會，例如領土爭端、慰安婦問題和核子問題，並每月參加在韓國大學舉辦的北韓問題學習會。我們也舉辦各種活動，在增進交流的同時享受樂趣，包括與其他組織的合作活動和內部活動。此外，每年夏天，日韓學生都會前往南北韓分界線附近的農村地區進行為期一週的志工服務（「三、八線和平活動」）。日韓未來計畫相信，日韓學生之間的交流對於消除彼此間的偏見至關重要。我們希望透過這些活動，發現一個全新的韓國和朝鮮，並朝著建立面向未來的日韓和日朝關係邁出重要一步！何不跟我們一起踏出這一步呢？ NicoCori 團隊全體成員期待您的參與！

/
/
/
/
/
/ 1：每週學習會

/
/
/
/ 2：參觀地球大學

/
/
/
/ 3：活動

/
/

/
/ 4：非軍事區和平項目

/
/
/
/",每週二和週五（時間可能因活動而異）/ 下午 6:30 / 早稻田大學校園志工中心,無,google_translate_zh_tw,llm_reviewed,Google Sheets GOOGLETRANSLATE zh-TW draft; structurally checked and normalized for Cantonese/Traditional Chinese site use.
C0420,3493,c76b0098d8472ac1,WHABITAT,國際交流及志工工作,志工,"我們是早稻田大學國際非政府組織「仁人家園」（Habitat for Humanity）的學生分會。我們的主要活動是在長假期間前往發展中國家參與志願住房建設（GV）。除了海外活動外，我們還進行豐富多彩的活動，例如在長假期間派遣團隊前往日本各地進行志願服務，並定期在東京地區開展農業援助和垃圾清理活動。我們每週都會舉行例會，探討社會議題，並透過接待人員的演講和會員間的討論，提高大家對志工服務的認識。如上所述，我們分會也可以與其他隸屬於同一母組織的大學進行交流，從而與更多人互動和交換想法。除了志工活動外，我們還會在新生入學指導期間、暑假和寒假期間定期舉辦聖誕派對、燒烤和露營等活動，讓您體驗只有大學生才能享受的樂趣！分會整體氛圍友好輕鬆，成員之間不分年級和性別，相處融洽，每個人都熱情友好，總是面帶微笑地迎接每一位成員。你可以全心投入學習和娛樂，這非常適合那些心想「我是大學生，所以我想嘗試新鮮事物！我想在享受大學生活的同時學習」的人。加入 WHABITAT，讓我們一起打造充實的大學生活！

/
/
/
/",每週三晚上7點在早稻田大學附近的一間教室或會議室。週末不定期參加志工服務。,無,google_translate_zh_tw,llm_reviewed,Google Sheets GOOGLETRANSLATE zh-TW draft; structurally checked and normalized for Cantonese/Traditional Chinese site use.
C0421,3628,8bb62b5c6549ed1f,寮國學校建設與教育支援計畫 ~即將啟動~,國際交流及志工工作,志工,秉持著「同心同德」的理念，我們在寒假期間前往寮國南部佔巴塞縣的農維恩村和農沙村，開展為期兩週的教育支援活動。受新冠疫情影響，我們曾連續兩年無法前往寮國，但去年我們終於得以成行，時隔三年再次開展活動。活動小組策劃了一場以「團隊合作」為主題的運動會，低年級小組關注環境議題，高年級小組則進行了世界遺產教育。除了課堂教學，我們也與當地教師互動交流，拜訪村民家庭，親身感受寮國文化。在日本，我們也與寮國交換生進行交流活動，在國高中開設課程，並在早稻田文化節進行展覽。社團內部沒有年級之分，氣氛非常友好，新成員的意見都會被重視。這是一個從第一年就能深度參與的社團。我們期待您的加入！,每週一、二、三或五 / 學生會大樓,無,google_translate_zh_tw,llm_reviewed,Google Sheets GOOGLETRANSLATE zh-TW draft; structurally checked and normalized for Cantonese/Traditional Chinese site use.
C0422,3636,4094757a61e215e6,早稻田大學氣仙沼隊,國際交流及志工工作,志工,"我們的團隊成立於東日本大地震後不久，源自於早稻田大學與宮城縣氣仙沼市的連結。自成立以來，我們一直積極參與災後重建工作。目前，我們每兩個月都會前往災區，進行考察學習、提供學習支援並協助舉辦各項活動。每年八月舉行的氣仙沼港祭是當地重要的活動，我們不僅參與活動組織，還會作為舞者參與其中，為節慶增添喜慶氣氛。地震至今已過去十三年，當地的情況和需求發生了變化，我們的工作也隨之調整，從最初的清理廢墟發展到如今的規模。我們積極在東京開展工作，致力於幫助氣仙沼重煥生機，不僅宣傳地震時氣仙沼的形象，更展現其當下的魅力。此外，自2020年起，我們透過部落格和免費報紙等方式傳播氣仙沼的相關訊息，讓更多人有機會了解氣仙沼。隨著地震發生時間的推移，人們對那段時期的記憶逐漸淡去，現場志工的數量也隨之減少。這或許是自然而然的結果。然而，當地仍有許多人需要我們的幫助，也有許多人因為我們的行動而重拾笑容。我們將繼續傾聽他們的心聲。任何對志工服務稍有興趣、想要遊覽東北地區或想了解地震歷史的人士，我們都歡迎您的加入。


/
/
/
//何不加入我們，共同復興氣仙沼？",每週一次（日期不定）/ WAVOC 會議室，99 號樓 / 下午 6 點至 8 點,注意：連結已失效,google_translate_zh_tw,llm_reviewed,Google Sheets GOOGLETRANSLATE zh-TW draft; structurally checked and normalized for Cantonese/Traditional Chinese site use.
C0423,3287,ec75f764774e8982,早稻田大學 POST,國際交流及志工工作,志工,"您是否對志工服務有興趣，但又不確定具體想做什麼？您是否想嘗試各種類型的志工工作？如果是這樣，早稻田大學POST社團就是您的理想選擇！ POST是官方認可的志願社團，提供豐富多彩的志願活動。我們的主要活動包括與老年人的社交聚會、課後輔導活動、垃圾清理、長假期間的農業體驗營，以及其他各種一次性志願活動，例如活動策劃。透過志工服務，您可以與各個年齡層的人互動，從兒童到老人。我們的成員都非常友善，讓您在社團中感到賓至如歸！

在全球疫情肆虐、人與人之間的連結日漸疏遠的當下，我們比以往任何時候都更加深刻地體會到人際關係的重要性。除了珍惜日常生活中的人際關係之外，早稻田大學POST社團還透過積極主動地與他人建立聯繫，為您提供體驗人與人之間溫暖聯繫的機會。

志工服務從來都不是單向的；這是一種雙向聯繫，透過這種聯繫，我們可以接納他人，並在共同相處的空間中找到快樂。我們珍惜透過團隊合作建立起來的人際關係，這也是我們做志工的原因。","會議：每週一次 / 12:30-13:00、17:00-18:40、21:00-21:40 / 學生會大樓二樓3號樓W廳，Zoom線上會議

老人社交聚會（沙龍）：每月第二個星期日 / 9:00-12:00 / 西早稻田社區交流中心

課後託管服務活動：自願參加 / 高田馬場或北新宿

垃圾收集：每月一次 / 11:00-12:00 / 早稻田週邊

農業體驗營：每年春假和暑假期間舉辦兩次 / 福島縣會津若松市

還有許多其他志工活動！",無,google_translate_zh_tw,llm_reviewed,Google Sheets GOOGLETRANSLATE zh-TW draft; structurally checked and normalized for Cantonese/Traditional Chinese site use.
C0424,3773,d1eb3aa419c6db59,早稻田大學草莓大福研究會,國際交流及志工工作,志工,"這是日本首個專注於草莓大福（一種內餡為紅豆沙和整顆草莓的麻糬）的社團。社團成立於2016年，旨在將草莓大福的魅力傳播到世界各地。每個人加入社團的理由各不相同，包括熱愛草莓大福、熱愛草莓、熱愛甜食、熱愛烹飪、對產品開發感興趣，以及僅僅是覺得社團的名字很有趣。甚至有些成員表示：「我不喜歡草莓，但覺得這個社團很有意思，所以就加入了！」作為一個跨校社團，我們有很多來自其他大學的學生，大家在友好和諧的氛圍中共同努力。我們的主要活動包括原創產品大福的製作體驗和品嚐活動，主要以草莓大福為主。此外，我們還會舉辦夏令營、在早稻田祭上設立攤位、組織一日遊。

/

/

/
/ 自 2022 年起，我們專注於產品研發。經過多次原型製作，2023 年 4 月，我們終於與西早稻田的「茶茶工房」合作推出了一款產品。這款名為「草莓大福（無包裝）」的產品，與「茶茶工房」的茶飲完美搭配，以粉紅色和白色的櫻花造型麻糬為特色，並適時推出，與春季銷售季相呼應。頂部點綴著鮮奶油和紅豆沙製成的甜美豆沙奶油，以及一顆草莓，是一款令人愛不釋手的甜點。這款大福廣受好評，以至於我們在 5 月還在淺草店推出了外帶服務。

/

/
/ 無論您是對產品研發有興趣、喜愛草莓大福，還是想了解更多關於大福的知識，都歡迎您加入我們！

/

/
/ 讓我們一起創造更多精彩！

/

/

/

/

/

/

/

/

/

/

/ 讓我們一起讓我們的活動更加精彩！",每月約3次（日期不定）/ 平日晚上7點，週末（時間不定）/ 學生會大樓，社區中心烹飪室,無,google_translate_zh_tw,llm_reviewed,Google Sheets GOOGLETRANSLATE zh-TW draft; structurally checked and normalized for Cantonese/Traditional Chinese site use.
C0425,3764,7dad20b49b6da46b,和歌山學生稻門會,其他,學生稻門會,和歌山學生印門會是一個本地學生社團，旨在為和歌山本地學生提供一個交流互動、與印門會校友建立聯繫的平台，並致力於振興和歌山。我們的活動主要圍繞著每年十月下旬的印門祭展開，此外，我們還會為會員舉辦其他各種活動。雖然在早稻田大學可能很難遇到土生土長的和歌山本地學生，但對於那些「不想忘記家鄉」和「想要與和歌山保持聯繫」的學生來說，印門會無疑是一個理想的選擇。我們誠摯地邀請所有和歌山本地學生加入我們。歡迎隨時透過社群媒體與我們聯繫。,活動期間,無,google_translate_zh_tw,llm_reviewed,Google Sheets GOOGLETRANSLATE zh-TW draft; structurally checked and normalized for Cantonese/Traditional Chinese site use.
C0426,3219,c08545b47a16560d,全日本早稻田學生聯合會,其他,學生稻門會,如果您是來自東京都會區以外的早稻田大學學生，您可以隨時參加各種活動！地區學生會（○○學生互助會）是官方認可的社團，旨在將與不同都道府縣（家鄉、高中等）有聯繫的早稻田大學學生聚集在一起，加深彼此的友誼。除了增進同鄉情誼之外，沒有其他規則！每個學生互助會都會舉辦各種獨特的活動，例如一起喝酒、參加當地節慶、舉辦集訓等等。從北海道到沖繩，日本各地共有近30個學生互助會，許多來自東京、神奈川、埼玉以外地區的早稻田大學學生都是其中一員。全日本早稻田學生聯合會（全早稻田學生聯合會）是學生稻門會的聯合會，其活動範圍廣泛，包括策劃和管理學生稻門會的聯合社交聚會和活動，以及管理早稻田大學運動會的官方活動“東京徒步”、春季“新生歡迎會”和秋季“稻門故鄉聚會”。加入本社團是認識來自不同系所和年級朋友的絕佳場所！此外，即使是初次見面，你們也因為來自同一個家鄉而擁有寶貴的聯繫。歡迎隨時加入學生校友會或全早稻田校友會。 *本社團介紹中未列出所有學生校友會。如果您想知道“我的家鄉是否有學生校友會？”，請聯繫全早稻田校友會。,每週不固定日期 / 學生會大樓 E210,無,google_translate_zh_tw,llm_reviewed,Google Sheets GOOGLETRANSLATE zh-TW draft; structurally checked and normalized for Cantonese/Traditional Chinese site use.
C0427,3225,19ffcbe9f8fed638,山梨學生印門會,其他,學生稻門會,"山梨學生互助會（早稻田大學校友會）致力於成為山梨縣早稻田大學學生的聚會場所。我們定期在早稻田校園附近的「Plantain」咖啡館共進午餐，偶爾舉辦飲酒聚會，在長假期間組織靜修活動，並在甲府市聚會——我們享受著輕鬆愜意的生活方式。

/
/我們與其他縣的學生互助會和校友會保持著緊密的聯繫，擁有悠久的傳統，並提供豐富的拓展人脈的機會。我們也會參加每年在山梨縣舉行的早稻田大學地區交流論壇和校友會分會大會。

/
/大家已經離開山梨，在早稻田認識了許多新朋友。但何不懷念自己的家鄉山梨縣呢？這是一個非常溫暖友善的社團，無論系所、年級或興趣愛好如何，只要來自同一個家鄉，就能感受到彼此間的友誼和團結。許多成員也參與其他社團活動。

//我們隨時歡迎新成員加入，不限年級！大一、大四、大五學生以及研究生都歡迎！歡迎您來參觀，哪怕只來一次！讓我們一起度過一段美好的時光。我們隨時恭候您的到來。",我這個週末會在山梨縣。 （高田馬場）,無,google_translate_zh_tw,llm_reviewed,Google Sheets GOOGLETRANSLATE zh-TW draft; structurally checked and normalized for Cantonese/Traditional Chinese site use.
C0428,3234,b91482f0357f5fa2,山口學生稻門會,其他,學生稻門會,我們是山口學生稻門會，今年正式成立，是一個充滿活力的社團，甚至在稻門祭上設立了展位。我們也努力增進社團內部的友誼，以便更能展現山口郡的魅力。即使您並非山口縣居民，只要您熱愛山口縣或姓山口，我們都熱烈歡迎您的加入。我們每月舉辦一次活動。此外，我們也積極參與由負責全國稻門會事務的早稻田學生聯合會所舉辦的各項活動。如果您是早稻田大學的山口縣居民，或對山口縣稍有興趣，歡迎隨時與我們聯繫！我們歡迎所有年級的學生加入。我們的目標是在早稻田祭上設立展位，並與山口縣政府合作，在東京推廣山口縣。期待您繼續支持山口學生稻門會！,每月一至兩次，主校區8號樓。,無,google_translate_zh_tw,llm_reviewed,Google Sheets GOOGLETRANSLATE zh-TW draft; structurally checked and normalized for Cantonese/Traditional Chinese site use.
C0429,3710,4c7cca046952067f,岡山學生稻門會,其他,學生稻門會,自2017年以來，我們已全面恢復各項活動，包括每年秋季在稻門節設立攤位，出售岡山特產，例如黍黍團子（小米團子）；以及參加教務處組織的地區論壇，介紹學校情況。我們希望透過這些活動，加深岡山學生之間的友誼，以及在校生與校友之間的交流。我們的活動豐富多彩，例如每年都會受邀參加岡山縣舉辦的各種活動。如果您來自岡山，何不加入我們呢？,不定期,無,google_translate_zh_tw,llm_reviewed,Google Sheets GOOGLETRANSLATE zh-TW draft; structurally checked and normalized for Cantonese/Traditional Chinese site use.
C0430,3719,5ccb93c192f44bc0,佐賀學生稻門海,其他,學生稻門會,這是一個針對佐賀縣學生或與佐賀縣有聯繫的學生校友會。我們的活動涵蓋求職指導、新生入學支援以及地區振興等各個面向。如果您有興趣，不妨考慮加入我們吧！,不定期,無,google_translate_zh_tw,llm_reviewed,Google Sheets GOOGLETRANSLATE zh-TW draft; structurally checked and normalized for Cantonese/Traditional Chinese site use.
C0431,3720,ba9cfa030f0e4bac,鹿兒島學生稻門會,其他,學生稻門會,鹿兒島學生校友會（早稻田大學校友會）成立於2018年，一直以來都非常享受參與校友會活動，例如校友節，並與校友們交流互動。大家非常友善，會內氣氛也很融洽。我們期待收到來自鹿兒島縣同學們的來信。讓我們用鹿兒島方言多多溝通吧！,不定期,無,google_translate_zh_tw,llm_reviewed,Google Sheets GOOGLETRANSLATE zh-TW draft; structurally checked and normalized for Cantonese/Traditional Chinese site use.
C0432,3730,5689fb3e7b9a040f,北海道學生稻門會,其他,學生稻門會,您好！北海道學生互助會旨在促進北海道在校生和校友之間的交流，以及在校生之間的互動。我們的活動包括定期舉辦的聚餐、不定期舉辦的活動（例如滑雪、火鍋派對等等！）、在互助會上銷售北海道特產、舉辦地區交流論壇，以及其他各種旨在創造交流機會的項目。透過參與互助會等活動，我們希望弘揚北海道的魅力，並為北海道的發展貢獻力量。目前正處於新冠疫情後的恢復期，我們鼓勵大家嘗試新的活動和項目。歡迎加入我們，與來自北海道各地的早稻田大學同學們建立更緊密的聯繫！,隨時/學生會大樓 E210 等。,無,google_translate_zh_tw,llm_reviewed,Google Sheets GOOGLETRANSLATE zh-TW draft; structurally checked and normalized for Cantonese/Traditional Chinese site use.
C0433,3763,54b637e917b6e5bc,福岡學生稻門會,其他,學生稻門會,"學生稻門會是一個由來自同一地區、背景相似的學生組成的社團，旨在分享資訊並策劃各種活動。


/
/
/
/福岡學生稻門會曾因新冠疫情暫停活動，但今年已恢復。我們希望與校友們進行各種活動，例如參加稻門祭、策劃求職活動以及與其他學生稻門會社團交流互動。


/
/
/
//如果您來自偏遠地區，感到不便前來，或想要與校友交流，何不加入我們呢？


/
/
/
//尤其今年是社團重啟之年，有很多機會可以積極參與，例如策劃新的專案！讓我們以福岡的身份為紐帶，攜手實現您的目標！",不定期,無,google_translate_zh_tw,llm_reviewed,Google Sheets GOOGLETRANSLATE zh-TW draft; structurally checked and normalized for Cantonese/Traditional Chinese site use.
C0434,3237,b0be76f9fca2101e,長崎學生稻門會,其他,學生稻門會,這是長崎縣學生協會。我們與其他早稻田大學校友會合作，舉辦飲酒聚會和運動會。,暫無相關資訊。,無,google_translate_zh_tw,llm_reviewed,Google Sheets GOOGLETRANSLATE zh-TW draft; structurally checked and normalized for Cantonese/Traditional Chinese site use.
C0435,3238,91aee5e294b21198,熊本學生稻門會,其他,學生稻門會,這個團體由來自熊本縣的早稻田大學學生組成，他們聚集在一起參加一年一度的稻門祭，並舉行社交聚會。,不定期,無,google_translate_zh_tw,llm_reviewed,Google Sheets GOOGLETRANSLATE zh-TW draft; structurally checked and normalized for Cantonese/Traditional Chinese site use.
